"","V1","V2","V3","V4","V5"
"1433G_HUMAN---AFAD_HUMAN",-27.7149136178727,-8.18945964866305,-6.75747269999052,-2.04584765640358,-1.75103687968432
"1433G_HUMAN---ANS1A_HUMAN",-27.7149136178727,-8.18945964866305,-6.75747269999052,-2.04584765640358,-1.75103687968432
"1433G_HUMAN---ARHG7_HUMAN",-11.8311972189409,11.0584106080613,-18.6037794470674,7.41044072481181,1.21367769540937
"1433G_HUMAN---BCLF1_HUMAN",-27.7149136178727,-8.18945964866305,-6.75747269999052,-2.04584765640358,-1.75103687968432
"1433G_HUMAN---CDK16_HUMAN",-28.0663798516087,-5.75074453414535,-3.4475184000339,4.34940876709828,1.79334232368022
"1433G_HUMAN---CLAP1_HUMAN",-27.7149136178727,-8.18945964866305,-6.75747269999052,-2.04584765640358,-1.75103687968432
"1433G_HUMAN---CRTC2_HUMAN",-27.4013817386671,1.67927467687042,7.21496030355016,6.18888212695796,-1.97843233893806
"1433G_HUMAN---DYR1A_HUMAN",-27.4013817386671,1.67927467687042,7.21496030355016,6.18888212695796,-1.97843233893806
"1433G_HUMAN---E41L2_HUMAN",-27.7149136178727,-8.18945964866305,-6.75747269999052,-2.04584765640358,-1.75103687968432
"1433G_HUMAN---EDC3_HUMAN",-28.0663798516087,-5.75074453414535,-3.4475184000339,4.34940876709828,1.79334232368022
"1433G_HUMAN---FA53C_HUMAN",-27.7149136178727,-8.18945964866305,-6.75747269999052,-2.04584765640358,-1.75103687968432
"1433G_HUMAN---GSK3A_HUMAN",-28.0663798516087,-5.75074453414535,-3.4475184000339,4.34940876709828,1.79334232368022
"1433G_HUMAN---KLC4_HUMAN",26.1156923212928,-3.99915705900077,-7.56076158342498,3.11357972762458,5.05747909699535
"1433G_HUMAN---LARP1_HUMAN",3.1472636509982,-23.6665769722605,13.4866249403587,-6.81322601736043,-3.17331835078741
"1433G_HUMAN---LSR_HUMAN",-27.7149136178727,-8.18945964866305,-6.75747269999052,-2.04584765640358,-1.75103687968432
"1433G_HUMAN---MARK2_HUMAN",-27.6055145281013,-3.58149954628969,-2.17637922425844,1.21374606013867,-0.394376974083062
"1433G_HUMAN---MFAP1_HUMAN",-27.9569807618373,-1.14278443177199,1.13357507569818,7.60900248364053,3.15000222928147
"1433G_HUMAN---PANK2_HUMAN",-27.7149136178727,-8.18945964866305,-6.75747269999052,-2.04584765640358,-1.75103687968432
"1433G_HUMAN---PPIG_HUMAN",-27.7149136178727,-8.18945964866305,-6.75747269999052,-2.04584765640358,-1.75103687968432
"1433G_HUMAN---PRP4B_HUMAN",-27.7149136178727,-8.18945964866305,-6.75747269999052,-2.04584765640358,-1.75103687968432
"1433G_HUMAN---SMAG2_HUMAN",-27.7149136178727,-8.18945964866305,-6.75747269999052,-2.04584765640358,-1.75103687968432
"1433G_HUMAN---SON_HUMAN",-28.0663798516087,-5.75074453414535,-3.4475184000339,4.34940876709828,1.79334232368022
"1433G_HUMAN---SRRM2_HUMAN",-27.7149136178727,-8.18945964866305,-6.75747269999052,-2.04584765640358,-1.75103687968432
"1433G_HUMAN---TR150_HUMAN",-28.0663798516087,-5.75074453414535,-3.4475184000339,4.34940876709828,1.79334232368022
"1433G_HUMAN---TRA2A_HUMAN",-27.7149136178727,-8.18945964866305,-6.75747269999052,-2.04584765640358,-1.75103687968432
"1433G_HUMAN---UBP8_HUMAN",-27.9569807618373,-1.14278443177199,1.13357507569818,7.60900248364053,3.15000222928147
"1433G_HUMAN---ZCH18_HUMAN",3.1472636509982,-23.6665769722605,13.4866249403587,-6.81322601736043,-3.17331835078741
"1433G_HUMAN---ZN638_HUMAN",-27.7149136178727,-8.18945964866305,-6.75747269999052,-2.04584765640358,-1.75103687968432
"1433G_HUMAN---ZO2_HUMAN",-27.7149136178727,-8.18945964866305,-6.75747269999052,-2.04584765640358,-1.75103687968432
"4ET_HUMAN---ATX1_HUMAN",-27.5107808284385,-2.92868542550294,2.63386682781807,2.92928841041571,-3.33509224453932
"AAPK2_HUMAN-->ACACA_HUMAN",-28.0663798516087,-5.75074453414535,-3.4475184000339,4.34940876709828,1.79334232368022
"AAPK2_HUMAN---AMOT_HUMAN",-28.0663798516087,-5.75074453414535,-3.4475184000339,4.34940876709828,1.79334232368022
"AAPK2_HUMAN---C170B_HUMAN",-28.0663798516087,-5.75074453414535,-3.4475184000339,4.34940876709828,1.79334232368022
"AAPK2_HUMAN---KKCC1_HUMAN",24.6298655699642,-7.98498868805777,-7.06810598958411,7.37829203618805,6.8344244167761
"ABCA1_HUMAN---ARHGB_HUMAN",26.1156923212928,-3.99915705900077,-7.56076158342498,3.11357972762458,5.05747909699535
"ABCA1_HUMAN---DLG3_HUMAN",26.1156923212928,-3.99915705900077,-7.56076158342498,3.11357972762458,5.05747909699535
"ABCA1_HUMAN---LAP2_HUMAN",26.7806904342344,3.43086215201501,3.10171712015907,4.95305308748426,1.28570443437707
"ABCA1_HUMAN---SNTB1_HUMAN",26.1156923212928,-3.99915705900077,-7.56076158342498,3.11357972762458,5.05747909699535
"ABI2_HUMAN---CCD53_HUMAN",21.4332206912593,-8.39287931276513,-5.17266908986727,5.87704221962483,-9.92613394617042
"ABI2_HUMAN---VINC_HUMAN",8.62888373376255,-17.6112740712803,8.13866980218422,-6.18591068370774,5.21532983980707
"ABLM1_HUMAN---T22D4_HUMAN",-27.7149136178727,-8.18945964866305,-6.75747269999052,-2.04584765640358,-1.75103687968432
"ACAP2_HUMAN---LMNB1_HUMAN",12.9045062234986,-21.0934548706756,5.20856305472616,11.2861052907656,-0.347691174075102
"ACINU_HUMAN---PHS_HUMAN",21.0158506426384,-6.14685479223881,7.21884731543517,15.8374655300426,-0.909558186953454
"ACK1_HUMAN---BCAR1_HUMAN",24.5550369541006,-8.94138910589383,-9.53767164354006,1.73661161588505,-0.920040991570161
"ACLY_HUMAN---HGS_HUMAN",-27.9569807618373,-1.14278443177199,1.13357507569818,7.60900248364053,3.15000222928147
"ACTB_HUMAN---MIPT3_HUMAN",-27.7149136178727,-8.18945964866305,-6.75747269999052,-2.04584765640358,-1.75103687968432
"ACTB_HUMAN---PRSR2_HUMAN",-27.4013817386671,1.67927467687042,7.21496030355016,6.18888212695796,-1.97843233893806
"ACTB_HUMAN---SUMO2_HUMAN",27.022757578199,-3.61581306487605,-4.78933065552963,-4.70179705255985,-3.61533467458873
"ACTB_HUMAN---SVIL_HUMAN",5.58240161524182,-26.5393377472304,6.65441533591003,-3.29816648688379,1.01475507102231
"ADNP_HUMAN---SUMO2_HUMAN",-27.7149136178727,-8.18945964866305,-6.75747269999052,-2.04584765640358,-1.75103687968432
"ADT1_HUMAN---B2L13_HUMAN",-27.9569807618373,-1.14278443177199,1.13357507569818,7.60900248364053,3.15000222928147
"AFAD_HUMAN---DREB_HUMAN",-27.7149136178727,-8.18945964866305,-6.75747269999052,-2.04584765640358,-1.75103687968432
"AFAD_HUMAN---ZO1_HUMAN",-27.7149136178727,-8.18945964866305,-6.75747269999052,-2.04584765640358,-1.75103687968432
"AFTIN_HUMAN---GGA3_HUMAN",-28.0663798516087,-5.75074453414535,-3.4475184000339,4.34940876709828,1.79334232368022
"AHNK_HUMAN---SUMO2_HUMAN",-28.0663798516087,-5.75074453414535,-3.4475184000339,4.34940876709828,1.79334232368022
"AKA10_HUMAN---KAP2_HUMAN",26.1156923212928,-3.99915705900077,-7.56076158342498,3.11357972762458,5.05747909699535
"AKA11_HUMAN---KAP2_HUMAN",-27.7149136178727,-8.18945964866305,-6.75747269999052,-2.04584765640358,-1.75103687968432
"AKA12_HUMAN---EGFR_HUMAN",11.8744589791975,-15.5742052880724,-1.98086051614168,-11.3426388173764,9.34819668518212
"AKA12_HUMAN---KAP2_HUMAN",-27.7149136178727,-8.18945964866305,-6.75747269999052,-2.04584765640358,-1.75103687968432
"AKAP1_HUMAN---KAP2_HUMAN",-27.7149136178727,-8.18945964866305,-6.75747269999052,-2.04584765640358,-1.75103687968432
"AKAP2_HUMAN---KAP2_HUMAN",-27.7149136178727,-8.18945964866305,-6.75747269999052,-2.04584765640358,-1.75103687968432
"AKT1_HUMAN-->1433Z_HUMAN",-28.0663798516087,-5.75074453414535,-3.4475184000339,4.34940876709828,1.79334232368022
"AKT1_HUMAN-->ATX1_HUMAN",-27.5107808284385,-2.92868542550294,2.63386682781807,2.92928841041571,-3.33509224453932
"AKT1_HUMAN-->HJURP_HUMAN",-28.0663798516087,-5.75074453414535,-3.4475184000339,4.34940876709828,1.79334232368022
"AKT1_HUMAN-->PALLD_HUMAN",-28.0663798516087,-5.75074453414535,-3.4475184000339,4.34940876709828,1.79334232368022
"AKT1_HUMAN-->PDCD4_HUMAN",-28.0663798516087,-5.75074453414535,-3.4475184000339,4.34940876709828,1.79334232368022
"AKT1_HUMAN-->RANB3_HUMAN",-28.0663798516087,-5.75074453414535,-3.4475184000339,4.34940876709828,1.79334232368022
"AKT1_HUMAN-->SRPK2_HUMAN",-28.0663798516087,-5.75074453414535,-3.4475184000339,4.34940876709828,1.79334232368022
"AKT1_HUMAN-->TBCD1_HUMAN",-27.4013817386671,1.67927467687042,7.21496030355016,6.18888212695796,-1.97843233893806
"AKT1_HUMAN-->TBCD4_HUMAN",-27.9569807618373,-1.14278443177199,1.13357507569818,7.60900248364053,3.15000222928147
"AKT1_HUMAN-->WNK1_HUMAN",-28.0663798516087,-5.75074453414535,-3.4475184000339,4.34940876709828,1.79334232368022
"AKT1_HUMAN-->YAP1_HUMAN",-28.0663798516087,-5.75074453414535,-3.4475184000339,4.34940876709828,1.79334232368022
"AKT1_HUMAN-->ZYX_HUMAN",-28.0663798516087,-5.75074453414535,-3.4475184000339,4.34940876709828,1.79334232368022
"AMOT_HUMAN---FOXK1_HUMAN",-27.9569807618373,-1.14278443177199,1.13357507569818,7.60900248364053,3.15000222928147
"AMOT_HUMAN---MPP5_HUMAN",-27.4013817386671,1.67927467687042,7.21496030355016,6.18888212695796,-1.97843233893806
"AMOT_HUMAN---RHG17_HUMAN",-27.4013817386671,1.67927467687042,7.21496030355016,6.18888212695796,-1.97843233893806
"ANXA2_HUMAN---TRM7_HUMAN",-27.9569807618373,-1.14278443177199,1.13357507569818,7.60900248364053,3.15000222928147
"AP3D1_HUMAN---HTSF1_HUMAN",23.0692102027721,-12.9272207349508,-9.04501604969918,6.00132392444852,0.856904328210589
"AR6P4_HUMAN---ARL6_HUMAN",-27.7149136178727,-8.18945964866305,-6.75747269999052,-2.04584765640358,-1.75103687968432
"AR6P4_HUMAN---SRPK2_HUMAN",-28.0663798516087,-5.75074453414535,-3.4475184000339,4.34940876709828,1.79334232368022
"AR6P6_HUMAN---ARL6_HUMAN",-27.7149136178727,-8.18945964866305,-6.75747269999052,-2.04584765640358,-1.75103687968432
"ARHG5_HUMAN---CRKL_HUMAN",-27.7149136178727,-8.18945964866305,-6.75747269999052,-2.04584765640358,-1.75103687968432
"ARHG7_HUMAN---GIT1_HUMAN",-28.0663798516087,-5.75074453414535,-3.4475184000339,4.34940876709828,1.79334232368022
"ARHG7_HUMAN---SCRIB_HUMAN",-27.7149136178727,-8.18945964866305,-6.75747269999052,-2.04584765640358,-1.75103687968432
"ARIP4_HUMAN---SUMO2_HUMAN",-27.4013817386671,1.67927467687042,7.21496030355016,6.18888212695796,-1.97843233893806
"ARP8_HUMAN---TFPT_HUMAN",-27.9569807618373,-1.14278443177199,1.13357507569818,7.60900248364053,3.15000222928147
"AT133_HUMAN---MD2L1_HUMAN",-27.4013817386671,1.67927467687042,7.21496030355016,6.18888212695796,-1.97843233893806
"AT1A1_HUMAN---MK01_HUMAN",3.1472636509982,-23.6665769722605,13.4866249403587,-6.81322601736043,-3.17331835078741
"AT2B1_HUMAN---CSK21_HUMAN",-27.7149136178727,-8.18945964866305,-6.75747269999052,-2.04584765640358,-1.75103687968432
"ATM_HUMAN-->DYRK2_HUMAN",24.6298655699642,-7.98498868805777,-7.06810598958411,7.37829203618805,6.8344244167761
"ATM_HUMAN-->FACD2_HUMAN",-28.0663798516087,-5.75074453414535,-3.4475184000339,4.34940876709828,1.79334232368022
"ATM_HUMAN-->HUWE1_HUMAN",-28.0663798516087,-5.75074453414535,-3.4475184000339,4.34940876709828,1.79334232368022
"ATM_HUMAN-->MED1_HUMAN",26.671291344463,-1.17709795035835,-1.47937635557301,1.69345937094201,-0.0709554712241924
"ATM_HUMAN-->SMC3_HUMAN",-28.0663798516087,-5.75074453414535,-3.4475184000339,4.34940876709828,1.79334232368022
"ATM_HUMAN-->TAOK1_HUMAN",-28.0663798516087,-5.75074453414535,-3.4475184000339,4.34940876709828,1.79334232368022
"ATM_HUMAN-->TOPB1_HUMAN",-27.9569807618373,-1.14278443177199,1.13357507569818,7.60900248364053,3.15000222928147
"ATM_HUMAN-->TP53B_HUMAN",-20.4800171368046,-6.62182270994804,7.05726583964861,5.5911132333884,16.5670004118314
"ATM_HUMAN-->ZN148_HUMAN",-28.0663798516087,-5.75074453414535,-3.4475184000339,4.34940876709828,1.79334232368022
"ATRX_HUMAN---EZH2_HUMAN",26.7806904342344,3.43086215201501,3.10171712015907,4.95305308748426,1.28570443437707
"ATX1_HUMAN---BACH_HUMAN",-27.5107808284385,-2.92868542550294,2.63386682781807,2.92928841041571,-3.33509224453932
"ATX1_HUMAN---CCNK_HUMAN",-27.5107808284385,-2.92868542550294,2.63386682781807,2.92928841041571,-3.33509224453932
"ATX1_HUMAN---CLASR_HUMAN",-27.4013817386671,1.67927467687042,7.21496030355016,6.18888212695796,-1.97843233893806
"ATX1_HUMAN---CPSF7_HUMAN",-27.5107808284385,-2.92868542550294,2.63386682781807,2.92928841041571,-3.33509224453932
"ATX1_HUMAN---PUM1_HUMAN",-27.5107808284385,-2.92868542550294,2.63386682781807,2.92928841041571,-3.33509224453932
"ATX1_HUMAN---UNK_HUMAN",-27.5107808284385,-2.92868542550294,2.63386682781807,2.92928841041571,-3.33509224453932
"ATX1_HUMAN---ZN609_HUMAN",2.79579741726214,-21.2278618577428,16.7965792403153,-0.417969593858573,0.371060852577124
"ATX2L_HUMAN---SUMO2_HUMAN",-27.7149136178727,-8.18945964866305,-6.75747269999052,-2.04584765640358,-1.75103687968432
"AURKB_HUMAN-->CCD86_HUMAN",-27.9569807618373,-1.14278443177199,1.13357507569818,7.60900248364053,3.15000222928147
"AURKB_HUMAN-->DDA1_HUMAN",13.01390531327,-16.4854947683022,9.78965653045824,14.5456990073078,1.00896873152616
"AURKB_HUMAN-->KI67_HUMAN",-27.9569807618373,-1.14278443177199,1.13357507569818,7.60900248364053,3.15000222928147
"AURKB_HUMAN-->LMO7_HUMAN",-27.9569807618373,-1.14278443177199,1.13357507569818,7.60900248364053,3.15000222928147
"AURKB_HUMAN-->MBB1A_HUMAN",-27.9569807618373,-1.14278443177199,1.13357507569818,7.60900248364053,3.15000222928147
"AURKB_HUMAN-->NELFE_HUMAN",-27.9569807618373,-1.14278443177199,1.13357507569818,7.60900248364053,3.15000222928147
"AURKB_HUMAN-->NSUN2_HUMAN",-27.9569807618373,-1.14278443177199,1.13357507569818,7.60900248364053,3.15000222928147
"AURKB_HUMAN-->PARD3_HUMAN",-27.9569807618373,-1.14278443177199,1.13357507569818,7.60900248364053,3.15000222928147
"AURKB_HUMAN-->PPHLN_HUMAN",-27.9569807618373,-1.14278443177199,1.13357507569818,7.60900248364053,3.15000222928147
"AURKB_HUMAN---SUMO2_HUMAN",5.53694168823725,-11.0064564901262,3.86596576650781,16.56358825756,-12.4080294510237
"AZI1_HUMAN---PCM1_HUMAN",-28.0663798516087,-5.75074453414535,-3.4475184000339,4.34940876709828,1.79334232368022
"B2R9N9_HUMAN---GRM1A_HUMAN",-27.4013817386671,1.67927467687042,7.21496030355016,6.18888212695796,-1.97843233893806
"B2R9N9_HUMAN---MYD88_HUMAN",-27.4013817386671,1.67927467687042,7.21496030355016,6.18888212695796,-1.97843233893806
"BACH2_HUMAN---JUN_HUMAN",-27.4013817386671,1.67927467687042,7.21496030355016,6.18888212695796,-1.97843233893806
"BACH_HUMAN---NHLC2_HUMAN",-28.0663798516087,-5.75074453414535,-3.4475184000339,4.34940876709828,1.79334232368022
"BAP18_HUMAN---WDR82_HUMAN",2.79579741726214,-21.2278618577428,16.7965792403153,-0.417969593858573,0.371060852577124
"BAZ1B_HUMAN---SUMO2_HUMAN",-27.9569807618373,-1.14278443177199,1.13357507569818,7.60900248364053,3.15000222928147
"BAZ2A_HUMAN---SUMO2_HUMAN",3.1472636509982,-23.6665769722605,13.4866249403587,-6.81322601736043,-3.17331835078741
"BCAR1_HUMAN---CRKL_HUMAN",-27.1593145947025,-5.36740054002064,-0.676087472138543,-3.46596801308615,-6.87947144790386
"BCOR_HUMAN---KDM2B_HUMAN",-28.0663798516087,-5.75074453414535,-3.4475184000339,4.34940876709828,1.79334232368022
"BCOR_HUMAN---SUMO2_HUMAN",-27.5107808284385,-2.92868542550294,2.63386682781807,2.92928841041571,-3.33509224453932
"BCS1_HUMAN---DDX24_HUMAN",-27.9569807618373,-1.14278443177199,1.13357507569818,7.60900248364053,3.15000222928147
"BIG3_HUMAN---EGFR_HUMAN",24.6298655699642,-7.98498868805777,-7.06810598958411,7.37829203618805,6.8344244167761
"BMS1_HUMAN---SUMO2_HUMAN",-27.7149136178727,-8.18945964866305,-6.75747269999052,-2.04584765640358,-1.75103687968432
"BORG1_HUMAN---RHOQ_HUMAN",24.8685688333062,0.927345219639645,4.43476136000061,9.97134139924659,-1.1474364508239
"BRD2_HUMAN---BRD7_HUMAN",15.3470712185947,-18.8994194808883,2.31799423906431,13.3278251928866,-0.558656050973898
"BRD7_HUMAN---FRIH_HUMAN",26.7806904342344,3.43086215201501,3.10171712015907,4.95305308748426,1.28570443437707
"BRD7_HUMAN---HNRL1_HUMAN",15.3470712185947,-18.8994194808883,2.31799423906431,13.3278251928866,-0.558656050973898
"BRD7_HUMAN---RLA1_HUMAN",26.671291344463,-1.17709795035835,-1.47937635557301,1.69345937094201,-0.0709554712241924
"BUD13_HUMAN---RBMX2_HUMAN",-28.0663798516087,-5.75074453414535,-3.4475184000339,4.34940876709828,1.79334232368022
"BZW2_HUMAN---EGFR_HUMAN",-27.4013817386671,1.67927467687042,7.21496030355016,6.18888212695796,-1.97843233893806
"CA052_HUMAN---ETS1_HUMAN",-28.0663798516087,-5.75074453414535,-3.4475184000339,4.34940876709828,1.79334232368022
"CALX_HUMAN---KSR1_HUMAN",26.2250914110642,0.608803043372597,-2.9796681076929,6.37317344416683,6.41413900259661
"CALX_HUMAN---PGRC1_HUMAN",-28.0663798516087,-5.75074453414535,-3.4475184000339,4.34940876709828,1.79334232368022
"CALX_HUMAN---SUMO2_HUMAN",-28.0663798516087,-5.75074453414535,-3.4475184000339,4.34940876709828,1.79334232368022
"CBLB_HUMAN---EGFR_HUMAN",-27.7149136178727,-8.18945964866305,-6.75747269999052,-2.04584765640358,-1.75103687968432
"CBLB_HUMAN---MYD88_HUMAN",-27.4013817386671,1.67927467687042,7.21496030355016,6.18888212695796,-1.97843233893806
"CBL_HUMAN---CD2AP_HUMAN",-27.7149136178727,-8.18945964866305,-6.75747269999052,-2.04584765640358,-1.75103687968432
"CBL_HUMAN---CRKL_HUMAN",-27.7149136178727,-8.18945964866305,-6.75747269999052,-2.04584765640358,-1.75103687968432
"CBL_HUMAN---EGFR_HUMAN",-19.8665781843524,-11.0053172279255,0.648705352602501,4.19227201177317,2.49431818787891
"CBL_HUMAN---EPHA2_HUMAN",-27.7149136178727,-8.18945964866305,-6.75747269999052,-2.04584765640358,-1.75103687968432
"CBL_HUMAN---FGR_HUMAN",26.4671585550288,-6.43787217351846,-10.8707158833816,-3.28167669587728,1.51309989363081
"CBL_HUMAN---ITSN1_HUMAN",-28.0663798516087,-5.75074453414535,-3.4475184000339,4.34940876709828,1.79334232368022
"CBL_HUMAN---PLCG1_HUMAN",-27.7149136178727,-8.18945964866305,-6.75747269999052,-2.04584765640358,-1.75103687968432
"CBL_HUMAN---SHIP2_HUMAN",-27.7149136178727,-8.18945964866305,-6.75747269999052,-2.04584765640358,-1.75103687968432
"CBL_HUMAN---SPY1_HUMAN",-27.7149136178727,-8.18945964866305,-6.75747269999052,-2.04584765640358,-1.75103687968432
"CBL_HUMAN---TBA1A_HUMAN",23.0692102027721,-12.9272207349508,-9.04501604969918,6.00132392444852,0.856904328210589
"CCD53_HUMAN---FA21A_HUMAN",26.1156923212928,-3.99915705900077,-7.56076158342498,3.11357972762458,5.05747909699535
"CCD53_HUMAN---MCRS1_HUMAN",20.8776216680892,-11.2149384214075,-11.2540543177192,7.29716257630739,-4.79769937795089
"CCD53_HUMAN---NUP62_HUMAN",20.8776216680892,-11.2149384214075,-11.2540543177192,7.29716257630739,-4.79769937795089
"CCD53_HUMAN---OPTN_HUMAN",20.8776216680892,-11.2149384214075,-11.2540543177192,7.29716257630739,-4.79769937795089
"CCD53_HUMAN---PCM1_HUMAN",20.5261554343531,-8.77622330688985,-7.94410001776263,13.6924189998093,-1.25332017458635
"CD2AP_HUMAN---CD2_HUMAN",-28.0663798516087,-5.75074453414535,-3.4475184000339,4.34940876709828,1.79334232368022
"CD2B2_HUMAN---CD2_HUMAN",-28.0663798516087,-5.75074453414535,-3.4475184000339,4.34940876709828,1.79334232368022
"CD2B2_HUMAN---SF01_HUMAN",-28.0663798516087,-5.75074453414535,-3.4475184000339,4.34940876709828,1.79334232368022
"CD2B2_HUMAN---SNUT2_HUMAN",-28.0663798516087,-5.75074453414535,-3.4475184000339,4.34940876709828,1.79334232368022
"CD2_HUMAN---FYN_HUMAN",26.1156923212928,-3.99915705900077,-7.56076158342498,3.11357972762458,5.05747909699535
"CD2_HUMAN---LCK_HUMAN",26.1156923212928,-3.99915705900077,-7.56076158342498,3.11357972762458,5.05747909699535
"CDCA3_HUMAN---TRAF2_HUMAN",-28.0663798516087,-5.75074453414535,-3.4475184000339,4.34940876709828,1.79334232368022
"CDK12_HUMAN---SUMO2_HUMAN",26.1156923212928,-3.99915705900077,-7.56076158342498,3.11357972762458,5.05747909699535
"CDK19_HUMAN---FKB15_HUMAN",24.7392646597356,-3.37702858568441,-2.48701251385203,10.6378857527303,8.19108432237736
"CDK19_HUMAN---MED1_HUMAN",25.2948636829058,-0.554969477042001,3.59437271399995,9.21776539604773,3.06264975415782
"CDK1_HUMAN-->41_HUMAN",-27.7149136178727,-8.18945964866305,-6.75747269999052,-2.04584765640358,-1.75103687968432
"CDK1_HUMAN-->APC1_HUMAN",-20.6876967207107,-1.33833488145087,-10.0580678644197,12.6063978783115,-1.96931656735891
"CDK1_HUMAN-->DDX3X_HUMAN",-27.7149136178727,-8.18945964866305,-6.75747269999052,-2.04584765640358,-1.75103687968432
"CDK1_HUMAN-->DNLI3_HUMAN",3.1472636509982,-23.6665769722605,13.4866249403587,-6.81322601736043,-3.17331835078741
"CDK1_HUMAN-->DNM1L_HUMAN",3.1472636509982,-23.6665769722605,13.4866249403587,-6.81322601736043,-3.17331835078741
"CDK1_HUMAN-->EZH2_HUMAN",-27.4013817386671,1.67927467687042,7.21496030355016,6.18888212695796,-1.97843233893806
"CDK1_HUMAN-->GAPD1_HUMAN",27.022757578199,-3.61581306487605,-4.78933065552963,-4.70179705255985,-3.61533467458873
"CDK1_HUMAN-->GUAA_HUMAN",3.1472636509982,-23.6665769722605,13.4866249403587,-6.81322601736043,-3.17331835078741
"CDK1_HUMAN-->H14_HUMAN",-27.9569807618373,-1.14278443177199,1.13357507569818,7.60900248364053,3.15000222928147
"CDK1_HUMAN-->LAP2A_HUMAN",-28.0663798516087,-5.75074453414535,-3.4475184000339,4.34940876709828,1.79334232368022
"CDK1_HUMAN-->LMNB1_HUMAN",12.9045062234986,-21.0934548706756,5.20856305472616,11.2861052907656,-0.347691174075102
"CDK1_HUMAN-->MP2K1_HUMAN",-26.5805531002802,-1.76491290508834,-3.94017399387478,0.084696458534804,0.0163970038994665
"CDK1_HUMAN-->NIPA_HUMAN",2.90519650703354,-16.6199017553695,21.3776727160474,2.84162412268368,1.72772075817838
"CDK1_HUMAN-->NPM_HUMAN",-27.9569807618373,-1.14278443177199,1.13357507569818,7.60900248364053,3.15000222928147
"CDK1_HUMAN-->NSF1C_HUMAN",-27.7149136178727,-8.18945964866305,-6.75747269999052,-2.04584765640358,-1.75103687968432
"CDK1_HUMAN-->NUCKS_HUMAN",3.1472636509982,-23.6665769722605,13.4866249403587,-6.81322601736043,-3.17331835078741
"CDK1_HUMAN-->NUP98_HUMAN",-27.7149136178727,-8.18945964866305,-6.75747269999052,-2.04584765640358,-1.75103687968432
"CDK1_HUMAN-->P3C2A_HUMAN",-27.7149136178727,-8.18945964866305,-6.75747269999052,-2.04584765640358,-1.75103687968432
"CDK1_HUMAN-->PTN2_HUMAN",-27.7149136178727,-8.18945964866305,-6.75747269999052,-2.04584765640358,-1.75103687968432
"CDK1_HUMAN-->PUR6_HUMAN",3.1472636509982,-23.6665769722605,13.4866249403587,-6.81322601736043,-3.17331835078741
"CDK1_HUMAN-->RFC1_HUMAN",-28.0663798516087,-5.75074453414535,-3.4475184000339,4.34940876709828,1.79334232368022
"CDK1_HUMAN-->STMN1_HUMAN",21.575517103945,-2.68350738813265,-0.6107979354348,9.41771561087384,5.33612955171725
"CDK1_HUMAN-->TCOF_HUMAN",3.1472636509982,-23.6665769722605,13.4866249403587,-6.81322601736043,-3.17331835078741
"CDK1_HUMAN-->TFPT_HUMAN",-27.9569807618373,-1.14278443177199,1.13357507569818,7.60900248364053,3.15000222928147
"CDK1_HUMAN-->UBP2L_HUMAN",-27.9569807618373,-1.14278443177199,1.13357507569818,7.60900248364053,3.15000222928147
"CDK5_HUMAN-->ATM_HUMAN",-28.0663798516087,-5.75074453414535,-3.4475184000339,4.34940876709828,1.79334232368022
"CDK5_HUMAN---IRS4_HUMAN",24.6298655699642,-7.98498868805777,-7.06810598958411,7.37829203618805,6.8344244167761
"CDKL5_HUMAN---FYN_HUMAN",-28.0663798516087,-5.75074453414535,-3.4475184000339,4.34940876709828,1.79334232368022
"CEBPZ_HUMAN---PHS_HUMAN",-19.9244181136344,-3.79976360130562,13.1386510675006,4.17099287670583,11.4385658436118
"CFDP1_HUMAN---CSK21_HUMAN",-27.7149136178727,-8.18945964866305,-6.75747269999052,-2.04584765640358,-1.75103687968432
"CH10_HUMAN---SAT1_HUMAN",-27.7149136178727,-8.18945964866305,-6.75747269999052,-2.04584765640358,-1.75103687968432
"CHAP1_HUMAN---SUMO2_HUMAN",-27.7149136178727,-8.18945964866305,-6.75747269999052,-2.04584765640358,-1.75103687968432
"CHD4_HUMAN---HDAC2_HUMAN",5.89593349444736,-16.6706034216969,20.6268483394507,4.93656329647775,0.787359611768562
"CHD4_HUMAN---SMCA4_HUMAN",15.6985374523308,-21.338134595406,-0.991960060892301,6.93256876938474,-4.10303525433843
"CLSPN_HUMAN---SUMO2_HUMAN",-27.7149136178727,-8.18945964866305,-6.75747269999052,-2.04584765640358,-1.75103687968432
"CRKL_HUMAN---M4K5_HUMAN",-27.7149136178727,-8.18945964866305,-6.75747269999052,-2.04584765640358,-1.75103687968432
"CRKL_HUMAN---STA5A_HUMAN",-27.7149136178727,-8.18945964866305,-6.75747269999052,-2.04584765640358,-1.75103687968432
"CRKL_HUMAN---TENC1_HUMAN",-27.7149136178727,-8.18945964866305,-6.75747269999052,-2.04584765640358,-1.75103687968432
"CRKL_HUMAN---WAC_HUMAN",-27.9569807618373,-1.14278443177199,1.13357507569818,7.60900248364053,3.15000222928147
"CRK_HUMAN---ZAP70_HUMAN",-28.0663798516087,-5.75074453414535,-3.4475184000339,4.34940876709828,1.79334232368022
"CSK21_HUMAN-->ABCA1_HUMAN",26.1156923212928,-3.99915705900077,-7.56076158342498,3.11357972762458,5.05747909699535
"CSK21_HUMAN-->ABCF1_HUMAN",-27.7149136178727,-8.18945964866305,-6.75747269999052,-2.04584765640358,-1.75103687968432
"CSK21_HUMAN-->AKT1_HUMAN",5.78653440467595,-21.2785635240702,16.0457548637186,1.67696957993549,-0.569300293832696
"CSK21_HUMAN-->CALM_HUMAN",-27.7149136178727,-8.18945964866305,-6.75747269999052,-2.04584765640358,-1.75103687968432
"CSK21_HUMAN-->CDK1_HUMAN",-27.7149136178727,-8.18945964866305,-6.75747269999052,-2.04584765640358,-1.75103687968432
"CSK21_HUMAN---DDX54_HUMAN",-27.7149136178727,-8.18945964866305,-6.75747269999052,-2.04584765640358,-1.75103687968432
"CSK21_HUMAN-->DDX58_HUMAN",26.4671585550288,-6.43787217351846,-10.8707158833816,-3.28167669587728,1.51309989363081
"CSK21_HUMAN-->DNLI1_HUMAN",2.79579741726214,-21.2278618577428,16.7965792403153,-0.417969593858573,0.371060852577124
"CSK21_HUMAN-->EF1D_HUMAN",-27.9569807618373,-1.14278443177199,1.13357507569818,7.60900248364053,3.15000222928147
"CSK21_HUMAN---ENPL_HUMAN",-27.9569807618373,-1.14278443177199,1.13357507569818,7.60900248364053,3.15000222928147
"CSK21_HUMAN---GPN1_HUMAN",-27.9569807618373,-1.14278443177199,1.13357507569818,7.60900248364053,3.15000222928147
"CSK21_HUMAN---HAP28_HUMAN",-27.9569807618373,-1.14278443177199,1.13357507569818,7.60900248364053,3.15000222928147
"CSK21_HUMAN-->HDAC2_HUMAN",26.7806904342344,3.43086215201501,3.10171712015907,4.95305308748426,1.28570443437707
"CSK21_HUMAN---HIRP3_HUMAN",-27.7149136178727,-8.18945964866305,-6.75747269999052,-2.04584765640358,-1.75103687968432
"CSK21_HUMAN-->HNRPC_HUMAN",-28.0663798516087,-5.75074453414535,-3.4475184000339,4.34940876709828,1.79334232368022
"CSK21_HUMAN---ICLN_HUMAN",-27.7149136178727,-8.18945964866305,-6.75747269999052,-2.04584765640358,-1.75103687968432
"CSK21_HUMAN---IMA3_HUMAN",-19.9244181136344,-3.79976360130562,13.1386510675006,4.17099287670583,11.4385658436118
"CSK21_HUMAN-->JUN_HUMAN",-27.4013817386671,1.67927467687042,7.21496030355016,6.18888212695796,-1.97843233893806
"CSK21_HUMAN-->LA_HUMAN",-27.7149136178727,-8.18945964866305,-6.75747269999052,-2.04584765640358,-1.75103687968432
"CSK21_HUMAN---LYRIC_HUMAN",-27.7149136178727,-8.18945964866305,-6.75747269999052,-2.04584765640358,-1.75103687968432
"CSK21_HUMAN-->MCM2_HUMAN",-27.4013817386671,1.67927467687042,7.21496030355016,6.18888212695796,-1.97843233893806
"CSK21_HUMAN-->MDC1_HUMAN",-28.0663798516087,-5.75074453414535,-3.4475184000339,4.34940876709828,1.79334232368022
"CSK21_HUMAN---MGMT_HUMAN",-27.9569807618373,-1.14278443177199,1.13357507569818,7.60900248364053,3.15000222928147
"CSK21_HUMAN-->MPRI_HUMAN",-27.7149136178727,-8.18945964866305,-6.75747269999052,-2.04584765640358,-1.75103687968432
"CSK21_HUMAN-->MYH10_HUMAN",-27.7149136178727,-8.18945964866305,-6.75747269999052,-2.04584765640358,-1.75103687968432
"CSK21_HUMAN---NMD3_HUMAN",-27.9569807618373,-1.14278443177199,1.13357507569818,7.60900248364053,3.15000222928147
"CSK21_HUMAN---OSBP1_HUMAN",5.58240161524182,-26.5393377472304,6.65441533591003,-3.29816648688379,1.01475507102231
"CSK21_HUMAN-->PDIA6_HUMAN",-27.7149136178727,-8.18945964866305,-6.75747269999052,-2.04584765640358,-1.75103687968432
"CSK21_HUMAN-->PIAS1_HUMAN",-28.0663798516087,-5.75074453414535,-3.4475184000339,4.34940876709828,1.79334232368022
"CSK21_HUMAN---PSIP1_HUMAN",-27.7149136178727,-8.18945964866305,-6.75747269999052,-2.04584765640358,-1.75103687968432
"CSK21_HUMAN---PURB_HUMAN",-27.9569807618373,-1.14278443177199,1.13357507569818,7.60900248364053,3.15000222928147
"CSK21_HUMAN---RBM33_HUMAN",-27.7149136178727,-8.18945964866305,-6.75747269999052,-2.04584765640358,-1.75103687968432
"CSK21_HUMAN---RL1D1_HUMAN",-27.7149136178727,-8.18945964866305,-6.75747269999052,-2.04584765640358,-1.75103687968432
"CSK21_HUMAN---RPRD2_HUMAN",-27.7149136178727,-8.18945964866305,-6.75747269999052,-2.04584765640358,-1.75103687968432
"CSK21_HUMAN-->SAT1_HUMAN",-27.7149136178727,-8.18945964866305,-6.75747269999052,-2.04584765640358,-1.75103687968432
"CSK21_HUMAN---SF3A1_HUMAN",26.2250914110642,0.608803043372597,-2.9796681076929,6.37317344416683,6.41413900259661
"CSK21_HUMAN-->SPTB2_HUMAN",-27.4013817386671,1.67927467687042,7.21496030355016,6.18888212695796,-1.97843233893806
"CSK21_HUMAN---T2FA_HUMAN",2.90519650703354,-16.6199017553695,21.3776727160474,2.84162412268368,1.72772075817838
"CSK21_HUMAN---TB182_HUMAN",2.90519650703354,-16.6199017553695,21.3776727160474,2.84162412268368,1.72772075817838
"CSK21_HUMAN---TCP4_HUMAN",-27.7149136178727,-8.18945964866305,-6.75747269999052,-2.04584765640358,-1.75103687968432
"CSK21_HUMAN-->TEBP_HUMAN",13.01390531327,-16.4854947683022,9.78965653045824,14.5456990073078,1.00896873152616
"CSK21_HUMAN-->TELO2_HUMAN",-27.7149136178727,-8.18945964866305,-6.75747269999052,-2.04584765640358,-1.75103687968432
"CSK21_HUMAN---UBP24_HUMAN",-27.7149136178727,-8.18945964866305,-6.75747269999052,-2.04584765640358,-1.75103687968432
"CSK21_HUMAN---VAMP4_HUMAN",-27.7149136178727,-8.18945964866305,-6.75747269999052,-2.04584765640358,-1.75103687968432
"CSK21_HUMAN-->XRCC1_HUMAN",-27.7149136178727,-8.18945964866305,-6.75747269999052,-2.04584765640358,-1.75103687968432
"CTND1_HUMAN---SUMO2_HUMAN",-27.7149136178727,-8.18945964866305,-6.75747269999052,-2.04584765640358,-1.75103687968432
"CYTSA_HUMAN---GLIS2_HUMAN",-24.3169652656159,-1.70011108723067,-8.58317253367294,-11.3288482767294,-1.0948413142641
"CYTSB_HUMAN---TRAF2_HUMAN",-28.0663798516087,-5.75074453414535,-3.4475184000339,4.34940876709828,1.79334232368022
"DBNL_HUMAN---SH24A_HUMAN",-28.0663798516087,-5.75074453414535,-3.4475184000339,4.34940876709828,1.79334232368022
"DC1L1_HUMAN---PAIRB_HUMAN",26.2250914110642,0.608803043372597,-2.9796681076929,6.37317344416683,6.41413900259661
"DDA1_HUMAN---VPRBP_HUMAN",-27.9569807618373,-1.14278443177199,1.13357507569818,7.60900248364053,3.15000222928147
"DDX21_HUMAN---JUN_HUMAN",-27.4013817386671,1.67927467687042,7.21496030355016,6.18888212695796,-1.97843233893806
"DDX24_HUMAN---GIT1_HUMAN",24.7392646597356,-3.37702858568441,-2.48701251385203,10.6378857527303,8.19108432237736
"DDX24_HUMAN---SPTN1_HUMAN",-24.5590324095805,5.34656412966038,-0.692124757984238,-1.67399813668528,3.8061977947017
"DDX3X_HUMAN---EIF3B_HUMAN",22.262974130625,-11.0733570708792,-4.77667562799043,8.97970385842057,5.2953573608658
"DDX3Y_HUMAN---SAP25_HUMAN",26.2250914110642,0.608803043372597,-2.9796681076929,6.37317344416683,6.41413900259661
"DDX41_HUMAN---NKAP_HUMAN",-27.4013817386671,1.67927467687042,7.21496030355016,6.18888212695796,-1.97843233893806
"DDX42_HUMAN---MEPCE_HUMAN",-27.4013817386671,1.67927467687042,7.21496030355016,6.18888212695796,-1.97843233893806
"DDX46_HUMAN---SUMO2_HUMAN",-27.7149136178727,-8.18945964866305,-6.75747269999052,-2.04584765640358,-1.75103687968432
"DDX54_HUMAN---DDX55_HUMAN",-1.81376397802951,6.67328336182504,-1.02017433311166,17.1668342840647,8.80128689847999
"DDX54_HUMAN---WDHD1_HUMAN",-27.7149136178727,-8.18945964866305,-6.75747269999052,-2.04584765640358,-1.75103687968432
"DDX55_HUMAN---NOC2L_HUMAN",26.1156923212928,-3.99915705900077,-7.56076158342498,3.11357972762458,5.05747909699535
"DDX58_HUMAN---TRI25_HUMAN",26.4671585550288,-6.43787217351846,-10.8707158833816,-3.28167669587728,1.51309989363081
"DENR_HUMAN---PP1B_HUMAN",-27.7149136178727,-8.18945964866305,-6.75747269999052,-2.04584765640358,-1.75103687968432
"DEP1B_HUMAN---MDC1_HUMAN",-28.0663798516087,-5.75074453414535,-3.4475184000339,4.34940876709828,1.79334232368022
"DESP_HUMAN---PKP4_HUMAN",-27.7149136178727,-8.18945964866305,-6.75747269999052,-2.04584765640358,-1.75103687968432
"DNMT1_HUMAN---HDAC2_HUMAN",5.89593349444736,-16.6706034216969,20.6268483394507,4.93656329647775,0.787359611768562
"DOCK1_HUMAN---FYN_HUMAN",-28.0663798516087,-5.75074453414535,-3.4475184000339,4.34940876709828,1.79334232368022
"DOCK4_HUMAN---GRB2_HUMAN",-27.7149136178727,-8.18945964866305,-6.75747269999052,-2.04584765640358,-1.75103687968432
"DREB_HUMAN---NIPBL_HUMAN",-27.7149136178727,-8.18945964866305,-6.75747269999052,-2.04584765640358,-1.75103687968432
"DREB_HUMAN---ZC3H4_HUMAN",-27.7149136178727,-8.18945964866305,-6.75747269999052,-2.04584765640358,-1.75103687968432
"DYR1A_HUMAN-->CCNL2_HUMAN",-27.4013817386671,1.67927467687042,7.21496030355016,6.18888212695796,-1.97843233893806
"DYR1A_HUMAN-->SF3B1_HUMAN",-27.4013817386671,1.67927467687042,7.21496030355016,6.18888212695796,-1.97843233893806
"DYR1B_HUMAN---MK01_HUMAN",-27.7149136178727,-8.18945964866305,-6.75747269999052,-2.04584765640358,-1.75103687968432
"DYRK2_HUMAN---DYRK4_HUMAN",24.6298655699642,-7.98498868805777,-7.06810598958411,7.37829203618805,6.8344244167761
"DYRK2_HUMAN-->SIAH2_HUMAN",26.1156923212928,-3.99915705900077,-7.56076158342498,3.11357972762458,5.05747909699535
"E9PAU2_HUMAN---SUMO2_HUMAN",-27.7149136178727,-8.18945964866305,-6.75747269999052,-2.04584765640358,-1.75103687968432
"EDC3_HUMAN---EDC4_HUMAN",-28.0663798516087,-5.75074453414535,-3.4475184000339,4.34940876709828,1.79334232368022
"EF1A1_HUMAN---MAGD2_HUMAN",-28.0663798516087,-5.75074453414535,-3.4475184000339,4.34940876709828,1.79334232368022
"EF1A1_HUMAN---SUMO2_HUMAN",-28.0663798516087,-5.75074453414535,-3.4475184000339,4.34940876709828,1.79334232368022
"EFNA5_HUMAN---EPHA2_HUMAN",-27.7149136178727,-8.18945964866305,-6.75747269999052,-2.04584765640358,-1.75103687968432
"EFNA5_HUMAN---EPHA3_HUMAN",-27.7149136178727,-8.18945964866305,-6.75747269999052,-2.04584765640358,-1.75103687968432
"EFNA5_HUMAN---EPHA7_HUMAN",-27.7149136178727,-8.18945964866305,-6.75747269999052,-2.04584765640358,-1.75103687968432
"EFNB2_HUMAN---EPHA3_HUMAN",-27.7149136178727,-8.18945964866305,-6.75747269999052,-2.04584765640358,-1.75103687968432
"EGFR_HUMAN-->CCD50_HUMAN",-27.7149136178727,-8.18945964866305,-6.75747269999052,-2.04584765640358,-1.75103687968432
"EGFR_HUMAN---EGF_HUMAN",-27.7149136178727,-8.18945964866305,-6.75747269999052,-2.04584765640358,-1.75103687968432
"EGFR_HUMAN---ENPL_HUMAN",-27.9569807618373,-1.14278443177199,1.13357507569818,7.60900248364053,3.15000222928147
"EGFR_HUMAN---EPN1_HUMAN",-27.7149136178727,-8.18945964866305,-6.75747269999052,-2.04584765640358,-1.75103687968432
"EGFR_HUMAN-->FAK1_HUMAN",-27.7149136178727,-8.18945964866305,-6.75747269999052,-2.04584765640358,-1.75103687968432
"EGFR_HUMAN---GRB2_HUMAN",-27.7149136178727,-8.18945964866305,-6.75747269999052,-2.04584765640358,-1.75103687968432
"EGFR_HUMAN---HGS_HUMAN",-27.7149136178727,-8.18945964866305,-6.75747269999052,-2.04584765640358,-1.75103687968432
"EGFR_HUMAN---RN213_HUMAN",26.7806904342344,3.43086215201501,3.10171712015907,4.95305308748426,1.28570443437707
"EGFR_HUMAN---TM1L1_HUMAN",26.4671585550288,-6.43787217351846,-10.8707158833816,-3.28167669587728,1.51309989363081
"EGFR_HUMAN---UBP8_HUMAN",-27.9569807618373,-1.14278443177199,1.13357507569818,7.60900248364053,3.15000222928147
"EGLN1_HUMAN---SIAH2_HUMAN",26.1156923212928,-3.99915705900077,-7.56076158342498,3.11357972762458,5.05747909699535
"ELF2_HUMAN---SUMO2_HUMAN",-27.7149136178727,-8.18945964866305,-6.75747269999052,-2.04584765640358,-1.75103687968432
"EMAL4_HUMAN---NEK6_HUMAN",26.4671585550288,-6.43787217351846,-10.8707158833816,-3.28167669587728,1.51309989363081
"EP15R_HUMAN---EPN1_HUMAN",-28.0663798516087,-5.75074453414535,-3.4475184000339,4.34940876709828,1.79334232368022
"EPN1_HUMAN---EPS15_HUMAN",-27.7149136178727,-8.18945964866305,-6.75747269999052,-2.04584765640358,-1.75103687968432
"ETS1_HUMAN---IF2P_HUMAN",-28.0663798516087,-5.75074453414535,-3.4475184000339,4.34940876709828,1.79334232368022
"ETS1_HUMAN---SRS11_HUMAN",2.90519650703354,-16.6199017553695,21.3776727160474,2.84162412268368,1.72772075817838
"ETS1_HUMAN---SUMO2_HUMAN",24.4797028097801,0.535184363184937,-3.68841462359308,2.98929802280088,-5.72555917738567
"ETS1_HUMAN---TCAL3_HUMAN",-28.0663798516087,-5.75074453414535,-3.4475184000339,4.34940876709828,1.79334232368022
"F122B_HUMAN---WDR48_HUMAN",18.5202766097224,-8.91156772150685,10.044562078701,15.9637531651284,-3.16243921460275
"F208A_HUMAN---TM1L1_HUMAN",-27.7149136178727,-8.18945964866305,-6.75747269999052,-2.04584765640358,-1.75103687968432
"FA21A_HUMAN---ROCK1_HUMAN",-27.5107808284385,-2.92868542550294,2.63386682781807,2.92928841041571,-3.33509224453932
"FACD2_HUMAN---WDR48_HUMAN",-27.7149136178727,-8.18945964866305,-6.75747269999052,-2.04584765640358,-1.75103687968432
"FAK1_HUMAN---PAXI_HUMAN",-28.0663798516087,-5.75074453414535,-3.4475184000339,4.34940876709828,1.79334232368022
"FNBP4_HUMAN---SUMO2_HUMAN",26.4671585550288,-6.43787217351846,-10.8707158833816,-3.28167669587728,1.51309989363081
"FUBP1_HUMAN---MK14_HUMAN",-27.9569807618373,-1.14278443177199,1.13357507569818,7.60900248364053,3.15000222928147
"FUND2_HUMAN---SAT1_HUMAN",-27.7149136178727,-8.18945964866305,-6.75747269999052,-2.04584765640358,-1.75103687968432
"FYN_HUMAN---PHAG1_HUMAN",26.1156923212928,-3.99915705900077,-7.56076158342498,3.11357972762458,5.05747909699535
"FYN_HUMAN---PPR3D_HUMAN",24.6298655699642,-7.98498868805777,-7.06810598958411,7.37829203618805,6.8344244167761
"FYN_HUMAN---SPN90_HUMAN",-28.0663798516087,-5.75074453414535,-3.4475184000339,4.34940876709828,1.79334232368022
"G3BP1_HUMAN---RL14_HUMAN",-27.9569807618373,-1.14278443177199,1.13357507569818,7.60900248364053,3.15000222928147
"G3BP1_HUMAN---UBP10_HUMAN",-28.0663798516087,-5.75074453414535,-3.4475184000339,4.34940876709828,1.79334232368022
"GAB1_HUMAN---PTN11_HUMAN",-27.7149136178727,-8.18945964866305,-6.75747269999052,-2.04584765640358,-1.75103687968432
"GAN_HUMAN---MAP1B_HUMAN",26.7806904342344,3.43086215201501,3.10171712015907,4.95305308748426,1.28570443437707
"GAN_HUMAN---TBCB_HUMAN",26.7806904342344,3.43086215201501,3.10171712015907,4.95305308748426,1.28570443437707
"GAPD1_HUMAN---LRC47_HUMAN",27.022757578199,-3.61581306487605,-4.78933065552963,-4.70179705255985,-3.61533467458873
"GAREM_HUMAN---GRB2_HUMAN",-27.7149136178727,-8.18945964866305,-6.75747269999052,-2.04584765640358,-1.75103687968432
"GBRL1_HUMAN---TB10B_HUMAN",-27.4013817386671,1.67927467687042,7.21496030355016,6.18888212695796,-1.97843233893806
"GBRL1_HUMAN---TBCD1_HUMAN",-27.4013817386671,1.67927467687042,7.21496030355016,6.18888212695796,-1.97843233893806
"GGA3_HUMAN---MPRI_HUMAN",-27.7149136178727,-8.18945964866305,-6.75747269999052,-2.04584765640358,-1.75103687968432
"GLIS2_HUMAN---WNK1_HUMAN",26.4671585550288,-6.43787217351846,-10.8707158833816,-3.28167669587728,1.51309989363081
"GRB2_HUMAN---IRS4_HUMAN",-27.7149136178727,-8.18945964866305,-6.75747269999052,-2.04584765640358,-1.75103687968432
"GRB2_HUMAN---MK09_HUMAN",26.4671585550288,-6.43787217351846,-10.8707158833816,-3.28167669587728,1.51309989363081
"GRB2_HUMAN---PTN11_HUMAN",-27.7149136178727,-8.18945964866305,-6.75747269999052,-2.04584765640358,-1.75103687968432
"GRB2_HUMAN---PTN18_HUMAN",-27.7149136178727,-8.18945964866305,-6.75747269999052,-2.04584765640358,-1.75103687968432
"GRB2_HUMAN---PTPRA_HUMAN",-27.7149136178727,-8.18945964866305,-6.75747269999052,-2.04584765640358,-1.75103687968432
"GRB2_HUMAN---RHG17_HUMAN",25.2948636829058,-0.554969477042001,3.59437271399995,9.21776539604773,3.06264975415782
"GRB2_HUMAN---SHC1_HUMAN",-27.7149136178727,-8.18945964866305,-6.75747269999052,-2.04584765640358,-1.75103687968432
"GRB2_HUMAN---ST32C_HUMAN",-27.9569807618373,-1.14278443177199,1.13357507569818,7.60900248364053,3.15000222928147
"GRB2_HUMAN---WIPF2_HUMAN",-27.7149136178727,-8.18945964866305,-6.75747269999052,-2.04584765640358,-1.75103687968432
"H1X_HUMAN---HDGF_HUMAN",2.90519650703354,-16.6199017553695,21.3776727160474,2.84162412268368,1.72772075817838
"H2AY_HUMAN---HDAC2_HUMAN",5.89593349444736,-16.6706034216969,20.6268483394507,4.93656329647775,0.787359611768562
"HACD3_HUMAN---NEK6_HUMAN",26.4671585550288,-6.43787217351846,-10.8707158833816,-3.28167669587728,1.51309989363081
"HDAC2_HUMAN---RCOR1_HUMAN",-27.4013817386671,1.67927467687042,7.21496030355016,6.18888212695796,-1.97843233893806
"HDAC2_HUMAN---SIN3A_HUMAN",5.89593349444736,-16.6706034216969,20.6268483394507,4.93656329647775,0.787359611768562
"HDGF_HUMAN---RL35A_HUMAN",7.7209689542502,-11.457773100357,14.2991495243894,13.207342319755,-1.02793055655614
"HDGF_HUMAN---SRP72_HUMAN",26.7806904342344,3.43086215201501,3.10171712015907,4.95305308748426,1.28570443437707
"HDGF_HUMAN---TCP4_HUMAN",26.7806904342344,3.43086215201501,3.10171712015907,4.95305308748426,1.28570443437707
"HERC2_HUMAN---RNF8_HUMAN",26.2250914110642,0.608803043372597,-2.9796681076929,6.37317344416683,6.41413900259661
"HEXI2_HUMAN---MEPCE_HUMAN",-28.0663798516087,-5.75074453414535,-3.4475184000339,4.34940876709828,1.79334232368022
"HGS_HUMAN---SCAM3_HUMAN",24.9813318037003,-10.4237038025755,-10.3780602895407,0.983035612686191,3.29004521341156
"HGS_HUMAN---STAM2_HUMAN",-27.7149136178727,-8.18945964866305,-6.75747269999052,-2.04584765640358,-1.75103687968432
"HIPK2_HUMAN---SUMO2_HUMAN",-27.7149136178727,-8.18945964866305,-6.75747269999052,-2.04584765640358,-1.75103687968432
"HIPK3_HUMAN---ZYX_HUMAN",-27.7149136178727,-8.18945964866305,-6.75747269999052,-2.04584765640358,-1.75103687968432
"HNRPK_HUMAN---RBMX_HUMAN",-27.9569807618373,-1.14278443177199,1.13357507569818,7.60900248364053,3.15000222928147
"HNRPU_HUMAN---PLCG1_HUMAN",-28.0663798516087,-5.75074453414535,-3.4475184000339,4.34940876709828,1.79334232368022
"HOIL1_HUMAN---RNF31_HUMAN",-27.7149136178727,-8.18945964866305,-6.75747269999052,-2.04584765640358,-1.75103687968432
"HTSF1_HUMAN---SRSF4_HUMAN",-25.5233250831898,-9.90174196220634,-4.54843443197045,-3.34168630826245,3.90356682647715
"I2BP1_HUMAN---SUMO2_HUMAN",-27.7149136178727,-8.18945964866305,-6.75747269999052,-2.04584765640358,-1.75103687968432
"I2BP2_HUMAN---SUMO2_HUMAN",-27.7149136178727,-8.18945964866305,-6.75747269999052,-2.04584765640358,-1.75103687968432
"ICK_HUMAN---MK01_HUMAN",-27.7149136178727,-8.18945964866305,-6.75747269999052,-2.04584765640358,-1.75103687968432
"ICLN_HUMAN---PDLI1_HUMAN",-27.7149136178727,-8.18945964866305,-6.75747269999052,-2.04584765640358,-1.75103687968432
"IF4G1_HUMAN---TRAF2_HUMAN",-28.0663798516087,-5.75074453414535,-3.4475184000339,4.34940876709828,1.79334232368022
"IGF1R_HUMAN---SHC1_HUMAN",-27.7149136178727,-8.18945964866305,-6.75747269999052,-2.04584765640358,-1.75103687968432
"INADL_HUMAN---MPP5_HUMAN",-27.4013817386671,1.67927467687042,7.21496030355016,6.18888212695796,-1.97843233893806
"ITSN1_HUMAN---WASL_HUMAN",-28.0663798516087,-5.75074453414535,-3.4475184000339,4.34940876709828,1.79334232368022
"ITSN2_HUMAN---MCRS1_HUMAN",-27.7149136178727,-8.18945964866305,-6.75747269999052,-2.04584765640358,-1.75103687968432
"IWS1_HUMAN---SUMO2_HUMAN",-27.7149136178727,-8.18945964866305,-6.75747269999052,-2.04584765640358,-1.75103687968432
"JIP4_HUMAN---MK14_HUMAN",2.90519650703354,-16.6199017553695,21.3776727160474,2.84162412268368,1.72772075817838
"JUN_HUMAN---PEBB_HUMAN",-25.9155549873386,5.66510630592743,6.72230470970928,1.92416981839449,-3.75537765871881
"JUN_HUMAN---PRC2A_HUMAN",-27.4013817386671,1.67927467687042,7.21496030355016,6.18888212695796,-1.97843233893806
"JUN_HUMAN---STRN4_HUMAN",-27.4013817386671,1.67927467687042,7.21496030355016,6.18888212695796,-1.97843233893806
"KAP2_HUMAN---RBM34_HUMAN",21.0158506426384,-6.14685479223881,7.21884731543517,15.8374655300426,-0.909558186953454
"KCD12_HUMAN---OSBP1_HUMAN",-27.9569807618373,-1.14278443177199,1.13357507569818,7.60900248364053,3.15000222928147
"KI21A_HUMAN---SRP72_HUMAN",-27.9569807618373,-1.14278443177199,1.13357507569818,7.60900248364053,3.15000222928147
"KI67_HUMAN---KIF15_HUMAN",-27.7149136178727,-8.18945964866305,-6.75747269999052,-2.04584765640358,-1.75103687968432
"KIF4A_HUMAN---SUMO2_HUMAN",-27.7149136178727,-8.18945964866305,-6.75747269999052,-2.04584765640358,-1.75103687968432
"KKCC1_HUMAN-->KCC1A_HUMAN",-27.7149136178727,-8.18945964866305,-6.75747269999052,-2.04584765640358,-1.75103687968432
"KLC4_HUMAN---LR16A_HUMAN",-27.9569807618373,-1.14278443177199,1.13357507569818,7.60900248364053,3.15000222928147
"KMT2D_HUMAN---SRRM1_HUMAN",25.2948636829058,-0.554969477042001,3.59437271399995,9.21776539604773,3.06264975415782
"KMT2D_HUMAN---WDR82_HUMAN",23.3827420819776,-3.05848640941736,4.92741695384149,14.2360537078101,0.629508868956845
"KPRA_HUMAN---MK01_HUMAN",-27.7149136178727,-8.18945964866305,-6.75747269999052,-2.04584765640358,-1.75103687968432
"KS6A1_HUMAN-->IF4B_HUMAN",-27.9569807618373,-1.14278443177199,1.13357507569818,7.60900248364053,3.15000222928147
"KS6A1_HUMAN---MK01_HUMAN",-27.9569807618373,-1.14278443177199,1.13357507569818,7.60900248364053,3.15000222928147
"KS6A1_HUMAN-->YBOX1_HUMAN",-18.6741864104678,9.77164636105852,-8.25252515295024,1.65946932694199,10.5430826970315
"LAP2B_HUMAN---SUMO2_HUMAN",-27.7149136178727,-8.18945964866305,-6.75747269999052,-2.04584765640358,-1.75103687968432
"LAP2_HUMAN---PKP4_HUMAN",-27.4013817386671,1.67927467687042,7.21496030355016,6.18888212695796,-1.97843233893806
"LAS1L_HUMAN---PELP1_HUMAN",-27.9569807618373,-1.14278443177199,1.13357507569818,7.60900248364053,3.15000222928147
"LCK_HUMAN-->ADT1_HUMAN",-27.9569807618373,-1.14278443177199,1.13357507569818,7.60900248364053,3.15000222928147
"LCK_HUMAN-->G3BP1_HUMAN",-28.0663798516087,-5.75074453414535,-3.4475184000339,4.34940876709828,1.79334232368022
"LCK_HUMAN-->ZAP70_HUMAN",-28.0663798516087,-5.75074453414535,-3.4475184000339,4.34940876709828,1.79334232368022
"LHX4_HUMAN---RFC1_HUMAN",-28.0663798516087,-5.75074453414535,-3.4475184000339,4.34940876709828,1.79334232368022
"LHX4_HUMAN---RRP36_HUMAN",-28.0663798516087,-5.75074453414535,-3.4475184000339,4.34940876709828,1.79334232368022
"LMNB2_HUMAN---SVIL_HUMAN",3.1472636509982,-23.6665769722605,13.4866249403587,-6.81322601736043,-3.17331835078741
"MA7D1_HUMAN---RBM48_HUMAN",-23.2315894921019,-4.843021485297,5.14882427631152,5.78816245219878,13.0006369624456
"MA7D3_HUMAN---TRM7_HUMAN",-27.9569807618373,-1.14278443177199,1.13357507569818,7.60900248364053,3.15000222928147
"MAGG1_HUMAN---NSE1_HUMAN",13.01390531327,-16.4854947683022,9.78965653045824,14.5456990073078,1.00896873152616
"MAP1B_HUMAN---NPM_HUMAN",26.2250914110642,0.608803043372597,-2.9796681076929,6.37317344416683,6.41413900259661
"MCMBP_HUMAN---SUMO2_HUMAN",26.4671585550288,-6.43787217351846,-10.8707158833816,-3.28167669587728,1.51309989363081
"MCRS1_HUMAN---RN213_HUMAN",-27.7149136178727,-8.18945964866305,-6.75747269999052,-2.04584765640358,-1.75103687968432
"MD2L1_HUMAN---T22D4_HUMAN",22.9279722435666,-3.64333785986344,5.88580307559363,10.8191772182803,1.52358269824752
"MDC1_HUMAN---RAD50_HUMAN",-28.0663798516087,-5.75074453414535,-3.4475184000339,4.34940876709828,1.79334232368022
"MDC1_HUMAN---RNF8_HUMAN",26.2250914110642,0.608803043372597,-2.9796681076929,6.37317344416683,6.41413900259661
"MED12_HUMAN---MED1_HUMAN",25.1854645931344,-5.16292957941536,-0.986720761732134,5.95817167950548,1.70598984855656
"MED13_HUMAN---MED1_HUMAN",25.1854645931344,-5.16292957941536,-0.986720761732134,5.95817167950548,1.70598984855656
"MEP50_HUMAN---RBM5_HUMAN",-27.9569807618373,-1.14278443177199,1.13357507569818,7.60900248364053,3.15000222928147
"MEPCE_HUMAN---SDE2_HUMAN",-28.0663798516087,-5.75074453414535,-3.4475184000339,4.34940876709828,1.79334232368022
"MEPCE_HUMAN---U520_HUMAN",26.671291344463,-1.17709795035835,-1.47937635557301,1.69345937094201,-0.0709554712241924
"MEPCE_HUMAN---YRDC_HUMAN",-27.9569807618373,-1.14278443177199,1.13357507569818,7.60900248364053,3.15000222928147
"MK01_HUMAN-->ABI1_HUMAN",-27.7149136178727,-8.18945964866305,-6.75747269999052,-2.04584765640358,-1.75103687968432
"MK01_HUMAN-->ERF_HUMAN",-27.7149136178727,-8.18945964866305,-6.75747269999052,-2.04584765640358,-1.75103687968432
"MK01_HUMAN-->MKL1_HUMAN",-27.7149136178727,-8.18945964866305,-6.75747269999052,-2.04584765640358,-1.75103687968432
"MK01_HUMAN-->TFE2_HUMAN",-28.0663798516087,-5.75074453414535,-3.4475184000339,4.34940876709828,1.79334232368022
"MK03_HUMAN-->HNRPK_HUMAN",26.2250914110642,0.608803043372597,-2.9796681076929,6.37317344416683,6.41413900259661
"MK03_HUMAN-->NUP50_HUMAN",-27.7149136178727,-8.18945964866305,-6.75747269999052,-2.04584765640358,-1.75103687968432
"MK09_HUMAN-->STAT3_HUMAN",-27.7149136178727,-8.18945964866305,-6.75747269999052,-2.04584765640358,-1.75103687968432
"MK09_HUMAN---WDR62_HUMAN",-27.9569807618373,-1.14278443177199,1.13357507569818,7.60900248364053,3.15000222928147
"MK14_HUMAN---PLSL_HUMAN",-27.9569807618373,-1.14278443177199,1.13357507569818,7.60900248364053,3.15000222928147
"MKX_HUMAN---SIN3A_HUMAN",24.6298655699642,-7.98498868805777,-7.06810598958411,7.37829203618805,6.8344244167761
"MMTA2_HUMAN---SRPK2_HUMAN",-28.0663798516087,-5.75074453414535,-3.4475184000339,4.34940876709828,1.79334232368022
"MP2K1_HUMAN-->MK01_HUMAN",-26.2290868665441,-4.20362801960604,-7.25012829383139,-6.31055996496705,-3.52798219946507
"MP2K1_HUMAN-->MK03_HUMAN",-26.2290868665441,-4.20362801960604,-7.25012829383139,-6.31055996496705,-3.52798219946507
"MPZL1_HUMAN---PTN11_HUMAN",-27.7149136178727,-8.18945964866305,-6.75747269999052,-2.04584765640358,-1.75103687968432
"MRE11_HUMAN---RAD50_HUMAN",-27.7149136178727,-8.18945964866305,-6.75747269999052,-2.04584765640358,-1.75103687968432
"MYO6_HUMAN---TOM1_HUMAN",24.9813318037003,-10.4237038025755,-10.3780602895407,0.983035612686191,3.29004521341156
"NADAP_HUMAN---SUMO2_HUMAN",-27.4013817386671,1.67927467687042,7.21496030355016,6.18888212695796,-1.97843233893806
"NASP_HUMAN---TRM7_HUMAN",-27.9569807618373,-1.14278443177199,1.13357507569818,7.60900248364053,3.15000222928147
"NEK6_HUMAN---SMC3_HUMAN",26.4671585550288,-6.43787217351846,-10.8707158833816,-3.28167669587728,1.51309989363081
"NIPBL_HUMAN---PRS23_HUMAN",26.1156923212928,-3.99915705900077,-7.56076158342498,3.11357972762458,5.05747909699535
"NKAP_HUMAN---PPIG_HUMAN",26.4671585550288,-6.43787217351846,-10.8707158833816,-3.28167669587728,1.51309989363081
"NKAP_HUMAN---RBMX2_HUMAN",-28.0663798516087,-5.75074453414535,-3.4475184000339,4.34940876709828,1.79334232368022
"NOP2_HUMAN---SUMO2_HUMAN",-27.9569807618373,-1.14278443177199,1.13357507569818,7.60900248364053,3.15000222928147
"NOVA1_HUMAN---PCBP1_HUMAN",15.3470712185947,-18.8994194808883,2.31799423906431,13.3278251928866,-0.558656050973898
"NP1L1_HUMAN---TRAF2_HUMAN",-27.9569807618373,-1.14278443177199,1.13357507569818,7.60900248364053,3.15000222928147
"NPM_HUMAN---NUCL_HUMAN",-27.9569807618373,-1.14278443177199,1.13357507569818,7.60900248364053,3.15000222928147
"NRBP_HUMAN---T22D4_HUMAN",-27.7149136178727,-8.18945964866305,-6.75747269999052,-2.04584765640358,-1.75103687968432
"NSE1_HUMAN---SUMO2_HUMAN",13.01390531327,-16.4854947683022,9.78965653045824,14.5456990073078,1.00896873152616
"NSF1C_HUMAN---SRP14_HUMAN",10.378314871748,-10.8625486543466,-6.54160738883351,16.1421690555208,-12.8076627345344
"NUCL_HUMAN---PP1B_HUMAN",13.2559724572347,-23.5321699851933,1.89860875476954,4.89084886726372,-3.89207037743964
"NUMA1_HUMAN---SUMO2_HUMAN",-27.4013817386671,1.67927467687042,7.21496030355016,6.18888212695796,-1.97843233893806
"NUP50_HUMAN---TOIP1_HUMAN",27.022757578199,-3.61581306487605,-4.78933065552963,-4.70179705255985,-3.61533467458873
"OTUL_HUMAN---RNF31_HUMAN",-27.7149136178727,-8.18945964866305,-6.75747269999052,-2.04584765640358,-1.75103687968432
"PAIRB_HUMAN---SUMO2_HUMAN",26.4671585550288,-6.43787217351846,-10.8707158833816,-3.28167669587728,1.51309989363081
"PARD3_HUMAN---PSME3_HUMAN",-20.2379499928399,-13.6684979268391,-0.83378193604009,-4.06373690665571,11.6659613028656
"PCBP1_HUMAN---T22D4_HUMAN",-28.0663798516087,-5.75074453414535,-3.4475184000339,4.34940876709828,1.79334232368022
"PCBP1_HUMAN---ZN830_HUMAN",-28.0663798516087,-5.75074453414535,-3.4475184000339,4.34940876709828,1.79334232368022
"PDS5A_HUMAN---SMC3_HUMAN",-27.7149136178727,-8.18945964866305,-6.75747269999052,-2.04584765640358,-1.75103687968432
"PDS5B_HUMAN---SMC3_HUMAN",-27.7149136178727,-8.18945964866305,-6.75747269999052,-2.04584765640358,-1.75103687968432
"PEBB_HUMAN---SCG1_HUMAN",24.9813318037003,-10.4237038025755,-10.3780602895407,0.983035612686191,3.29004521341156
"PELP1_HUMAN---SUMO2_HUMAN",2.90519650703354,-16.6199017553695,21.3776727160474,2.84162412268368,1.72772075817838
"PGAM1_HUMAN---XRCC6_HUMAN",-11.1661991059993,18.4884298190771,-7.94130074348337,9.24991408467149,-2.55809696720891
"PHIP_HUMAN---SUMO2_HUMAN",-27.7149136178727,-8.18945964866305,-6.75747269999052,-2.04584765640358,-1.75103687968432
"PHS_HUMAN---PRC2C_HUMAN",-27.4013817386671,1.67927467687042,7.21496030355016,6.18888212695796,-1.97843233893806
"PHS_HUMAN---TIM_HUMAN",-27.4013817386671,1.67927467687042,7.21496030355016,6.18888212695796,-1.97843233893806
"PI4KA_HUMAN---STRN4_HUMAN",-27.7149136178727,-8.18945964866305,-6.75747269999052,-2.04584765640358,-1.75103687968432
"PIAS1_HUMAN---SGTA_HUMAN",25.2948636829058,-0.554969477042001,3.59437271399995,9.21776539604773,3.06264975415782
"PIAS1_HUMAN---SUMO2_HUMAN",-27.7149136178727,-8.18945964866305,-6.75747269999052,-2.04584765640358,-1.75103687968432
"PININ_HUMAN---SRRM2_HUMAN",-27.7149136178727,-8.18945964866305,-6.75747269999052,-2.04584765640358,-1.75103687968432
"PININ_HUMAN---SRSF4_HUMAN",-27.7149136178727,-8.18945964866305,-6.75747269999052,-2.04584765640358,-1.75103687968432
"PNKP_HUMAN---XRCC1_HUMAN",-27.7149136178727,-8.18945964866305,-6.75747269999052,-2.04584765640358,-1.75103687968432
"PO2F1_HUMAN---XRCC6_HUMAN",-27.4013817386671,1.67927467687042,7.21496030355016,6.18888212695796,-1.97843233893806
"POGZ_HUMAN---SUMO2_HUMAN",-27.7149136178727,-8.18945964866305,-6.75747269999052,-2.04584765640358,-1.75103687968432
"PR38A_HUMAN---SRPK2_HUMAN",16.0120693315363,-11.4694002698725,12.9804729426484,15.1672985527463,-4.33043071359218
"PRS23_HUMAN---RECQ4_HUMAN",26.1156923212928,-3.99915705900077,-7.56076158342498,3.11357972762458,5.05747909699535
"PSMD1_HUMAN---SUMO2_HUMAN",-27.4013817386671,1.67927467687042,7.21496030355016,6.18888212695796,-1.97843233893806
"PUR6_HUMAN---TRM7_HUMAN",-27.9569807618373,-1.14278443177199,1.13357507569818,7.60900248364053,3.15000222928147
"Q6FIE9_HUMAN---TM1L1_HUMAN",-25.8027920169444,-5.68594271628768,-8.09051693983206,-7.06413596816591,0.682104005516651
"Q6FIE9_HUMAN---TM1L2_HUMAN",-25.8027920169444,-5.68594271628768,-8.09051693983206,-7.06413596816591,0.682104005516651
"Q6FIE9_HUMAN---TOM1_HUMAN",24.9813318037003,-10.4237038025755,-10.3780602895407,0.983035612686191,3.29004521341156
"Q6FIE9_HUMAN---XRN2_HUMAN",-25.8027920169444,-5.68594271628768,-8.09051693983206,-7.06413596816591,0.682104005516651
"RBM15_HUMAN---SUMO2_HUMAN",-27.7149136178727,-8.18945964866305,-6.75747269999052,-2.04584765640358,-1.75103687968432
"RBM48_HUMAN---SAT1_HUMAN",-23.2315894921019,-4.843021485297,5.14882427631152,5.78816245219878,13.0006369624456
"RBM5_HUMAN---U520_HUMAN",22.8271430588074,-5.88054551805978,-1.15396827401048,15.6561740644926,5.75794343717638
"RBM8A_HUMAN---SRRM2_HUMAN",15.6985374523308,-21.338134595406,-0.991960060892301,6.93256876938474,-4.10303525433843
"RBP2_HUMAN---SUMO2_HUMAN",-27.7149136178727,-8.18945964866305,-6.75747269999052,-2.04584765640358,-1.75103687968432
"REC8_HUMAN---SMC3_HUMAN",-27.7149136178727,-8.18945964866305,-6.75747269999052,-2.04584765640358,-1.75103687968432
"RGPA1_HUMAN---TFE2_HUMAN",-28.0663798516087,-5.75074453414535,-3.4475184000339,4.34940876709828,1.79334232368022
"RHOQ_HUMAN---WASL_HUMAN",24.8685688333062,0.927345219639645,4.43476136000061,9.97134139924659,-1.1474364508239
"RL15_HUMAN---SUMO2_HUMAN",-27.4013817386671,1.67927467687042,7.21496030355016,6.18888212695796,-1.97843233893806
"RLA1_HUMAN---SAT1_HUMAN",26.4671585550288,-6.43787217351846,-10.8707158833816,-3.28167669587728,1.51309989363081
"RNF31_HUMAN---TRI25_HUMAN",-27.7149136178727,-8.18945964866305,-6.75747269999052,-2.04584765640358,-1.75103687968432
"RNF8_HUMAN---UBE2N_HUMAN",26.2250914110642,0.608803043372597,-2.9796681076929,6.37317344416683,6.41413900259661
"ROCK1_HUMAN-->ADDA_HUMAN",-27.5107808284385,-2.92868542550294,2.63386682781807,2.92928841041571,-3.33509224453932
"ROCK1_HUMAN-->MARCS_HUMAN",2.79579741726214,-21.2278618577428,16.7965792403153,-0.417969593858573,0.371060852577124
"RRAS2_HUMAN---XRCC6_HUMAN",-27.4013817386671,1.67927467687042,7.21496030355016,6.18888212695796,-1.97843233893806
"RREB1_HUMAN---SUMO2_HUMAN",-27.7149136178727,-8.18945964866305,-6.75747269999052,-2.04584765640358,-1.75103687968432
"RSF1_HUMAN---SUMO2_HUMAN",-28.0663798516087,-5.75074453414535,-3.4475184000339,4.34940876709828,1.79334232368022
"RU17_HUMAN---SRPK2_HUMAN",15.3470712185947,-18.8994194808883,2.31799423906431,13.3278251928866,-0.558656050973898
"SAP25_HUMAN---SIN3A_HUMAN",26.2250914110642,0.608803043372597,-2.9796681076929,6.37317344416683,6.41413900259661
"SAT1_HUMAN---SPB1_HUMAN",-27.7149136178727,-8.18945964866305,-6.75747269999052,-2.04584765640358,-1.75103687968432
"SAT1_HUMAN---T22D4_HUMAN",-11.3703318954334,13.227655595917,-17.332640271292,4.2747780178522,-0.974041602353911
"SCAFB_HUMAN---SUMO2_HUMAN",-28.0663798516087,-5.75074453414535,-3.4475184000339,4.34940876709828,1.79334232368022
"SCFD1_HUMAN---VINC_HUMAN",-9.3133784567353,-19.3961251619723,7.46400418303049,0.135057018459641,12.1663581427052
"SCG1_HUMAN---SG223_HUMAN",24.9813318037003,-10.4237038025755,-10.3780602895407,0.983035612686191,3.29004521341156
"SENP3_HUMAN---SUMO2_HUMAN",-27.7149136178727,-8.18945964866305,-6.75747269999052,-2.04584765640358,-1.75103687968432
"SF3A1_HUMAN---SF3A3_HUMAN",-27.9569807618373,-1.14278443177199,1.13357507569818,7.60900248364053,3.15000222928147
"SGTA_HUMAN---UBL7_HUMAN",25.2948636829058,-0.554969477042001,3.59437271399995,9.21776539604773,3.06264975415782
"SMC3_HUMAN---WAPL_HUMAN",-27.7149136178727,-8.18945964866305,-6.75747269999052,-2.04584765640358,-1.75103687968432
"SMRCD_HUMAN---SUMO2_HUMAN",-28.0663798516087,-5.75074453414535,-3.4475184000339,4.34940876709828,1.79334232368022
"SRPK2_HUMAN-->ACINU_HUMAN",-28.0663798516087,-5.75074453414535,-3.4475184000339,4.34940876709828,1.79334232368022
"SRRM1_HUMAN---SRRM2_HUMAN",-27.7149136178727,-8.18945964866305,-6.75747269999052,-2.04584765640358,-1.75103687968432
"SRSF4_HUMAN---SRSF6_HUMAN",-27.7149136178727,-8.18945964866305,-6.75747269999052,-2.04584765640358,-1.75103687968432
"STK24_HUMAN---STRN3_HUMAN",21.0158506426384,-6.14685479223881,7.21884731543517,15.8374655300426,-0.909558186953454
"STK24_HUMAN---STRN4_HUMAN",21.0158506426384,-6.14685479223881,7.21884731543517,15.8374655300426,-0.909558186953454
"STRN4_HUMAN---WIPI2_HUMAN",-27.9569807618373,-1.14278443177199,1.13357507569818,7.60900248364053,3.15000222928147
"SUMO2_HUMAN---TF3C1_HUMAN",-27.7149136178727,-8.18945964866305,-6.75747269999052,-2.04584765640358,-1.75103687968432
"SUMO2_HUMAN---TFP11_HUMAN",-27.7149136178727,-8.18945964866305,-6.75747269999052,-2.04584765640358,-1.75103687968432
"SUMO2_HUMAN---TOP2B_HUMAN",-27.7149136178727,-8.18945964866305,-6.75747269999052,-2.04584765640358,-1.75103687968432
"SUMO2_HUMAN---TPR_HUMAN",-27.7149136178727,-8.18945964866305,-6.75747269999052,-2.04584765640358,-1.75103687968432
"SUMO2_HUMAN---U520_HUMAN",-28.0663798516087,-5.75074453414535,-3.4475184000339,4.34940876709828,1.79334232368022
"SUMO2_HUMAN---WIZ_HUMAN",-27.7149136178727,-8.18945964866305,-6.75747269999052,-2.04584765640358,-1.75103687968432
"SUMO2_HUMAN---XRCC6_HUMAN",10.5455078015665,-13.3782929901916,18.2579781671926,1.89202112977073,1.86536906264791
"SUMO2_HUMAN---Z280C_HUMAN",-27.7149136178727,-8.18945964866305,-6.75747269999052,-2.04584765640358,-1.75103687968432
"SUMO2_HUMAN---ZBT7A_HUMAN",-27.9569807618373,-1.14278443177199,1.13357507569818,7.60900248364053,3.15000222928147
"SUMO2_HUMAN---ZKSC1_HUMAN",-27.7149136178727,-8.18945964866305,-6.75747269999052,-2.04584765640358,-1.75103687968432
"SUMO2_HUMAN---ZMYM4_HUMAN",-27.7149136178727,-8.18945964866305,-6.75747269999052,-2.04584765640358,-1.75103687968432
"SUMO2_HUMAN---ZN318_HUMAN",-27.7149136178727,-8.18945964866305,-6.75747269999052,-2.04584765640358,-1.75103687968432
"TEBP_HUMAN---WAP53_HUMAN",17.9646775865522,-11.7336268301493,3.963176850849,17.3838735218109,1.96599535361679
"TF3C1_HUMAN---TF3C4_HUMAN",-28.0663798516087,-5.75074453414535,-3.4475184000339,4.34940876709828,1.79334232368022
"TICRR_HUMAN---TOPB1_HUMAN",-27.9569807618373,-1.14278443177199,1.13357507569818,7.60900248364053,3.15000222928147
"TNIK_HUMAN---TRAF2_HUMAN",-27.4013817386671,1.67927467687042,7.21496030355016,6.18888212695796,-1.97843233893806
"TOM1_HUMAN---ZFY16_HUMAN",24.9813318037003,-10.4237038025755,-10.3780602895407,0.983035612686191,3.29004521341156
"TRAF2_HUMAN---UBE2N_HUMAN",-27.9569807618373,-1.14278443177199,1.13357507569818,7.60900248364053,3.15000222928147
"TRAF2_HUMAN---UBE2O_HUMAN",2.79579741726214,-21.2278618577428,16.7965792403153,-0.417969593858573,0.371060852577124
"TRI18_HUMAN---UBE2N_HUMAN",-27.9569807618373,-1.14278443177199,1.13357507569818,7.60900248364053,3.15000222928147
"TXLNA_HUMAN---XRN2_HUMAN",-27.4013817386671,1.67927467687042,7.21496030355016,6.18888212695796,-1.97843233893806
"UBE2N_HUMAN---ZNRF2_HUMAN",-27.9569807618373,-1.14278443177199,1.13357507569818,7.60900248364053,3.15000222928147
"WDR48_HUMAN---WDR70_HUMAN",-27.7149136178727,-8.18945964866305,-6.75747269999052,-2.04584765640358,-1.75103687968432
"WNK1_HUMAN-->STK39_HUMAN",-27.7149136178727,-8.18945964866305,-6.75747269999052,-2.04584765640358,-1.75103687968432
"ZAP70_HUMAN-->DBNL_HUMAN",-28.0663798516087,-5.75074453414535,-3.4475184000339,4.34940876709828,1.79334232368022
"ZAP70_HUMAN-->MK14_HUMAN",-27.9569807618373,-1.14278443177199,1.13357507569818,7.60900248364053,3.15000222928147
"1433G_HUMAN---3BP5L_HUMAN",-26.4161426673262,6.4374449491204,10.8906380104243,3.30367363871052,-1.45598953598312
"1433G_HUMAN---HDAC4_HUMAN",-13.204956569532,23.5317427607952,-1.8786866277268,-4.86885192443049,3.94918073508733
"1433G_HUMAN---SRPK1_HUMAN",-15.6475215646282,21.3377073710079,1.01188218793504,-6.9105718265515,4.16014561198613
"3BP5L_HUMAN---EYA4_HUMAN",-26.4161426673262,6.4374449491204,10.8906380104243,3.30367363871052,-1.45598953598312
"A8K015_HUMAN---STAT3_HUMAN",-24.9303159159976,10.4232765781774,10.3979824165835,-0.961038669852956,-3.23293485576387
"A8K015_HUMAN---TMX1_HUMAN",-24.9303159159976,10.4232765781774,10.3979824165835,-0.961038669852956,-3.23293485576387
"AAGAB_HUMAN---EIF3C_HUMAN",-26.4161426673262,6.4374449491204,10.8906380104243,3.30367363871052,-1.45598953598312
"ABI2_HUMAN---MIPT3_HUMAN",-3.89539621602648,22.0045691006466,-10.5068401686992,3.44444513454073,9.8253935610064
"ABI2_HUMAN---PCM1_HUMAN",-20.8266057803865,11.2145111970095,11.273976444762,-7.27516563347417,4.85480973559858
"ACAP2_HUMAN---CBX1_HUMAN",-13.204956569532,23.5317427607952,-1.8786866277268,-4.86885192443049,3.94918073508733
"ACK1_HUMAN---CDC42_HUMAN",-24.504021066398,8.94096188149576,9.5575937705828,-1.71461467305182,0.977151349217852
"ACTB_HUMAN---KHDR1_HUMAN",-26.4161426673262,6.4374449491204,10.8906380104243,3.30367363871052,-1.45598953598312
"ADCY6_HUMAN---ATX1_HUMAN",-20.6513028757302,16.0151618933742,6.77350781514824,-7.58073880384781,0.739273085347401
"AKA10_HUMAN---MYH9_HUMAN",-5.53138572753918,26.5389105228323,-6.63449320886729,3.32016342971703,-0.957644713374616
"AKA11_HUMAN---PP1A_HUMAN",-4.3464794664621,10.0947397854983,7.92447340713485,9.34674650995751,4.12591185501546
"AP3D1_HUMAN---CTNB1_HUMAN",-18.292803045334,9.22655645702777,13.0801873773553,-7.80016701305704,9.05084076260118
"ARHGB_HUMAN---CDC42_HUMAN",-24.504021066398,8.94096188149576,9.5575937705828,-1.71461467305182,0.977151349217852
"ARL4D_HUMAN---EMAL4_HUMAN",-26.4161426673262,6.4374449491204,10.8906380104243,3.30367363871052,-1.45598953598312
"ARL4D_HUMAN---PGAM1_HUMAN",-26.4161426673262,6.4374449491204,10.8906380104243,3.30367363871052,-1.45598953598312
"ARPC3_HUMAN---BAG6_HUMAN",-24.9303159159976,10.4232765781774,10.3979824165835,-0.961038669852956,-3.23293485576387
"ARPC3_HUMAN---OTUD5_HUMAN",-24.9303159159976,10.4232765781774,10.3979824165835,-0.961038669852956,-3.23293485576387
"ASPM_HUMAN---SUMO2_HUMAN",-17.4533522909649,4.94423830000136,16.3216731805339,-2.97892792010509,10.184063326786
"AT1A1_HUMAN---CDK2_HUMAN",-3.09624776329557,23.6661497478625,-13.466702813316,6.83522296019367,3.2304287084351
"ATM_HUMAN-->BAG6_HUMAN",-24.9303159159976,10.4232765781774,10.3979824165835,-0.961038669852956,-3.23293485576387
"ATM_HUMAN-->FUBP2_HUMAN",-24.9303159159976,10.4232765781774,10.3979824165835,-0.961038669852956,-3.23293485576387
"ATM_HUMAN-->RIF1_HUMAN",-5.53138572753918,26.5389105228323,-6.63449320886729,3.32016342971703,-0.957644713374616
"ATRX_HUMAN---DAXX_HUMAN",-24.7801531558135,1.90310352693469,7.01829105059243,3.42795534353421,9.32704873839789
"ATX1_HUMAN---FA21C_HUMAN",-26.4161426673262,6.4374449491204,10.8906380104243,3.30367363871052,-1.45598953598312
"AURKB_HUMAN---H31T_HUMAN",-26.4161426673262,6.4374449491204,10.8906380104243,3.30367363871052,-1.45598953598312
"AURKB_HUMAN-->PLEC_HUMAN",-20.6513028757302,16.0151618933742,6.77350781514824,-7.58073880384781,0.739273085347401
"AURKB_HUMAN---PSA3_HUMAN",-5.72799294449927,18.0527044826192,4.04500413622362,-6.88674117468262,17.3661789176372
"AURKB_HUMAN---SKA1_HUMAN",-26.4161426673262,6.4374449491204,10.8906380104243,3.30367363871052,-1.45598953598312
"BAG6_HUMAN---SGTA_HUMAN",-24.9303159159976,10.4232765781774,10.3979824165835,-0.961038669852956,-3.23293485576387
"BAG6_HUMAN---UBL7_HUMAN",-24.9303159159976,10.4232765781774,10.3979824165835,-0.961038669852956,-3.23293485576387
"BBX_HUMAN---HS90B_HUMAN",-24.9303159159976,10.4232765781774,10.3979824165835,-0.961038669852956,-3.23293485576387
"BIG3_HUMAN---PP1A_HUMAN",-24.9303159159976,10.4232765781774,10.3979824165835,-0.961038669852956,-3.23293485576387
"BORG1_HUMAN---CDC42_HUMAN",-24.504021066398,8.94096188149576,9.5575937705828,-1.71461467305182,0.977151349217852
"BRAP_HUMAN---KSR1_HUMAN",-26.4161426673262,6.4374449491204,10.8906380104243,3.30367363871052,-1.45598953598312
"BRD2_HUMAN---E2F2_HUMAN",-15.6475215646282,21.3377073710079,1.01188218793504,-6.9105718265515,4.16014561198613
"BRD3_HUMAN---SRPK2_HUMAN",-20.2049246462623,6.72303952465241,14.4132316171968,-2.7818787012947,6.61769987740021
"BRF2_HUMAN---HACD3_HUMAN",-18.9391790422935,0.958406670944352,16.8143287743748,1.28578438845839,11.9610086465668
"BRF2_HUMAN---NOC2L_HUMAN",-18.9391790422935,0.958406670944352,16.8143287743748,1.28578438845839,11.9610086465668
"BRF2_HUMAN---OTUD4_HUMAN",-18.9391790422935,0.958406670944352,16.8143287743748,1.28578438845839,11.9610086465668
"BRF2_HUMAN---SF3B1_HUMAN",-18.9391790422935,0.958406670944352,16.8143287743748,1.28578438845839,11.9610086465668
"C2CD5_HUMAN---CDK5_HUMAN",-24.9303159159976,10.4232765781774,10.3979824165835,-0.961038669852956,-3.23293485576387
"CAAP1_HUMAN---KAT7_HUMAN",-26.4161426673262,6.4374449491204,10.8906380104243,3.30367363871052,-1.45598953598312
"CAF1B_HUMAN---SUMO2_HUMAN",-23.0181943150694,12.9267935105528,9.06493817674192,-5.97932698161529,-0.799793970562898
"CBL_HUMAN---MYH9_HUMAN",-5.53138572753918,26.5389105228323,-6.63449320886729,3.32016342971703,-0.957644713374616
"CBX1_HUMAN---TIF1B_HUMAN",-13.204956569532,23.5317427607952,-1.8786866277268,-4.86885192443049,3.94918073508733
"CCD25_HUMAN---SMAD2_HUMAN",-26.4161426673262,6.4374449491204,10.8906380104243,3.30367363871052,-1.45598953598312
"CCD97_HUMAN---SRPK2_HUMAN",-24.9303159159976,10.4232765781774,10.3979824165835,-0.961038669852956,-3.23293485576387
"CCDC6_HUMAN---HDAC1_HUMAN",-5.53138572753918,26.5389105228323,-6.63449320886729,3.32016342971703,-0.957644713374616
"CCNK_HUMAN---STX11_HUMAN",-26.4161426673262,6.4374449491204,10.8906380104243,3.30367363871052,-1.45598953598312
"CDC20_HUMAN---MD2L1_HUMAN",-24.9303159159976,10.4232765781774,10.3979824165835,-0.961038669852956,-3.23293485576387
"CDC20_HUMAN---MDC1_HUMAN",-12.1940043583466,17.8733529473659,0.745178214007299,7.7894777929218,-6.39688783730251
"CDC42_HUMAN---FETUA_HUMAN",-20.6513028757302,16.0151618933742,6.77350781514824,-7.58073880384781,0.739273085347401
"CDC42_HUMAN---IQGA1_HUMAN",-24.504021066398,8.94096188149576,9.5575937705828,-1.71461467305182,0.977151349217852
"CDC42_HUMAN---PAK4_HUMAN",-24.504021066398,8.94096188149576,9.5575937705828,-1.71461467305182,0.977151349217852
"CDK12_HUMAN---PR40A_HUMAN",-26.4161426673262,6.4374449491204,10.8906380104243,3.30367363871052,-1.45598953598312
"CDK13_HUMAN---PR40A_HUMAN",-26.4161426673262,6.4374449491204,10.8906380104243,3.30367363871052,-1.45598953598312
"CDK1_HUMAN-->DLG1_HUMAN",-26.4161426673262,6.4374449491204,10.8906380104243,3.30367363871052,-1.45598953598312
"CDK1_HUMAN-->FOXM1_HUMAN",-20.6513028757302,16.0151618933742,6.77350781514824,-7.58073880384781,0.739273085347401
"CDK1_HUMAN-->KAT7_HUMAN",-18.9391790422935,0.958406670944352,16.8143287743748,1.28578438845839,11.9610086465668
"CDK1_HUMAN-->PKN2_HUMAN",-15.6154280995819,16.4040203736638,-6.309282279298,6.20957513045694,3.4280038572109
"CDK1_HUMAN-->UNG_HUMAN",-24.9303159159976,10.4232765781774,10.3979824165835,-0.961038669852956,-3.23293485576387
"CDK2_HUMAN-->AMOT_HUMAN",-3.09624776329557,23.6661497478625,-13.466702813316,6.83522296019367,3.2304287084351
"CDK2_HUMAN-->BAP18_HUMAN",-3.09624776329557,23.6661497478625,-13.466702813316,6.83522296019367,3.2304287084351
"CDK2_HUMAN-->BAZ2A_HUMAN",-3.09624776329557,23.6661497478625,-13.466702813316,6.83522296019367,3.2304287084351
"CDK2_HUMAN-->CT2NL_HUMAN",-3.09624776329557,23.6661497478625,-13.466702813316,6.83522296019367,3.2304287084351
"CDK2_HUMAN-->DNLI1_HUMAN",-3.09624776329557,23.6661497478625,-13.466702813316,6.83522296019367,3.2304287084351
"CDK2_HUMAN-->DNLI3_HUMAN",-3.09624776329557,23.6661497478625,-13.466702813316,6.83522296019367,3.2304287084351
"CDK2_HUMAN-->DNM1L_HUMAN",-3.09624776329557,23.6661497478625,-13.466702813316,6.83522296019367,3.2304287084351
"CDK2_HUMAN-->F122A_HUMAN",-2.54064874012537,26.4882088565049,-7.385317585464,5.4151026035111,-1.89800585978444
"CDK2_HUMAN-->GUAA_HUMAN",-3.09624776329557,23.6661497478625,-13.466702813316,6.83522296019367,3.2304287084351
"CDK2_HUMAN---H1X_HUMAN",-3.09624776329557,23.6661497478625,-13.466702813316,6.83522296019367,3.2304287084351
"CDK2_HUMAN-->HNRL1_HUMAN",-3.09624776329557,23.6661497478625,-13.466702813316,6.83522296019367,3.2304287084351
"CDK2_HUMAN---HS90A_HUMAN",4.93631488490738,21.0091705783288,-1.46162682151358,3.39721335325896,11.5189923227655
"CDK2_HUMAN-->JIP4_HUMAN",-3.09624776329557,23.6661497478625,-13.466702813316,6.83522296019367,3.2304287084351
"CDK2_HUMAN-->LARP1_HUMAN",-3.09624776329557,23.6661497478625,-13.466702813316,6.83522296019367,3.2304287084351
"CDK2_HUMAN-->LMNB2_HUMAN",-3.09624776329557,23.6661497478625,-13.466702813316,6.83522296019367,3.2304287084351
"CDK2_HUMAN-->MARCS_HUMAN",-3.09624776329557,23.6661497478625,-13.466702813316,6.83522296019367,3.2304287084351
"CDK2_HUMAN-->NIPA_HUMAN",-3.09624776329557,23.6661497478625,-13.466702813316,6.83522296019367,3.2304287084351
"CDK2_HUMAN-->NUCKS_HUMAN",-3.09624776329557,23.6661497478625,-13.466702813316,6.83522296019367,3.2304287084351
"CDK2_HUMAN-->NUFP2_HUMAN",-3.09624776329557,23.6661497478625,-13.466702813316,6.83522296019367,3.2304287084351
"CDK2_HUMAN-->PELP1_HUMAN",-3.09624776329557,23.6661497478625,-13.466702813316,6.83522296019367,3.2304287084351
"CDK2_HUMAN-->PUR6_HUMAN",-3.09624776329557,23.6661497478625,-13.466702813316,6.83522296019367,3.2304287084351
"CDK2_HUMAN-->RB_HUMAN",4.93631488490738,21.0091705783288,-1.46162682151358,3.39721335325896,11.5189923227655
"CDK2_HUMAN-->SRS11_HUMAN",-3.09624776329557,23.6661497478625,-13.466702813316,6.83522296019367,3.2304287084351
"CDK2_HUMAN-->T2FA_HUMAN",-3.09624776329557,23.6661497478625,-13.466702813316,6.83522296019367,3.2304287084351
"CDK2_HUMAN-->TB182_HUMAN",-3.09624776329557,23.6661497478625,-13.466702813316,6.83522296019367,3.2304287084351
"CDK2_HUMAN-->TCOF_HUMAN",-3.09624776329557,23.6661497478625,-13.466702813316,6.83522296019367,3.2304287084351
"CDK2_HUMAN-->UBE2O_HUMAN",-3.09624776329557,23.6661497478625,-13.466702813316,6.83522296019367,3.2304287084351
"CDK2_HUMAN-->ZCH18_HUMAN",-3.09624776329557,23.6661497478625,-13.466702813316,6.83522296019367,3.2304287084351
"CDK2_HUMAN-->ZN609_HUMAN",-3.09624776329557,23.6661497478625,-13.466702813316,6.83522296019367,3.2304287084351
"CDK5_HUMAN-->HD_HUMAN",-23.0181943150694,12.9267935105528,9.06493817674192,-5.97932698161529,-0.799793970562898
"CDK5_HUMAN---HS90A_HUMAN",-13.204956569532,23.5317427607952,-1.8786866277268,-4.86885192443049,3.94918073508733
"CDK5_HUMAN---K0195_HUMAN",-18.1557288428142,18.7798748226423,3.94779305188244,-7.70702643893359,2.9921541129967
"CDK5_HUMAN-->LMTK2_HUMAN",-23.0181943150694,12.9267935105528,9.06493817674192,-5.97932698161529,-0.799793970562898
"CDS2_HUMAN---TS101_HUMAN",-18.1557288428142,18.7798748226423,3.94779305188244,-7.70702643893359,2.9921541129967
"CG050_HUMAN---HDGF_HUMAN",-24.9303159159976,10.4232765781774,10.3979824165835,-0.961038669852956,-3.23293485576387
"CHD3_HUMAN---F134A_HUMAN",-24.9303159159976,10.4232765781774,10.3979824165835,-0.961038669852956,-3.23293485576387
"CHD3_HUMAN---PAIRB_HUMAN",-26.4161426673262,6.4374449491204,10.8906380104243,3.30367363871052,-1.45598953598312
"CHD3_HUMAN---SUMO2_HUMAN",-26.4161426673262,6.4374449491204,10.8906380104243,3.30367363871052,-1.45598953598312
"CHD4_HUMAN---HDAC1_HUMAN",-5.53138572753918,26.5389105228323,-6.63449320886729,3.32016342971703,-0.957644713374616
"CHIP_HUMAN---HS90A_HUMAN",-13.204956569532,23.5317427607952,-1.8786866277268,-4.86885192443049,3.94918073508733
"CHIP_HUMAN---PSA3_HUMAN",-13.204956569532,23.5317427607952,-1.8786866277268,-4.86885192443049,3.94918073508733
"CHIP_HUMAN---UBE2N_HUMAN",-23.0181943150694,12.9267935105528,9.06493817674192,-5.97932698161529,-0.799793970562898
"CI078_HUMAN---TE2IP_HUMAN",-10.7808160361443,24.817964797503,-3.85237165288126,-1.83024536022048,2.27177723010263
"CK052_HUMAN---SRPK1_HUMAN",-15.6475215646282,21.3377073710079,1.01188218793504,-6.9105718265515,4.16014561198613
"CPSF4_HUMAN---CSTFT_HUMAN",-26.4161426673262,6.4374449491204,10.8906380104243,3.30367363871052,-1.45598953598312
"CPSF4_HUMAN---FIP1_HUMAN",-26.4161426673262,6.4374449491204,10.8906380104243,3.30367363871052,-1.45598953598312
"CSK21_HUMAN-->DAXX_HUMAN",-24.7801531558135,1.90310352693469,7.01829105059243,3.42795534353421,9.32704873839789
"CSK21_HUMAN---DKC1_HUMAN",-2.54064874012537,26.4882088565049,-7.385317585464,5.4151026035111,-1.89800585978444
"CSK21_HUMAN---EF1B_HUMAN",-26.4161426673262,6.4374449491204,10.8906380104243,3.30367363871052,-1.45598953598312
"CSK21_HUMAN---FIP1_HUMAN",-26.4161426673262,6.4374449491204,10.8906380104243,3.30367363871052,-1.45598953598312
"CSK21_HUMAN---KRI1_HUMAN",-18.1557288428142,18.7798748226423,3.94779305188244,-7.70702643893359,2.9921541129967
"CSK21_HUMAN-->NCOR2_HUMAN",-26.4161426673262,6.4374449491204,10.8906380104243,3.30367363871052,-1.45598953598312
"CSK21_HUMAN---PRCC_HUMAN",-5.53138572753918,26.5389105228323,-6.63449320886729,3.32016342971703,-0.957644713374616
"CSK21_HUMAN---ROA2_HUMAN",-5.53138572753918,26.5389105228323,-6.63449320886729,3.32016342971703,-0.957644713374616
"CSK21_HUMAN-->SEPT2_HUMAN",-24.9303159159976,10.4232765781774,10.3979824165835,-0.961038669852956,-3.23293485576387
"CSK21_HUMAN-->SIR1_HUMAN",-26.4161426673262,6.4374449491204,10.8906380104243,3.30367363871052,-1.45598953598312
"CT2NL_HUMAN---STRN3_HUMAN",-3.09624776329557,23.6661497478625,-13.466702813316,6.83522296019367,3.2304287084351
"CTNA1_HUMAN---CTNB1_HUMAN",-23.0181943150694,12.9267935105528,9.06493817674192,-5.97932698161529,-0.799793970562898
"CTNA1_HUMAN---LIMA1_HUMAN",-23.0181943150694,12.9267935105528,9.06493817674192,-5.97932698161529,-0.799793970562898
"CTNA1_HUMAN---VINC_HUMAN",-23.0181943150694,12.9267935105528,9.06493817674192,-5.97932698161529,-0.799793970562898
"CTNB1_HUMAN---DLG5_HUMAN",3.2105674559903,24.4019210039949,-5.83869018904647,6.11200934016726,-5.66470916105354
"CTNB1_HUMAN---GLIS2_HUMAN",-23.0181943150694,12.9267935105528,9.06493817674192,-5.97932698161529,-0.799793970562898
"CTNB1_HUMAN---IQGA1_HUMAN",-23.0181943150694,12.9267935105528,9.06493817674192,-5.97932698161529,-0.799793970562898
"CTNB1_HUMAN---KMT2D_HUMAN",-23.0181943150694,12.9267935105528,9.06493817674192,-5.97932698161529,-0.799793970562898
"CTNB1_HUMAN---LAP2_HUMAN",-20.2807416088785,13.7155870096827,8.02911224432536,-4.00558083655997,-2.15492540488452
"CTR9_HUMAN---SSRP1_HUMAN",-20.6513028757302,16.0151618933742,6.77350781514824,-7.58073880384781,0.739273085347401
"CUL4B_HUMAN---DDA1_HUMAN",-17.9583615828014,13.7548733362701,8.19739001050815,-8.17055967502146,-0.131519815514916
"CUL4B_HUMAN---HS90A_HUMAN",-13.204956569532,23.5317427607952,-1.8786866277268,-4.86885192443049,3.94918073508733
"CUL4B_HUMAN---RL35A_HUMAN",-7.35642118734203,21.3260802014924,-0.306794393805966,-4.95061559356017,0.857645454950092
"D0VY79_HUMAN---EGLN1_HUMAN",1.94557789749357,21.0598722446562,-0.710802444916859,1.3022741794649,12.4593534691753
"D0VY79_HUMAN---NAA10_HUMAN",1.94557789749357,21.0598722446562,-0.710802444916859,1.3022741794649,12.4593534691753
"D0VY79_HUMAN---PSA7_HUMAN",1.94557789749357,21.0598722446562,-0.710802444916859,1.3022741794649,12.4593534691753
"DAXX_HUMAN---ETS1_HUMAN",-24.7801531558135,1.90310352693469,7.01829105059243,3.42795534353421,9.32704873839789
"DAXX_HUMAN---FRIH_HUMAN",-24.7801531558135,1.90310352693469,7.01829105059243,3.42795534353421,9.32704873839789
"DAXX_HUMAN---MCRS1_HUMAN",-24.7801531558135,1.90310352693469,7.01829105059243,3.42795534353421,9.32704873839789
"DC1L1_HUMAN---DC1L2_HUMAN",-26.4161426673262,6.4374449491204,10.8906380104243,3.30367363871052,-1.45598953598312
"DC1L1_HUMAN---EIF3E_HUMAN",-0.349060205442464,24.7759265429616,-5.17627931744394,4.11926395165222,3.75659784637704
"DCAF8_HUMAN---SUV91_HUMAN",-23.0181943150694,12.9267935105528,9.06493817674192,-5.97932698161529,-0.799793970562898
"DDX24_HUMAN---EIF3E_HUMAN",-10.7808160361443,24.817964797503,-3.85237165288126,-1.83024536022048,2.27177723010263
"DDX24_HUMAN---HS90B_HUMAN",-24.9303159159976,10.4232765781774,10.3979824165835,-0.961038669852956,-3.23293485576387
"DDX3Y_HUMAN---SMAD2_HUMAN",-26.4161426673262,6.4374449491204,10.8906380104243,3.30367363871052,-1.45598953598312
"DESP_HUMAN---PKP2_HUMAN",-26.4161426673262,6.4374449491204,10.8906380104243,3.30367363871052,-1.45598953598312
"DHX29_HUMAN---FOXM1_HUMAN",-20.6513028757302,16.0151618933742,6.77350781514824,-7.58073880384781,0.739273085347401
"DHX57_HUMAN---LYAR_HUMAN",-10.6787652177815,13.3008365444662,9.87148381583287,-9.72491568918573,16.4091522955466
"DIDO1_HUMAN---HNRPK_HUMAN",-24.9303159159976,10.4232765781774,10.3979824165835,-0.961038669852956,-3.23293485576387
"DKC1_HUMAN---RBM34_HUMAN",-2.54064874012537,26.4882088565049,-7.385317585464,5.4151026035111,-1.89800585978444
"DLG1_HUMAN---IRK12_HUMAN",-26.4161426673262,6.4374449491204,10.8906380104243,3.30367363871052,-1.45598953598312
"DLG1_HUMAN---TJAP1_HUMAN",-26.4161426673262,6.4374449491204,10.8906380104243,3.30367363871052,-1.45598953598312
"DLG3_HUMAN---PP1A_HUMAN",-24.9303159159976,10.4232765781774,10.3979824165835,-0.961038669852956,-3.23293485576387
"DNMT1_HUMAN---HDAC1_HUMAN",-5.53138572753918,26.5389105228323,-6.63449320886729,3.32016342971703,-0.957644713374616
"DYRK4_HUMAN---HS90B_HUMAN",-24.9303159159976,10.4232765781774,10.3979824165835,-0.961038669852956,-3.23293485576387
"E2F2_HUMAN---RB_HUMAN",-15.6475215646282,21.3377073710079,1.01188218793504,-6.9105718265515,4.16014561198613
"E7ETM7_HUMAN---PTSS2_HUMAN",-23.0181943150694,12.9267935105528,9.06493817674192,-5.97932698161529,-0.799793970562898
"E7ETM7_HUMAN---SUMO2_HUMAN",-23.0181943150694,12.9267935105528,9.06493817674192,-5.97932698161529,-0.799793970562898
"EGFR_HUMAN-->GSTP1_HUMAN",-26.4161426673262,6.4374449491204,10.8906380104243,3.30367363871052,-1.45598953598312
"EGFR_HUMAN---HS90A_HUMAN",-13.204956569532,23.5317427607952,-1.8786866277268,-4.86885192443049,3.94918073508733
"EGFR_HUMAN---HS90B_HUMAN",-22.5061753826099,11.7094986148852,8.42429739142901,2.07756789435704,-4.91033836074857
"EGFR_HUMAN---TPPC3_HUMAN",1.22111810013385,1.99542414566649,16.3999216199438,-8.22502719154564,10.8857417297016
"EIF3B_HUMAN---EIF3E_HUMAN",-10.7808160361443,24.817964797503,-3.85237165288126,-1.83024536022048,2.27177723010263
"EIF3B_HUMAN---EIF3G_HUMAN",-24.9303159159976,10.4232765781774,10.3979824165835,-0.961038669852956,-3.23293485576387
"EIF3C_HUMAN---EIF3E_HUMAN",-10.7808160361443,24.817964797503,-3.85237165288126,-1.83024536022048,2.27177723010263
"EIF3E_HUMAN---GPBL1_HUMAN",-10.7808160361443,24.817964797503,-3.85237165288126,-1.83024536022048,2.27177723010263
"ESF1_HUMAN---SUMO2_HUMAN",-20.6513028757302,16.0151618933742,6.77350781514824,-7.58073880384781,0.739273085347401
"F122B_HUMAN---RAE1L_HUMAN",-18.1557288428142,18.7798748226423,3.94779305188244,-7.70702643893359,2.9921541129967
"FARP1_HUMAN---PP1A_HUMAN",-24.9303159159976,10.4232765781774,10.3979824165835,-0.961038669852956,-3.23293485576387
"FBX4_HUMAN---HS90B_HUMAN",-24.9303159159976,10.4232765781774,10.3979824165835,-0.961038669852956,-3.23293485576387
"FGR_HUMAN---KSYK_HUMAN",-20.6513028757302,16.0151618933742,6.77350781514824,-7.58073880384781,0.739273085347401
"FKB15_HUMAN---PP1A_HUMAN",-24.9303159159976,10.4232765781774,10.3979824165835,-0.961038669852956,-3.23293485576387
"FNBP4_HUMAN---KHDR1_HUMAN",-26.4161426673262,6.4374449491204,10.8906380104243,3.30367363871052,-1.45598953598312
"FUBP2_HUMAN---HNRH1_HUMAN",-24.9303159159976,10.4232765781774,10.3979824165835,-0.961038669852956,-3.23293485576387
"FYN_HUMAN-->CAV1_HUMAN",-5.53138572753918,26.5389105228323,-6.63449320886729,3.32016342971703,-0.957644713374616
"FYN_HUMAN---KHDR1_HUMAN",-26.4161426673262,6.4374449491204,10.8906380104243,3.30367363871052,-1.45598953598312
"FYN_HUMAN---TM1L1_HUMAN",-26.4161426673262,6.4374449491204,10.8906380104243,3.30367363871052,-1.45598953598312
"GLCI1_HUMAN---Q548N1_HUMAN",-24.9303159159976,10.4232765781774,10.3979824165835,-0.961038669852956,-3.23293485576387
"GNL1_HUMAN---TP4A1_HUMAN",-5.51355041469998,24.5346341116774,-4.83476728251132,1.97615061932064,-1.5971079633778
"GRB2_HUMAN---KHDR1_HUMAN",-26.4161426673262,6.4374449491204,10.8906380104243,3.30367363871052,-1.45598953598312
"GRB2_HUMAN---MEP50_HUMAN",-23.0181943150694,12.9267935105528,9.06493817674192,-5.97932698161529,-0.799793970562898
"GRB2_HUMAN---WDR44_HUMAN",-15.6475215646282,21.3377073710079,1.01188218793504,-6.9105718265515,4.16014561198613
"GSTP1_HUMAN---SFR19_HUMAN",-26.4161426673262,6.4374449491204,10.8906380104243,3.30367363871052,-1.45598953598312
"H2AY_HUMAN---HDAC1_HUMAN",-5.53138572753918,26.5389105228323,-6.63449320886729,3.32016342971703,-0.957644713374616
"HAUS6_HUMAN---YBOX3_HUMAN",-20.6513028757302,16.0151618933742,6.77350781514824,-7.58073880384781,0.739273085347401
"HDAC1_HUMAN---HDAC2_HUMAN",-5.53138572753918,26.5389105228323,-6.63449320886729,3.32016342971703,-0.957644713374616
"HDAC1_HUMAN---MKX_HUMAN",-5.53138572753918,26.5389105228323,-6.63449320886729,3.32016342971703,-0.957644713374616
"HDAC1_HUMAN---P66B_HUMAN",-5.53138572753918,26.5389105228323,-6.63449320886729,3.32016342971703,-0.957644713374616
"HDAC1_HUMAN---RB_HUMAN",-5.53138572753918,26.5389105228323,-6.63449320886729,3.32016342971703,-0.957644713374616
"HDAC1_HUMAN---SIN3A_HUMAN",-5.53138572753918,26.5389105228323,-6.63449320886729,3.32016342971703,-0.957644713374616
"HDAC1_HUMAN---SUV91_HUMAN",-5.53138572753918,26.5389105228323,-6.63449320886729,3.32016342971703,-0.957644713374616
"HDAC2_HUMAN---KDM5C_HUMAN",-23.0181943150694,12.9267935105528,9.06493817674192,-5.97932698161529,-0.799793970562898
"HDAC2_HUMAN---PP6R3_HUMAN",-26.4161426673262,6.4374449491204,10.8906380104243,3.30367363871052,-1.45598953598312
"HDGF_HUMAN---RBMX_HUMAN",-26.4161426673262,6.4374449491204,10.8906380104243,3.30367363871052,-1.45598953598312
"HD_HUMAN---OPTN_HUMAN",-23.0181943150694,12.9267935105528,9.06493817674192,-5.97932698161529,-0.799793970562898
"HD_HUMAN---PR40A_HUMAN",-23.0181943150694,12.9267935105528,9.06493817674192,-5.97932698161529,-0.799793970562898
"HD_HUMAN---TRAD1_HUMAN",-23.0181943150694,12.9267935105528,9.06493817674192,-5.97932698161529,-0.799793970562898
"HD_HUMAN---ZFY19_HUMAN",-23.0181943150694,12.9267935105528,9.06493817674192,-5.97932698161529,-0.799793970562898
"HERC2_HUMAN---MDC1_HUMAN",-26.4161426673262,6.4374449491204,10.8906380104243,3.30367363871052,-1.45598953598312
"HERC2_HUMAN---UBP16_HUMAN",-26.4161426673262,6.4374449491204,10.8906380104243,3.30367363871052,-1.45598953598312
"HGS_HUMAN---TS101_HUMAN",-24.9303159159976,10.4232765781774,10.3979824165835,-0.961038669852956,-3.23293485576387
"HN1_HUMAN---IMA1_HUMAN",-26.4161426673262,6.4374449491204,10.8906380104243,3.30367363871052,-1.45598953598312
"HNRL1_HUMAN---MEPCE_HUMAN",0.98276750948039,11.697762908254,-5.71731221568313,14.1003343302673,15.9912313255648
"HNRPK_HUMAN---KHDR1_HUMAN",-26.4161426673262,6.4374449491204,10.8906380104243,3.30367363871052,-1.45598953598312
"HNRPU_HUMAN---SMN_HUMAN",-18.1557288428142,18.7798748226423,3.94779305188244,-7.70702643893359,2.9921541129967
"HS90A_HUMAN---HSF1_HUMAN",3.2105674559903,24.4019210039949,-5.83869018904647,6.11200934016726,-5.66470916105354
"HS90A_HUMAN---KKCC1_HUMAN",-13.204956569532,23.5317427607952,-1.8786866277268,-4.86885192443049,3.94918073508733
"HS90A_HUMAN---MP2K7_HUMAN",-13.204956569532,23.5317427607952,-1.8786866277268,-4.86885192443049,3.94918073508733
"HS90A_HUMAN---STIP1_HUMAN",-13.204956569532,23.5317427607952,-1.8786866277268,-4.86885192443049,3.94918073508733
"HS90A_HUMAN---TBA1A_HUMAN",-13.204956569532,23.5317427607952,-1.8786866277268,-4.86885192443049,3.94918073508733
"HS90A_HUMAN---TEBP_HUMAN",-13.204956569532,23.5317427607952,-1.8786866277268,-4.86885192443049,3.94918073508733
"HS90B_HUMAN---KPCD1_HUMAN",-5.53138572753918,26.5389105228323,-6.63449320886729,3.32016342971703,-0.957644713374616
"HS90B_HUMAN---KSR1_HUMAN",-24.9303159159976,10.4232765781774,10.3979824165835,-0.961038669852956,-3.23293485576387
"HS90B_HUMAN---LAR4B_HUMAN",-24.9303159159976,10.4232765781774,10.3979824165835,-0.961038669852956,-3.23293485576387
"HS90B_HUMAN---SG223_HUMAN",-24.9303159159976,10.4232765781774,10.3979824165835,-0.961038669852956,-3.23293485576387
"IF2B1_HUMAN---LYAR_HUMAN",-10.6787652177815,13.3008365444662,9.87148381583287,-9.72491568918573,16.4091522955466
"IMA1_HUMAN---JUN_HUMAN",-26.4161426673262,6.4374449491204,10.8906380104243,3.30367363871052,-1.45598953598312
"IMA1_HUMAN---KLC4_HUMAN",-26.4161426673262,6.4374449491204,10.8906380104243,3.30367363871052,-1.45598953598312
"IQGA1_HUMAN---KPRB_HUMAN",-20.6513028757302,16.0151618933742,6.77350781514824,-7.58073880384781,0.739273085347401
"IQGA1_HUMAN---PODXL_HUMAN",-26.4161426673262,6.4374449491204,10.8906380104243,3.30367363871052,-1.45598953598312
"IRK12_HUMAN---SNTB1_HUMAN",-26.4161426673262,6.4374449491204,10.8906380104243,3.30367363871052,-1.45598953598312
"KCRB_HUMAN---SUMO2_HUMAN",-10.7808160361443,24.817964797503,-3.85237165288126,-1.83024536022048,2.27177723010263
"KCRB_HUMAN---TBCB_HUMAN",-8.2688384337301,25.7501170237024,-5.59866727645072,1.34641728466171,0.397486720947002
"KHDR1_HUMAN---LCK_HUMAN",-26.4161426673262,6.4374449491204,10.8906380104243,3.30367363871052,-1.45598953598312
"KIF4A_HUMAN---MMS19_HUMAN",0.455279436960176,25.6174039160199,-6.60259018298587,5.48227600550833,-3.67011447672873
"KPCD1_HUMAN-->AKT1_HUMAN",-5.53138572753918,26.5389105228323,-6.63449320886729,3.32016342971703,-0.957644713374616
"KPCD1_HUMAN-->BAD_HUMAN",-5.53138572753918,26.5389105228323,-6.63449320886729,3.32016342971703,-0.957644713374616
"KPCD1_HUMAN-->COF1_HUMAN",-5.53138572753918,26.5389105228323,-6.63449320886729,3.32016342971703,-0.957644713374616
"KPCD1_HUMAN-->CTNB1_HUMAN",-5.53138572753918,26.5389105228323,-6.63449320886729,3.32016342971703,-0.957644713374616
"KPCD1_HUMAN---MK13_HUMAN",-5.53138572753918,26.5389105228323,-6.63449320886729,3.32016342971703,-0.957644713374616
"KPCD1_HUMAN-->OSBP1_HUMAN",-5.53138572753918,26.5389105228323,-6.63449320886729,3.32016342971703,-0.957644713374616
"KPRB_HUMAN---LRC47_HUMAN",-20.6513028757302,16.0151618933742,6.77350781514824,-7.58073880384781,0.739273085347401
"KSYK_HUMAN---LCK_HUMAN",-20.6513028757302,16.0151618933742,6.77350781514824,-7.58073880384781,0.739273085347401
"LARP4_HUMAN---SUMO2_HUMAN",-20.6513028757302,16.0151618933742,6.77350781514824,-7.58073880384781,0.739273085347401
"LCK_HUMAN---PSRC1_HUMAN",-18.1557288428142,18.7798748226423,3.94779305188244,-7.70702643893359,2.9921541129967
"LMTK2_HUMAN---MYO6_HUMAN",-23.0181943150694,12.9267935105528,9.06493817674192,-5.97932698161529,-0.799793970562898
"LNX1_HUMAN---PHS_HUMAN",-20.6513028757302,16.0151618933742,6.77350781514824,-7.58073880384781,0.739273085347401
"LNX1_HUMAN---RBMX_HUMAN",-2.54064874012537,26.4882088565049,-7.385317585464,5.4151026035111,-1.89800585978444
"LNX1_HUMAN---S6A15_HUMAN",-20.6513028757302,16.0151618933742,6.77350781514824,-7.58073880384781,0.739273085347401
"LYAR_HUMAN---MBB1A_HUMAN",-5.72799294449927,18.0527044826192,4.04500413622362,-6.88674117468262,17.3661789176372
"LYAR_HUMAN---PWP1_HUMAN",-10.6787652177815,13.3008365444662,9.87148381583287,-9.72491568918573,16.4091522955466
"LYAR_HUMAN---SRP14_HUMAN",-10.6787652177815,13.3008365444662,9.87148381583287,-9.72491568918573,16.4091522955466
"MAGG1_HUMAN---TIF1B_HUMAN",-13.204956569532,23.5317427607952,-1.8786866277268,-4.86885192443049,3.94918073508733
"MAP1B_HUMAN---PP1A_HUMAN",-24.9303159159976,10.4232765781774,10.3979824165835,-0.961038669852956,-3.23293485576387
"MBD1_HUMAN---MCAF1_HUMAN",-13.204956569532,23.5317427607952,-1.8786866277268,-4.86885192443049,3.94918073508733
"MCAF1_HUMAN---SUMO2_HUMAN",-26.4161426673262,6.4374449491204,10.8906380104243,3.30367363871052,-1.45598953598312
"MCM2_HUMAN---MCM6_HUMAN",-26.4161426673262,6.4374449491204,10.8906380104243,3.30367363871052,-1.45598953598312
"MCM6_HUMAN---MCMBP_HUMAN",-26.4161426673262,6.4374449491204,10.8906380104243,3.30367363871052,-1.45598953598312
"MCM6_HUMAN---SCNM1_HUMAN",-26.4161426673262,6.4374449491204,10.8906380104243,3.30367363871052,-1.45598953598312
"MDC1_HUMAN---ML12A_HUMAN",-20.6513028757302,16.0151618933742,6.77350781514824,-7.58073880384781,0.739273085347401
"MDN1_HUMAN---PELP1_HUMAN",-26.4161426673262,6.4374449491204,10.8906380104243,3.30367363871052,-1.45598953598312
"MED12_HUMAN---MED13_HUMAN",-24.9303159159976,10.4232765781774,10.3979824165835,-0.961038669852956,-3.23293485576387
"MED12_HUMAN---MED8_HUMAN",-24.9303159159976,10.4232765781774,10.3979824165835,-0.961038669852956,-3.23293485576387
"MED8_HUMAN---SUMO2_HUMAN",-24.9303159159976,10.4232765781774,10.3979824165835,-0.961038669852956,-3.23293485576387
"MEP50_HUMAN---SMYD1_HUMAN",-23.0181943150694,12.9267935105528,9.06493817674192,-5.97932698161529,-0.799793970562898
"MEPCE_HUMAN---SRP72_HUMAN",-19.4947780654637,-1.86365243769806,10.7329435465228,2.70590474514096,17.0894432147863
"MK01_HUMAN---YBOX3_HUMAN",-20.6513028757302,16.0151618933742,6.77350781514824,-7.58073880384781,0.739273085347401
"MK03_HUMAN-->SMAD2_HUMAN",-26.4161426673262,6.4374449491204,10.8906380104243,3.30367363871052,-1.45598953598312
"MK13_HUMAN-->STMN1_HUMAN",-5.53138572753918,26.5389105228323,-6.63449320886729,3.32016342971703,-0.957644713374616
"MMS19_HUMAN---NUP53_HUMAN",0.455279436960176,25.6174039160199,-6.60259018298587,5.48227600550833,-3.67011447672873
"MP2K7_HUMAN-->MK09_HUMAN",-26.4161426673262,6.4374449491204,10.8906380104243,3.30367363871052,-1.45598953598312
"MYH9_HUMAN---SVIL_HUMAN",-5.53138572753918,26.5389105228323,-6.63449320886729,3.32016342971703,-0.957644713374616
"NHRF1_HUMAN---PHAG1_HUMAN",-26.4161426673262,6.4374449491204,10.8906380104243,3.30367363871052,-1.45598953598312
"NHRF1_HUMAN---YAP1_HUMAN",-26.4161426673262,6.4374449491204,10.8906380104243,3.30367363871052,-1.45598953598312
"NKAP_HUMAN---PR40A_HUMAN",-26.4161426673262,6.4374449491204,10.8906380104243,3.30367363871052,-1.45598953598312
"NOVA1_HUMAN---SRPK1_HUMAN",-15.6475215646282,21.3377073710079,1.01188218793504,-6.9105718265515,4.16014561198613
"NSD1_HUMAN---ZN496_HUMAN",-26.4161426673262,6.4374449491204,10.8906380104243,3.30367363871052,-1.45598953598312
"NUCL_HUMAN---NUP62_HUMAN",-20.4751395466504,8.77579608249179,7.96402214480537,-13.670422056976,1.31043053223404
"NUP98_HUMAN---RAE1L_HUMAN",-18.1557288428142,18.7798748226423,3.94779305188244,-7.70702643893359,2.9921541129967
"ODPA_HUMAN---STIP1_HUMAN",-18.1557288428142,18.7798748226423,3.94779305188244,-7.70702643893359,2.9921541129967
"PCNP_HUMAN---TE2IP_HUMAN",-18.9391790422935,0.958406670944352,16.8143287743748,1.28578438845839,11.9610086465668
"PP1A_HUMAN---PPR3D_HUMAN",-24.9303159159976,10.4232765781774,10.3979824165835,-0.961038669852956,-3.23293485576387
"PP1A_HUMAN---RB_HUMAN",-15.6475215646282,21.3377073710079,1.01188218793504,-6.9105718265515,4.16014561198613
"PP1A_HUMAN---TOIP1_HUMAN",-24.9303159159976,10.4232765781774,10.3979824165835,-0.961038669852956,-3.23293485576387
"PP1A_HUMAN---ZFY16_HUMAN",-24.9303159159976,10.4232765781774,10.3979824165835,-0.961038669852956,-3.23293485576387
"PP1B_HUMAN---TIF1B_HUMAN",-13.204956569532,23.5317427607952,-1.8786866277268,-4.86885192443049,3.94918073508733
"PR38A_HUMAN---SRPK1_HUMAN",-15.6475215646282,21.3377073710079,1.01188218793504,-6.9105718265515,4.16014561198613
"PR40A_HUMAN---SF3A1_HUMAN",-26.4161426673262,6.4374449491204,10.8906380104243,3.30367363871052,-1.45598953598312
"PRR12_HUMAN---PUM1_HUMAN",-26.4161426673262,6.4374449491204,10.8906380104243,3.30367363871052,-1.45598953598312
"PSA3_HUMAN---PSA7_HUMAN",-5.53138572753918,26.5389105228323,-6.63449320886729,3.32016342971703,-0.957644713374616
"PSA5_HUMAN---PSA7_HUMAN",-5.53138572753918,26.5389105228323,-6.63449320886729,3.32016342971703,-0.957644713374616
"PSA7_HUMAN---SAMD1_HUMAN",-5.53138572753918,26.5389105228323,-6.63449320886729,3.32016342971703,-0.957644713374616
"Q548N1_HUMAN---TS101_HUMAN",-24.9303159159976,10.4232765781774,10.3979824165835,-0.961038669852956,-3.23293485576387
"Q6FIE9_HUMAN---WRIP1_HUMAN",-23.0181943150694,12.9267935105528,9.06493817674192,-5.97932698161529,-0.799793970562898
"RAD50_HUMAN---TERF2_HUMAN",-24.9303159159976,10.4232765781774,10.3979824165835,-0.961038669852956,-3.23293485576387
"RAE1L_HUMAN---WDR75_HUMAN",-18.1557288428142,18.7798748226423,3.94779305188244,-7.70702643893359,2.9921541129967
"RAM_HUMAN---RBMX_HUMAN",-26.4161426673262,6.4374449491204,10.8906380104243,3.30367363871052,-1.45598953598312
"RBM10_HUMAN---SF3A1_HUMAN",-26.4161426673262,6.4374449491204,10.8906380104243,3.30367363871052,-1.45598953598312
"RBM10_HUMAN---SUGP1_HUMAN",-26.4161426673262,6.4374449491204,10.8906380104243,3.30367363871052,-1.45598953598312
"RBM39_HUMAN---SRPK2_HUMAN",-20.6513028757302,16.0151618933742,6.77350781514824,-7.58073880384781,0.739273085347401
"RB_HUMAN---SMCA4_HUMAN",-15.6475215646282,21.3377073710079,1.01188218793504,-6.9105718265515,4.16014561198613
"RECQ4_HUMAN---TE2IP_HUMAN",-26.4161426673262,6.4374449491204,10.8906380104243,3.30367363871052,-1.45598953598312
"RLA1_HUMAN---SMAP_HUMAN",-26.4161426673262,6.4374449491204,10.8906380104243,3.30367363871052,-1.45598953598312
"RLA1_HUMAN---XRCC6_HUMAN",-26.4161426673262,6.4374449491204,10.8906380104243,3.30367363871052,-1.45598953598312
"RNF31_HUMAN---TNFA_HUMAN",-26.4161426673262,6.4374449491204,10.8906380104243,3.30367363871052,-1.45598953598312
"ROCK1_HUMAN---TS101_HUMAN",-24.9303159159976,10.4232765781774,10.3979824165835,-0.961038669852956,-3.23293485576387
"RU17_HUMAN---SRPK1_HUMAN",-15.6475215646282,21.3377073710079,1.01188218793504,-6.9105718265515,4.16014561198613
"RU17_HUMAN---ZRAB2_HUMAN",-15.6475215646282,21.3377073710079,1.01188218793504,-6.9105718265515,4.16014561198613
"RUSD2_HUMAN---WRIP1_HUMAN",-7.15023627581748,1.0609210624141,18.9703110404996,-9.83003296190956,10.4874538490463
"S38A2_HUMAN---STX11_HUMAN",-26.4161426673262,6.4374449491204,10.8906380104243,3.30367363871052,-1.45598953598312
"SC16A_HUMAN---TNFA_HUMAN",-26.4161426673262,6.4374449491204,10.8906380104243,3.30367363871052,-1.45598953598312
"SCAM3_HUMAN---TS101_HUMAN",-24.9303159159976,10.4232765781774,10.3979824165835,-0.961038669852956,-3.23293485576387
"SIN3A_HUMAN---SMRC1_HUMAN",-26.4161426673262,6.4374449491204,10.8906380104243,3.30367363871052,-1.45598953598312
"SIR1_HUMAN---XRCC6_HUMAN",-10.1809600346583,23.246600091327,-4.26562303660918,6.36470559642405,-2.03565416425397
"SKA1_HUMAN---SKA3_HUMAN",-26.4161426673262,6.4374449491204,10.8906380104243,3.30367363871052,-1.45598953598312
"SMN_HUMAN---WAP53_HUMAN",-18.1557288428142,18.7798748226423,3.94779305188244,-7.70702643893359,2.9921541129967
"SMYD1_HUMAN---TTC33_HUMAN",-23.0181943150694,12.9267935105528,9.06493817674192,-5.97932698161529,-0.799793970562898
"SNUT1_HUMAN---SUMO2_HUMAN",-13.204956569532,23.5317427607952,-1.8786866277268,-4.86885192443049,3.94918073508733
"SPTN1_HUMAN---TP4A1_HUMAN",-5.51355041469998,24.5346341116774,-4.83476728251132,1.97615061932064,-1.5971079633778
"SRPK1_HUMAN-->RBM8A_HUMAN",-15.6475215646282,21.3377073710079,1.01188218793504,-6.9105718265515,4.16014561198613
"SRPK1_HUMAN---WDR55_HUMAN",-15.6475215646282,21.3377073710079,1.01188218793504,-6.9105718265515,4.16014561198613
"SSRP1_HUMAN---SUMO2_HUMAN",-26.4161426673262,6.4374449491204,10.8906380104243,3.30367363871052,-1.45598953598312
"STML2_HUMAN---TRM7_HUMAN",-26.4161426673262,6.4374449491204,10.8906380104243,3.30367363871052,-1.45598953598312
"SUMO2_HUMAN---TIF1B_HUMAN",-13.204956569532,23.5317427607952,-1.8786866277268,-4.86885192443049,3.94918073508733
"SUMO2_HUMAN---TOP2A_HUMAN",-26.4161426673262,6.4374449491204,10.8906380104243,3.30367363871052,-1.45598953598312
"SUMO2_HUMAN---UIMC1_HUMAN",-26.4161426673262,6.4374449491204,10.8906380104243,3.30367363871052,-1.45598953598312
"SUMO2_HUMAN---XPC_HUMAN",-10.7808160361443,24.817964797503,-3.85237165288126,-1.83024536022048,2.27177723010263
"SUMO2_HUMAN---ZC11A_HUMAN",-15.6475215646282,21.3377073710079,1.01188218793504,-6.9105718265515,4.16014561198613
"SUMO2_HUMAN---ZEB1_HUMAN",-8.2688384337301,25.7501170237024,-5.59866727645072,1.34641728466171,0.397486720947002
"TE2IP_HUMAN---TERF2_HUMAN",-24.9303159159976,10.4232765781774,10.3979824165835,-0.961038669852956,-3.23293485576387
"TERF2_HUMAN---ZN703_HUMAN",-24.9303159159976,10.4232765781774,10.3979824165835,-0.961038669852956,-3.23293485576387
"TIF1B_HUMAN---ZN496_HUMAN",-13.204956569532,23.5317427607952,-1.8786866277268,-4.86885192443049,3.94918073508733
"TNFA_HUMAN---TRAF2_HUMAN",-26.4161426673262,6.4374449491204,10.8906380104243,3.30367363871052,-1.45598953598312
"TPC12_HUMAN---TPPC3_HUMAN",1.22111810013385,1.99542414566649,16.3999216199438,-8.22502719154564,10.8857417297016
"TS101_HUMAN---VRK3_HUMAN",-24.9303159159976,10.4232765781774,10.3979824165835,-0.961038669852956,-3.23293485576387
"AKT1_HUMAN-->CDK2_HUMAN",19.7333668573724,10.8460115937986,-5.22768116476915,5.50585420617152,-6.48041637699835
"AP3D1_HUMAN---MYC_HUMAN",23.0405382358399,11.88926947779,2.76214562641992,3.88868463067856,-8.04248749583207
"ARHG7_HUMAN---NAA10_HUMAN",2.80215729301232,0.0559536901615089,16.553135448692,-5.21375656184337,-11.4510002024062
"ARMX3_HUMAN---CSK21_HUMAN",6.16032090559742,23.1692706709096,-4.92329258747384,6.43113341900238,-7.24544191850007
"ASCC1_HUMAN---JUN_HUMAN",6.16032090559742,23.1692706709096,-4.92329258747384,6.43113341900238,-7.24544191850007
"ASCC1_HUMAN---TM87A_HUMAN",6.16032090559742,23.1692706709096,-4.92329258747384,6.43113341900238,-7.24544191850007
"ASPM_HUMAN---P53_HUMAN",20.2889658805426,13.668070702441,0.853704063082828,4.08573384948895,-11.6088509452179
"ATRX_HUMAN---Z512B_HUMAN",25.5743409708924,9.90131473780827,4.56835655901319,3.36368325109569,-3.84645646882946
"BRD3_HUMAN---MYC_HUMAN",23.0405382358399,11.88926947779,2.76214562641992,3.88868463067856,-8.04248749583207
"CAND1_HUMAN---CUL4B_HUMAN",20.2889658805426,13.668070702441,0.853704063082828,4.08573384948895,-11.6088509452179
"CAND1_HUMAN---DDX55_HUMAN",20.2889658805426,13.668070702441,0.853704063082828,4.08573384948895,-11.6088509452179
"CAND1_HUMAN---DHX57_HUMAN",20.2889658805426,13.668070702441,0.853704063082828,4.08573384948895,-11.6088509452179
"CAND1_HUMAN---HACD3_HUMAN",20.2889658805426,13.668070702441,0.853704063082828,4.08573384948895,-11.6088509452179
"CAND1_HUMAN---MCM9_HUMAN",20.2889658805426,13.668070702441,0.853704063082828,4.08573384948895,-11.6088509452179
"CAND1_HUMAN---MEPCE_HUMAN",20.2889658805426,13.668070702441,0.853704063082828,4.08573384948895,-11.6088509452179
"CAND1_HUMAN---PCNP_HUMAN",20.2889658805426,13.668070702441,0.853704063082828,4.08573384948895,-11.6088509452179
"CAND1_HUMAN---PWP1_HUMAN",20.2889658805426,13.668070702441,0.853704063082828,4.08573384948895,-11.6088509452179
"CAND1_HUMAN---SRP72_HUMAN",20.2889658805426,13.668070702441,0.853704063082828,4.08573384948895,-11.6088509452179
"CDCA5_HUMAN---SMC3_HUMAN",6.16032090559742,23.1692706709096,-4.92329258747384,6.43113341900238,-7.24544191850007
"CEBPZ_HUMAN---P53_HUMAN",20.2889658805426,13.668070702441,0.853704063082828,4.08573384948895,-11.6088509452179
"CHIP_HUMAN---P53_HUMAN",20.2889658805426,13.668070702441,0.853704063082828,4.08573384948895,-11.6088509452179
"CSK21_HUMAN---ZC3HD_HUMAN",20.2889658805426,13.668070702441,0.853704063082828,4.08573384948895,-11.6088509452179
"CTF18_HUMAN---SUMO2_HUMAN",9.01292811070187,21.8344130520919,-4.13412775603114,6.28219634787545,-8.56486858169302
"DC1L1_HUMAN---MD2L1_HUMAN",25.5743409708924,9.90131473780827,4.56835655901319,3.36368325109569,-3.84645646882946
"EGLN1_HUMAN---ING4_HUMAN",-0.595791059244472,-6.43339487127087,18.3788352823745,4.06924405848244,-12.1071957678264
"FRIH_HUMAN---IMA1_HUMAN",25.5743409708924,9.90131473780827,4.56835655901319,3.36368325109569,-3.84645646882946
"GCP60_HUMAN---PI4KB_HUMAN",11.8979714663234,20.0549048724037,-3.1279780367244,5.91855057953108,-9.47910058227724
"GCP60_HUMAN---RUSD2_HUMAN",11.8979714663234,20.0549048724037,-3.1279780367244,5.91855057953108,-9.47910058227724
"HDAC1_HUMAN---MTG8_HUMAN",20.2889658805426,13.668070702441,0.853704063082828,4.08573384948895,-11.6088509452179
"HDAC1_HUMAN---MYC_HUMAN",23.0405382358399,11.88926947779,2.76214562641992,3.88868463067856,-8.04248749583207
"HDAC1_HUMAN---P53_HUMAN",20.2889658805426,13.668070702441,0.853704063082828,4.08573384948895,-11.6088509452179
"HTSF1_HUMAN---Z512B_HUMAN",25.5743409708924,9.90131473780827,4.56835655901319,3.36368325109569,-3.84645646882946
"IF2B1_HUMAN---TRM7_HUMAN",13.5143788073591,5.31147245797618,7.30389342778385,10.8317216185696,-17.8339399139785
"IMA3_HUMAN---P53_HUMAN",20.2889658805426,13.668070702441,0.853704063082828,4.08573384948895,-11.6088509452179
"ING4_HUMAN---KAT7_HUMAN",-0.595791059244472,-6.43339487127087,18.3788352823745,4.06924405848244,-12.1071957678264
"ING4_HUMAN---P53_HUMAN",20.2889658805426,13.668070702441,0.853704063082828,4.08573384948895,-11.6088509452179
"KAP2_HUMAN---MTG8_HUMAN",20.2889658805426,13.668070702441,0.853704063082828,4.08573384948895,-11.6088509452179
"KPCD1_HUMAN-->PI4KB_HUMAN",11.8979714663234,20.0549048724037,-3.1279780367244,5.91855057953108,-9.47910058227724
"MA7D1_HUMAN---MYC_HUMAN",23.0405382358399,11.88926947779,2.76214562641992,3.88868463067856,-8.04248749583207
"MARK2_HUMAN-->RFIP2_HUMAN",25.5743409708924,9.90131473780827,4.56835655901319,3.36368325109569,-3.84645646882946
"MTG8_HUMAN---OTUD4_HUMAN",20.2889658805426,13.668070702441,0.853704063082828,4.08573384948895,-11.6088509452179
"MYC_HUMAN---NOC2L_HUMAN",23.0405382358399,11.88926947779,2.76214562641992,3.88868463067856,-8.04248749583207
"MYC_HUMAN---NOL9_HUMAN",23.0405382358399,11.88926947779,2.76214562641992,3.88868463067856,-8.04248749583207
"MYH10_HUMAN---Z512B_HUMAN",25.5743409708924,9.90131473780827,4.56835655901319,3.36368325109569,-3.84645646882946
"NPM_HUMAN---PPIL4_HUMAN",25.5743409708924,9.90131473780827,4.56835655901319,3.36368325109569,-3.84645646882946
"OXSR1_HUMAN---SCFD1_HUMAN",9.01292811070187,21.8344130520919,-4.13412775603114,6.28219634787545,-8.56486858169302
"P53_HUMAN---PSME3_HUMAN",20.2889658805426,13.668070702441,0.853704063082828,4.08573384948895,-11.6088509452179
"P53_HUMAN---TP53B_HUMAN",20.2889658805426,13.668070702441,0.853704063082828,4.08573384948895,-11.6088509452179
"P53_HUMAN---TPC11_HUMAN",20.2889658805426,13.668070702441,0.853704063082828,4.08573384948895,-11.6088509452179
"PSMG1_HUMAN---PSMG2_HUMAN",23.0405382358399,11.88926947779,2.76214562641992,3.88868463067856,-8.04248749583207
"PSMG2_HUMAN---S35F6_HUMAN",23.0405382358399,11.88926947779,2.76214562641992,3.88868463067856,-8.04248749583207
"RB_HUMAN---TFDP1_HUMAN",11.8979714663234,20.0549048724037,-3.1279780367244,5.91855057953108,-9.47910058227724
"RFIP1_HUMAN---RFIP2_HUMAN",25.5743409708924,9.90131473780827,4.56835655901319,3.36368325109569,-3.84645646882946
"S35F6_HUMAN---SPS1_HUMAN",23.0405382358399,11.88926947779,2.76214562641992,3.88868463067856,-8.04248749583207
"SAT1_HUMAN---SPS1_HUMAN",23.0405382358399,11.88926947779,2.76214562641992,3.88868463067856,-8.04248749583207
"SEPT2_HUMAN---SEPT9_HUMAN",23.0405382358399,11.88926947779,2.76214562641992,3.88868463067856,-8.04248749583207
"TERF2_HUMAN---WDR4_HUMAN",23.0405382358399,11.88926947779,2.76214562641992,3.88868463067856,-8.04248749583207
"TPC11_HUMAN---TPC12_HUMAN",20.2889658805426,13.668070702441,0.853704063082828,4.08573384948895,-11.6088509452179
"WNK1_HUMAN-->OXSR1_HUMAN",9.01292811070187,21.8344130520919,-4.13412775603114,6.28219634787545,-8.56486858169302
"TFP11_HUMAN---TPPC4_HUMAN",7.60563236314799,7.15201494954285,7.19180198146423,11.5786561792408,2.88341415419718
"TPC12_HUMAN---TPPC4_HUMAN",7.60563236314799,7.15201494954285,7.19180198146423,11.5786561792408,2.88341415419718
"CBL_HUMAN---GRB2_HUMAN",19.9175940720551,11.0048900035274,-0.628783225559763,-4.17027506893993,-2.43720783023122
"NOC2L_HUMAN---PWP1_HUMAN",25.0143571502779,9.96783364891603,4.86895326369616,2.2648938180472,-1.75821621205381
"ALDOC_HUMAN---GNL1_HUMAN",22.498663884131,8.47236311009056,7.75979045666333,-1.73855138030431,5.67703243081244
"ALDOC_HUMAN---NSF1C_HUMAN",22.498663884131,8.47236311009056,7.75979045666333,-1.73855138030431,5.67703243081244
"4ET_HUMAN---BCL6_HUMAN",27.2103304824051,5.36697331562257,0.696009599181282,3.48796495591938,6.93658180555155
"ACTB_HUMAN---CBL_HUMAN",27.2103304824051,5.36697331562257,0.696009599181282,3.48796495591938,6.93658180555155
"AFAD_HUMAN---RRAS2_HUMAN",27.4523976263698,-1.67970190126849,-7.19503817650742,-6.16688518412472,2.03554269658575
"AKT1_HUMAN-->DNMT1_HUMAN",16.3323102899357,-14.1412492086383,5.9936719459385,10.4426167046392,-0.036213248018955
"BACH2_HUMAN---BCL6_HUMAN",27.2103304824051,5.36697331562257,0.696009599181282,3.48796495591938,6.93658180555155
"BACH_HUMAN---CDK2_HUMAN",27.2103304824051,5.36697331562257,0.696009599181282,3.48796495591938,6.93658180555155
"BCL6_HUMAN---BCOR_HUMAN",27.2103304824051,5.36697331562257,0.696009599181282,3.48796495591938,6.93658180555155
"BCL6_HUMAN---CDK19_HUMAN",27.2103304824051,5.36697331562257,0.696009599181282,3.48796495591938,6.93658180555155
"BCL6_HUMAN---SIN3A_HUMAN",27.2103304824051,5.36697331562257,0.696009599181282,3.48796495591938,6.93658180555155
"CCNK_HUMAN---T22D4_HUMAN",27.5617967161412,2.92825820110488,-2.61394470077533,-2.90729146758247,3.39220260218701
"CDK19_HUMAN---MED12_HUMAN",27.2103304824051,5.36697331562257,0.696009599181282,3.48796495591938,6.93658180555155
"CDK2_HUMAN-->ADDA_HUMAN",27.2103304824051,5.36697331562257,0.696009599181282,3.48796495591938,6.93658180555155
"CDK2_HUMAN---DESP_HUMAN",27.2103304824051,5.36697331562257,0.696009599181282,3.48796495591938,6.93658180555155
"CDK2_HUMAN-->KMT2D_HUMAN",27.2103304824051,5.36697331562257,0.696009599181282,3.48796495591938,6.93658180555155
"CDK2_HUMAN-->PO2F1_HUMAN",27.2103304824051,5.36697331562257,0.696009599181282,3.48796495591938,6.93658180555155
"CDK2_HUMAN-->RHG19_HUMAN",27.2103304824051,5.36697331562257,0.696009599181282,3.48796495591938,6.93658180555155
"CDK2_HUMAN-->SF3B1_HUMAN",27.2103304824051,5.36697331562257,0.696009599181282,3.48796495591938,6.93658180555155
"CDK2_HUMAN-->TOIP1_HUMAN",27.2103304824051,5.36697331562257,0.696009599181282,3.48796495591938,6.93658180555155
"CEBPZ_HUMAN---DDX55_HUMAN",9.34174349076489,-12.1527488643991,6.96378722410483,-19.1627265914836,4.67282164171759
"CEBPZ_HUMAN---RBM34_HUMAN",9.09967634680023,-5.10607364750809,14.8548349997935,-9.50787645143953,9.57386075068339
"CEBPZ_HUMAN---SUMO2_HUMAN",27.4523976263698,-1.67970190126849,-7.19503817650742,-6.16688518412472,2.03554269658575
"CHD4_HUMAN---SUMO2_HUMAN",27.4523976263698,-1.67970190126849,-7.19503817650742,-6.16688518412472,2.03554269658575
"CPSF7_HUMAN---CSK21_HUMAN",27.2103304824051,5.36697331562257,0.696009599181282,3.48796495591938,6.93658180555155
"CSK21_HUMAN-->IF5_HUMAN",27.2103304824051,5.36697331562257,0.696009599181282,3.48796495591938,6.93658180555155
"CSK21_HUMAN---SIN3A_HUMAN",27.1009313926337,0.759013213249208,-3.8850838765508,0.228371239377132,5.57992189995029
"DDX21_HUMAN---SUMO2_HUMAN",27.4523976263698,-1.67970190126849,-7.19503817650742,-6.16688518412472,2.03554269658575
"EGFR_HUMAN---PTK6_HUMAN",27.2103304824051,5.36697331562257,0.696009599181282,3.48796495591938,6.93658180555155
"GRB2_HUMAN---PRC2A_HUMAN",27.1009313926337,0.759013213249208,-3.8850838765508,0.228371239377132,5.57992189995029
"H2AY_HUMAN---SUMO2_HUMAN",27.4523976263698,-1.67970190126849,-7.19503817650742,-6.16688518412472,2.03554269658575
"IF5_HUMAN---PUM1_HUMAN",27.2103304824051,5.36697331562257,0.696009599181282,3.48796495591938,6.93658180555155
"IF5_HUMAN---TBCB_HUMAN",27.2103304824051,5.36697331562257,0.696009599181282,3.48796495591938,6.93658180555155
"LRC47_HUMAN---RHG19_HUMAN",27.2103304824051,5.36697331562257,0.696009599181282,3.48796495591938,6.93658180555155
"OSBP1_HUMAN---PI4KA_HUMAN",27.4523976263698,-1.67970190126849,-7.19503817650742,-6.16688518412472,2.03554269658575
"PGAM1_HUMAN---PKP4_HUMAN",25.6151046413051,-3.2268184158078,-3.39242828270992,4.49308354794061,7.35686721973104
"PKN2_HUMAN---SCG1_HUMAN",25.7245037310765,1.38114168656556,1.18866519302216,7.75267726448286,8.7135271253323
"PTK6_HUMAN-->AKT1_HUMAN",27.2103304824051,5.36697331562257,0.696009599181282,3.48796495591938,6.93658180555155
"PTK6_HUMAN-->BCAR1_HUMAN",27.2103304824051,5.36697331562257,0.696009599181282,3.48796495591938,6.93658180555155
"SUMO2_HUMAN---TIM_HUMAN",27.2103304824051,5.36697331562257,0.696009599181282,3.48796495591938,6.93658180555155
"UBL7_HUMAN---ZYX_HUMAN",27.4523976263698,-1.67970190126849,-7.19503817650742,-6.16688518412472,2.03554269658575
"1433G_HUMAN---PAK4_HUMAN",25.8538079046471,5.68551549188962,8.1104390668748,7.08613291099915,-0.624993647868961
"1433G_HUMAN---PR40A_HUMAN",24.3679811533185,1.69968386283261,8.60309466071568,11.3508452195626,1.15195167191179
"AKA10_HUMAN---NHRF1_HUMAN",6.88117256578828,-11.9124331494469,24.3025260463249,2.0513548082303,1.30980241472351
"AKT1_HUMAN-->YBOX1_HUMAN",18.4831351542058,-2.72539836856553,16.1634950556817,8.01737775593536,-5.58493323041798
"ARHG7_HUMAN---LAP2_HUMAN",25.8538079046471,5.68551549188962,8.1104390668748,7.08613291099915,-0.624993647868961
"ARHGB_HUMAN---GSK3A_HUMAN",26.2052741383831,3.24680037737193,4.80048476691819,0.690876487497293,-4.1693728512335
"CDK5_HUMAN---HS90B_HUMAN",16.0405701591097,-4.9194337583528,19.0540638713435,5.97565785381435,-5.37396835351919
"CDK5_HUMAN-->PP1A_HUMAN",25.8538079046471,5.68551549188962,8.1104390668748,7.08613291099915,-0.624993647868961
"CYTSA_HUMAN---RIPK3_HUMAN",24.3679811533185,1.69968386283261,8.60309466071568,11.3508452195626,1.15195167191179
"DC1L2_HUMAN---YBOX1_HUMAN",18.4831351542058,-2.72539836856553,16.1634950556817,8.01737775593536,-5.58493323041798
"DDA1_HUMAN---PWP1_HUMAN",20.9913424323919,-0.167565820199864,13.2275841917343,8.81383236831745,-4.41694173142856
"EF1A1_HUMAN---XRN2_HUMAN",25.8538079046471,5.68551549188962,8.1104390668748,7.08613291099915,-0.624993647868961
"EGFR_HUMAN---IQGA1_HUMAN",9.6186252719792,-11.123639650317,23.2667001139083,4.02510095328562,-0.0453290195981122
"EIF3B_HUMAN---EIF3C_HUMAN",12.1306028743934,-10.1914874241176,21.5204044903388,7.20176359816782,-1.91961952875374
"EIF3G_HUMAN---PKN2_HUMAN",15.9833210650611,-3.11728741223915,18.7363185349043,1.33563946737182,-2.15749779262419
"EPS15_HUMAN---LAPM5_HUMAN",25.8538079046471,5.68551549188962,8.1104390668748,7.08613291099915,-0.624993647868961
"FGR_HUMAN---KHDR1_HUMAN",22.0010897139793,-1.38868451998883,10.8945250223094,12.9522570417951,-0.38711538399851
"GSTP1_HUMAN---TRAF2_HUMAN",24.3679811533185,1.69968386283261,8.60309466071568,11.3508452195626,1.15195167191179
"HDAC2_HUMAN---P66B_HUMAN",6.88117256578828,-11.9124331494469,24.3025260463249,2.0513548082303,1.30980241472351
"HNRL1_HUMAN---PR40A_HUMAN",3.89043557837446,-11.8617314831195,25.0533504229216,-0.0435843655637638,2.25016356113333
"HS90B_HUMAN---KKCC1_HUMAN",16.0405701591097,-4.9194337583528,19.0540638713435,5.97565785381435,-5.37396835351919
"HS90B_HUMAN---MKX_HUMAN",8.36699931711684,-7.9266015203899,23.809870452484,-2.21335750033317,-0.467142905057243
"HS90B_HUMAN---MP2K7_HUMAN",16.0405701591097,-4.9194337583528,19.0540638713435,5.97565785381435,-5.37396835351919
"HS90B_HUMAN---STIP1_HUMAN",16.0405701591097,-4.9194337583528,19.0540638713435,5.97565785381435,-5.37396835351919
"IQGA1_HUMAN---LRC47_HUMAN",22.0010897139793,-1.38868451998883,10.8945250223094,12.9522570417951,-0.38711538399851
"KS6A1_HUMAN-->BAD_HUMAN",23.1163551984562,4.89672199275974,9.14626499929136,5.11238676594383,0.730137786452657
"LAPM5_HUMAN---TM1L2_HUMAN",25.8538079046471,5.68551549188962,8.1104390668748,7.08613291099915,-0.624993647868961
"LCK_HUMAN---RHG17_HUMAN",5.37626232970303,-7.87589985406249,24.5606948290807,-4.30829667412724,0.473218241352577
"LIMA1_HUMAN---RIPK3_HUMAN",24.3679811533185,1.69968386283261,8.60309466071568,11.3508452195626,1.15195167191179
"MYO6_HUMAN---RIPK3_HUMAN",25.8538079046471,5.68551549188962,8.1104390668748,7.08613291099915,-0.624993647868961
"PP1A_HUMAN---TBCB_HUMAN",25.8538079046471,5.68551549188962,8.1104390668748,7.08613291099915,-0.624993647868961
"PP1A_HUMAN---WDR82_HUMAN",5.37626232970303,-7.87589985406249,24.5606948290807,-4.30829667412724,0.473218241352577
"PR40A_HUMAN---VINC_HUMAN",24.3679811533185,1.69968386283261,8.60309466071568,11.3508452195626,1.15195167191179
"RIPK3_HUMAN---SPTN1_HUMAN",24.3679811533185,1.69968386283261,8.60309466071568,11.3508452195626,1.15195167191179
"RIPK3_HUMAN---TRAF2_HUMAN",24.3679811533185,1.69968386283261,8.60309466071568,11.3508452195626,1.15195167191179
"SUMO2_HUMAN---ZN496_HUMAN",14.5547434077811,-8.90526538740981,19.5467194651844,10.2403701623778,-3.59702303373844
"UNK_HUMAN---ZFY19_HUMAN",24.3679811533185,1.69968386283261,8.60309466071568,11.3508452195626,1.15195167191179
"AKA12_HUMAN---DC1L1_HUMAN",13.1732299297439,-0.94730069028898,15.6672501942732,-5.99311752226231,9.64324402888332
"APC1_HUMAN---CDC20_HUMAN",24.7751925181615,8.2397340905924,7.52821920362998,-0.0270945745572537,2.74850838374183
"F122A_HUMAN---TE2IP_HUMAN",19.5257622095564,6.51878836526309,10.310340759616,-5.17750336449477,5.97793032721908
"IMA1_HUMAN---MEPCE_HUMAN",7.28838393063126,-5.37238292168712,23.2276505892392,-9.32658498588957,2.90635912655355
"JUN_HUMAN---RB_HUMAN",14.6590566810725,3.03853093876803,15.1745946004323,-10.2578298308258,7.86629870910257
"LNX1_HUMAN---SAT1_HUMAN",9.65527536997043,-2.28401453886568,20.9362202276455,-10.9279968081221,4.44542618246385
"LNX1_HUMAN---STRN_HUMAN",9.65527536997043,-2.28401453886568,20.9362202276455,-10.9279968081221,4.44542618246385
"STRN3_HUMAN---STRN_HUMAN",9.65527536997043,-2.28401453886568,20.9362202276455,-10.9279968081221,4.44542618246385
"APC1_HUMAN---B4DL80_HUMAN",20.3872463746772,3.7766227715705,13.387944291419,-6.1891445119764,5.57080612837113
"ARHG7_HUMAN---PAK1_HUMAN",11.7728140168721,-15.6667979348327,14.0426080983781,-10.6480374985208,-2.51322724336294
"ATM_HUMAN-->CCDC6_HUMAN",20.0923586635825,5.18186466222789,11.5332014081737,-6.1211707549107,6.71497268579396
"B4DL80_HUMAN---MD2L1_HUMAN",20.3872463746772,3.7766227715705,13.387944291419,-6.1891445119764,5.57080612837113
"B4DL80_HUMAN---MDC1_HUMAN",20.3872463746772,3.7766227715705,13.387944291419,-6.1891445119764,5.57080612837113
"CDC42_HUMAN---PAK1_HUMAN",11.5307468729074,-8.62012271794166,21.9336558740668,-0.993187358476712,2.38781186560286
"HDAC2_HUMAN---RB_HUMAN",17.6497936684863,2.98782927244062,14.4237702238356,-8.16289065703172,6.92593756269275
"HDAC2_HUMAN---SUV91_HUMAN",10.2791209180451,-5.42308458801454,22.4768262126425,-7.23164581209551,1.96599798014373
"PAK1_HUMAN-->BAD_HUMAN",11.5307468729074,-8.62012271794166,21.9336558740668,-0.993187358476712,2.38781186560286
"PAK1_HUMAN-->PCBP1_HUMAN",11.421347783136,-13.228082820315,17.3525623983347,-4.25278107501896,1.0311519600016
"PAK1_HUMAN-->PGAM1_HUMAN",11.7728140168721,-15.6667979348327,14.0426080983781,-10.6480374985208,-2.51322724336294
"PAK1_HUMAN-->STMN1_HUMAN",11.7728140168721,-15.6667979348327,14.0426080983781,-10.6480374985208,-2.51322724336294
"PAK1_HUMAN-->TBCB_HUMAN",11.7728140168721,-15.6667979348327,14.0426080983781,-10.6480374985208,-2.51322724336294
"PSA3_HUMAN---PSA5_HUMAN",20.0923586635825,5.18186466222789,11.5332014081737,-6.1211707549107,6.71497268579396
"CSK21_HUMAN-->CTNA1_HUMAN",25.0284767993844,7.4002389251351,7.81322075944982,0.0940984541814962,3.16327867165363
"LNX1_HUMAN---PKP4_HUMAN",25.0284767993844,7.4002389251351,7.81322075944982,0.0940984541814962,3.16327867165363
"HS90A_HUMAN---HS90B_HUMAN",25.3417889721876,6.90281038755719,8.75107985218771,-0.970761964973188,3.48555074231671
"PKN2_HUMAN---PLCG1_HUMAN",16.4096159146608,-4.5996021089208,17.8959298889036,0.582063464172963,2.05258841235753
"CHIP_HUMAN---HS90B_HUMAN",17.9526917600379,-2.41591682597744,17.721019631502,0.957369542052013,-2.94082746831822
"DDX21_HUMAN---LYAR_HUMAN",22.8151572322931,3.43716448611205,12.6038745066425,-0.770329915266291,0.851120615241379
"KSYK_HUMAN---TBA1A_HUMAN",20.3195831993771,0.672451556844007,15.4295892699083,-0.64404228018051,-1.40176041240792
"CTNB1_HUMAN---TBA1A_HUMAN",25.3990380662361,5.10066404144354,9.06882518862694,3.66925642146934,0.269080181421712
"LMTK2_HUMAN-->PP1A_HUMAN",20.3952567551341,-0.221881436190166,14.8304508158401,2.99908944417303,-3.15179234521701
"DLG1_HUMAN---DLG3_HUMAN",26.2801027542467,4.20320079520797,7.27005042087413,6.33255690780029,3.58509255711276
"EGFR_HUMAN---STIP1_HUMAN",26.2801027542467,4.20320079520797,7.27005042087413,6.33255690780029,3.58509255711276
"IQGA1_HUMAN---MK01_HUMAN",26.2801027542467,4.20320079520797,7.27005042087413,6.33255690780029,3.58509255711276
"JUN_HUMAN---MP2K7_HUMAN",26.2801027542467,4.20320079520797,7.27005042087413,6.33255690780029,3.58509255711276
"KSR1_HUMAN---MP2K2_HUMAN",26.2801027542467,4.20320079520797,7.27005042087413,6.33255690780029,3.58509255711276
"MAP1B_HUMAN---PHS_HUMAN",26.2801027542467,4.20320079520797,7.27005042087413,6.33255690780029,3.58509255711276
"MK01_HUMAN-->MED1_HUMAN",26.2801027542467,4.20320079520797,7.27005042087413,6.33255690780029,3.58509255711276
"MK01_HUMAN---MP2K2_HUMAN",26.2801027542467,4.20320079520797,7.27005042087413,6.33255690780029,3.58509255711276
"MP2K2_HUMAN-->MK03_HUMAN",26.2801027542467,4.20320079520797,7.27005042087413,6.33255690780029,3.58509255711276
"RAD50_HUMAN---TE2IP_HUMAN",26.2801027542467,4.20320079520797,7.27005042087413,6.33255690780029,3.58509255711276
"ROCK1_HUMAN---SMAD2_HUMAN",26.2801027542467,4.20320079520797,7.27005042087413,6.33255690780029,3.58509255711276
"TE2IP_HUMAN---TOIP1_HUMAN",26.2801027542467,4.20320079520797,7.27005042087413,6.33255690780029,3.58509255711276
"CUL4B_HUMAN---VPRBP_HUMAN",25.0729882126465,10.4493209813691,5.35351263167335,2.65766547041046,2.67894013819433
"CSK21_HUMAN---WDR55_HUMAN",22.7621481944732,2.86648694663128,12.5390204542465,1.39767762194051,-1.61272528930672
"1433G_HUMAN---KANK1_HUMAN",27.6565304158039,3.58107232189162,2.19630135130117,-1.19174911730544,0.451487331730752
"1433G_HUMAN---PARD3_HUMAN",27.6565304158039,3.58107232189162,2.19630135130117,-1.19174911730544,0.451487331730752
"AMOT_HUMAN---PARD3_HUMAN",28.00799664954,1.14235720737393,-1.11365294865544,-7.5870055408073,-3.09289187163379
"ANXA2_HUMAN---VINC_HUMAN",27.6565304158039,3.58107232189162,2.19630135130117,-1.19174911730544,0.451487331730752
"ARHGB_HUMAN---MAP1B_HUMAN",27.6565304158039,3.58107232189162,2.19630135130117,-1.19174911730544,0.451487331730752
"ATX1_HUMAN---ATX2_HUMAN",27.6565304158039,3.58107232189162,2.19630135130117,-1.19174911730544,0.451487331730752
"ATX1_HUMAN---TRAF2_HUMAN",27.6565304158039,3.58107232189162,2.19630135130117,-1.19174911730544,0.451487331730752
"ATX2_HUMAN---PLSL_HUMAN",27.6565304158039,3.58107232189162,2.19630135130117,-1.19174911730544,0.451487331730752
"ATX2_HUMAN---SCG1_HUMAN",27.6565304158039,3.58107232189162,2.19630135130117,-1.19174911730544,0.451487331730752
"BCLF1_HUMAN---CSK21_HUMAN",27.6565304158039,3.58107232189162,2.19630135130117,-1.19174911730544,0.451487331730752
"BCLF1_HUMAN---EGFR_HUMAN",27.6565304158039,3.58107232189162,2.19630135130117,-1.19174911730544,0.451487331730752
"CDK1_HUMAN-->KI67_HUMAN",28.00799664954,1.14235720737393,-1.11365294865544,-7.5870055408073,-3.09289187163379
"CSK21_HUMAN---MCRS1_HUMAN",27.6565304158039,3.58107232189162,2.19630135130117,-1.19174911730544,0.451487331730752
"DYR1B_HUMAN-->SF3B1_HUMAN",27.6565304158039,3.58107232189162,2.19630135130117,-1.19174911730544,0.451487331730752
"EIF3B_HUMAN---IF4B_HUMAN",27.6565304158039,3.58107232189162,2.19630135130117,-1.19174911730544,0.451487331730752
"ETS1_HUMAN---LAS1L_HUMAN",27.6565304158039,3.58107232189162,2.19630135130117,-1.19174911730544,0.451487331730752
"FUBP1_HUMAN---SRRM1_HUMAN",27.6565304158039,3.58107232189162,2.19630135130117,-1.19174911730544,0.451487331730752
"KANK1_HUMAN---KI21A_HUMAN",27.6565304158039,3.58107232189162,2.19630135130117,-1.19174911730544,0.451487331730752
"LA_HUMAN---NUCL_HUMAN",27.6565304158039,3.58107232189162,2.19630135130117,-1.19174911730544,0.451487331730752
"MBB1A_HUMAN---SUMO2_HUMAN",28.00799664954,1.14235720737393,-1.11365294865544,-7.5870055408073,-3.09289187163379
"NELFE_HUMAN---SRPK2_HUMAN",27.6565304158039,3.58107232189162,2.19630135130117,-1.19174911730544,0.451487331730752
"PP1B_HUMAN---WDR82_HUMAN",27.6565304158039,3.58107232189162,2.19630135130117,-1.19174911730544,0.451487331730752
"WAP53_HUMAN---WAPL_HUMAN",28.00799664954,1.14235720737393,-1.11365294865544,-7.5870055408073,-3.09289187163379
"1433G_HUMAN---ACINU_HUMAN",28.1173957393114,5.75031730974729,3.46744052707664,-4.32741182426504,-1.73623196603253
"1433G_HUMAN---NELFE_HUMAN",28.1173957393114,5.75031730974729,3.46744052707664,-4.32741182426504,-1.73623196603253
"1433G_HUMAN---PPR3D_HUMAN",28.1173957393114,5.75031730974729,3.46744052707664,-4.32741182426504,-1.73623196603253
"1433G_HUMAN---SPN90_HUMAN",28.1173957393114,5.75031730974729,3.46744052707664,-4.32741182426504,-1.73623196603253
"1433G_HUMAN---WNK1_HUMAN",28.1173957393114,5.75031730974729,3.46744052707664,-4.32741182426504,-1.73623196603253
"1433G_HUMAN---YAP1_HUMAN",28.1173957393114,5.75031730974729,3.46744052707664,-4.32741182426504,-1.73623196603253
"ABL2_HUMAN-->CRK_HUMAN",28.1173957393114,5.75031730974729,3.46744052707664,-4.32741182426504,-1.73623196603253
"ABL2_HUMAN---PLCG1_HUMAN",28.1173957393114,5.75031730974729,3.46744052707664,-4.32741182426504,-1.73623196603253
"ADDA_HUMAN---AT1A1_HUMAN",28.1173957393114,5.75031730974729,3.46744052707664,-4.32741182426504,-1.73623196603253
"AR6P4_HUMAN---CSK21_HUMAN",28.1173957393114,5.75031730974729,3.46744052707664,-4.32741182426504,-1.73623196603253
"AT2B4_HUMAN---DLG3_HUMAN",28.1173957393114,5.75031730974729,3.46744052707664,-4.32741182426504,-1.73623196603253
"BCAR1_HUMAN---DOCK1_HUMAN",28.1173957393114,5.75031730974729,3.46744052707664,-4.32741182426504,-1.73623196603253
"BCAR1_HUMAN---ZYX_HUMAN",28.1173957393114,5.75031730974729,3.46744052707664,-4.32741182426504,-1.73623196603253
"CDK16_HUMAN---CDK5_HUMAN",28.1173957393114,5.75031730974729,3.46744052707664,-4.32741182426504,-1.73623196603253
"CDK5_HUMAN-->DNMT1_HUMAN",28.1173957393114,5.75031730974729,3.46744052707664,-4.32741182426504,-1.73623196603253
"CEBPZ_HUMAN---PEBB_HUMAN",28.1173957393114,5.75031730974729,3.46744052707664,-4.32741182426504,-1.73623196603253
"CP3A4_HUMAN---PGRC1_HUMAN",28.1173957393114,5.75031730974729,3.46744052707664,-4.32741182426504,-1.73623196603253
"CSK21_HUMAN---IF2P_HUMAN",28.1173957393114,5.75031730974729,3.46744052707664,-4.32741182426504,-1.73623196603253
"CSK21_HUMAN---IF4B_HUMAN",28.1173957393114,5.75031730974729,3.46744052707664,-4.32741182426504,-1.73623196603253
"CSK21_HUMAN---RU17_HUMAN",28.1173957393114,5.75031730974729,3.46744052707664,-4.32741182426504,-1.73623196603253
"CSK21_HUMAN-->SMC3_HUMAN",28.1173957393114,5.75031730974729,3.46744052707664,-4.32741182426504,-1.73623196603253
"CTND1_HUMAN---EGFR_HUMAN",28.1173957393114,5.75031730974729,3.46744052707664,-4.32741182426504,-1.73623196603253
"DDX3X_HUMAN---IF4G1_HUMAN",28.1173957393114,5.75031730974729,3.46744052707664,-4.32741182426504,-1.73623196603253
"DPP3_HUMAN---NHLC2_HUMAN",28.1173957393114,5.75031730974729,3.46744052707664,-4.32741182426504,-1.73623196603253
"DPP3_HUMAN---SUMO2_HUMAN",28.1173957393114,5.75031730974729,3.46744052707664,-4.32741182426504,-1.73623196603253
"DREB_HUMAN---MARCS_HUMAN",28.1173957393114,5.75031730974729,3.46744052707664,-4.32741182426504,-1.73623196603253
"EGFR_HUMAN---KAPCA_HUMAN",28.1173957393114,5.75031730974729,3.46744052707664,-4.32741182426504,-1.73623196603253
"EGFR_HUMAN---PAK1_HUMAN",28.1173957393114,5.75031730974729,3.46744052707664,-4.32741182426504,-1.73623196603253
"FACD2_HUMAN---SUMO2_HUMAN",28.1173957393114,5.75031730974729,3.46744052707664,-4.32741182426504,-1.73623196603253
"FAK1_HUMAN-->AT2B4_HUMAN",28.1173957393114,5.75031730974729,3.46744052707664,-4.32741182426504,-1.73623196603253
"GRB2_HUMAN---PHAG1_HUMAN",28.1173957393114,5.75031730974729,3.46744052707664,-4.32741182426504,-1.73623196603253
"GRB2_HUMAN---WASL_HUMAN",28.1173957393114,5.75031730974729,3.46744052707664,-4.32741182426504,-1.73623196603253
"HNRL1_HUMAN---SUMO2_HUMAN",28.1173957393114,5.75031730974729,3.46744052707664,-4.32741182426504,-1.73623196603253
"KAPCA_HUMAN-->1433Z_HUMAN",28.1173957393114,5.75031730974729,3.46744052707664,-4.32741182426504,-1.73623196603253
"KAPCA_HUMAN-->CDK16_HUMAN",28.1173957393114,5.75031730974729,3.46744052707664,-4.32741182426504,-1.73623196603253
"KAPCA_HUMAN-->CP3A4_HUMAN",28.1173957393114,5.75031730974729,3.46744052707664,-4.32741182426504,-1.73623196603253
"KAPCA_HUMAN-->DESP_HUMAN",28.1173957393114,5.75031730974729,3.46744052707664,-4.32741182426504,-1.73623196603253
"KAPCA_HUMAN-->GSK3A_HUMAN",28.1173957393114,5.75031730974729,3.46744052707664,-4.32741182426504,-1.73623196603253
"KAPCA_HUMAN-->KKCC1_HUMAN",28.1173957393114,5.75031730974729,3.46744052707664,-4.32741182426504,-1.73623196603253
"KAPCA_HUMAN-->PLSL_HUMAN",28.1173957393114,5.75031730974729,3.46744052707664,-4.32741182426504,-1.73623196603253
"LAS1L_HUMAN---PNKP_HUMAN",28.1173957393114,5.75031730974729,3.46744052707664,-4.32741182426504,-1.73623196603253
"MARK2_HUMAN-->PARD3_HUMAN",28.1173957393114,5.75031730974729,3.46744052707664,-4.32741182426504,-1.73623196603253
"MARK2_HUMAN---TAOK1_HUMAN",28.1173957393114,5.75031730974729,3.46744052707664,-4.32741182426504,-1.73623196603253
"MK01_HUMAN-->CSK21_HUMAN",28.1173957393114,5.75031730974729,3.46744052707664,-4.32741182426504,-1.73623196603253
"NUCL_HUMAN---SUMO2_HUMAN",28.1173957393114,5.75031730974729,3.46744052707664,-4.32741182426504,-1.73623196603253
"PAK1_HUMAN-->MP2K1_HUMAN",28.1173957393114,5.75031730974729,3.46744052707664,-4.32741182426504,-1.73623196603253
"PNKP_HUMAN---UBE2O_HUMAN",28.1173957393114,5.75031730974729,3.46744052707664,-4.32741182426504,-1.73623196603253
"RAD50_HUMAN---SUMO2_HUMAN",28.1173957393114,5.75031730974729,3.46744052707664,-4.32741182426504,-1.73623196603253
"SCFD1_HUMAN---XRN2_HUMAN",28.1173957393114,5.75031730974729,3.46744052707664,-4.32741182426504,-1.73623196603253
"SNUT2_HUMAN---SUMO2_HUMAN",28.1173957393114,5.75031730974729,3.46744052707664,-4.32741182426504,-1.73623196603253
"SRRM2_HUMAN---SUMO2_HUMAN",28.1173957393114,5.75031730974729,3.46744052707664,-4.32741182426504,-1.73623196603253
