"","V1","V2","V3","V4"
"1433G_HUMAN---AFAD_HUMAN",-27.5241000226665,-8.08932207791263,-6.96580295738272,-1.40598270480545
"1433G_HUMAN---ANS1A_HUMAN",-27.5241000226665,-8.08932207791263,-6.96580295738272,-1.40598270480545
"1433G_HUMAN---ARHG7_HUMAN",-12.1338033123396,9.98398521129351,-17.2839727937542,6.59942775955675
"1433G_HUMAN---BCLF1_HUMAN",-27.5241000226665,-8.08932207791263,-6.96580295738272,-1.40598270480545
"1433G_HUMAN---CDK16_HUMAN",-27.9614565756581,-5.78063846187998,-2.54866548997753,4.7424484430986
"1433G_HUMAN---CLAP1_HUMAN",-27.5241000226665,-8.08932207791263,-6.96580295738272,-1.40598270480545
"1433G_HUMAN---CRTC2_HUMAN",-27.4205481145056,1.50492788653323,7.58260435668063,5.79341384590044
"1433G_HUMAN---DYR1A_HUMAN",-27.4205481145056,1.50492788653323,7.58260435668063,5.79341384590044
"1433G_HUMAN---E41L2_HUMAN",-27.5241000226665,-8.08932207791263,-6.96580295738272,-1.40598270480545
"1433G_HUMAN---EDC3_HUMAN",-27.9614565756581,-5.78063846187998,-2.54866548997753,4.7424484430986
"1433G_HUMAN---FA53C_HUMAN",-27.5241000226665,-8.08932207791263,-6.96580295738272,-1.40598270480545
"1433G_HUMAN---GSK3A_HUMAN",-27.9614565756581,-5.78063846187998,-2.54866548997753,4.7424484430986
"1433G_HUMAN---KLC4_HUMAN",26.0377382312012,-4.04653221534991,-6.27576508493578,3.0569148653967
"1433G_HUMAN---LARP1_HUMAN",3.68428637788849,-22.4333449782254,13.6759000732302,-6.03829988963799
"1433G_HUMAN---LSR_HUMAN",-27.5241000226665,-8.08932207791263,-6.96580295738272,-1.40598270480545
"1433G_HUMAN---MARK2_HUMAN",-27.4858740465262,-3.88919333982378,-2.80392283003805,1.08356967535441
"1433G_HUMAN---MFAP1_HUMAN",-27.9232305995178,-1.58050972379113,1.61321463736714,7.23200082325846
"1433G_HUMAN---PANK2_HUMAN",-27.5241000226665,-8.08932207791263,-6.96580295738272,-1.40598270480545
"1433G_HUMAN---PPIG_HUMAN",-27.5241000226665,-8.08932207791263,-6.96580295738272,-1.40598270480545
"1433G_HUMAN---PRP4B_HUMAN",-27.5241000226665,-8.08932207791263,-6.96580295738272,-1.40598270480545
"1433G_HUMAN---SMAG2_HUMAN",-27.5241000226665,-8.08932207791263,-6.96580295738272,-1.40598270480545
"1433G_HUMAN---SON_HUMAN",-27.9614565756581,-5.78063846187998,-2.54866548997753,4.7424484430986
"1433G_HUMAN---SRRM2_HUMAN",-27.5241000226665,-8.08932207791263,-6.96580295738272,-1.40598270480545
"1433G_HUMAN---TR150_HUMAN",-27.9614565756581,-5.78063846187998,-2.54866548997753,4.7424484430986
"1433G_HUMAN---TRA2A_HUMAN",-27.5241000226665,-8.08932207791263,-6.96580295738272,-1.40598270480545
"1433G_HUMAN---UBP8_HUMAN",-27.9232305995178,-1.58050972379113,1.61321463736714,7.23200082325846
"1433G_HUMAN---ZCH18_HUMAN",3.68428637788849,-22.4333449782254,13.6759000732302,-6.03829988963799
"1433G_HUMAN---ZN638_HUMAN",-27.5241000226665,-8.08932207791263,-6.96580295738272,-1.40598270480545
"1433G_HUMAN---ZO2_HUMAN",-27.5241000226665,-8.08932207791263,-6.96580295738272,-1.40598270480545
"4ET_HUMAN---ATX1_HUMAN",-27.4587740906459,-2.69520085155563,3.42072422933596,3.30386146574059
"AAPK2_HUMAN-->ACACA_HUMAN",-27.9614565756581,-5.78063846187998,-2.54866548997753,4.7424484430986
"AAPK2_HUMAN---AMOT_HUMAN",-27.9614565756581,-5.78063846187998,-2.54866548997753,4.7424484430986
"AAPK2_HUMAN---C170B_HUMAN",-27.9614565756581,-5.78063846187998,-2.54866548997753,4.7424484430986
"AAPK2_HUMAN---KKCC1_HUMAN",24.6034342948175,-8.59463751878739,-5.67942185350751,6.31343394559208
"ABCA1_HUMAN---ARHGB_HUMAN",26.0377382312012,-4.04653221534991,-6.27576508493578,3.0569148653967
"ABCA1_HUMAN---DLG3_HUMAN",26.0377382312012,-4.04653221534991,-6.27576508493578,3.0569148653967
"ABCA1_HUMAN---LAP2_HUMAN",26.5786466923538,3.23903413306329,3.85550476172238,4.10788026819854
"ABCA1_HUMAN---SNTB1_HUMAN",26.0377382312012,-4.04653221534991,-6.27576508493578,3.0569148653967
"ABI2_HUMAN---CCD53_HUMAN",21.6238782532429,-8.00374639094887,-5.02638082027307,6.38307964250465
"ABI2_HUMAN---VINC_HUMAN",8.97303718697301,-15.915705623989,9.2197131331284,-3.82942021621755
"ABLM1_HUMAN---T22D4_HUMAN",-27.5241000226665,-8.08932207791263,-6.96580295738272,-1.40598270480545
"ACAP2_HUMAN---LMNB1_HUMAN",12.929975955835,-20.928113708811,5.92439504748233,11.2639526308981
"ACINU_HUMAN---PHS_HUMAN",20.7759909197832,-7.11584425301776,8.03911916072483,13.1955259644072
"ACK1_HUMAN---BCAR1_HUMAN",24.527089114742,-9.1355342441348,-9.22541892907272,1.22598166553857
"ACLY_HUMAN---HGS_HUMAN",-27.9232305995178,-1.58050972379113,1.61321463736714,7.23200082325846
"ACTB_HUMAN---MIPT3_HUMAN",-27.5241000226665,-8.08932207791263,-6.96580295738272,-1.40598270480545
"ACTB_HUMAN---PRSR2_HUMAN",-27.4205481145056,1.50492788653323,7.58260435668063,5.79341384590044
"ACTB_HUMAN---SUMO2_HUMAN",26.977777269205,-3.26977822105821,-4.72351283302748,-4.53010325986537
"ACTB_HUMAN---SVIL_HUMAN",6.02808413413013,-25.5528129562113,6.86640252041973,-2.40383433588029
"ADNP_HUMAN---SUMO2_HUMAN",-27.5241000226665,-8.08932207791263,-6.96580295738272,-1.40598270480545
"ADT1_HUMAN---B2L13_HUMAN",-27.9232305995178,-1.58050972379113,1.61321463736714,7.23200082325846
"AFAD_HUMAN---DREB_HUMAN",-27.5241000226665,-8.08932207791263,-6.96580295738272,-1.40598270480545
"AFAD_HUMAN---ZO1_HUMAN",-27.5241000226665,-8.08932207791263,-6.96580295738272,-1.40598270480545
"AFTIN_HUMAN---GGA3_HUMAN",-27.9614565756581,-5.78063846187998,-2.54866548997753,4.7424484430986
"AHNK_HUMAN---SUMO2_HUMAN",-27.9614565756581,-5.78063846187998,-2.54866548997753,4.7424484430986
"AKA10_HUMAN---KAP2_HUMAN",26.0377382312012,-4.04653221534991,-6.27576508493578,3.0569148653967
"AKA11_HUMAN---KAP2_HUMAN",-27.5241000226665,-8.08932207791263,-6.96580295738272,-1.40598270480545
"AKA12_HUMAN---EGFR_HUMAN",12.525604992748,-14.9097721296176,-1.08589619135087,-11.0122298816762
"AKA12_HUMAN---KAP2_HUMAN",-27.5241000226665,-8.08932207791263,-6.96580295738272,-1.40598270480545
"AKAP1_HUMAN---KAP2_HUMAN",-27.5241000226665,-8.08932207791263,-6.96580295738272,-1.40598270480545
"AKAP2_HUMAN---KAP2_HUMAN",-27.5241000226665,-8.08932207791263,-6.96580295738272,-1.40598270480545
"AKT1_HUMAN-->1433Z_HUMAN",-27.9614565756581,-5.78063846187998,-2.54866548997753,4.7424484430986
"AKT1_HUMAN-->ATX1_HUMAN",-27.4587740906459,-2.69520085155563,3.42072422933596,3.30386146574059
"AKT1_HUMAN-->HJURP_HUMAN",-27.9614565756581,-5.78063846187998,-2.54866548997753,4.7424484430986
"AKT1_HUMAN-->PALLD_HUMAN",-27.9614565756581,-5.78063846187998,-2.54866548997753,4.7424484430986
"AKT1_HUMAN-->PDCD4_HUMAN",-27.9614565756581,-5.78063846187998,-2.54866548997753,4.7424484430986
"AKT1_HUMAN-->RANB3_HUMAN",-27.9614565756581,-5.78063846187998,-2.54866548997753,4.7424484430986
"AKT1_HUMAN-->SRPK2_HUMAN",-27.9614565756581,-5.78063846187998,-2.54866548997753,4.7424484430986
"AKT1_HUMAN-->TBCD1_HUMAN",-27.4205481145056,1.50492788653323,7.58260435668063,5.79341384590044
"AKT1_HUMAN-->TBCD4_HUMAN",-27.9232305995178,-1.58050972379113,1.61321463736714,7.23200082325846
"AKT1_HUMAN-->WNK1_HUMAN",-27.9614565756581,-5.78063846187998,-2.54866548997753,4.7424484430986
"AKT1_HUMAN-->YAP1_HUMAN",-27.9614565756581,-5.78063846187998,-2.54866548997753,4.7424484430986
"AKT1_HUMAN-->ZYX_HUMAN",-27.9614565756581,-5.78063846187998,-2.54866548997753,4.7424484430986
"AMOT_HUMAN---FOXK1_HUMAN",-27.9232305995178,-1.58050972379113,1.61321463736714,7.23200082325846
"AMOT_HUMAN---MPP5_HUMAN",-27.4205481145056,1.50492788653323,7.58260435668063,5.79341384590044
"AMOT_HUMAN---RHG17_HUMAN",-27.4205481145056,1.50492788653323,7.58260435668063,5.79341384590044
"ANXA2_HUMAN---TRM7_HUMAN",-27.9232305995178,-1.58050972379113,1.61321463736714,7.23200082325846
"AP3D1_HUMAN---HTSF1_HUMAN",23.0927851783583,-13.6836395475723,-8.62907569764445,4.48250074573396
"AR6P4_HUMAN---ARL6_HUMAN",-27.5241000226665,-8.08932207791263,-6.96580295738272,-1.40598270480545
"AR6P4_HUMAN---SRPK2_HUMAN",-27.9614565756581,-5.78063846187998,-2.54866548997753,4.7424484430986
"AR6P6_HUMAN---ARL6_HUMAN",-27.5241000226665,-8.08932207791263,-6.96580295738272,-1.40598270480545
"ARHG5_HUMAN---CRKL_HUMAN",-27.5241000226665,-8.08932207791263,-6.96580295738272,-1.40598270480545
"ARHG7_HUMAN---GIT1_HUMAN",-27.9614565756581,-5.78063846187998,-2.54866548997753,4.7424484430986
"ARHG7_HUMAN---SCRIB_HUMAN",-27.5241000226665,-8.08932207791263,-6.96580295738272,-1.40598270480545
"ARIP4_HUMAN---SUMO2_HUMAN",-27.4205481145056,1.50492788653323,7.58260435668063,5.79341384590044
"ARP8_HUMAN---TFPT_HUMAN",-27.9232305995178,-1.58050972379113,1.61321463736714,7.23200082325846
"AT133_HUMAN---MD2L1_HUMAN",-27.4205481145056,1.50492788653323,7.58260435668063,5.79341384590044
"AT1A1_HUMAN---MK01_HUMAN",3.68428637788849,-22.4333449782254,13.6759000732302,-6.03829988963799
"AT2B1_HUMAN---CSK21_HUMAN",-27.5241000226665,-8.08932207791263,-6.96580295738272,-1.40598270480545
"ATM_HUMAN-->DYRK2_HUMAN",24.6034342948175,-8.59463751878739,-5.67942185350751,6.31343394559208
"ATM_HUMAN-->FACD2_HUMAN",-27.9614565756581,-5.78063846187998,-2.54866548997753,4.7424484430986
"ATM_HUMAN-->HUWE1_HUMAN",-27.9614565756581,-5.78063846187998,-2.54866548997753,4.7424484430986
"ATM_HUMAN-->MED1_HUMAN",26.5404207162134,-0.96109460502556,-0.306375365622286,1.61832788803868
"ATM_HUMAN-->SMC3_HUMAN",-27.9614565756581,-5.78063846187998,-2.54866548997753,4.7424484430986
"ATM_HUMAN-->TAOK1_HUMAN",-27.9614565756581,-5.78063846187998,-2.54866548997753,4.7424484430986
"ATM_HUMAN-->TOPB1_HUMAN",-27.9232305995178,-1.58050972379113,1.61321463736714,7.23200082325846
"ATM_HUMAN-->TP53B_HUMAN",-20.9161140708668,-9.51495289491629,7.99429350077786,-1.64036741564532
"ATM_HUMAN-->ZN148_HUMAN",-27.9614565756581,-5.78063846187998,-2.54866548997753,4.7424484430986
"ATRX_HUMAN---EZH2_HUMAN",26.5786466923538,3.23903413306329,3.85550476172238,4.10788026819854
"ATX1_HUMAN---BACH_HUMAN",-27.4587740906459,-2.69520085155563,3.42072422933596,3.30386146574059
"ATX1_HUMAN---CCNK_HUMAN",-27.4587740906459,-2.69520085155563,3.42072422933596,3.30386146574059
"ATX1_HUMAN---CLASR_HUMAN",-27.4205481145056,1.50492788653323,7.58260435668063,5.79341384590044
"ATX1_HUMAN---CPSF7_HUMAN",-27.4587740906459,-2.69520085155563,3.42072422933596,3.30386146574059
"ATX1_HUMAN---PUM1_HUMAN",-27.4587740906459,-2.69520085155563,3.42072422933596,3.30386146574059
"ATX1_HUMAN---UNK_HUMAN",-27.4587740906459,-2.69520085155563,3.42072422933596,3.30386146574059
"ATX1_HUMAN---ZN609_HUMAN",3.24692982489688,-20.1246613621927,18.0930375406354,0.110131258266062
"ATX2L_HUMAN---SUMO2_HUMAN",-27.5241000226665,-8.08932207791263,-6.96580295738272,-1.40598270480545
"AURKB_HUMAN-->CCD86_HUMAN",-27.9232305995178,-1.58050972379113,1.61321463736714,7.23200082325846
"AURKB_HUMAN-->DDA1_HUMAN",12.9682019319754,-16.7279849707222,10.086275174827,13.753505011058
"AURKB_HUMAN-->KI67_HUMAN",-27.9232305995178,-1.58050972379113,1.61321463736714,7.23200082325846
"AURKB_HUMAN-->LMO7_HUMAN",-27.9232305995178,-1.58050972379113,1.61321463736714,7.23200082325846
"AURKB_HUMAN-->MBB1A_HUMAN",-27.9232305995178,-1.58050972379113,1.61321463736714,7.23200082325846
"AURKB_HUMAN-->NELFE_HUMAN",-27.9232305995178,-1.58050972379113,1.61321463736714,7.23200082325846
"AURKB_HUMAN-->NSUN2_HUMAN",-27.9232305995178,-1.58050972379113,1.61321463736714,7.23200082325846
"AURKB_HUMAN-->PARD3_HUMAN",-27.9232305995178,-1.58050972379113,1.61321463736714,7.23200082325846
"AURKB_HUMAN-->PPHLN_HUMAN",-27.9232305995178,-1.58050972379113,1.61321463736714,7.23200082325846
"AURKB_HUMAN---SUMO2_HUMAN",5.96108540332444,-8.79354179959703,3.70519631141628,22.6258732499617
"AZI1_HUMAN---PCM1_HUMAN",-27.9614565756581,-5.78063846187998,-2.54866548997753,4.7424484430986
"B2R9N9_HUMAN---GRM1A_HUMAN",-27.4205481145056,1.50492788653323,7.58260435668063,5.79341384590044
"B2R9N9_HUMAN---MYD88_HUMAN",-27.4205481145056,1.50492788653323,7.58260435668063,5.79341384590044
"BACH2_HUMAN---JUN_HUMAN",-27.4205481145056,1.50492788653323,7.58260435668063,5.79341384590044
"BACH_HUMAN---NHLC2_HUMAN",-27.9614565756581,-5.78063846187998,-2.54866548997753,4.7424484430986
"BAP18_HUMAN---WDR82_HUMAN",3.24692982489688,-20.1246613621927,18.0930375406354,0.110131258266062
"BAZ1B_HUMAN---SUMO2_HUMAN",-27.9232305995178,-1.58050972379113,1.61321463736714,7.23200082325846
"BAZ2A_HUMAN---SUMO2_HUMAN",3.68428637788849,-22.4333449782254,13.6759000732302,-6.03829988963799
"BCAR1_HUMAN---CRKL_HUMAN",-27.0214175376543,-5.00388446758828,-0.996413238069226,-2.84456968216346
"BCOR_HUMAN---KDM2B_HUMAN",-27.9614565756581,-5.78063846187998,-2.54866548997753,4.7424484430986
"BCOR_HUMAN---SUMO2_HUMAN",-27.4587740906459,-2.69520085155563,3.42072422933596,3.30386146574059
"BCS1_HUMAN---DDX24_HUMAN",-27.9232305995178,-1.58050972379113,1.61321463736714,7.23200082325846
"BIG3_HUMAN---EGFR_HUMAN",24.6034342948175,-8.59463751878739,-5.67942185350751,6.31343394559208
"BMS1_HUMAN---SUMO2_HUMAN",-27.5241000226665,-8.08932207791263,-6.96580295738272,-1.40598270480545
"BORG1_HUMAN---RHOQ_HUMAN",24.6306410229029,0.458715720311053,5.32298838499063,8.42537821624446
"BRD2_HUMAN---BRD7_HUMAN",15.2594331949458,-19.2036479777195,3.11298469176007,12.7259509149883
"BRD7_HUMAN---FRIH_HUMAN",26.5786466923538,3.23903413306329,3.85550476172238,4.10788026819854
"BRD7_HUMAN---HNRL1_HUMAN",15.2594331949458,-19.2036479777195,3.11298469176007,12.7259509149883
"BRD7_HUMAN---RLA1_HUMAN",26.5404207162134,-0.96109460502556,-0.306375365622286,1.61832788803868
"BUD13_HUMAN---RBMX2_HUMAN",-27.9614565756581,-5.78063846187998,-2.54866548997753,4.7424484430986
"BZW2_HUMAN---EGFR_HUMAN",-27.4205481145056,1.50492788653323,7.58260435668063,5.79341384590044
"CA052_HUMAN---ETS1_HUMAN",-27.9614565756581,-5.78063846187998,-2.54866548997753,4.7424484430986
"CALX_HUMAN---KSR1_HUMAN",26.0759642073416,0.153596522738938,-2.11388495759111,5.54646724555655
"CALX_HUMAN---PGRC1_HUMAN",-27.9614565756581,-5.78063846187998,-2.54866548997753,4.7424484430986
"CALX_HUMAN---SUMO2_HUMAN",-27.9614565756581,-5.78063846187998,-2.54866548997753,4.7424484430986
"CBLB_HUMAN---EGFR_HUMAN",-27.5241000226665,-8.08932207791263,-6.96580295738272,-1.40598270480545
"CBLB_HUMAN---MYD88_HUMAN",-27.4205481145056,1.50492788653323,7.58260435668063,5.79341384590044
"CBL_HUMAN---CD2AP_HUMAN",-27.5241000226665,-8.08932207791263,-6.96580295738272,-1.40598270480545
"CBL_HUMAN---CRKL_HUMAN",-27.5241000226665,-8.08932207791263,-6.96580295738272,-1.40598270480545
"CBL_HUMAN---EGFR_HUMAN",-19.7318971112473,-10.838213776394,1.54679681261628,4.11518925598089
"CBL_HUMAN---EPHA2_HUMAN",-27.5241000226665,-8.08932207791263,-6.96580295738272,-1.40598270480545
"CBL_HUMAN---FGR_HUMAN",26.4750947841928,-6.35521583138256,-10.692902552341,-3.09151628250735
"CBL_HUMAN---ITSN1_HUMAN",-27.9614565756581,-5.78063846187998,-2.54866548997753,4.7424484430986
"CBL_HUMAN---PLCG1_HUMAN",-27.5241000226665,-8.08932207791263,-6.96580295738272,-1.40598270480545
"CBL_HUMAN---SHIP2_HUMAN",-27.5241000226665,-8.08932207791263,-6.96580295738272,-1.40598270480545
"CBL_HUMAN---SPY1_HUMAN",-27.5241000226665,-8.08932207791263,-6.96580295738272,-1.40598270480545
"CBL_HUMAN---TBA1A_HUMAN",23.0927851783583,-13.6836395475723,-8.62907569764445,4.48250074573396
"CCD53_HUMAN---FA21A_HUMAN",26.0377382312012,-4.04653221534991,-6.27576508493578,3.0569148653967
"CCD53_HUMAN---MCRS1_HUMAN",21.1211957682306,-11.0891840012732,-10.9957705395866,7.82166661986267
"CCD53_HUMAN---NUP62_HUMAN",21.1211957682306,-11.0891840012732,-10.9957705395866,7.82166661986267
"CCD53_HUMAN---OPTN_HUMAN",21.1211957682306,-11.0891840012732,-10.9957705395866,7.82166661986267
"CCD53_HUMAN---PCM1_HUMAN",20.683839215239,-8.78050038524057,-6.57863307218137,13.9700977677667
"CD2AP_HUMAN---CD2_HUMAN",-27.9614565756581,-5.78063846187998,-2.54866548997753,4.7424484430986
"CD2B2_HUMAN---CD2_HUMAN",-27.9614565756581,-5.78063846187998,-2.54866548997753,4.7424484430986
"CD2B2_HUMAN---SF01_HUMAN",-27.9614565756581,-5.78063846187998,-2.54866548997753,4.7424484430986
"CD2B2_HUMAN---SNUT2_HUMAN",-27.9614565756581,-5.78063846187998,-2.54866548997753,4.7424484430986
"CD2_HUMAN---FYN_HUMAN",26.0377382312012,-4.04653221534991,-6.27576508493578,3.0569148653967
"CD2_HUMAN---LCK_HUMAN",26.0377382312012,-4.04653221534991,-6.27576508493578,3.0569148653967
"CDCA3_HUMAN---TRAF2_HUMAN",-27.9614565756581,-5.78063846187998,-2.54866548997753,4.7424484430986
"CDK12_HUMAN---SUMO2_HUMAN",26.0377382312012,-4.04653221534991,-6.27576508493578,3.0569148653967
"CDK19_HUMAN---FKB15_HUMAN",24.6416602709579,-4.39450878069854,-1.51754172616284,8.80298632575193
"CDK19_HUMAN---MED1_HUMAN",25.1443427559701,-1.30907117037419,4.45184799315065,7.36439934839392
"CDK1_HUMAN-->41_HUMAN",-27.5241000226665,-8.08932207791263,-6.96580295738272,-1.40598270480545
"CDK1_HUMAN-->APC1_HUMAN",-20.9641026791442,-2.39281213832386,-9.36270664032662,11.9509658611024
"CDK1_HUMAN-->DDX3X_HUMAN",-27.5241000226665,-8.08932207791263,-6.96580295738272,-1.40598270480545
"CDK1_HUMAN-->DNLI3_HUMAN",3.68428637788849,-22.4333449782254,13.6759000732302,-6.03829988963799
"CDK1_HUMAN-->DNM1L_HUMAN",3.68428637788849,-22.4333449782254,13.6759000732302,-6.03829988963799
"CDK1_HUMAN-->EZH2_HUMAN",-27.4205481145056,1.50492788653323,7.58260435668063,5.79341384590044
"CDK1_HUMAN-->GAPD1_HUMAN",26.977777269205,-3.26977822105821,-4.72351283302748,-4.53010325986537
"CDK1_HUMAN-->GUAA_HUMAN",3.68428637788849,-22.4333449782254,13.6759000732302,-6.03829988963799
"CDK1_HUMAN-->H14_HUMAN",-27.9232305995178,-1.58050972379113,1.61321463736714,7.23200082325846
"CDK1_HUMAN-->LAP2A_HUMAN",-27.9614565756581,-5.78063846187998,-2.54866548997753,4.7424484430986
"CDK1_HUMAN-->LMNB1_HUMAN",12.929975955835,-20.928113708811,5.92439504748233,11.2639526308981
"CDK1_HUMAN-->MP2K1_HUMAN",-26.5271526392745,-1.2325331584425,-3.1450087214058,1.48592936290322
"CDK1_HUMAN-->NIPA_HUMAN",3.28515580103723,-15.9245326241039,22.2549176679801,2.59968363842592
"CDK1_HUMAN-->NPM_HUMAN",-27.9232305995178,-1.58050972379113,1.61321463736714,7.23200082325846
"CDK1_HUMAN-->NSF1C_HUMAN",-27.5241000226665,-8.08932207791263,-6.96580295738272,-1.40598270480545
"CDK1_HUMAN-->NUCKS_HUMAN",3.68428637788849,-22.4333449782254,13.6759000732302,-6.03829988963799
"CDK1_HUMAN-->NUP98_HUMAN",-27.5241000226665,-8.08932207791263,-6.96580295738272,-1.40598270480545
"CDK1_HUMAN-->P3C2A_HUMAN",-27.5241000226665,-8.08932207791263,-6.96580295738272,-1.40598270480545
"CDK1_HUMAN-->PTN2_HUMAN",-27.5241000226665,-8.08932207791263,-6.96580295738272,-1.40598270480545
"CDK1_HUMAN-->PUR6_HUMAN",3.68428637788849,-22.4333449782254,13.6759000732302,-6.03829988963799
"CDK1_HUMAN-->RFC1_HUMAN",-27.9614565756581,-5.78063846187998,-2.54866548997753,4.7424484430986
"CDK1_HUMAN-->STMN1_HUMAN",21.4566068205974,-3.27937692891633,0.710112811392891,8.09112850864176
"CDK1_HUMAN-->TCOF_HUMAN",3.68428637788849,-22.4333449782254,13.6759000732302,-6.03829988963799
"CDK1_HUMAN-->TFPT_HUMAN",-27.9232305995178,-1.58050972379113,1.61321463736714,7.23200082325846
"CDK1_HUMAN-->UBP2L_HUMAN",-27.9232305995178,-1.58050972379113,1.61321463736714,7.23200082325846
"CDK5_HUMAN-->ATM_HUMAN",-27.9614565756581,-5.78063846187998,-2.54866548997753,4.7424484430986
"CDK5_HUMAN---IRS4_HUMAN",24.6034342948175,-8.59463751878739,-5.67942185350751,6.31343394559208
"CDKL5_HUMAN---FYN_HUMAN",-27.9614565756581,-5.78063846187998,-2.54866548997753,4.7424484430986
"CEBPZ_HUMAN---PHS_HUMAN",-20.4134315858546,-6.42951528459194,13.9636832200914,-3.07895439300333
"CFDP1_HUMAN---CSK21_HUMAN",-27.5241000226665,-8.08932207791263,-6.96580295738272,-1.40598270480545
"CH10_HUMAN---SAT1_HUMAN",-27.5241000226665,-8.08932207791263,-6.96580295738272,-1.40598270480545
"CHAP1_HUMAN---SUMO2_HUMAN",-27.5241000226665,-8.08932207791263,-6.96580295738272,-1.40598270480545
"CHD4_HUMAN---HDAC2_HUMAN",6.13163604229108,-15.9585629917655,21.4148098344831,4.79556221482559
"CHD4_HUMAN---SMCA4_HUMAN",15.6967897479374,-21.5123315937522,-1.30415277564512,6.57751976708423
"CLSPN_HUMAN---SUMO2_HUMAN",-27.5241000226665,-8.08932207791263,-6.96580295738272,-1.40598270480545
"CRKL_HUMAN---M4K5_HUMAN",-27.5241000226665,-8.08932207791263,-6.96580295738272,-1.40598270480545
"CRKL_HUMAN---STA5A_HUMAN",-27.5241000226665,-8.08932207791263,-6.96580295738272,-1.40598270480545
"CRKL_HUMAN---TENC1_HUMAN",-27.5241000226665,-8.08932207791263,-6.96580295738272,-1.40598270480545
"CRKL_HUMAN---WAC_HUMAN",-27.9232305995178,-1.58050972379113,1.61321463736714,7.23200082325846
"CRK_HUMAN---ZAP70_HUMAN",-27.9614565756581,-5.78063846187998,-2.54866548997753,4.7424484430986
"CSK21_HUMAN-->ABCA1_HUMAN",26.0377382312012,-4.04653221534991,-6.27576508493578,3.0569148653967
"CSK21_HUMAN-->ABCF1_HUMAN",-27.5241000226665,-8.08932207791263,-6.96580295738272,-1.40598270480545
"CSK21_HUMAN-->AKT1_HUMAN",6.09341006615073,-20.1586917298543,17.2529297071384,2.30600983466574
"CSK21_HUMAN-->CALM_HUMAN",-27.5241000226665,-8.08932207791263,-6.96580295738272,-1.40598270480545
"CSK21_HUMAN-->CDK1_HUMAN",-27.5241000226665,-8.08932207791263,-6.96580295738272,-1.40598270480545
"CSK21_HUMAN---DDX54_HUMAN",-27.5241000226665,-8.08932207791263,-6.96580295738272,-1.40598270480545
"CSK21_HUMAN-->DDX58_HUMAN",26.4750947841928,-6.35521583138256,-10.692902552341,-3.09151628250735
"CSK21_HUMAN-->DNLI1_HUMAN",3.24692982489688,-20.1246613621927,18.0930375406354,0.110131258266062
"CSK21_HUMAN-->EF1D_HUMAN",-27.9232305995178,-1.58050972379113,1.61321463736714,7.23200082325846
"CSK21_HUMAN---ENPL_HUMAN",-27.9232305995178,-1.58050972379113,1.61321463736714,7.23200082325846
"CSK21_HUMAN---GPN1_HUMAN",-27.9232305995178,-1.58050972379113,1.61321463736714,7.23200082325846
"CSK21_HUMAN---HAP28_HUMAN",-27.9232305995178,-1.58050972379113,1.61321463736714,7.23200082325846
"CSK21_HUMAN-->HDAC2_HUMAN",26.5786466923538,3.23903413306329,3.85550476172238,4.10788026819854
"CSK21_HUMAN---HIRP3_HUMAN",-27.5241000226665,-8.08932207791263,-6.96580295738272,-1.40598270480545
"CSK21_HUMAN-->HNRPC_HUMAN",-27.9614565756581,-5.78063846187998,-2.54866548997753,4.7424484430986
"CSK21_HUMAN---ICLN_HUMAN",-27.5241000226665,-8.08932207791263,-6.96580295738272,-1.40598270480545
"CSK21_HUMAN---IMA3_HUMAN",-20.4134315858546,-6.42951528459194,13.9636832200914,-3.07895439300333
"CSK21_HUMAN-->JUN_HUMAN",-27.4205481145056,1.50492788653323,7.58260435668063,5.79341384590044
"CSK21_HUMAN-->LA_HUMAN",-27.5241000226665,-8.08932207791263,-6.96580295738272,-1.40598270480545
"CSK21_HUMAN---LYRIC_HUMAN",-27.5241000226665,-8.08932207791263,-6.96580295738272,-1.40598270480545
"CSK21_HUMAN-->MCM2_HUMAN",-27.4205481145056,1.50492788653323,7.58260435668063,5.79341384590044
"CSK21_HUMAN-->MDC1_HUMAN",-27.9614565756581,-5.78063846187998,-2.54866548997753,4.7424484430986
"CSK21_HUMAN---MGMT_HUMAN",-27.9232305995178,-1.58050972379113,1.61321463736714,7.23200082325846
"CSK21_HUMAN-->MPRI_HUMAN",-27.5241000226665,-8.08932207791263,-6.96580295738272,-1.40598270480545
"CSK21_HUMAN-->MYH10_HUMAN",-27.5241000226665,-8.08932207791263,-6.96580295738272,-1.40598270480545
"CSK21_HUMAN---NMD3_HUMAN",-27.9232305995178,-1.58050972379113,1.61321463736714,7.23200082325846
"CSK21_HUMAN---OSBP1_HUMAN",6.02808413413013,-25.5528129562113,6.86640252041973,-2.40383433588029
"CSK21_HUMAN-->PDIA6_HUMAN",-27.5241000226665,-8.08932207791263,-6.96580295738272,-1.40598270480545
"CSK21_HUMAN-->PIAS1_HUMAN",-27.9614565756581,-5.78063846187998,-2.54866548997753,4.7424484430986
"CSK21_HUMAN---PSIP1_HUMAN",-27.5241000226665,-8.08932207791263,-6.96580295738272,-1.40598270480545
"CSK21_HUMAN---PURB_HUMAN",-27.9232305995178,-1.58050972379113,1.61321463736714,7.23200082325846
"CSK21_HUMAN---RBM33_HUMAN",-27.5241000226665,-8.08932207791263,-6.96580295738272,-1.40598270480545
"CSK21_HUMAN---RL1D1_HUMAN",-27.5241000226665,-8.08932207791263,-6.96580295738272,-1.40598270480545
"CSK21_HUMAN---RPRD2_HUMAN",-27.5241000226665,-8.08932207791263,-6.96580295738272,-1.40598270480545
"CSK21_HUMAN-->SAT1_HUMAN",-27.5241000226665,-8.08932207791263,-6.96580295738272,-1.40598270480545
"CSK21_HUMAN---SF3A1_HUMAN",26.0759642073416,0.153596522738938,-2.11388495759111,5.54646724555655
"CSK21_HUMAN-->SPTB2_HUMAN",-27.4205481145056,1.50492788653323,7.58260435668063,5.79341384590044
"CSK21_HUMAN---T2FA_HUMAN",3.28515580103723,-15.9245326241039,22.2549176679801,2.59968363842592
"CSK21_HUMAN---TB182_HUMAN",3.28515580103723,-15.9245326241039,22.2549176679801,2.59968363842592
"CSK21_HUMAN---TCP4_HUMAN",-27.5241000226665,-8.08932207791263,-6.96580295738272,-1.40598270480545
"CSK21_HUMAN-->TEBP_HUMAN",12.9682019319754,-16.7279849707222,10.086275174827,13.753505011058
"CSK21_HUMAN-->TELO2_HUMAN",-27.5241000226665,-8.08932207791263,-6.96580295738272,-1.40598270480545
"CSK21_HUMAN---UBP24_HUMAN",-27.5241000226665,-8.08932207791263,-6.96580295738272,-1.40598270480545
"CSK21_HUMAN---VAMP4_HUMAN",-27.5241000226665,-8.08932207791263,-6.96580295738272,-1.40598270480545
"CSK21_HUMAN-->XRCC1_HUMAN",-27.5241000226665,-8.08932207791263,-6.96580295738272,-1.40598270480545
"CTND1_HUMAN---SUMO2_HUMAN",-27.5241000226665,-8.08932207791263,-6.96580295738272,-1.40598270480545
"CYTSA_HUMAN---GLIS2_HUMAN",-24.141790416832,-0.760898361722911,-9.02962981207924,-8.97999973304675
"CYTSB_HUMAN---TRAF2_HUMAN",-27.9614565756581,-5.78063846187998,-2.54866548997753,4.7424484430986
"DBNL_HUMAN---SH24A_HUMAN",-27.9614565756581,-5.78063846187998,-2.54866548997753,4.7424484430986
"DC1L1_HUMAN---PAIRB_HUMAN",26.0759642073416,0.153596522738938,-2.11388495759111,5.54646724555655
"DDA1_HUMAN---VPRBP_HUMAN",-27.9232305995178,-1.58050972379113,1.61321463736714,7.23200082325846
"DDX21_HUMAN---JUN_HUMAN",-27.4205481145056,1.50492788653323,7.58260435668063,5.79341384590044
"DDX24_HUMAN---GIT1_HUMAN",24.6416602709579,-4.39450878069854,-1.51754172616284,8.80298632575193
"DDX24_HUMAN---SPTN1_HUMAN",-24.5409209936833,5.74791399239859,-0.450612217329378,-0.342016204982845
"DDX3X_HUMAN---EIF3B_HUMAN",22.1830881280814,-11.6210921886787,-3.55963430920158,7.8270626135594
"DDX3Y_HUMAN---SAP25_HUMAN",26.0759642073416,0.153596522738938,-2.11388495759111,5.54646724555655
"DDX41_HUMAN---NKAP_HUMAN",-27.4205481145056,1.50492788653323,7.58260435668063,5.79341384590044
"DDX42_HUMAN---MEPCE_HUMAN",-27.4205481145056,1.50492788653323,7.58260435668063,5.79341384590044
"DDX46_HUMAN---SUMO2_HUMAN",-27.5241000226665,-8.08932207791263,-6.96580295738272,-1.40598270480545
"DDX54_HUMAN---DDX55_HUMAN",-2.9225964671087,2.37917308649419,-0.252115287163873,7.51688793297791
"DDX54_HUMAN---WDHD1_HUMAN",-27.5241000226665,-8.08932207791263,-6.96580295738272,-1.40598270480545
"DDX55_HUMAN---NOC2L_HUMAN",26.0377382312012,-4.04653221534991,-6.27576508493578,3.0569148653967
"DDX58_HUMAN---TRI25_HUMAN",26.4750947841928,-6.35521583138256,-10.692902552341,-3.09151628250735
"DENR_HUMAN---PP1B_HUMAN",-27.5241000226665,-8.08932207791263,-6.96580295738272,-1.40598270480545
"DEP1B_HUMAN---MDC1_HUMAN",-27.9614565756581,-5.78063846187998,-2.54866548997753,4.7424484430986
"DESP_HUMAN---PKP4_HUMAN",-27.5241000226665,-8.08932207791263,-6.96580295738272,-1.40598270480545
"DNMT1_HUMAN---HDAC2_HUMAN",6.13163604229108,-15.9585629917655,21.4148098344831,4.79556221482559
"DOCK1_HUMAN---FYN_HUMAN",-27.9614565756581,-5.78063846187998,-2.54866548997753,4.7424484430986
"DOCK4_HUMAN---GRB2_HUMAN",-27.5241000226665,-8.08932207791263,-6.96580295738272,-1.40598270480545
"DREB_HUMAN---NIPBL_HUMAN",-27.5241000226665,-8.08932207791263,-6.96580295738272,-1.40598270480545
"DREB_HUMAN---ZC3H4_HUMAN",-27.5241000226665,-8.08932207791263,-6.96580295738272,-1.40598270480545
"DYR1A_HUMAN-->CCNL2_HUMAN",-27.4205481145056,1.50492788653323,7.58260435668063,5.79341384590044
"DYR1A_HUMAN-->SF3B1_HUMAN",-27.4205481145056,1.50492788653323,7.58260435668063,5.79341384590044
"DYR1B_HUMAN---MK01_HUMAN",-27.5241000226665,-8.08932207791263,-6.96580295738272,-1.40598270480545
"DYRK2_HUMAN---DYRK4_HUMAN",24.6034342948175,-8.59463751878739,-5.67942185350751,6.31343394559208
"DYRK2_HUMAN-->SIAH2_HUMAN",26.0377382312012,-4.04653221534991,-6.27576508493578,3.0569148653967
"E9PAU2_HUMAN---SUMO2_HUMAN",-27.5241000226665,-8.08932207791263,-6.96580295738272,-1.40598270480545
"EDC3_HUMAN---EDC4_HUMAN",-27.9614565756581,-5.78063846187998,-2.54866548997753,4.7424484430986
"EF1A1_HUMAN---MAGD2_HUMAN",-27.9614565756581,-5.78063846187998,-2.54866548997753,4.7424484430986
"EF1A1_HUMAN---SUMO2_HUMAN",-27.9614565756581,-5.78063846187998,-2.54866548997753,4.7424484430986
"EFNA5_HUMAN---EPHA2_HUMAN",-27.5241000226665,-8.08932207791263,-6.96580295738272,-1.40598270480545
"EFNA5_HUMAN---EPHA3_HUMAN",-27.5241000226665,-8.08932207791263,-6.96580295738272,-1.40598270480545
"EFNA5_HUMAN---EPHA7_HUMAN",-27.5241000226665,-8.08932207791263,-6.96580295738272,-1.40598270480545
"EFNB2_HUMAN---EPHA3_HUMAN",-27.5241000226665,-8.08932207791263,-6.96580295738272,-1.40598270480545
"EGFR_HUMAN-->CCD50_HUMAN",-27.5241000226665,-8.08932207791263,-6.96580295738272,-1.40598270480545
"EGFR_HUMAN---EGF_HUMAN",-27.5241000226665,-8.08932207791263,-6.96580295738272,-1.40598270480545
"EGFR_HUMAN---ENPL_HUMAN",-27.9232305995178,-1.58050972379113,1.61321463736714,7.23200082325846
"EGFR_HUMAN---EPN1_HUMAN",-27.5241000226665,-8.08932207791263,-6.96580295738272,-1.40598270480545
"EGFR_HUMAN-->FAK1_HUMAN",-27.5241000226665,-8.08932207791263,-6.96580295738272,-1.40598270480545
"EGFR_HUMAN---GRB2_HUMAN",-27.5241000226665,-8.08932207791263,-6.96580295738272,-1.40598270480545
"EGFR_HUMAN---HGS_HUMAN",-27.5241000226665,-8.08932207791263,-6.96580295738272,-1.40598270480545
"EGFR_HUMAN---RN213_HUMAN",26.5786466923538,3.23903413306329,3.85550476172238,4.10788026819854
"EGFR_HUMAN---TM1L1_HUMAN",26.4750947841928,-6.35521583138256,-10.692902552341,-3.09151628250735
"EGFR_HUMAN---UBP8_HUMAN",-27.9232305995178,-1.58050972379113,1.61321463736714,7.23200082325846
"EGLN1_HUMAN---SIAH2_HUMAN",26.0377382312012,-4.04653221534991,-6.27576508493578,3.0569148653967
"ELF2_HUMAN---SUMO2_HUMAN",-27.5241000226665,-8.08932207791263,-6.96580295738272,-1.40598270480545
"EMAL4_HUMAN---NEK6_HUMAN",26.4750947841928,-6.35521583138256,-10.692902552341,-3.09151628250735
"EP15R_HUMAN---EPN1_HUMAN",-27.9614565756581,-5.78063846187998,-2.54866548997753,4.7424484430986
"EPN1_HUMAN---EPS15_HUMAN",-27.5241000226665,-8.08932207791263,-6.96580295738272,-1.40598270480545
"ETS1_HUMAN---IF2P_HUMAN",-27.9614565756581,-5.78063846187998,-2.54866548997753,4.7424484430986
"ETS1_HUMAN---SRS11_HUMAN",3.28515580103723,-15.9245326241039,22.2549176679801,2.59968363842592
"ETS1_HUMAN---SUMO2_HUMAN",24.5688313060857,1.6333609412735,-2.6730702075644,4.9574937621674
"ETS1_HUMAN---TCAL3_HUMAN",-27.9614565756581,-5.78063846187998,-2.54866548997753,4.7424484430986
"F122B_HUMAN---WDR48_HUMAN",18.2501987037703,-9.66256944844998,10.5554894662628,14.0101688966417
"F208A_HUMAN---TM1L1_HUMAN",-27.5241000226665,-8.08932207791263,-6.96580295738272,-1.40598270480545
"FA21A_HUMAN---ROCK1_HUMAN",-27.4587740906459,-2.69520085155563,3.42072422933596,3.30386146574059
"FACD2_HUMAN---WDR48_HUMAN",-27.5241000226665,-8.08932207791263,-6.96580295738272,-1.40598270480545
"FAK1_HUMAN---PAXI_HUMAN",-27.9614565756581,-5.78063846187998,-2.54866548997753,4.7424484430986
"FNBP4_HUMAN---SUMO2_HUMAN",26.4750947841928,-6.35521583138256,-10.692902552341,-3.09151628250735
"FUBP1_HUMAN---MK14_HUMAN",-27.9232305995178,-1.58050972379113,1.61321463736714,7.23200082325846
"FUND2_HUMAN---SAT1_HUMAN",-27.5241000226665,-8.08932207791263,-6.96580295738272,-1.40598270480545
"FYN_HUMAN---PHAG1_HUMAN",26.0377382312012,-4.04653221534991,-6.27576508493578,3.0569148653967
"FYN_HUMAN---PPR3D_HUMAN",24.6034342948175,-8.59463751878739,-5.67942185350751,6.31343394559208
"FYN_HUMAN---SPN90_HUMAN",-27.9614565756581,-5.78063846187998,-2.54866548997753,4.7424484430986
"G3BP1_HUMAN---RL14_HUMAN",-27.9232305995178,-1.58050972379113,1.61321463736714,7.23200082325846
"G3BP1_HUMAN---UBP10_HUMAN",-27.9614565756581,-5.78063846187998,-2.54866548997753,4.7424484430986
"GAB1_HUMAN---PTN11_HUMAN",-27.5241000226665,-8.08932207791263,-6.96580295738272,-1.40598270480545
"GAN_HUMAN---MAP1B_HUMAN",26.5786466923538,3.23903413306329,3.85550476172238,4.10788026819854
"GAN_HUMAN---TBCB_HUMAN",26.5786466923538,3.23903413306329,3.85550476172238,4.10788026819854
"GAPD1_HUMAN---LRC47_HUMAN",26.977777269205,-3.26977822105821,-4.72351283302748,-4.53010325986537
"GAREM_HUMAN---GRB2_HUMAN",-27.5241000226665,-8.08932207791263,-6.96580295738272,-1.40598270480545
"GBRL1_HUMAN---TB10B_HUMAN",-27.4205481145056,1.50492788653323,7.58260435668063,5.79341384590044
"GBRL1_HUMAN---TBCD1_HUMAN",-27.4205481145056,1.50492788653323,7.58260435668063,5.79341384590044
"GGA3_HUMAN---MPRI_HUMAN",-27.5241000226665,-8.08932207791263,-6.96580295738272,-1.40598270480545
"GLIS2_HUMAN---WNK1_HUMAN",26.4750947841928,-6.35521583138256,-10.692902552341,-3.09151628250735
"GRB2_HUMAN---IRS4_HUMAN",-27.5241000226665,-8.08932207791263,-6.96580295738272,-1.40598270480545
"GRB2_HUMAN---MK09_HUMAN",26.4750947841928,-6.35521583138256,-10.692902552341,-3.09151628250735
"GRB2_HUMAN---PTN11_HUMAN",-27.5241000226665,-8.08932207791263,-6.96580295738272,-1.40598270480545
"GRB2_HUMAN---PTN18_HUMAN",-27.5241000226665,-8.08932207791263,-6.96580295738272,-1.40598270480545
"GRB2_HUMAN---PTPRA_HUMAN",-27.5241000226665,-8.08932207791263,-6.96580295738272,-1.40598270480545
"GRB2_HUMAN---RHG17_HUMAN",25.1443427559701,-1.30907117037419,4.45184799315065,7.36439934839392
"GRB2_HUMAN---SHC1_HUMAN",-27.5241000226665,-8.08932207791263,-6.96580295738272,-1.40598270480545
"GRB2_HUMAN---ST32C_HUMAN",-27.9232305995178,-1.58050972379113,1.61321463736714,7.23200082325846
"GRB2_HUMAN---WIPF2_HUMAN",-27.5241000226665,-8.08932207791263,-6.96580295738272,-1.40598270480545
"H1X_HUMAN---HDGF_HUMAN",3.28515580103723,-15.9245326241039,22.2549176679801,2.59968363842592
"H2AY_HUMAN---HDAC2_HUMAN",6.13163604229108,-15.9585629917655,21.4148098344831,4.79556221482559
"HACD3_HUMAN---NEK6_HUMAN",26.4750947841928,-6.35521583138256,-10.692902552341,-3.09151628250735
"HDAC2_HUMAN---RCOR1_HUMAN",-27.4205481145056,1.50492788653323,7.58260435668063,5.79341384590044
"HDAC2_HUMAN---SIN3A_HUMAN",6.13163604229108,-15.9585629917655,21.4148098344831,4.79556221482559
"HDGF_HUMAN---RL35A_HUMAN",7.30162040344942,-12.1321090385292,14.1390073077325,10.7194078977862
"HDGF_HUMAN---SRP72_HUMAN",26.5786466923538,3.23903413306329,3.85550476172238,4.10788026819854
"HDGF_HUMAN---TCP4_HUMAN",26.5786466923538,3.23903413306329,3.85550476172238,4.10788026819854
"HERC2_HUMAN---RNF8_HUMAN",26.0759642073416,0.153596522738938,-2.11388495759111,5.54646724555655
"HEXI2_HUMAN---MEPCE_HUMAN",-27.9614565756581,-5.78063846187998,-2.54866548997753,4.7424484430986
"HGS_HUMAN---SCAM3_HUMAN",25.0407908478091,-10.90332113482,-10.0965593209127,0.165002797688029
"HGS_HUMAN---STAM2_HUMAN",-27.5241000226665,-8.08932207791263,-6.96580295738272,-1.40598270480545
"HIPK2_HUMAN---SUMO2_HUMAN",-27.5241000226665,-8.08932207791263,-6.96580295738272,-1.40598270480545
"HIPK3_HUMAN---ZYX_HUMAN",-27.5241000226665,-8.08932207791263,-6.96580295738272,-1.40598270480545
"HNRPK_HUMAN---RBMX_HUMAN",-27.9232305995178,-1.58050972379113,1.61321463736714,7.23200082325846
"HNRPU_HUMAN---PLCG1_HUMAN",-27.9614565756581,-5.78063846187998,-2.54866548997753,4.7424484430986
"HOIL1_HUMAN---RNF31_HUMAN",-27.5241000226665,-8.08932207791263,-6.96580295738272,-1.40598270480545
"HTSF1_HUMAN---SRSF4_HUMAN",-25.5525106125388,-10.6837776242117,-4.59910811544061,-4.74514857893416
"I2BP1_HUMAN---SUMO2_HUMAN",-27.5241000226665,-8.08932207791263,-6.96580295738272,-1.40598270480545
"I2BP2_HUMAN---SUMO2_HUMAN",-27.5241000226665,-8.08932207791263,-6.96580295738272,-1.40598270480545
"ICK_HUMAN---MK01_HUMAN",-27.5241000226665,-8.08932207791263,-6.96580295738272,-1.40598270480545
"ICLN_HUMAN---PDLI1_HUMAN",-27.5241000226665,-8.08932207791263,-6.96580295738272,-1.40598270480545
"IF4G1_HUMAN---TRAF2_HUMAN",-27.9614565756581,-5.78063846187998,-2.54866548997753,4.7424484430986
"IGF1R_HUMAN---SHC1_HUMAN",-27.5241000226665,-8.08932207791263,-6.96580295738272,-1.40598270480545
"INADL_HUMAN---MPP5_HUMAN",-27.4205481145056,1.50492788653323,7.58260435668063,5.79341384590044
"ITSN1_HUMAN---WASL_HUMAN",-27.9614565756581,-5.78063846187998,-2.54866548997753,4.7424484430986
"ITSN2_HUMAN---MCRS1_HUMAN",-27.5241000226665,-8.08932207791263,-6.96580295738272,-1.40598270480545
"IWS1_HUMAN---SUMO2_HUMAN",-27.5241000226665,-8.08932207791263,-6.96580295738272,-1.40598270480545
"JIP4_HUMAN---MK14_HUMAN",3.28515580103723,-15.9245326241039,22.2549176679801,2.59968363842592
"JUN_HUMAN---PEBB_HUMAN",-25.9862441781219,6.05303318997071,6.98626112525236,2.53689476570506
"JUN_HUMAN---PRC2A_HUMAN",-27.4205481145056,1.50492788653323,7.58260435668063,5.79341384590044
"JUN_HUMAN---STRN4_HUMAN",-27.4205481145056,1.50492788653323,7.58260435668063,5.79341384590044
"KAP2_HUMAN---RBM34_HUMAN",20.7759909197832,-7.11584425301776,8.03911916072483,13.1955259644072
"KCD12_HUMAN---OSBP1_HUMAN",-27.9232305995178,-1.58050972379113,1.61321463736714,7.23200082325846
"KI21A_HUMAN---SRP72_HUMAN",-27.9232305995178,-1.58050972379113,1.61321463736714,7.23200082325846
"KI67_HUMAN---KIF15_HUMAN",-27.5241000226665,-8.08932207791263,-6.96580295738272,-1.40598270480545
"KIF4A_HUMAN---SUMO2_HUMAN",-27.5241000226665,-8.08932207791263,-6.96580295738272,-1.40598270480545
"KKCC1_HUMAN-->KCC1A_HUMAN",-27.5241000226665,-8.08932207791263,-6.96580295738272,-1.40598270480545
"KLC4_HUMAN---LR16A_HUMAN",-27.9232305995178,-1.58050972379113,1.61321463736714,7.23200082325846
"KMT2D_HUMAN---SRRM1_HUMAN",25.1443427559701,-1.30907117037419,4.45184799315065,7.36439934839392
"KMT2D_HUMAN---WDR82_HUMAN",23.1963370865193,-4.08938958312643,5.9193316164189,11.6818972964398
"KPRA_HUMAN---MK01_HUMAN",-27.5241000226665,-8.08932207791263,-6.96580295738272,-1.40598270480545
"KS6A1_HUMAN-->IF4B_HUMAN",-27.9232305995178,-1.58050972379113,1.61321463736714,7.23200082325846
"KS6A1_HUMAN---MK01_HUMAN",-27.9232305995178,-1.58050972379113,1.61321463736714,7.23200082325846
"KS6A1_HUMAN-->YBOX1_HUMAN",-18.579229499646,9.028500735141,-7.17919190790044,0.819483853862265
"LAP2B_HUMAN---SUMO2_HUMAN",-27.5241000226665,-8.08932207791263,-6.96580295738272,-1.40598270480545
"LAP2_HUMAN---PKP4_HUMAN",-27.4205481145056,1.50492788653323,7.58260435668063,5.79341384590044
"LAS1L_HUMAN---PELP1_HUMAN",-27.9232305995178,-1.58050972379113,1.61321463736714,7.23200082325846
"LCK_HUMAN-->ADT1_HUMAN",-27.9232305995178,-1.58050972379113,1.61321463736714,7.23200082325846
"LCK_HUMAN-->G3BP1_HUMAN",-27.9614565756581,-5.78063846187998,-2.54866548997753,4.7424484430986
"LCK_HUMAN-->ZAP70_HUMAN",-27.9614565756581,-5.78063846187998,-2.54866548997753,4.7424484430986
"LHX4_HUMAN---RFC1_HUMAN",-27.9614565756581,-5.78063846187998,-2.54866548997753,4.7424484430986
"LHX4_HUMAN---RRP36_HUMAN",-27.9614565756581,-5.78063846187998,-2.54866548997753,4.7424484430986
"LMNB2_HUMAN---SVIL_HUMAN",3.68428637788849,-22.4333449782254,13.6759000732302,-6.03829988963799
"MA7D1_HUMAN---RBM48_HUMAN",-23.5115608563417,-7.01949448826264,6.05344857105,0.897051333227554
"MA7D3_HUMAN---TRM7_HUMAN",-27.9232305995178,-1.58050972379113,1.61321463736714,7.23200082325846
"MAGG1_HUMAN---NSE1_HUMAN",12.9682019319754,-16.7279849707222,10.086275174827,13.753505011058
"MAP1B_HUMAN---NPM_HUMAN",26.0759642073416,0.153596522738938,-2.11388495759111,5.54646724555655
"MCMBP_HUMAN---SUMO2_HUMAN",26.4750947841928,-6.35521583138256,-10.692902552341,-3.09151628250735
"MCRS1_HUMAN---RN213_HUMAN",-27.5241000226665,-8.08932207791263,-6.96580295738272,-1.40598270480545
"MD2L1_HUMAN---T22D4_HUMAN",22.723996589234,-4.33552584026552,6.57163553745658,8.87802801636123
"MDC1_HUMAN---RAD50_HUMAN",-27.9614565756581,-5.78063846187998,-2.54866548997753,4.7424484430986
"MDC1_HUMAN---RNF8_HUMAN",26.0759642073416,0.153596522738938,-2.11388495759111,5.54646724555655
"MED12_HUMAN---MED1_HUMAN",25.1061167798298,-5.50919990846304,0.289967865805984,4.87484696823406
"MED13_HUMAN---MED1_HUMAN",25.1061167798298,-5.50919990846304,0.289967865805984,4.87484696823406
"MEP50_HUMAN---RBM5_HUMAN",-27.9232305995178,-1.58050972379113,1.61321463736714,7.23200082325846
"MEPCE_HUMAN---SDE2_HUMAN",-27.9614565756581,-5.78063846187998,-2.54866548997753,4.7424484430986
"MEPCE_HUMAN---U520_HUMAN",26.5404207162134,-0.96109460502556,-0.306375365622286,1.61832788803868
"MEPCE_HUMAN---YRDC_HUMAN",-27.9232305995178,-1.58050972379113,1.61321463736714,7.23200082325846
"MK01_HUMAN-->ABI1_HUMAN",-27.5241000226665,-8.08932207791263,-6.96580295738272,-1.40598270480545
"MK01_HUMAN-->ERF_HUMAN",-27.5241000226665,-8.08932207791263,-6.96580295738272,-1.40598270480545
"MK01_HUMAN-->MKL1_HUMAN",-27.5241000226665,-8.08932207791263,-6.96580295738272,-1.40598270480545
"MK01_HUMAN-->TFE2_HUMAN",-27.9614565756581,-5.78063846187998,-2.54866548997753,4.7424484430986
"MK03_HUMAN-->HNRPK_HUMAN",26.0759642073416,0.153596522738938,-2.11388495759111,5.54646724555655
"MK03_HUMAN-->NUP50_HUMAN",-27.5241000226665,-8.08932207791263,-6.96580295738272,-1.40598270480545
"MK09_HUMAN-->STAT3_HUMAN",-27.5241000226665,-8.08932207791263,-6.96580295738272,-1.40598270480545
"MK09_HUMAN---WDR62_HUMAN",-27.9232305995178,-1.58050972379113,1.61321463736714,7.23200082325846
"MK14_HUMAN---PLSL_HUMAN",-27.9232305995178,-1.58050972379113,1.61321463736714,7.23200082325846
"MKX_HUMAN---SIN3A_HUMAN",24.6034342948175,-8.59463751878739,-5.67942185350751,6.31343394559208
"MMTA2_HUMAN---SRPK2_HUMAN",-27.9614565756581,-5.78063846187998,-2.54866548997753,4.7424484430986
"MP2K1_HUMAN-->MK01_HUMAN",-26.0897960862829,-3.54121677447515,-7.56214618881099,-4.66250178500083
"MP2K1_HUMAN-->MK03_HUMAN",-26.0897960862829,-3.54121677447515,-7.56214618881099,-4.66250178500083
"MPZL1_HUMAN---PTN11_HUMAN",-27.5241000226665,-8.08932207791263,-6.96580295738272,-1.40598270480545
"MRE11_HUMAN---RAD50_HUMAN",-27.5241000226665,-8.08932207791263,-6.96580295738272,-1.40598270480545
"MYO6_HUMAN---TOM1_HUMAN",25.0407908478091,-10.90332113482,-10.0965593209127,0.165002797688029
"NADAP_HUMAN---SUMO2_HUMAN",-27.4205481145056,1.50492788653323,7.58260435668063,5.79341384590044
"NASP_HUMAN---TRM7_HUMAN",-27.9232305995178,-1.58050972379113,1.61321463736714,7.23200082325846
"NEK6_HUMAN---SMC3_HUMAN",26.4750947841928,-6.35521583138256,-10.692902552341,-3.09151628250735
"NIPBL_HUMAN---PRS23_HUMAN",26.0377382312012,-4.04653221534991,-6.27576508493578,3.0569148653967
"NKAP_HUMAN---PPIG_HUMAN",26.4750947841928,-6.35521583138256,-10.692902552341,-3.09151628250735
"NKAP_HUMAN---RBMX2_HUMAN",-27.9614565756581,-5.78063846187998,-2.54866548997753,4.7424484430986
"NOP2_HUMAN---SUMO2_HUMAN",-27.9232305995178,-1.58050972379113,1.61321463736714,7.23200082325846
"NOVA1_HUMAN---PCBP1_HUMAN",15.2594331949458,-19.2036479777195,3.11298469176007,12.7259509149883
"NP1L1_HUMAN---TRAF2_HUMAN",-27.9232305995178,-1.58050972379113,1.61321463736714,7.23200082325846
"NPM_HUMAN---NUCL_HUMAN",-27.9232305995178,-1.58050972379113,1.61321463736714,7.23200082325846
"NRBP_HUMAN---T22D4_HUMAN",-27.5241000226665,-8.08932207791263,-6.96580295738272,-1.40598270480545
"NSE1_HUMAN---SUMO2_HUMAN",12.9682019319754,-16.7279849707222,10.086275174827,13.753505011058
"NSF1C_HUMAN---SRP14_HUMAN",10.7021737139668,-9.01369262573802,-5.95685924380611,21.8315717327437
"NUCL_HUMAN---PP1B_HUMAN",13.3673325088266,-23.2367973248437,1.50725758007714,5.11552148299405
"NUMA1_HUMAN---SUMO2_HUMAN",-27.4205481145056,1.50492788653323,7.58260435668063,5.79341384590044
"NUP50_HUMAN---TOIP1_HUMAN",26.977777269205,-3.26977822105821,-4.72351283302748,-4.53010325986537
"OTUL_HUMAN---RNF31_HUMAN",-27.5241000226665,-8.08932207791263,-6.96580295738272,-1.40598270480545
"PAIRB_HUMAN---SUMO2_HUMAN",26.4750947841928,-6.35521583138256,-10.692902552341,-3.09151628250735
"PARD3_HUMAN---PSME3_HUMAN",-20.5169834940156,-16.0237652490378,-0.584724093971996,-10.2783509437092
"PCBP1_HUMAN---T22D4_HUMAN",-27.9614565756581,-5.78063846187998,-2.54866548997753,4.7424484430986
"PCBP1_HUMAN---ZN830_HUMAN",-27.9614565756581,-5.78063846187998,-2.54866548997753,4.7424484430986
"PDS5A_HUMAN---SMC3_HUMAN",-27.5241000226665,-8.08932207791263,-6.96580295738272,-1.40598270480545
"PDS5B_HUMAN---SMC3_HUMAN",-27.5241000226665,-8.08932207791263,-6.96580295738272,-1.40598270480545
"PEBB_HUMAN---SCG1_HUMAN",25.0407908478091,-10.90332113482,-10.0965593209127,0.165002797688029
"PELP1_HUMAN---SUMO2_HUMAN",3.28515580103723,-15.9245326241039,22.2549176679801,2.59968363842592
"PGAM1_HUMAN---XRCC6_HUMAN",-11.592894851187,17.2695515597067,-7.15270294709606,7.65039316235859
"PHIP_HUMAN---SUMO2_HUMAN",-27.5241000226665,-8.08932207791263,-6.96580295738272,-1.40598270480545
"PHS_HUMAN---PRC2C_HUMAN",-27.4205481145056,1.50492788653323,7.58260435668063,5.79341384590044
"PHS_HUMAN---TIM_HUMAN",-27.4205481145056,1.50492788653323,7.58260435668063,5.79341384590044
"PI4KA_HUMAN---STRN4_HUMAN",-27.5241000226665,-8.08932207791263,-6.96580295738272,-1.40598270480545
"PIAS1_HUMAN---SGTA_HUMAN",25.1443427559701,-1.30907117037419,4.45184799315065,7.36439934839392
"PIAS1_HUMAN---SUMO2_HUMAN",-27.5241000226665,-8.08932207791263,-6.96580295738272,-1.40598270480545
"PININ_HUMAN---SRRM2_HUMAN",-27.5241000226665,-8.08932207791263,-6.96580295738272,-1.40598270480545
"PININ_HUMAN---SRSF4_HUMAN",-27.5241000226665,-8.08932207791263,-6.96580295738272,-1.40598270480545
"PNKP_HUMAN---XRCC1_HUMAN",-27.5241000226665,-8.08932207791263,-6.96580295738272,-1.40598270480545
"PO2F1_HUMAN---XRCC6_HUMAN",-27.4205481145056,1.50492788653323,7.58260435668063,5.79341384590044
"POGZ_HUMAN---SUMO2_HUMAN",-27.5241000226665,-8.08932207791263,-6.96580295738272,-1.40598270480545
"PR38A_HUMAN---SRPK2_HUMAN",15.8003416560984,-11.9180816293063,13.2442545384182,13.7769163177901
"PRS23_HUMAN---RECQ4_HUMAN",26.0377382312012,-4.04653221534991,-6.27576508493578,3.0569148653967
"PSMD1_HUMAN---SUMO2_HUMAN",-27.4205481145056,1.50492788653323,7.58260435668063,5.79341384590044
"PUR6_HUMAN---TRM7_HUMAN",-27.9232305995178,-1.58050972379113,1.61321463736714,7.23200082325846
"Q6FIE9_HUMAN---TM1L1_HUMAN",-25.5760943532157,-5.30900366516039,-8.43328658065097,-5.72348065285137
"Q6FIE9_HUMAN---TM1L2_HUMAN",-25.5760943532157,-5.30900366516039,-8.43328658065097,-5.72348065285137
"Q6FIE9_HUMAN---TOM1_HUMAN",25.0407908478091,-10.90332113482,-10.0965593209127,0.165002797688029
"Q6FIE9_HUMAN---XRN2_HUMAN",-25.5760943532157,-5.30900366516039,-8.43328658065097,-5.72348065285137
"RBM15_HUMAN---SUMO2_HUMAN",-27.5241000226665,-8.08932207791263,-6.96580295738272,-1.40598270480545
"RBM48_HUMAN---SAT1_HUMAN",-23.5115608563417,-7.01949448826264,6.05344857105,0.897051333227554
"RBM5_HUMAN---U520_HUMAN",22.6936546015071,-7.17482719345078,-0.0500581028945877,13.1204842737979
"RBM8A_HUMAN---SRRM2_HUMAN",15.6967897479374,-21.5123315937522,-1.30415277564512,6.57751976708423
"RBP2_HUMAN---SUMO2_HUMAN",-27.5241000226665,-8.08932207791263,-6.96580295738272,-1.40598270480545
"REC8_HUMAN---SMC3_HUMAN",-27.5241000226665,-8.08932207791263,-6.96580295738272,-1.40598270480545
"RGPA1_HUMAN---TFE2_HUMAN",-27.9614565756581,-5.78063846187998,-2.54866548997753,4.7424484430986
"RHOQ_HUMAN---WASL_HUMAN",24.6306410229029,0.458715720311053,5.32298838499063,8.42537821624446
"RL15_HUMAN---SUMO2_HUMAN",-27.4205481145056,1.50492788653323,7.58260435668063,5.79341384590044
"RLA1_HUMAN---SAT1_HUMAN",26.4750947841928,-6.35521583138256,-10.692902552341,-3.09151628250735
"RNF31_HUMAN---TRI25_HUMAN",-27.5241000226665,-8.08932207791263,-6.96580295738272,-1.40598270480545
"RNF8_HUMAN---UBE2N_HUMAN",26.0759642073416,0.153596522738938,-2.11388495759111,5.54646724555655
"ROCK1_HUMAN-->ADDA_HUMAN",-27.4587740906459,-2.69520085155563,3.42072422933596,3.30386146574059
"ROCK1_HUMAN-->MARCS_HUMAN",3.24692982489688,-20.1246613621927,18.0930375406354,0.110131258266062
"RRAS2_HUMAN---XRCC6_HUMAN",-27.4205481145056,1.50492788653323,7.58260435668063,5.79341384590044
"RREB1_HUMAN---SUMO2_HUMAN",-27.5241000226665,-8.08932207791263,-6.96580295738272,-1.40598270480545
"RSF1_HUMAN---SUMO2_HUMAN",-27.9614565756581,-5.78063846187998,-2.54866548997753,4.7424484430986
"RU17_HUMAN---SRPK2_HUMAN",15.2594331949458,-19.2036479777195,3.11298469176007,12.7259509149883
"SAP25_HUMAN---SIN3A_HUMAN",26.0759642073416,0.153596522738938,-2.11388495759111,5.54646724555655
"SAT1_HUMAN---SPB1_HUMAN",-27.5241000226665,-8.08932207791263,-6.96580295738272,-1.40598270480545
"SAT1_HUMAN---T22D4_HUMAN",-11.6582207832076,11.8754303333497,-17.5392301338147,2.94054899181255
"SCAFB_HUMAN---SUMO2_HUMAN",-27.9614565756581,-5.78063846187998,-2.54866548997753,4.7424484430986
"SCFD1_HUMAN---VINC_HUMAN",-9.42339782166784,-20.0164275271191,8.22425928937635,-2.44919184484073
"SCG1_HUMAN---SG223_HUMAN",25.0407908478091,-10.90332113482,-10.0965593209127,0.165002797688029
"SENP3_HUMAN---SUMO2_HUMAN",-27.5241000226665,-8.08932207791263,-6.96580295738272,-1.40598270480545
"SF3A1_HUMAN---SF3A3_HUMAN",-27.9232305995178,-1.58050972379113,1.61321463736714,7.23200082325846
"SGTA_HUMAN---UBL7_HUMAN",25.1443427559701,-1.30907117037419,4.45184799315065,7.36439934839392
"SMC3_HUMAN---WAPL_HUMAN",-27.5241000226665,-8.08932207791263,-6.96580295738272,-1.40598270480545
"SMRCD_HUMAN---SUMO2_HUMAN",-27.9614565756581,-5.78063846187998,-2.54866548997753,4.7424484430986
"SRPK2_HUMAN-->ACINU_HUMAN",-27.9614565756581,-5.78063846187998,-2.54866548997753,4.7424484430986
"SRRM1_HUMAN---SRRM2_HUMAN",-27.5241000226665,-8.08932207791263,-6.96580295738272,-1.40598270480545
"SRSF4_HUMAN---SRSF6_HUMAN",-27.5241000226665,-8.08932207791263,-6.96580295738272,-1.40598270480545
"STK24_HUMAN---STRN3_HUMAN",20.7759909197832,-7.11584425301776,8.03911916072483,13.1955259644072
"STK24_HUMAN---STRN4_HUMAN",20.7759909197832,-7.11584425301776,8.03911916072483,13.1955259644072
"STRN4_HUMAN---WIPI2_HUMAN",-27.9232305995178,-1.58050972379113,1.61321463736714,7.23200082325846
"SUMO2_HUMAN---TF3C1_HUMAN",-27.5241000226665,-8.08932207791263,-6.96580295738272,-1.40598270480545
"SUMO2_HUMAN---TFP11_HUMAN",-27.5241000226665,-8.08932207791263,-6.96580295738272,-1.40598270480545
"SUMO2_HUMAN---TOP2B_HUMAN",-27.5241000226665,-8.08932207791263,-6.96580295738272,-1.40598270480545
"SUMO2_HUMAN---TPR_HUMAN",-27.5241000226665,-8.08932207791263,-6.96580295738272,-1.40598270480545
"SUMO2_HUMAN---U520_HUMAN",-27.9614565756581,-5.78063846187998,-2.54866548997753,4.7424484430986
"SUMO2_HUMAN---WIZ_HUMAN",-27.5241000226665,-8.08932207791263,-6.96580295738272,-1.40598270480545
"SUMO2_HUMAN---XRCC6_HUMAN",10.7509934290352,-12.5255895401102,18.5908120654991,2.25090095174039
"SUMO2_HUMAN---Z280C_HUMAN",-27.5241000226665,-8.08932207791263,-6.96580295738272,-1.40598270480545
"SUMO2_HUMAN---ZBT7A_HUMAN",-27.9232305995178,-1.58050972379113,1.61321463736714,7.23200082325846
"SUMO2_HUMAN---ZKSC1_HUMAN",-27.5241000226665,-8.08932207791263,-6.96580295738272,-1.40598270480545
"SUMO2_HUMAN---ZMYM4_HUMAN",-27.5241000226665,-8.08932207791263,-6.96580295738272,-1.40598270480545
"SUMO2_HUMAN---ZN318_HUMAN",-27.5241000226665,-8.08932207791263,-6.96580295738272,-1.40598270480545
"TEBP_HUMAN---WAP53_HUMAN",17.7475162187581,-12.7480070587743,4.58609974694928,15.4487558739997
"TF3C1_HUMAN---TF3C4_HUMAN",-27.9614565756581,-5.78063846187998,-2.54866548997753,4.7424484430986
"TICRR_HUMAN---TOPB1_HUMAN",-27.9232305995178,-1.58050972379113,1.61321463736714,7.23200082325846
"TNIK_HUMAN---TRAF2_HUMAN",-27.4205481145056,1.50492788653323,7.58260435668063,5.79341384590044
"TOM1_HUMAN---ZFY16_HUMAN",25.0407908478091,-10.90332113482,-10.0965593209127,0.165002797688029
"TRAF2_HUMAN---UBE2N_HUMAN",-27.9232305995178,-1.58050972379113,1.61321463736714,7.23200082325846
"TRAF2_HUMAN---UBE2O_HUMAN",3.24692982489688,-20.1246613621927,18.0930375406354,0.110131258266062
"TRI18_HUMAN---UBE2N_HUMAN",-27.9232305995178,-1.58050972379113,1.61321463736714,7.23200082325846
"TXLNA_HUMAN---XRN2_HUMAN",-27.4205481145056,1.50492788653323,7.58260435668063,5.79341384590044
"UBE2N_HUMAN---ZNRF2_HUMAN",-27.9232305995178,-1.58050972379113,1.61321463736714,7.23200082325846
"WDR48_HUMAN---WDR70_HUMAN",-27.5241000226665,-8.08932207791263,-6.96580295738272,-1.40598270480545
"WNK1_HUMAN-->STK39_HUMAN",-27.5241000226665,-8.08932207791263,-6.96580295738272,-1.40598270480545
"ZAP70_HUMAN-->DBNL_HUMAN",-27.9614565756581,-5.78063846187998,-2.54866548997753,4.7424484430986
"ZAP70_HUMAN-->MK14_HUMAN",-27.9232305995178,-1.58050972379113,1.61321463736714,7.23200082325846
"1433G_HUMAN---3BP5L_HUMAN",-26.4231904363863,6.38635693365843,10.7693375636593,3.05910076672579
"1433G_HUMAN---HDAC4_HUMAN",-13.3154281610201,23.2679384271196,-1.43082256875885,-5.14793699877561
"1433G_HUMAN---SRPK1_HUMAN",-15.6448854001309,21.543472696028,1.3805877869634,-6.60993528286578
"3BP5L_HUMAN---EYA4_HUMAN",-26.4231904363863,6.38635693365843,10.7693375636593,3.05910076672579
"A8K015_HUMAN---STAT3_HUMAN",-24.9888865000026,10.9344622370959,10.172994332231,-0.19741831346959
"A8K015_HUMAN---TMX1_HUMAN",-24.9888865000026,10.9344622370959,10.172994332231,-0.19741831346959
"AAGAB_HUMAN---EIF3C_HUMAN",-26.4231904363863,6.38635693365843,10.7693375636593,3.05910076672579
"ABI2_HUMAN---MIPT3_HUMAN",-4.50727286120811,19.9040609018638,-10.3926623864728,0.470839923328038
"ABI2_HUMAN---PCM1_HUMAN",-21.0692914204241,11.1203251035491,11.0722055509048,-7.85408213564423
"ACAP2_HUMAN---CBX1_HUMAN",-13.3154281610201,23.2679384271196,-1.43082256875885,-5.14793699877561
"ACK1_HUMAN---CDC42_HUMAN",-24.4751847669355,9.16667534641067,9.30185394039101,-1.25839718132013
"ACTB_HUMAN---KHDR1_HUMAN",-26.4231904363863,6.38635693365843,10.7693375636593,3.05910076672579
"ADCY6_HUMAN---ATX1_HUMAN",-20.6205346638157,16.7412353197395,6.58572316465681,-6.02854492948283
"AKA10_HUMAN---MYH9_HUMAN",-5.97617978632359,25.5839540584872,-6.78996750910144,2.37141882009873
"AKA11_HUMAN---PP1A_HUMAN",-5.46658411629055,7.00647006076833,7.54341006607988,2.10744612699083
"AP3D1_HUMAN---CTNB1_HUMAN",-18.6292110873757,8.27579588537664,13.1457446426456,-10.8498657515464
"ARHGB_HUMAN---CDC42_HUMAN",-24.4751847669355,9.16667534641067,9.30185394039101,-1.25839718132013
"ARL4D_HUMAN---EMAL4_HUMAN",-26.4231904363863,6.38635693365843,10.7693375636593,3.05910076672579
"ARL4D_HUMAN---PGAM1_HUMAN",-26.4231904363863,6.38635693365843,10.7693375636593,3.05910076672579
"ARPC3_HUMAN---BAG6_HUMAN",-24.9888865000026,10.9344622370959,10.172994332231,-0.19741831346959
"ARPC3_HUMAN---OTUD5_HUMAN",-24.9888865000026,10.9344622370959,10.172994332231,-0.19741831346959
"ASPM_HUMAN---SUMO2_HUMAN",-17.9817699713517,3.00001906597075,16.5540731956417,-9.06978655237337
"AT1A1_HUMAN---CDK2_HUMAN",-3.63238203008195,22.4644860805013,-13.5994650619119,6.00588437385643
"ATM_HUMAN-->BAG6_HUMAN",-24.9888865000026,10.9344622370959,10.172994332231,-0.19741831346959
"ATM_HUMAN-->FUBP2_HUMAN",-24.9888865000026,10.9344622370959,10.172994332231,-0.19741831346959
"ATM_HUMAN-->RIF1_HUMAN",-5.97617978632359,25.5839540584872,-6.78996750910144,2.37141882009873
"ATRX_HUMAN---DAXX_HUMAN",-24.9542835112708,0.706463777035016,7.16664268628788,1.1585218699551
"ATX1_HUMAN---FA21C_HUMAN",-26.4231904363863,6.38635693365843,10.7693375636593,3.05910076672579
"AURKB_HUMAN---H31T_HUMAN",-26.4231904363863,6.38635693365843,10.7693375636593,3.05910076672579
"AURKB_HUMAN-->PLEC_HUMAN",-20.6205346638157,16.7412353197395,6.58572316465681,-6.02854492948283
"AURKB_HUMAN---PSA3_HUMAN",-6.30831163236916,15.3334952559944,4.95025629465187,-14.0203052376794
"AURKB_HUMAN---SKA1_HUMAN",-26.4231904363863,6.38635693365843,10.7693375636593,3.05910076672579
"BAG6_HUMAN---SGTA_HUMAN",-24.9888865000026,10.9344622370959,10.172994332231,-0.19741831346959
"BAG6_HUMAN---UBL7_HUMAN",-24.9888865000026,10.9344622370959,10.172994332231,-0.19741831346959
"BBX_HUMAN---HS90B_HUMAN",-24.9888865000026,10.9344622370959,10.172994332231,-0.19741831346959
"BIG3_HUMAN---PP1A_HUMAN",-24.9888865000026,10.9344622370959,10.172994332231,-0.19741831346959
"BORG1_HUMAN---CDC42_HUMAN",-24.4751847669355,9.16667534641067,9.30185394039101,-1.25839718132013
"BRAP_HUMAN---KSR1_HUMAN",-26.4231904363863,6.38635693365843,10.7693375636593,3.05910076672579
"BRD2_HUMAN---E2F2_HUMAN",-15.6448854001309,21.543472696028,1.3805877869634,-6.60993528286578
"BRD3_HUMAN---SRPK2_HUMAN",-20.5772167568265,5.4954774726244,14.6132282659139,-6.53236780350049
"BRF2_HUMAN---HACD3_HUMAN",-19.4160739077353,-1.54808623746673,17.15041642707,-5.81326747217799
"BRF2_HUMAN---NOC2L_HUMAN",-19.4160739077353,-1.54808623746673,17.15041642707,-5.81326747217799
"BRF2_HUMAN---OTUD4_HUMAN",-19.4160739077353,-1.54808623746673,17.15041642707,-5.81326747217799
"BRF2_HUMAN---SF3B1_HUMAN",-19.4160739077353,-1.54808623746673,17.15041642707,-5.81326747217799
"C2CD5_HUMAN---CDK5_HUMAN",-24.9888865000026,10.9344622370959,10.172994332231,-0.19741831346959
"CAAP1_HUMAN---KAT7_HUMAN",-26.4231904363863,6.38635693365843,10.7693375636593,3.05910076672579
"CAF1B_HUMAN---SUMO2_HUMAN",-23.0408808305518,13.7147806498482,8.70551070896274,-4.51491626151551
"CBL_HUMAN---MYH9_HUMAN",-5.97617978632359,25.5839540584872,-6.78996750910144,2.37141882009873
"CBX1_HUMAN---TIF1B_HUMAN",-13.3154281610201,23.2679384271196,-1.43082256875885,-5.14793699877561
"CCD25_HUMAN---SMAD2_HUMAN",-26.4231904363863,6.38635693365843,10.7693375636593,3.05910076672579
"CCD97_HUMAN---SRPK2_HUMAN",-24.9888865000026,10.9344622370959,10.172994332231,-0.19741831346959
"CCDC6_HUMAN---HDAC1_HUMAN",-5.97617978632359,25.5839540584872,-6.78996750910144,2.37141882009873
"CCNK_HUMAN---STX11_HUMAN",-26.4231904363863,6.38635693365843,10.7693375636593,3.05910076672579
"CDC20_HUMAN---MD2L1_HUMAN",-24.9888865000026,10.9344622370959,10.172994332231,-0.19741831346959
"CDC20_HUMAN---MDC1_HUMAN",-12.7247061954987,17.3147128628818,0.39905780407898,7.69334901296657
"CDC42_HUMAN---FETUA_HUMAN",-20.6205346638157,16.7412353197395,6.58572316465681,-6.02854492948283
"CDC42_HUMAN---IQGA1_HUMAN",-24.4751847669355,9.16667534641067,9.30185394039101,-1.25839718132013
"CDC42_HUMAN---PAK4_HUMAN",-24.4751847669355,9.16667534641067,9.30185394039101,-1.25839718132013
"CDK12_HUMAN---PR40A_HUMAN",-26.4231904363863,6.38635693365843,10.7693375636593,3.05910076672579
"CDK13_HUMAN---PR40A_HUMAN",-26.4231904363863,6.38635693365843,10.7693375636593,3.05910076672579
"CDK1_HUMAN-->DLG1_HUMAN",-26.4231904363863,6.38635693365843,10.7693375636593,3.05910076672579
"CDK1_HUMAN-->FOXM1_HUMAN",-20.6205346638157,16.7412353197395,6.58572316465681,-6.02854492948283
"CDK1_HUMAN-->KAT7_HUMAN",-19.4160739077353,-1.54808623746673,17.15041642707,-5.81326747217799
"CDK1_HUMAN-->PKN2_HUMAN",-15.896550307844,15.3339229578806,-5.88711353800279,4.91274071445992
"CDK1_HUMAN-->UNG_HUMAN",-24.9888865000026,10.9344622370959,10.172994332231,-0.19741831346959
"CDK2_HUMAN-->AMOT_HUMAN",-3.63238203008195,22.4644860805013,-13.5994650619119,6.00588437385643
"CDK2_HUMAN-->BAP18_HUMAN",-3.63238203008195,22.4644860805013,-13.5994650619119,6.00588437385643
"CDK2_HUMAN-->BAZ2A_HUMAN",-3.63238203008195,22.4644860805013,-13.5994650619119,6.00588437385643
"CDK2_HUMAN-->CT2NL_HUMAN",-3.63238203008195,22.4644860805013,-13.5994650619119,6.00588437385643
"CDK2_HUMAN-->DNLI1_HUMAN",-3.63238203008195,22.4644860805013,-13.5994650619119,6.00588437385643
"CDK2_HUMAN-->DNLI3_HUMAN",-3.63238203008195,22.4644860805013,-13.5994650619119,6.00588437385643
"CDK2_HUMAN-->DNM1L_HUMAN",-3.63238203008195,22.4644860805013,-13.5994650619119,6.00588437385643
"CDK2_HUMAN-->F122A_HUMAN",-3.12969954506973,25.5499236908256,-7.63007534259842,4.56729739649841
"CDK2_HUMAN-->GUAA_HUMAN",-3.63238203008195,22.4644860805013,-13.5994650619119,6.00588437385643
"CDK2_HUMAN---H1X_HUMAN",-3.63238203008195,22.4644860805013,-13.5994650619119,6.00588437385643
"CDK2_HUMAN-->HNRL1_HUMAN",-3.63238203008195,22.4644860805013,-13.5994650619119,6.00588437385643
"CDK2_HUMAN---HS90A_HUMAN",3.8774169835812,17.6154805197005,-1.2489964791877,-4.30507084240536
"CDK2_HUMAN-->JIP4_HUMAN",-3.63238203008195,22.4644860805013,-13.5994650619119,6.00588437385643
"CDK2_HUMAN-->LARP1_HUMAN",-3.63238203008195,22.4644860805013,-13.5994650619119,6.00588437385643
"CDK2_HUMAN-->LMNB2_HUMAN",-3.63238203008195,22.4644860805013,-13.5994650619119,6.00588437385643
"CDK2_HUMAN-->MARCS_HUMAN",-3.63238203008195,22.4644860805013,-13.5994650619119,6.00588437385643
"CDK2_HUMAN-->NIPA_HUMAN",-3.63238203008195,22.4644860805013,-13.5994650619119,6.00588437385643
"CDK2_HUMAN-->NUCKS_HUMAN",-3.63238203008195,22.4644860805013,-13.5994650619119,6.00588437385643
"CDK2_HUMAN-->NUFP2_HUMAN",-3.63238203008195,22.4644860805013,-13.5994650619119,6.00588437385643
"CDK2_HUMAN-->PELP1_HUMAN",-3.63238203008195,22.4644860805013,-13.5994650619119,6.00588437385643
"CDK2_HUMAN-->PUR6_HUMAN",-3.63238203008195,22.4644860805013,-13.5994650619119,6.00588437385643
"CDK2_HUMAN-->RB_HUMAN",3.8774169835812,17.6154805197005,-1.2489964791877,-4.30507084240536
"CDK2_HUMAN-->SRS11_HUMAN",-3.63238203008195,22.4644860805013,-13.5994650619119,6.00588437385643
"CDK2_HUMAN-->T2FA_HUMAN",-3.63238203008195,22.4644860805013,-13.5994650619119,6.00588437385643
"CDK2_HUMAN-->TB182_HUMAN",-3.63238203008195,22.4644860805013,-13.5994650619119,6.00588437385643
"CDK2_HUMAN-->TCOF_HUMAN",-3.63238203008195,22.4644860805013,-13.5994650619119,6.00588437385643
"CDK2_HUMAN-->UBE2O_HUMAN",-3.63238203008195,22.4644860805013,-13.5994650619119,6.00588437385643
"CDK2_HUMAN-->ZCH18_HUMAN",-3.63238203008195,22.4644860805013,-13.5994650619119,6.00588437385643
"CDK2_HUMAN-->ZN609_HUMAN",-3.63238203008195,22.4644860805013,-13.5994650619119,6.00588437385643
"CDK5_HUMAN-->HD_HUMAN",-23.0408808305518,13.7147806498482,8.70551070896274,-4.51491626151551
"CDK5_HUMAN---HS90A_HUMAN",-13.3154281610201,23.2679384271196,-1.43082256875885,-5.14793699877561
"CDK5_HUMAN---K0195_HUMAN",-18.0947424478028,19.2879605151717,4.06935285911887,-6.8431878617174
"CDK5_HUMAN-->LMTK2_HUMAN",-23.0408808305518,13.7147806498482,8.70551070896274,-4.51491626151551
"CDS2_HUMAN---TS101_HUMAN",-18.0947424478028,19.2879605151717,4.06935285911887,-6.8431878617174
"CG050_HUMAN---HDGF_HUMAN",-24.9888865000026,10.9344622370959,10.172994332231,-0.19741831346959
"CHD3_HUMAN---F134A_HUMAN",-24.9888865000026,10.9344622370959,10.172994332231,-0.19741831346959
"CHD3_HUMAN---PAIRB_HUMAN",-26.4231904363863,6.38635693365843,10.7693375636593,3.05910076672579
"CHD3_HUMAN---SUMO2_HUMAN",-26.4231904363863,6.38635693365843,10.7693375636593,3.05910076672579
"CHD4_HUMAN---HDAC1_HUMAN",-5.97617978632359,25.5839540584872,-6.78996750910144,2.37141882009873
"CHIP_HUMAN---HS90A_HUMAN",-13.3154281610201,23.2679384271196,-1.43082256875885,-5.14793699877561
"CHIP_HUMAN---PSA3_HUMAN",-13.3154281610201,23.2679384271196,-1.43082256875885,-5.14793699877561
"CHIP_HUMAN---UBE2N_HUMAN",-23.0408808305518,13.7147806498482,8.70551070896274,-4.51491626151551
"CI078_HUMAN---TE2IP_HUMAN",-11.0255159866448,24.2261336508485,-3.50499498626348,-2.35697287891133
"CK052_HUMAN---SRPK1_HUMAN",-15.6448854001309,21.543472696028,1.3805877869634,-6.60993528286578
"CPSF4_HUMAN---CSTFT_HUMAN",-26.4231904363863,6.38635693365843,10.7693375636593,3.05910076672579
"CPSF4_HUMAN---FIP1_HUMAN",-26.4231904363863,6.38635693365843,10.7693375636593,3.05910076672579
"CSK21_HUMAN-->DAXX_HUMAN",-24.9542835112708,0.706463777035016,7.16664268628788,1.1585218699551
"CSK21_HUMAN---DKC1_HUMAN",-3.12969954506973,25.5499236908256,-7.63007534259842,4.56729739649841
"CSK21_HUMAN---EF1B_HUMAN",-26.4231904363863,6.38635693365843,10.7693375636593,3.05910076672579
"CSK21_HUMAN---FIP1_HUMAN",-26.4231904363863,6.38635693365843,10.7693375636593,3.05910076672579
"CSK21_HUMAN---KRI1_HUMAN",-18.0947424478028,19.2879605151717,4.06935285911887,-6.8431878617174
"CSK21_HUMAN-->NCOR2_HUMAN",-26.4231904363863,6.38635693365843,10.7693375636593,3.05910076672579
"CSK21_HUMAN---PRCC_HUMAN",-5.97617978632359,25.5839540584872,-6.78996750910144,2.37141882009873
"CSK21_HUMAN---ROA2_HUMAN",-5.97617978632359,25.5839540584872,-6.78996750910144,2.37141882009873
"CSK21_HUMAN-->SEPT2_HUMAN",-24.9888865000026,10.9344622370959,10.172994332231,-0.19741831346959
"CSK21_HUMAN-->SIR1_HUMAN",-26.4231904363863,6.38635693365843,10.7693375636593,3.05910076672579
"CT2NL_HUMAN---STRN3_HUMAN",-3.63238203008195,22.4644860805013,-13.5994650619119,6.00588437385643
"CTNA1_HUMAN---CTNB1_HUMAN",-23.0408808305518,13.7147806498482,8.70551070896274,-4.51491626151551
"CTNA1_HUMAN---LIMA1_HUMAN",-23.0408808305518,13.7147806498482,8.70551070896274,-4.51491626151551
"CTNA1_HUMAN---VINC_HUMAN",-23.0408808305518,13.7147806498482,8.70551070896274,-4.51491626151551
"CTNB1_HUMAN---DLG5_HUMAN",2.93324661653505,24.1916042029996,-5.6180538612887,6.88166004778648
"CTNB1_HUMAN---GLIS2_HUMAN",-23.0408808305518,13.7147806498482,8.70551070896274,-4.51491626151551
"CTNB1_HUMAN---IQGA1_HUMAN",-23.0408808305518,13.7147806498482,8.70551070896274,-4.51491626151551
"CTNB1_HUMAN---KMT2D_HUMAN",-23.0408808305518,13.7147806498482,8.70551070896274,-4.51491626151551
"CTNB1_HUMAN---LAP2_HUMAN",-20.3695291132585,14.3674356887512,7.34899656324699,-2.74207957655479
"CTR9_HUMAN---SSRP1_HUMAN",-20.6205346638157,16.7412353197395,6.58572316465681,-6.02854492948283
"CUL4B_HUMAN---DDA1_HUMAN",-17.8801309919315,15.0107993895545,7.78603876131464,-5.51096853221564
"CUL4B_HUMAN---HS90A_HUMAN",-13.3154281610201,23.2679384271196,-1.43082256875885,-5.14793699877561
"CUL4B_HUMAN---RL35A_HUMAN",-7.14616414748192,21.7575001052509,0.485835017649145,-3.55242686286186
"D0VY79_HUMAN---EGLN1_HUMAN",1.03093674232735,17.649510887362,-0.408888645690719,-6.50094941880504
"D0VY79_HUMAN---NAA10_HUMAN",1.03093674232735,17.649510887362,-0.408888645690719,-6.50094941880504
"D0VY79_HUMAN---PSA7_HUMAN",1.03093674232735,17.649510887362,-0.408888645690719,-6.50094941880504
"DAXX_HUMAN---ETS1_HUMAN",-24.9542835112708,0.706463777035016,7.16664268628788,1.1585218699551
"DAXX_HUMAN---FRIH_HUMAN",-24.9542835112708,0.706463777035016,7.16664268628788,1.1585218699551
"DAXX_HUMAN---MCRS1_HUMAN",-24.9542835112708,0.706463777035016,7.16664268628788,1.1585218699551
"DC1L1_HUMAN---DC1L2_HUMAN",-26.4231904363863,6.38635693365843,10.7693375636593,3.05910076672579
"DC1L1_HUMAN---EIF3E_HUMAN",-1.15811013494205,22.9554681445266,-5.26338050065631,1.2281315223697
"DCAF8_HUMAN---SUV91_HUMAN",-23.0408808305518,13.7147806498482,8.70551070896274,-4.51491626151551
"DDX24_HUMAN---EIF3E_HUMAN",-11.0255159866448,24.2261336508485,-3.50499498626348,-2.35697287891133
"DDX24_HUMAN---HS90B_HUMAN",-24.9888865000026,10.9344622370959,10.172994332231,-0.19741831346959
"DDX3Y_HUMAN---SMAD2_HUMAN",-26.4231904363863,6.38635693365843,10.7693375636593,3.05910076672579
"DESP_HUMAN---PKP2_HUMAN",-26.4231904363863,6.38635693365843,10.7693375636593,3.05910076672579
"DHX29_HUMAN---FOXM1_HUMAN",-20.6205346638157,16.7412353197395,6.58572316465681,-6.02854492948283
"DHX57_HUMAN---LYAR_HUMAN",-11.0876259191519,11.3535173440465,10.4504317225296,-15.7155561006212
"DIDO1_HUMAN---HNRPK_HUMAN",-24.9888865000026,10.9344622370959,10.172994332231,-0.19741831346959
"DKC1_HUMAN---RBM34_HUMAN",-3.12969954506973,25.5499236908256,-7.63007534259842,4.56729739649841
"DLG1_HUMAN---IRK12_HUMAN",-26.4231904363863,6.38635693365843,10.7693375636593,3.05910076672579
"DLG1_HUMAN---TJAP1_HUMAN",-26.4231904363863,6.38635693365843,10.7693375636593,3.05910076672579
"DLG3_HUMAN---PP1A_HUMAN",-24.9888865000026,10.9344622370959,10.172994332231,-0.19741831346959
"DNMT1_HUMAN---HDAC1_HUMAN",-5.97617978632359,25.5839540584872,-6.78996750910144,2.37141882009873
"DYRK4_HUMAN---HS90B_HUMAN",-24.9888865000026,10.9344622370959,10.172994332231,-0.19741831346959
"E2F2_HUMAN---RB_HUMAN",-15.6448854001309,21.543472696028,1.3805877869634,-6.60993528286578
"E7ETM7_HUMAN---PTSS2_HUMAN",-23.0408808305518,13.7147806498482,8.70551070896274,-4.51491626151551
"E7ETM7_HUMAN---SUMO2_HUMAN",-23.0408808305518,13.7147806498482,8.70551070896274,-4.51491626151551
"EGFR_HUMAN-->GSTP1_HUMAN",-26.4231904363863,6.38635693365843,10.7693375636593,3.05910076672579
"EGFR_HUMAN---HS90A_HUMAN",-13.3154281610201,23.2679384271196,-1.43082256875885,-5.14793699877561
"EGFR_HUMAN---HS90B_HUMAN",-22.6989743256273,11.8926574608249,8.09882191472636,2.59354580639469
"EGFR_HUMAN---TPPC3_HUMAN",0.869450380705185,1.99168641237965,16.1219573492817,-10.3253209052897
"EIF3B_HUMAN---EIF3E_HUMAN",-11.0255159866448,24.2261336508485,-3.50499498626348,-2.35697287891133
"EIF3B_HUMAN---EIF3G_HUMAN",-24.9888865000026,10.9344622370959,10.172994332231,-0.19741831346959
"EIF3C_HUMAN---EIF3E_HUMAN",-11.0255159866448,24.2261336508485,-3.50499498626348,-2.35697287891133
"EIF3E_HUMAN---GPBL1_HUMAN",-11.0255159866448,24.2261336508485,-3.50499498626348,-2.35697287891133
"ESF1_HUMAN---SUMO2_HUMAN",-20.6205346638157,16.7412353197395,6.58572316465681,-6.02854492948283
"F122B_HUMAN---RAE1L_HUMAN",-18.0947424478028,19.2879605151717,4.06935285911887,-6.8431878617174
"FARP1_HUMAN---PP1A_HUMAN",-24.9888865000026,10.9344622370959,10.172994332231,-0.19741831346959
"FBX4_HUMAN---HS90B_HUMAN",-24.9888865000026,10.9344622370959,10.172994332231,-0.19741831346959
"FGR_HUMAN---KSYK_HUMAN",-20.6205346638157,16.7412353197395,6.58572316465681,-6.02854492948283
"FKB15_HUMAN---PP1A_HUMAN",-24.9888865000026,10.9344622370959,10.172994332231,-0.19741831346959
"FNBP4_HUMAN---KHDR1_HUMAN",-26.4231904363863,6.38635693365843,10.7693375636593,3.05910076672579
"FUBP2_HUMAN---HNRH1_HUMAN",-24.9888865000026,10.9344622370959,10.172994332231,-0.19741831346959
"FYN_HUMAN-->CAV1_HUMAN",-5.97617978632359,25.5839540584872,-6.78996750910144,2.37141882009873
"FYN_HUMAN---KHDR1_HUMAN",-26.4231904363863,6.38635693365843,10.7693375636593,3.05910076672579
"FYN_HUMAN---TM1L1_HUMAN",-26.4231904363863,6.38635693365843,10.7693375636593,3.05910076672579
"GLCI1_HUMAN---Q548N1_HUMAN",-24.9888865000026,10.9344622370959,10.172994332231,-0.19741831346959
"GNL1_HUMAN---TP4A1_HUMAN",-5.75382249656506,24.0996180419088,-4.47915158717757,1.99116529962598
"GRB2_HUMAN---KHDR1_HUMAN",-26.4231904363863,6.38635693365843,10.7693375636593,3.05910076672579
"GRB2_HUMAN---MEP50_HUMAN",-23.0408808305518,13.7147806498482,8.70551070896274,-4.51491626151551
"GRB2_HUMAN---WDR44_HUMAN",-15.6448854001309,21.543472696028,1.3805877869634,-6.60993528286578
"GSTP1_HUMAN---SFR19_HUMAN",-26.4231904363863,6.38635693365843,10.7693375636593,3.05910076672579
"H2AY_HUMAN---HDAC1_HUMAN",-5.97617978632359,25.5839540584872,-6.78996750910144,2.37141882009873
"HAUS6_HUMAN---YBOX3_HUMAN",-20.6205346638157,16.7412353197395,6.58572316465681,-6.02854492948283
"HDAC1_HUMAN---HDAC2_HUMAN",-5.97617978632359,25.5839540584872,-6.78996750910144,2.37141882009873
"HDAC1_HUMAN---MKX_HUMAN",-5.97617978632359,25.5839540584872,-6.78996750910144,2.37141882009873
"HDAC1_HUMAN---P66B_HUMAN",-5.97617978632359,25.5839540584872,-6.78996750910144,2.37141882009873
"HDAC1_HUMAN---RB_HUMAN",-5.97617978632359,25.5839540584872,-6.78996750910144,2.37141882009873
"HDAC1_HUMAN---SIN3A_HUMAN",-5.97617978632359,25.5839540584872,-6.78996750910144,2.37141882009873
"HDAC1_HUMAN---SUV91_HUMAN",-5.97617978632359,25.5839540584872,-6.78996750910144,2.37141882009873
"HDAC2_HUMAN---KDM5C_HUMAN",-23.0408808305518,13.7147806498482,8.70551070896274,-4.51491626151551
"HDAC2_HUMAN---PP6R3_HUMAN",-26.4231904363863,6.38635693365843,10.7693375636593,3.05910076672579
"HDGF_HUMAN---RBMX_HUMAN",-26.4231904363863,6.38635693365843,10.7693375636593,3.05910076672579
"HD_HUMAN---OPTN_HUMAN",-23.0408808305518,13.7147806498482,8.70551070896274,-4.51491626151551
"HD_HUMAN---PR40A_HUMAN",-23.0408808305518,13.7147806498482,8.70551070896274,-4.51491626151551
"HD_HUMAN---TRAD1_HUMAN",-23.0408808305518,13.7147806498482,8.70551070896274,-4.51491626151551
"HD_HUMAN---ZFY19_HUMAN",-23.0408808305518,13.7147806498482,8.70551070896274,-4.51491626151551
"HERC2_HUMAN---MDC1_HUMAN",-26.4231904363863,6.38635693365843,10.7693375636593,3.05910076672579
"HERC2_HUMAN---UBP16_HUMAN",-26.4231904363863,6.38635693365843,10.7693375636593,3.05910076672579
"HGS_HUMAN---TS101_HUMAN",-24.9888865000026,10.9344622370959,10.172994332231,-0.19741831346959
"HN1_HUMAN---IMA1_HUMAN",-26.4231904363863,6.38635693365843,10.7693375636593,3.05910076672579
"HNRL1_HUMAN---MEPCE_HUMAN",-0.00757510726550154,7.20161919318638,-5.15455934380467,4.70753316319396
"HNRPK_HUMAN---KHDR1_HUMAN",-26.4231904363863,6.38635693365843,10.7693375636593,3.05910076672579
"HNRPU_HUMAN---SMN_HUMAN",-18.0947424478028,19.2879605151717,4.06935285911887,-6.8431878617174
"HS90A_HUMAN---HSF1_HUMAN",2.93324661653505,24.1916042029996,-5.6180538612887,6.88166004778648
"HS90A_HUMAN---KKCC1_HUMAN",-13.3154281610201,23.2679384271196,-1.43082256875885,-5.14793699877561
"HS90A_HUMAN---MP2K7_HUMAN",-13.3154281610201,23.2679384271196,-1.43082256875885,-5.14793699877561
"HS90A_HUMAN---STIP1_HUMAN",-13.3154281610201,23.2679384271196,-1.43082256875885,-5.14793699877561
"HS90A_HUMAN---TBA1A_HUMAN",-13.3154281610201,23.2679384271196,-1.43082256875885,-5.14793699877561
"HS90A_HUMAN---TEBP_HUMAN",-13.3154281610201,23.2679384271196,-1.43082256875885,-5.14793699877561
"HS90B_HUMAN---KPCD1_HUMAN",-5.97617978632359,25.5839540584872,-6.78996750910144,2.37141882009873
"HS90B_HUMAN---KSR1_HUMAN",-24.9888865000026,10.9344622370959,10.172994332231,-0.19741831346959
"HS90B_HUMAN---LAR4B_HUMAN",-24.9888865000026,10.9344622370959,10.172994332231,-0.19741831346959
"HS90B_HUMAN---SG223_HUMAN",-24.9888865000026,10.9344622370959,10.172994332231,-0.19741831346959
"IF2B1_HUMAN---LYAR_HUMAN",-11.0876259191519,11.3535173440465,10.4504317225296,-15.7155561006212
"IMA1_HUMAN---JUN_HUMAN",-26.4231904363863,6.38635693365843,10.7693375636593,3.05910076672579
"IMA1_HUMAN---KLC4_HUMAN",-26.4231904363863,6.38635693365843,10.7693375636593,3.05910076672579
"IQGA1_HUMAN---KPRB_HUMAN",-20.6205346638157,16.7412353197395,6.58572316465681,-6.02854492948283
"IQGA1_HUMAN---PODXL_HUMAN",-26.4231904363863,6.38635693365843,10.7693375636593,3.05910076672579
"IRK12_HUMAN---SNTB1_HUMAN",-26.4231904363863,6.38635693365843,10.7693375636593,3.05910076672579
"KCRB_HUMAN---SUMO2_HUMAN",-11.0255159866448,24.2261336508485,-3.50499498626348,-2.35697287891133
"KCRB_HUMAN---TBCB_HUMAN",-8.64753150361688,24.9312990195842,-5.43345336338569,0.598582135138014
"KHDR1_HUMAN---LCK_HUMAN",-26.4231904363863,6.38635693365843,10.7693375636593,3.05910076672579
"KIF4A_HUMAN---MMS19_HUMAN",0.0395376094832298,25.0232851806749,-6.57235563749682,5.48907688329851
"KPCD1_HUMAN-->AKT1_HUMAN",-5.97617978632359,25.5839540584872,-6.78996750910144,2.37141882009873
"KPCD1_HUMAN-->BAD_HUMAN",-5.97617978632359,25.5839540584872,-6.78996750910144,2.37141882009873
"KPCD1_HUMAN-->COF1_HUMAN",-5.97617978632359,25.5839540584872,-6.78996750910144,2.37141882009873
"KPCD1_HUMAN-->CTNB1_HUMAN",-5.97617978632359,25.5839540584872,-6.78996750910144,2.37141882009873
"KPCD1_HUMAN---MK13_HUMAN",-5.97617978632359,25.5839540584872,-6.78996750910144,2.37141882009873
"KPCD1_HUMAN-->OSBP1_HUMAN",-5.97617978632359,25.5839540584872,-6.78996750910144,2.37141882009873
"KPRB_HUMAN---LRC47_HUMAN",-20.6205346638157,16.7412353197395,6.58572316465681,-6.02854492948283
"KSYK_HUMAN---LCK_HUMAN",-20.6205346638157,16.7412353197395,6.58572316465681,-6.02854492948283
"LARP4_HUMAN---SUMO2_HUMAN",-20.6205346638157,16.7412353197395,6.58572316465681,-6.02854492948283
"LCK_HUMAN---PSRC1_HUMAN",-18.0947424478028,19.2879605151717,4.06935285911887,-6.8431878617174
"LMTK2_HUMAN---MYO6_HUMAN",-23.0408808305518,13.7147806498482,8.70551070896274,-4.51491626151551
"LNX1_HUMAN---PHS_HUMAN",-20.6205346638157,16.7412353197395,6.58572316465681,-6.02854492948283
"LNX1_HUMAN---RBMX_HUMAN",-3.12969954506973,25.5499236908256,-7.63007534259842,4.56729739649841
"LNX1_HUMAN---S6A15_HUMAN",-20.6205346638157,16.7412353197395,6.58572316465681,-6.02854492948283
"LYAR_HUMAN---MBB1A_HUMAN",-6.30831163236916,15.3334952559944,4.95025629465187,-14.0203052376794
"LYAR_HUMAN---PWP1_HUMAN",-11.0876259191519,11.3535173440465,10.4504317225296,-15.7155561006212
"LYAR_HUMAN---SRP14_HUMAN",-11.0876259191519,11.3535173440465,10.4504317225296,-15.7155561006212
"MAGG1_HUMAN---TIF1B_HUMAN",-13.3154281610201,23.2679384271196,-1.43082256875885,-5.14793699877561
"MAP1B_HUMAN---PP1A_HUMAN",-24.9888865000026,10.9344622370959,10.172994332231,-0.19741831346959
"MBD1_HUMAN---MCAF1_HUMAN",-13.3154281610201,23.2679384271196,-1.43082256875885,-5.14793699877561
"MCAF1_HUMAN---SUMO2_HUMAN",-26.4231904363863,6.38635693365843,10.7693375636593,3.05910076672579
"MCM2_HUMAN---MCM6_HUMAN",-26.4231904363863,6.38635693365843,10.7693375636593,3.05910076672579
"MCM6_HUMAN---MCMBP_HUMAN",-26.4231904363863,6.38635693365843,10.7693375636593,3.05910076672579
"MCM6_HUMAN---SCNM1_HUMAN",-26.4231904363863,6.38635693365843,10.7693375636593,3.05910076672579
"MDC1_HUMAN---ML12A_HUMAN",-20.6205346638157,16.7412353197395,6.58572316465681,-6.02854492948283
"MDN1_HUMAN---PELP1_HUMAN",-26.4231904363863,6.38635693365843,10.7693375636593,3.05910076672579
"MED12_HUMAN---MED13_HUMAN",-24.9888865000026,10.9344622370959,10.172994332231,-0.19741831346959
"MED12_HUMAN---MED8_HUMAN",-24.9888865000026,10.9344622370959,10.172994332231,-0.19741831346959
"MED8_HUMAN---SUMO2_HUMAN",-24.9888865000026,10.9344622370959,10.172994332231,-0.19741831346959
"MEP50_HUMAN---SMYD1_HUMAN",-23.0408808305518,13.7147806498482,8.70551070896274,-4.51491626151551
"MEPCE_HUMAN---SRP72_HUMAN",-19.9187563927476,-4.63352384779109,11.1810267077565,-4.37468049481997
"MK01_HUMAN---YBOX3_HUMAN",-20.6205346638157,16.7412353197395,6.58572316465681,-6.02854492948283
"MK03_HUMAN-->SMAD2_HUMAN",-26.4231904363863,6.38635693365843,10.7693375636593,3.05910076672579
"MK13_HUMAN-->STMN1_HUMAN",-5.97617978632359,25.5839540584872,-6.78996750910144,2.37141882009873
"MMS19_HUMAN---NUP53_HUMAN",0.0395376094832298,25.0232851806749,-6.57235563749682,5.48907688329851
"MP2K7_HUMAN-->MK09_HUMAN",-26.4231904363863,6.38635693365843,10.7693375636593,3.05910076672579
"MYH9_HUMAN---SVIL_HUMAN",-5.97617978632359,25.5839540584872,-6.78996750910144,2.37141882009873
"NHRF1_HUMAN---PHAG1_HUMAN",-26.4231904363863,6.38635693365843,10.7693375636593,3.05910076672579
"NHRF1_HUMAN---YAP1_HUMAN",-26.4231904363863,6.38635693365843,10.7693375636593,3.05910076672579
"NKAP_HUMAN---PR40A_HUMAN",-26.4231904363863,6.38635693365843,10.7693375636593,3.05910076672579
"NOVA1_HUMAN---SRPK1_HUMAN",-15.6448854001309,21.543472696028,1.3805877869634,-6.60993528286578
"NSD1_HUMAN---ZN496_HUMAN",-26.4231904363863,6.38635693365843,10.7693375636593,3.05910076672579
"NUCL_HUMAN---NUP62_HUMAN",-20.6319348674325,8.81164148751644,6.65506808349966,-14.0025132835483
"NUP98_HUMAN---RAE1L_HUMAN",-18.0947424478028,19.2879605151717,4.06935285911887,-6.8431878617174
"ODPA_HUMAN---STIP1_HUMAN",-18.0947424478028,19.2879605151717,4.06935285911887,-6.8431878617174
"PCNP_HUMAN---TE2IP_HUMAN",-19.4160739077353,-1.54808623746673,17.15041642707,-5.81326747217799
"PP1A_HUMAN---PPR3D_HUMAN",-24.9888865000026,10.9344622370959,10.172994332231,-0.19741831346959
"PP1A_HUMAN---RB_HUMAN",-15.6448854001309,21.543472696028,1.3805877869634,-6.60993528286578
"PP1A_HUMAN---TOIP1_HUMAN",-24.9888865000026,10.9344622370959,10.172994332231,-0.19741831346959
"PP1A_HUMAN---ZFY16_HUMAN",-24.9888865000026,10.9344622370959,10.172994332231,-0.19741831346959
"PP1B_HUMAN---TIF1B_HUMAN",-13.3154281610201,23.2679384271196,-1.43082256875885,-5.14793699877561
"PR38A_HUMAN---SRPK1_HUMAN",-15.6448854001309,21.543472696028,1.3805877869634,-6.60993528286578
"PR40A_HUMAN---SF3A1_HUMAN",-26.4231904363863,6.38635693365843,10.7693375636593,3.05910076672579
"PRR12_HUMAN---PUM1_HUMAN",-26.4231904363863,6.38635693365843,10.7693375636593,3.05910076672579
"PSA3_HUMAN---PSA7_HUMAN",-5.97617978632359,25.5839540584872,-6.78996750910144,2.37141882009873
"PSA5_HUMAN---PSA7_HUMAN",-5.97617978632359,25.5839540584872,-6.78996750910144,2.37141882009873
"PSA7_HUMAN---SAMD1_HUMAN",-5.97617978632359,25.5839540584872,-6.78996750910144,2.37141882009873
"Q548N1_HUMAN---TS101_HUMAN",-24.9888865000026,10.9344622370959,10.172994332231,-0.19741831346959
"Q6FIE9_HUMAN---WRIP1_HUMAN",-23.0408808305518,13.7147806498482,8.70551070896274,-4.51491626151551
"RAD50_HUMAN---TERF2_HUMAN",-24.9888865000026,10.9344622370959,10.172994332231,-0.19741831346959
"RAE1L_HUMAN---WDR75_HUMAN",-18.0947424478028,19.2879605151717,4.06935285911887,-6.8431878617174
"RAM_HUMAN---RBMX_HUMAN",-26.4231904363863,6.38635693365843,10.7693375636593,3.05910076672579
"RBM10_HUMAN---SF3A1_HUMAN",-26.4231904363863,6.38635693365843,10.7693375636593,3.05910076672579
"RBM10_HUMAN---SUGP1_HUMAN",-26.4231904363863,6.38635693365843,10.7693375636593,3.05910076672579
"RBM39_HUMAN---SRPK2_HUMAN",-20.6205346638157,16.7412353197395,6.58572316465681,-6.02854492948283
"RB_HUMAN---SMCA4_HUMAN",-15.6448854001309,21.543472696028,1.3805877869634,-6.60993528286578
"RECQ4_HUMAN---TE2IP_HUMAN",-26.4231904363863,6.38635693365843,10.7693375636593,3.05910076672579
"RLA1_HUMAN---SMAP_HUMAN",-26.4231904363863,6.38635693365843,10.7693375636593,3.05910076672579
"RLA1_HUMAN---XRCC6_HUMAN",-26.4231904363863,6.38635693365843,10.7693375636593,3.05910076672579
"RNF31_HUMAN---TNFA_HUMAN",-26.4231904363863,6.38635693365843,10.7693375636593,3.05910076672579
"ROCK1_HUMAN---TS101_HUMAN",-24.9888865000026,10.9344622370959,10.172994332231,-0.19741831346959
"RU17_HUMAN---SRPK1_HUMAN",-15.6448854001309,21.543472696028,1.3805877869634,-6.60993528286578
"RU17_HUMAN---ZRAB2_HUMAN",-15.6448854001309,21.543472696028,1.3805877869634,-6.60993528286578
"RUSD2_HUMAN---WRIP1_HUMAN",-7.47777183934124,0.828259954643227,18.5140500229591,-12.2267600057528
"S38A2_HUMAN---STX11_HUMAN",-26.4231904363863,6.38635693365843,10.7693375636593,3.05910076672579
"SC16A_HUMAN---TNFA_HUMAN",-26.4231904363863,6.38635693365843,10.7693375636593,3.05910076672579
"SCAM3_HUMAN---TS101_HUMAN",-24.9888865000026,10.9344622370959,10.172994332231,-0.19741831346959
"SIN3A_HUMAN---SMRC1_HUMAN",-26.4231904363863,6.38635693365843,10.7693375636593,3.05910076672579
"SIR1_HUMAN---XRCC6_HUMAN",-10.5955371730677,22.1509806068319,-3.96596974011744,4.91608008318394
"SKA1_HUMAN---SKA3_HUMAN",-26.4231904363863,6.38635693365843,10.7693375636593,3.05910076672579
"SMN_HUMAN---WAP53_HUMAN",-18.0947424478028,19.2879605151717,4.06935285911887,-6.8431878617174
"SMYD1_HUMAN---TTC33_HUMAN",-23.0408808305518,13.7147806498482,8.70551070896274,-4.51491626151551
"SNUT1_HUMAN---SUMO2_HUMAN",-13.3154281610201,23.2679384271196,-1.43082256875885,-5.14793699877561
"SPTN1_HUMAN---TP4A1_HUMAN",-5.75382249656506,24.0996180419088,-4.47915158717757,1.99116529962598
"SRPK1_HUMAN-->RBM8A_HUMAN",-15.6448854001309,21.543472696028,1.3805877869634,-6.60993528286578
"SRPK1_HUMAN---WDR55_HUMAN",-15.6448854001309,21.543472696028,1.3805877869634,-6.60993528286578
"SSRP1_HUMAN---SUMO2_HUMAN",-26.4231904363863,6.38635693365843,10.7693375636593,3.05910076672579
"STML2_HUMAN---TRM7_HUMAN",-26.4231904363863,6.38635693365843,10.7693375636593,3.05910076672579
"SUMO2_HUMAN---TIF1B_HUMAN",-13.3154281610201,23.2679384271196,-1.43082256875885,-5.14793699877561
"SUMO2_HUMAN---TOP2A_HUMAN",-26.4231904363863,6.38635693365843,10.7693375636593,3.05910076672579
"SUMO2_HUMAN---UIMC1_HUMAN",-26.4231904363863,6.38635693365843,10.7693375636593,3.05910076672579
"SUMO2_HUMAN---XPC_HUMAN",-11.0255159866448,24.2261336508485,-3.50499498626348,-2.35697287891133
"SUMO2_HUMAN---ZC11A_HUMAN",-15.6448854001309,21.543472696028,1.3805877869634,-6.60993528286578
"SUMO2_HUMAN---ZEB1_HUMAN",-8.64753150361688,24.9312990195842,-5.43345336338569,0.598582135138014
"TE2IP_HUMAN---TERF2_HUMAN",-24.9888865000026,10.9344622370959,10.172994332231,-0.19741831346959
"TERF2_HUMAN---ZN703_HUMAN",-24.9888865000026,10.9344622370959,10.172994332231,-0.19741831346959
"TIF1B_HUMAN---ZN496_HUMAN",-13.3154281610201,23.2679384271196,-1.43082256875885,-5.14793699877561
"TNFA_HUMAN---TRAF2_HUMAN",-26.4231904363863,6.38635693365843,10.7693375636593,3.05910076672579
"TPC12_HUMAN---TPPC3_HUMAN",0.869450380705185,1.99168641237965,16.1219573492817,-10.3253209052897
"TS101_HUMAN---VRK3_HUMAN",-24.9888865000026,10.9344622370959,10.172994332231,-0.19741831346959
"AKT1_HUMAN-->CDK2_HUMAN",20.0662053568099,12.9694687409893,-5.30823061402321,11.6845224052857
"AP3D1_HUMAN---MYC_HUMAN",23.164334627297,13.55944794466,2.60200403501814,7.70851667905479
"ARHG7_HUMAN---NAA10_HUMAN",3.50418679759393,4.18573294267462,16.1566373233545,3.35960034631342
"ARMX3_HUMAN---CSK21_HUMAN",6.03791875749757,23.3400520571456,-4.58962469195927,7.89147682784957
"ASCC1_HUMAN---JUN_HUMAN",6.03791875749757,23.3400520571456,-4.58962469195927,7.89147682784957
"ASCC1_HUMAN---TM87A_HUMAN",6.03791875749757,23.3400520571456,-4.58962469195927,7.89147682784957
"ASPM_HUMAN---P53_HUMAN",20.5688878418221,16.0549063513137,0.661159105290285,10.2459354279277
"ATRX_HUMAN---Z512B_HUMAN",25.6044149603454,10.7149187264876,4.6755431267589,4.7127330631526
"BRD3_HUMAN---MYC_HUMAN",23.164334627297,13.55944794466,2.60200403501814,7.70851667905479
"CAND1_HUMAN---CUL4B_HUMAN",20.5688878418221,16.0549063513137,0.661159105290285,10.2459354279277
"CAND1_HUMAN---DDX55_HUMAN",20.5688878418221,16.0549063513137,0.661159105290285,10.2459354279277
"CAND1_HUMAN---DHX57_HUMAN",20.5688878418221,16.0549063513137,0.661159105290285,10.2459354279277
"CAND1_HUMAN---HACD3_HUMAN",20.5688878418221,16.0549063513137,0.661159105290285,10.2459354279277
"CAND1_HUMAN---MCM9_HUMAN",20.5688878418221,16.0549063513137,0.661159105290285,10.2459354279277
"CAND1_HUMAN---MEPCE_HUMAN",20.5688878418221,16.0549063513137,0.661159105290285,10.2459354279277
"CAND1_HUMAN---PCNP_HUMAN",20.5688878418221,16.0549063513137,0.661159105290285,10.2459354279277
"CAND1_HUMAN---PWP1_HUMAN",20.5688878418221,16.0549063513137,0.661159105290285,10.2459354279277
"CAND1_HUMAN---SRP72_HUMAN",20.5688878418221,16.0549063513137,0.661159105290285,10.2459354279277
"CDCA5_HUMAN---SMC3_HUMAN",6.03791875749757,23.3400520571456,-4.58962469195927,7.89147682784957
"CEBPZ_HUMAN---P53_HUMAN",20.5688878418221,16.0549063513137,0.661159105290285,10.2459354279277
"CHIP_HUMAN---P53_HUMAN",20.5688878418221,16.0549063513137,0.661159105290285,10.2459354279277
"CSK21_HUMAN---ZC3HD_HUMAN",20.5688878418221,16.0549063513137,0.661159105290285,10.2459354279277
"CTF18_HUMAN---SUMO2_HUMAN",9.03794561648277,22.3562522454276,-3.73068681065288,8.56520747696322
"DC1L1_HUMAN---MD2L1_HUMAN",25.6044149603454,10.7149187264876,4.6755431267589,4.7127330631526
"EGLN1_HUMAN---ING4_HUMAN",0.121877191759438,-3.1426907735151,18.220464178051,10.9336173745547
"FRIH_HUMAN---IMA1_HUMAN",25.6044149603454,10.7149187264876,4.6755431267589,4.7127330631526
"GCP60_HUMAN---PI4KB_HUMAN",12.0128953792625,21.0069838753934,-2.76630134529539,9.08541093326116
"GCP60_HUMAN---RUSD2_HUMAN",12.0128953792625,21.0069838753934,-2.76630134529539,9.08541093326116
"HDAC1_HUMAN---MTG8_HUMAN",20.5688878418221,16.0549063513137,0.661159105290285,10.2459354279277
"HDAC1_HUMAN---MYC_HUMAN",23.164334627297,13.55944794466,2.60200403501814,7.70851667905479
"HDAC1_HUMAN---P53_HUMAN",20.5688878418221,16.0549063513137,0.661159105290285,10.2459354279277
"HTSF1_HUMAN---Z512B_HUMAN",25.6044149603454,10.7149187264876,4.6755431267589,4.7127330631526
"IF2B1_HUMAN---TRM7_HUMAN",13.6747437896224,7.70140807323788,6.7648005784024,16.8917049761755
"IMA3_HUMAN---P53_HUMAN",20.5688878418221,16.0549063513137,0.661159105290285,10.2459354279277
"ING4_HUMAN---KAT7_HUMAN",0.121877191759438,-3.1426907735151,18.220464178051,10.9336173745547
"ING4_HUMAN---P53_HUMAN",20.5688878418221,16.0549063513137,0.661159105290285,10.2459354279277
"KAP2_HUMAN---MTG8_HUMAN",20.5688878418221,16.0549063513137,0.661159105290285,10.2459354279277
"KPCD1_HUMAN-->PI4KB_HUMAN",12.0128953792625,21.0069838753934,-2.76630134529539,9.08541093326116
"MA7D1_HUMAN---MYC_HUMAN",23.164334627297,13.55944794466,2.60200403501814,7.70851667905479
"MARK2_HUMAN-->RFIP2_HUMAN",25.6044149603454,10.7149187264876,4.6755431267589,4.7127330631526
"MTG8_HUMAN---OTUD4_HUMAN",20.5688878418221,16.0549063513137,0.661159105290285,10.2459354279277
"MYC_HUMAN---NOC2L_HUMAN",23.164334627297,13.55944794466,2.60200403501814,7.70851667905479
"MYC_HUMAN---NOL9_HUMAN",23.164334627297,13.55944794466,2.60200403501814,7.70851667905479
"MYH10_HUMAN---Z512B_HUMAN",25.6044149603454,10.7149187264876,4.6755431267589,4.7127330631526
"NPM_HUMAN---PPIL4_HUMAN",25.6044149603454,10.7149187264876,4.6755431267589,4.7127330631526
"OXSR1_HUMAN---SCFD1_HUMAN",9.03794561648277,22.3562522454276,-3.73068681065288,8.56520747696322
"P53_HUMAN---PSME3_HUMAN",20.5688878418221,16.0549063513137,0.661159105290285,10.2459354279277
"P53_HUMAN---TP53B_HUMAN",20.5688878418221,16.0549063513137,0.661159105290285,10.2459354279277
"P53_HUMAN---TPC11_HUMAN",20.5688878418221,16.0549063513137,0.661159105290285,10.2459354279277
"PSMG1_HUMAN---PSMG2_HUMAN",23.164334627297,13.55944794466,2.60200403501814,7.70851667905479
"PSMG2_HUMAN---S35F6_HUMAN",23.164334627297,13.55944794466,2.60200403501814,7.70851667905479
"RB_HUMAN---TFDP1_HUMAN",12.0128953792625,21.0069838753934,-2.76630134529539,9.08541093326116
"RFIP1_HUMAN---RFIP2_HUMAN",25.6044149603454,10.7149187264876,4.6755431267589,4.7127330631526
"S35F6_HUMAN---SPS1_HUMAN",23.164334627297,13.55944794466,2.60200403501814,7.70851667905479
"SAT1_HUMAN---SPS1_HUMAN",23.164334627297,13.55944794466,2.60200403501814,7.70851667905479
"SEPT2_HUMAN---SEPT9_HUMAN",23.164334627297,13.55944794466,2.60200403501814,7.70851667905479
"TERF2_HUMAN---WDR4_HUMAN",23.164334627297,13.55944794466,2.60200403501814,7.70851667905479
"TPC11_HUMAN---TPC12_HUMAN",20.5688878418221,16.0549063513137,0.661159105290285,10.2459354279277
"WNK1_HUMAN-->OXSR1_HUMAN",9.03794561648277,22.3562522454276,-3.73068681065288,8.56520747696322
"TFP11_HUMAN---TPPC4_HUMAN",7.29048008203255,4.58069053034212,8.07069704648928,5.88562062213564
"TPC12_HUMAN---TPPC4_HUMAN",7.29048008203255,4.58069053034212,8.07069704648928,5.88562062213564
"CBL_HUMAN---GRB2_HUMAN",19.7838014590538,10.8693548786699,-1.470361801298,-4.14760477176245
"NOC2L_HUMAN---PWP1_HUMAN",24.9805575849982,10.6159215868422,5.10139303897315,3.91098593789676
"ALDOC_HUMAN---GNL1_HUMAN",22.3043108803933,8.24697878912821,8.0163945696151,-2.97457098951342
"ALDOC_HUMAN---NSF1C_HUMAN",22.3043108803933,8.24697878912821,8.0163945696151,-2.97457098951342
"4ET_HUMAN---BCL6_HUMAN",27.0733218854609,5.03502556986415,1.07284824938751,2.8121541663819
"ACTB_HUMAN---CBL_HUMAN",27.0733218854609,5.03502556986415,1.07284824938751,2.8121541663819
"AFAD_HUMAN---RRAS2_HUMAN",27.4724524623121,-1.47378678425736,-7.50616934536235,-5.825829361682
"AKT1_HUMAN-->DNMT1_HUMAN",16.2567908730651,-14.3222189305943,6.2997178987387,9.99163783581362
"BACH2_HUMAN---BCL6_HUMAN",27.0733218854609,5.03502556986415,1.07284824938751,2.8121541663819
"BACH_HUMAN---CDK2_HUMAN",27.0733218854609,5.03502556986415,1.07284824938751,2.8121541663819
"BCL6_HUMAN---BCOR_HUMAN",27.0733218854609,5.03502556986415,1.07284824938751,2.8121541663819
"BCL6_HUMAN---CDK19_HUMAN",27.0733218854609,5.03502556986415,1.07284824938751,2.8121541663819
"BCL6_HUMAN---SIN3A_HUMAN",27.0733218854609,5.03502556986415,1.07284824938751,2.8121541663819
"CCNK_HUMAN---T22D4_HUMAN",27.5106784384525,2.7263419538315,-3.34428921801768,-3.33627698152215
"CDK19_HUMAN---MED12_HUMAN",27.0733218854609,5.03502556986415,1.07284824938751,2.8121541663819
"CDK2_HUMAN-->ADDA_HUMAN",27.0733218854609,5.03502556986415,1.07284824938751,2.8121541663819
"CDK2_HUMAN---DESP_HUMAN",27.0733218854609,5.03502556986415,1.07284824938751,2.8121541663819
"CDK2_HUMAN-->KMT2D_HUMAN",27.0733218854609,5.03502556986415,1.07284824938751,2.8121541663819
"CDK2_HUMAN-->PO2F1_HUMAN",27.0733218854609,5.03502556986415,1.07284824938751,2.8121541663819
"CDK2_HUMAN-->RHG19_HUMAN",27.0733218854609,5.03502556986415,1.07284824938751,2.8121541663819
"CDK2_HUMAN-->SF3B1_HUMAN",27.0733218854609,5.03502556986415,1.07284824938751,2.8121541663819
"CDK2_HUMAN-->TOIP1_HUMAN",27.0733218854609,5.03502556986415,1.07284824938751,2.8121541663819
"CEBPZ_HUMAN---DDX55_HUMAN",9.98161734356619,-10.2824751553435,6.70962916189288,-16.4216716876632
"CEBPZ_HUMAN---RBM34_HUMAN",9.58248676671493,-3.77366280122198,15.2886467566427,-7.78368815959934
"CEBPZ_HUMAN---SUMO2_HUMAN",27.4724524623121,-1.47378678425736,-7.50616934536235,-5.825829361682
"CHD4_HUMAN---SUMO2_HUMAN",27.4724524623121,-1.47378678425736,-7.50616934536235,-5.825829361682
"CPSF7_HUMAN---CSK21_HUMAN",27.0733218854609,5.03502556986415,1.07284824938751,2.8121541663819
"CSK21_HUMAN-->IF5_HUMAN",27.0733218854609,5.03502556986415,1.07284824938751,2.8121541663819
"CSK21_HUMAN---SIN3A_HUMAN",27.0350959093205,0.834896831775295,-3.08903187795716,0.322601786222049
"DDX21_HUMAN---SUMO2_HUMAN",27.4724524623121,-1.47378678425736,-7.50616934536235,-5.825829361682
"EGFR_HUMAN---PTK6_HUMAN",27.0733218854609,5.03502556986415,1.07284824938751,2.8121541663819
"GRB2_HUMAN---PRC2A_HUMAN",27.0350959093205,0.834896831775295,-3.08903187795716,0.322601786222049
"H2AY_HUMAN---SUMO2_HUMAN",27.4724524623121,-1.47378678425736,-7.50616934536235,-5.825829361682
"IF5_HUMAN---PUM1_HUMAN",27.0733218854609,5.03502556986415,1.07284824938751,2.8121541663819
"IF5_HUMAN---TBCB_HUMAN",27.0733218854609,5.03502556986415,1.07284824938751,2.8121541663819
"LRC47_HUMAN---RHG19_HUMAN",27.0733218854609,5.03502556986415,1.07284824938751,2.8121541663819
"OSBP1_HUMAN---PI4KA_HUMAN",27.4724524623121,-1.47378678425736,-7.50616934536235,-5.825829361682
"PGAM1_HUMAN---PKP4_HUMAN",25.6007919729368,-3.71320847166219,-2.49268864652889,3.57912086641743
"PKN2_HUMAN---SCG1_HUMAN",25.6390179490772,0.486920266426666,1.66919148081578,6.06867324657729
"PTK6_HUMAN-->AKT1_HUMAN",27.0733218854609,5.03502556986415,1.07284824938751,2.8121541663819
"PTK6_HUMAN-->BCAR1_HUMAN",27.0733218854609,5.03502556986415,1.07284824938751,2.8121541663819
"SUMO2_HUMAN---TIM_HUMAN",27.0733218854609,5.03502556986415,1.07284824938751,2.8121541663819
"UBL7_HUMAN---ZYX_HUMAN",27.4724524623121,-1.47378678425736,-7.50616934536235,-5.825829361682
"1433G_HUMAN---PAK4_HUMAN",25.6279987010222,5.34014476743626,8.50972159196925,5.69106513706981
"1433G_HUMAN---PR40A_HUMAN",24.1936947646386,0.79203946399878,9.10606482339752,8.94758421726519
"AKA10_HUMAN---NHRF1_HUMAN",7.12899372041038,-11.0771339446403,24.6015430414617,2.06124913565094
"AKT1_HUMAN-->YBOX1_HUMAN",18.2320032706013,-2.48854727874363,15.8346445139686,7.78608415842008
"ARHG7_HUMAN---LAP2_HUMAN",25.6279987010222,5.34014476743626,8.50972159196925,5.69106513706981
"ARHGB_HUMAN---GSK3A_HUMAN",26.0653552540138,3.03146115140361,4.09258412456406,-0.457366010834241
"CDK5_HUMAN---HS90B_HUMAN",15.9025460314906,-4.21301300983515,18.6460548696908,6.32408587432991
"CDK5_HUMAN-->PP1A_HUMAN",25.6279987010222,5.34014476743626,8.50972159196925,5.69106513706981
"CYTSA_HUMAN---RIPK3_HUMAN",24.1936947646386,0.79203946399878,9.10606482339752,8.94758421726519
"DC1L2_HUMAN---YBOX1_HUMAN",18.2320032706013,-2.48854727874363,15.8346445139686,7.78608415842008
"DDA1_HUMAN---PWP1_HUMAN",20.6818603182733,-0.233035097887289,13.1458794418131,8.0193367372717
"EF1A1_HUMAN---XRN2_HUMAN",25.6279987010222,5.34014476743626,8.50972159196925,5.69106513706981
"EGFR_HUMAN---IQGA1_HUMAN",9.80034543770367,-10.4244789057372,23.245028895746,3.83408582061167
"EIF3B_HUMAN---EIF3C_HUMAN",12.1783299207316,-9.71931353700159,21.3165705186237,6.78964083466101
"EIF3G_HUMAN---PKN2_HUMAN",16.0329800238514,-2.14475356367277,18.6004397428895,2.01949308649831
"EPS15_HUMAN---LAPM5_HUMAN",25.6279987010222,5.34014476743626,8.50972159196925,5.69106513706981
"FGR_HUMAN---KHDR1_HUMAN",21.7733485979025,-2.23441520589256,11.2258523677035,10.4612128852325
"GSTP1_HUMAN---TRAF2_HUMAN",24.1936947646386,0.79203946399878,9.10606482339752,8.94758421726519
"HDAC2_HUMAN---P66B_HUMAN",7.12899372041038,-11.0771339446403,24.6015430414617,2.06124913565094
"HNRL1_HUMAN---PR40A_HUMAN",4.28251347915653,-11.0431035769787,25.4416508749587,-0.134629440748733
"HS90B_HUMAN---KKCC1_HUMAN",15.9025460314906,-4.21301300983515,18.6460548696908,6.32408587432991
"HS90B_HUMAN---MKX_HUMAN",8.56329765679404,-6.52902864120279,24.0051998100334,-1.19526994454444
"HS90B_HUMAN---MP2K7_HUMAN",15.9025460314906,-4.21301300983515,18.6460548696908,6.32408587432991
"HS90B_HUMAN---STIP1_HUMAN",15.9025460314906,-4.21301300983515,18.6460548696908,6.32408587432991
"IQGA1_HUMAN---LRC47_HUMAN",21.7733485979025,-2.23441520589256,11.2258523677035,10.4612128852325
"KS6A1_HUMAN-->BAD_HUMAN",22.9566469837289,4.68748972853323,9.86623573768501,3.91822845210909
"LAPM5_HUMAN---TM1L2_HUMAN",25.6279987010222,5.34014476743626,8.50972159196925,5.69106513706981
"LCK_HUMAN---RHG17_HUMAN",5.71681741554019,-6.49499827354121,24.8453076435304,-3.39114852094411
"LIMA1_HUMAN---RIPK3_HUMAN",24.1936947646386,0.79203946399878,9.10606482339752,8.94758421726519
"MYO6_HUMAN---RIPK3_HUMAN",25.6279987010222,5.34014476743626,8.50972159196925,5.69106513706981
"PP1A_HUMAN---TBCB_HUMAN",25.6279987010222,5.34014476743626,8.50972159196925,5.69106513706981
"PP1A_HUMAN---WDR82_HUMAN",5.71681741554019,-6.49499827354121,24.8453076435304,-3.39114852094411
"PR40A_HUMAN---VINC_HUMAN",24.1936947646386,0.79203946399878,9.10606482339752,8.94758421726519
"RIPK3_HUMAN---SPTN1_HUMAN",24.1936947646386,0.79203946399878,9.10606482339752,8.94758421726519
"RIPK3_HUMAN---TRAF2_HUMAN",24.1936947646386,0.79203946399878,9.10606482339752,8.94758421726519
"SUMO2_HUMAN---ZN496_HUMAN",14.4682420951069,-8.76111831327263,19.2423981011191,9.58060495452529
"UNK_HUMAN---ZFY19_HUMAN",24.1936947646386,0.79203946399878,9.10606482339752,8.94758421726519
"AKA12_HUMAN---DC1L1_HUMAN",13.6265145790283,-0.43409311804656,16.6492443296911,-6.54714641014492
"APC1_HUMAN---CDC20_HUMAN",24.7295241292192,8.15449354785008,7.88234580219799,-0.822311387375789
"F122A_HUMAN---TE2IP_HUMAN",19.680187928898,6.7966731402114,11.1673183250359,-5.55070308638585
"IMA1_HUMAN---MEPCE_HUMAN",7.66482308499102,-3.71467986078897,23.3778240202622,-7.70864646899004
"JUN_HUMAN---RB_HUMAN",15.060818515412,4.11401218539092,16.0529010982628,-9.80366549034031
"LNX1_HUMAN---SAT1_HUMAN",10.0851692517271,-0.688225190897631,21.2580364759562,-9.22227513695735
"LNX1_HUMAN---STRN_HUMAN",10.0851692517271,-0.688225190897631,21.2580364759562,-9.22227513695735
"STRN3_HUMAN---STRN_HUMAN",10.0851692517271,-0.688225190897631,21.2580364759562,-9.22227513695735
"APC1_HUMAN---B4DL80_HUMAN",20.5786504739591,4.73263685663238,13.8562791190501,-5.83495022897991
"ARHG7_HUMAN---PAK1_HUMAN",12.1474816840058,-14.1529728471065,13.1985276777278,-9.12139565549816
"ATM_HUMAN-->CCDC6_HUMAN",20.2367559957766,5.80444754882087,12.4013829090436,-6.14578862985045
"B4DL80_HUMAN---MD2L1_HUMAN",20.5786504739591,4.73263685663238,13.8562791190501,-5.83495022897991
"B4DL80_HUMAN---MDC1_HUMAN",20.5786504739591,4.73263685663238,13.8562791190501,-5.83495022897991
"CDC42_HUMAN---PAK1_HUMAN",11.7483511071545,-7.64416049298499,21.7775452724777,-0.483412127434255
"HDAC2_HUMAN---RB_HUMAN",17.9072987566658,4.07998181772934,15.2127932647658,-7.60778691394063
"HDAC2_HUMAN---SUV91_HUMAN",10.5113033262449,-3.74871022845055,22.5377161867652,-5.51276789259036
"PAK1_HUMAN-->BAD_HUMAN",11.7483511071545,-7.64416049298499,21.7775452724777,-0.483412127434255
"PAK1_HUMAN-->PCBP1_HUMAN",11.7101251310141,-11.8442892310738,17.615665145133,-2.97296450759411
"PAK1_HUMAN-->PGAM1_HUMAN",12.1474816840058,-14.1529728471065,13.1985276777278,-9.12139565549816
"PAK1_HUMAN-->STMN1_HUMAN",12.1474816840058,-14.1529728471065,13.1985276777278,-9.12139565549816
"PAK1_HUMAN-->TBCB_HUMAN",12.1474816840058,-14.1529728471065,13.1985276777278,-9.12139565549816
"PSA3_HUMAN---PSA5_HUMAN",20.2367559957766,5.80444754882087,12.4013829090436,-6.14578862985045
"CSK21_HUMAN-->CTNA1_HUMAN",24.9046526531798,7.46780814128546,8.39875211441676,-0.399269495936834
"LNX1_HUMAN---PKP4_HUMAN",24.9046526531798,7.46780814128546,8.39875211441676,-0.399269495936834
"HS90A_HUMAN---HS90B_HUMAN",25.2860921960978,7.16226795645954,9.11641038620563,-1.41739693084039
"PKN2_HUMAN---PLCG1_HUMAN",16.5466817569186,-3.91254045435802,17.7292993510496,0.958514218647772
"CHIP_HUMAN---HS90B_HUMAN",17.8505517009414,-1.43269459708291,17.1785712464226,2.00658792628398
"DDX21_HUMAN---LYAR_HUMAN",22.7966900836903,4.14048526824064,12.5424133965787,-0.321683673917901
"KSYK_HUMAN---TBA1A_HUMAN",20.2708978676775,1.59376007280842,15.0587837021167,0.492959258316669
"CTNB1_HUMAN---TBA1A_HUMAN",25.1556582037369,5.09400851029717,9.16202551300694,2.8871958569912
"LMTK2_HUMAN-->PP1A_HUMAN",20.1800089400521,0.291771134008613,14.3671608907003,3.46858621037416
"DLG1_HUMAN---DLG3_HUMAN",26.1417004340894,3.57235787675102,7.63858120012927,4.63008626921927
"EGFR_HUMAN---STIP1_HUMAN",26.1417004340894,3.57235787675102,7.63858120012927,4.63008626921927
"IQGA1_HUMAN---MK01_HUMAN",26.1417004340894,3.57235787675102,7.63858120012927,4.63008626921927
"JUN_HUMAN---MP2K7_HUMAN",26.1417004340894,3.57235787675102,7.63858120012927,4.63008626921927
"KSR1_HUMAN---MP2K2_HUMAN",26.1417004340894,3.57235787675102,7.63858120012927,4.63008626921927
"MAP1B_HUMAN---PHS_HUMAN",26.1417004340894,3.57235787675102,7.63858120012927,4.63008626921927
"MK01_HUMAN-->MED1_HUMAN",26.1417004340894,3.57235787675102,7.63858120012927,4.63008626921927
"MK01_HUMAN---MP2K2_HUMAN",26.1417004340894,3.57235787675102,7.63858120012927,4.63008626921927
"MP2K2_HUMAN-->MK03_HUMAN",26.1417004340894,3.57235787675102,7.63858120012927,4.63008626921927
"RAD50_HUMAN---TE2IP_HUMAN",26.1417004340894,3.57235787675102,7.63858120012927,4.63008626921927
"ROCK1_HUMAN---SMAD2_HUMAN",26.1417004340894,3.57235787675102,7.63858120012927,4.63008626921927
"TE2IP_HUMAN---TOIP1_HUMAN",26.1417004340894,3.57235787675102,7.63858120012927,4.63008626921927
"CUL4B_HUMAN---VPRBP_HUMAN",24.8356006985889,9.85089911037351,5.84192237204317,0.855990791756696
"CSK21_HUMAN---WDR55_HUMAN",22.6003551067883,3.31822580389995,12.2473733463944,1.95495754240684
"1433G_HUMAN---KANK1_HUMAN",27.5377783943327,3.92033444209965,2.88035784135633,-1.11598519113597
"1433G_HUMAN---PARD3_HUMAN",27.5377783943327,3.92033444209965,2.88035784135633,-1.11598519113597
"AMOT_HUMAN---PARD3_HUMAN",27.9751349473243,1.611650826067,-1.53677962604886,-7.26441633904002
"ANXA2_HUMAN---VINC_HUMAN",27.5377783943327,3.92033444209965,2.88035784135633,-1.11598519113597
"ARHGB_HUMAN---MAP1B_HUMAN",27.5377783943327,3.92033444209965,2.88035784135633,-1.11598519113597
"ATX1_HUMAN---ATX2_HUMAN",27.5377783943327,3.92033444209965,2.88035784135633,-1.11598519113597
"ATX1_HUMAN---TRAF2_HUMAN",27.5377783943327,3.92033444209965,2.88035784135633,-1.11598519113597
"ATX2_HUMAN---PLSL_HUMAN",27.5377783943327,3.92033444209965,2.88035784135633,-1.11598519113597
"ATX2_HUMAN---SCG1_HUMAN",27.5377783943327,3.92033444209965,2.88035784135633,-1.11598519113597
"BCLF1_HUMAN---CSK21_HUMAN",27.5377783943327,3.92033444209965,2.88035784135633,-1.11598519113597
"BCLF1_HUMAN---EGFR_HUMAN",27.5377783943327,3.92033444209965,2.88035784135633,-1.11598519113597
"CDK1_HUMAN-->KI67_HUMAN",27.9751349473243,1.611650826067,-1.53677962604886,-7.26441633904002
"CSK21_HUMAN---MCRS1_HUMAN",27.5377783943327,3.92033444209965,2.88035784135633,-1.11598519113597
"DYR1B_HUMAN-->SF3B1_HUMAN",27.5377783943327,3.92033444209965,2.88035784135633,-1.11598519113597
"EIF3B_HUMAN---IF4B_HUMAN",27.5377783943327,3.92033444209965,2.88035784135633,-1.11598519113597
"ETS1_HUMAN---LAS1L_HUMAN",27.5377783943327,3.92033444209965,2.88035784135633,-1.11598519113597
"FUBP1_HUMAN---SRRM1_HUMAN",27.5377783943327,3.92033444209965,2.88035784135633,-1.11598519113597
"KANK1_HUMAN---KI21A_HUMAN",27.5377783943327,3.92033444209965,2.88035784135633,-1.11598519113597
"LA_HUMAN---NUCL_HUMAN",27.5377783943327,3.92033444209965,2.88035784135633,-1.11598519113597
"MBB1A_HUMAN---SUMO2_HUMAN",27.9751349473243,1.611650826067,-1.53677962604886,-7.26441633904002
"NELFE_HUMAN---SRPK2_HUMAN",27.5377783943327,3.92033444209965,2.88035784135633,-1.11598519113597
"PP1B_HUMAN---WDR82_HUMAN",27.5377783943327,3.92033444209965,2.88035784135633,-1.11598519113597
"WAP53_HUMAN---WAPL_HUMAN",27.9751349473243,1.611650826067,-1.53677962604886,-7.26441633904002
"1433G_HUMAN---ACINU_HUMAN",28.0133609234647,5.81177956415585,2.62510050129581,-4.77486395888016
"1433G_HUMAN---NELFE_HUMAN",28.0133609234647,5.81177956415585,2.62510050129581,-4.77486395888016
"1433G_HUMAN---PPR3D_HUMAN",28.0133609234647,5.81177956415585,2.62510050129581,-4.77486395888016
"1433G_HUMAN---SPN90_HUMAN",28.0133609234647,5.81177956415585,2.62510050129581,-4.77486395888016
"1433G_HUMAN---WNK1_HUMAN",28.0133609234647,5.81177956415585,2.62510050129581,-4.77486395888016
"1433G_HUMAN---YAP1_HUMAN",28.0133609234647,5.81177956415585,2.62510050129581,-4.77486395888016
"ABL2_HUMAN-->CRK_HUMAN",28.0133609234647,5.81177956415585,2.62510050129581,-4.77486395888016
"ABL2_HUMAN---PLCG1_HUMAN",28.0133609234647,5.81177956415585,2.62510050129581,-4.77486395888016
"ADDA_HUMAN---AT1A1_HUMAN",28.0133609234647,5.81177956415585,2.62510050129581,-4.77486395888016
"AR6P4_HUMAN---CSK21_HUMAN",28.0133609234647,5.81177956415585,2.62510050129581,-4.77486395888016
"AT2B4_HUMAN---DLG3_HUMAN",28.0133609234647,5.81177956415585,2.62510050129581,-4.77486395888016
"BCAR1_HUMAN---DOCK1_HUMAN",28.0133609234647,5.81177956415585,2.62510050129581,-4.77486395888016
"BCAR1_HUMAN---ZYX_HUMAN",28.0133609234647,5.81177956415585,2.62510050129581,-4.77486395888016
"CDK16_HUMAN---CDK5_HUMAN",28.0133609234647,5.81177956415585,2.62510050129581,-4.77486395888016
"CDK5_HUMAN-->DNMT1_HUMAN",28.0133609234647,5.81177956415585,2.62510050129581,-4.77486395888016
"CEBPZ_HUMAN---PEBB_HUMAN",28.0133609234647,5.81177956415585,2.62510050129581,-4.77486395888016
"CP3A4_HUMAN---PGRC1_HUMAN",28.0133609234647,5.81177956415585,2.62510050129581,-4.77486395888016
"CSK21_HUMAN---IF2P_HUMAN",28.0133609234647,5.81177956415585,2.62510050129581,-4.77486395888016
"CSK21_HUMAN---IF4B_HUMAN",28.0133609234647,5.81177956415585,2.62510050129581,-4.77486395888016
"CSK21_HUMAN---RU17_HUMAN",28.0133609234647,5.81177956415585,2.62510050129581,-4.77486395888016
"CSK21_HUMAN-->SMC3_HUMAN",28.0133609234647,5.81177956415585,2.62510050129581,-4.77486395888016
"CTND1_HUMAN---EGFR_HUMAN",28.0133609234647,5.81177956415585,2.62510050129581,-4.77486395888016
"DDX3X_HUMAN---IF4G1_HUMAN",28.0133609234647,5.81177956415585,2.62510050129581,-4.77486395888016
"DPP3_HUMAN---NHLC2_HUMAN",28.0133609234647,5.81177956415585,2.62510050129581,-4.77486395888016
"DPP3_HUMAN---SUMO2_HUMAN",28.0133609234647,5.81177956415585,2.62510050129581,-4.77486395888016
"DREB_HUMAN---MARCS_HUMAN",28.0133609234647,5.81177956415585,2.62510050129581,-4.77486395888016
"EGFR_HUMAN---KAPCA_HUMAN",28.0133609234647,5.81177956415585,2.62510050129581,-4.77486395888016
"EGFR_HUMAN---PAK1_HUMAN",28.0133609234647,5.81177956415585,2.62510050129581,-4.77486395888016
"FACD2_HUMAN---SUMO2_HUMAN",28.0133609234647,5.81177956415585,2.62510050129581,-4.77486395888016
"FAK1_HUMAN-->AT2B4_HUMAN",28.0133609234647,5.81177956415585,2.62510050129581,-4.77486395888016
"GRB2_HUMAN---PHAG1_HUMAN",28.0133609234647,5.81177956415585,2.62510050129581,-4.77486395888016
"GRB2_HUMAN---WASL_HUMAN",28.0133609234647,5.81177956415585,2.62510050129581,-4.77486395888016
"HNRL1_HUMAN---SUMO2_HUMAN",28.0133609234647,5.81177956415585,2.62510050129581,-4.77486395888016
"KAPCA_HUMAN-->1433Z_HUMAN",28.0133609234647,5.81177956415585,2.62510050129581,-4.77486395888016
"KAPCA_HUMAN-->CDK16_HUMAN",28.0133609234647,5.81177956415585,2.62510050129581,-4.77486395888016
"KAPCA_HUMAN-->CP3A4_HUMAN",28.0133609234647,5.81177956415585,2.62510050129581,-4.77486395888016
"KAPCA_HUMAN-->DESP_HUMAN",28.0133609234647,5.81177956415585,2.62510050129581,-4.77486395888016
"KAPCA_HUMAN-->GSK3A_HUMAN",28.0133609234647,5.81177956415585,2.62510050129581,-4.77486395888016
"KAPCA_HUMAN-->KKCC1_HUMAN",28.0133609234647,5.81177956415585,2.62510050129581,-4.77486395888016
"KAPCA_HUMAN-->PLSL_HUMAN",28.0133609234647,5.81177956415585,2.62510050129581,-4.77486395888016
"LAS1L_HUMAN---PNKP_HUMAN",28.0133609234647,5.81177956415585,2.62510050129581,-4.77486395888016
"MARK2_HUMAN-->PARD3_HUMAN",28.0133609234647,5.81177956415585,2.62510050129581,-4.77486395888016
"MARK2_HUMAN---TAOK1_HUMAN",28.0133609234647,5.81177956415585,2.62510050129581,-4.77486395888016
"MK01_HUMAN-->CSK21_HUMAN",28.0133609234647,5.81177956415585,2.62510050129581,-4.77486395888016
"NUCL_HUMAN---SUMO2_HUMAN",28.0133609234647,5.81177956415585,2.62510050129581,-4.77486395888016
"PAK1_HUMAN-->MP2K1_HUMAN",28.0133609234647,5.81177956415585,2.62510050129581,-4.77486395888016
"PNKP_HUMAN---UBE2O_HUMAN",28.0133609234647,5.81177956415585,2.62510050129581,-4.77486395888016
"RAD50_HUMAN---SUMO2_HUMAN",28.0133609234647,5.81177956415585,2.62510050129581,-4.77486395888016
"SCFD1_HUMAN---XRN2_HUMAN",28.0133609234647,5.81177956415585,2.62510050129581,-4.77486395888016
"SNUT2_HUMAN---SUMO2_HUMAN",28.0133609234647,5.81177956415585,2.62510050129581,-4.77486395888016
"SRRM2_HUMAN---SUMO2_HUMAN",28.0133609234647,5.81177956415585,2.62510050129581,-4.77486395888016
