"","V1","V2","V3","V4","V5","V6","V7","V8","V9","V10"
"1433G_HUMAN---AFAD_HUMAN",-27.808959017637,-8.35792817303814,-6.76579807835431,-2.01332779157108,-1.91466384866194,0.744005226720021,-0.511296364984412,0.492032846566728,0.378818538341866,0.0137341404813849
"1433G_HUMAN---ANS1A_HUMAN",-27.808959017637,-8.35792817303814,-6.76579807835431,-2.01332779157108,-1.91466384866194,0.744005226720021,-0.511296364984412,0.492032846566728,0.378818538341866,0.0137341404813849
"1433G_HUMAN---ARHG7_HUMAN",-11.6352312536572,11.3203387635857,-17.9634220801895,5.98809113006564,4.44918597463898,-2.85688537123009,-2.53913834571499,2.09466854961811,-11.4481319571139,-5.92310587773505
"1433G_HUMAN---BCLF1_HUMAN",-27.808959017637,-8.35792817303814,-6.76579807835431,-2.01332779157108,-1.91466384866194,0.744005226720021,-0.511296364984412,0.492032846566728,0.378818538341866,0.0137341404813849
"1433G_HUMAN---CDK16_HUMAN",-28.1998497088482,-5.14688347475826,-2.9131084202258,5.05367631081459,1.42763989404745,-4.37977854530282,1.17825678680077,-2.45757660097183,-0.356695466837815,-2.02240238625284
"1433G_HUMAN---CLAP1_HUMAN",-27.808959017637,-8.35792817303814,-6.76579807835431,-2.01332779157108,-1.91466384866194,0.744005226720021,-0.511296364984412,0.492032846566728,0.378818538341866,0.0137341404813849
"1433G_HUMAN---CRTC2_HUMAN",-27.3695074476238,2.12382627236107,7.60989278616362,5.57421258808122,0.11872223882689,0.111856618512657,-4.96735004025041,-0.805158365117431,-1.12174957484772,3.73671158657401
"1433G_HUMAN---DYR1A_HUMAN",-27.3695074476238,2.12382627236107,7.60989278616362,5.57421258808122,0.11872223882689,0.111856618512657,-4.96735004025041,-0.805158365117431,-1.12174957484772,3.73671158657401
"1433G_HUMAN---E41L2_HUMAN",-27.808959017637,-8.35792817303814,-6.76579807835431,-2.01332779157108,-1.91466384866194,0.744005226720021,-0.511296364984412,0.492032846566728,0.378818538341866,0.0137341404813849
"1433G_HUMAN---EDC3_HUMAN",-28.1998497088482,-5.14688347475826,-2.9131084202258,5.05367631081459,1.42763989404745,-4.37977854530282,1.17825678680077,-2.45757660097183,-0.356695466837815,-2.02240238625284
"1433G_HUMAN---FA53C_HUMAN",-27.808959017637,-8.35792817303814,-6.76579807835431,-2.01332779157108,-1.91466384866194,0.744005226720021,-0.511296364984412,0.492032846566728,0.378818538341866,0.0137341404813849
"1433G_HUMAN---GSK3A_HUMAN",-28.1998497088482,-5.14688347475826,-2.9131084202258,5.05367631081459,1.42763989404745,-4.37977854530282,1.17825678680077,-2.45757660097183,-0.356695466837815,-2.02240238625284
"1433G_HUMAN---KLC4_HUMAN",26.1268804205097,-3.18257384801504,-6.86187202035092,4.06410316585407,4.52246833773632,-8.39708912802794,2.85300606484824,-2.78239632751271,-3.06174266696892,-0.119896420376004
"1433G_HUMAN---LARP1_HUMAN",3.06044898214603,-23.7983448839572,13.8909797381128,-7.52343019359087,-1.0564876706636,-0.568358139605298,-6.77688880847503,-1.43915997179667,-3.26051856826535,-0.63728396526721
"1433G_HUMAN---LSR_HUMAN",-27.808959017637,-8.35792817303814,-6.76579807835431,-2.01332779157108,-1.91466384866194,0.744005226720021,-0.511296364984412,0.492032846566728,0.378818538341866,0.0137341404813849
"1433G_HUMAN---MARK2_HUMAN",-27.607571952256,-4.01491263615489,-2.07967668136573,0.794795770640558,-1.82962135351281,1.75562161126452,-1.53676088688848,6.58532718726006,1.08046042683618,3.74906818731943
"1433G_HUMAN---MFAP1_HUMAN",-27.9984626434671,-0.803867937875012,1.77301297676278,7.86179987302623,1.51268238919658,-3.36816216075832,0.152792264896701,3.6357177397215,0.344946421656495,1.7129316605852
"1433G_HUMAN---PANK2_HUMAN",-27.808959017637,-8.35792817303814,-6.76579807835431,-2.01332779157108,-1.91466384866194,0.744005226720021,-0.511296364984412,0.492032846566728,0.378818538341866,0.0137341404813849
"1433G_HUMAN---PPIG_HUMAN",-27.808959017637,-8.35792817303814,-6.76579807835431,-2.01332779157108,-1.91466384866194,0.744005226720021,-0.511296364984412,0.492032846566728,0.378818538341866,0.0137341404813849
"1433G_HUMAN---PRP4B_HUMAN",-27.808959017637,-8.35792817303814,-6.76579807835431,-2.01332779157108,-1.91466384866194,0.744005226720021,-0.511296364984412,0.492032846566728,0.378818538341866,0.0137341404813849
"1433G_HUMAN---SMAG2_HUMAN",-27.808959017637,-8.35792817303814,-6.76579807835431,-2.01332779157108,-1.91466384866194,0.744005226720021,-0.511296364984412,0.492032846566728,0.378818538341866,0.0137341404813849
"1433G_HUMAN---SON_HUMAN",-28.1998497088482,-5.14688347475826,-2.9131084202258,5.05367631081459,1.42763989404745,-4.37977854530282,1.17825678680077,-2.45757660097183,-0.356695466837815,-2.02240238625284
"1433G_HUMAN---SRRM2_HUMAN",-27.808959017637,-8.35792817303814,-6.76579807835431,-2.01332779157108,-1.91466384866194,0.744005226720021,-0.511296364984412,0.492032846566728,0.378818538341866,0.0137341404813849
"1433G_HUMAN---TR150_HUMAN",-28.1998497088482,-5.14688347475826,-2.9131084202258,5.05367631081459,1.42763989404745,-4.37977854530282,1.17825678680077,-2.45757660097183,-0.356695466837815,-2.02240238625284
"1433G_HUMAN---TRA2A_HUMAN",-27.808959017637,-8.35792817303814,-6.76579807835431,-2.01332779157108,-1.91466384866194,0.744005226720021,-0.511296364984412,0.492032846566728,0.378818538341866,0.0137341404813849
"1433G_HUMAN---UBP8_HUMAN",-27.9984626434671,-0.803867937875012,1.77301297676278,7.86179987302623,1.51268238919658,-3.36816216075832,0.152792264896701,3.6357177397215,0.344946421656495,1.7129316605852
"1433G_HUMAN---ZCH18_HUMAN",3.06044898214603,-23.7983448839572,13.8909797381128,-7.52343019359087,-1.0564876706636,-0.568358139605298,-6.77688880847503,-1.43915997179667,-3.26051856826535,-0.63728396526721
"1433G_HUMAN---ZN638_HUMAN",-27.808959017637,-8.35792817303814,-6.76579807835431,-2.01332779157108,-1.91466384866194,0.744005226720021,-0.511296364984412,0.492032846566728,0.378818538341866,0.0137341404813849
"1433G_HUMAN---ZO2_HUMAN",-27.808959017637,-8.35792817303814,-6.76579807835431,-2.01332779157108,-1.91466384866194,0.744005226720021,-0.511296364984412,0.492032846566728,0.378818538341866,0.0137341404813849
"4ET_HUMAN---ATX1_HUMAN",-27.5708945130048,-2.21918926452218,2.92377138917503,2.76608902586958,0.0336797436777609,-0.899759766031843,-3.94188551834635,-6.89845270581076,-1.82339146334203,0.00137753973596544
"AAPK2_HUMAN-->ACACA_HUMAN",-28.1998497088482,-5.14688347475826,-2.9131084202258,5.05367631081459,1.42763989404745,-4.37977854530282,1.17825678680077,-2.45757660097183,-0.356695466837815,-2.02240238625284
"AAPK2_HUMAN---AMOT_HUMAN",-28.1998497088482,-5.14688347475826,-2.9131084202258,5.05367631081459,1.42763989404745,-4.37977854530282,1.17825678680077,-2.45757660097183,-0.356695466837815,-2.02240238625284
"AAPK2_HUMAN---C170B_HUMAN",-28.1998497088482,-5.14688347475826,-2.9131084202258,5.05367631081459,1.42763989404745,-4.37977854530282,1.17825678680077,-2.45757660097183,-0.356695466837815,-2.02240238625284
"AAPK2_HUMAN---KKCC1_HUMAN",24.4409082103244,-7.13633683071049,-6.66835640089775,8.22452418945581,5.81922123969329,-6.92261092193783,-2.0283001310601,-4.34938162269699,3.26129537275447,-0.924245301660383
"ABCA1_HUMAN---ARHGB_HUMAN",26.1268804205097,-3.18257384801504,-6.86187202035092,4.06410316585407,4.52246833773632,-8.39708912802794,2.85300606484824,-2.78239632751271,-3.06174266696892,-0.119896420376004
"ABCA1_HUMAN---DLG3_HUMAN",26.1268804205097,-3.18257384801504,-6.86187202035092,4.06410316585407,4.52246833773632,-8.39708912802794,2.85300606484824,-2.78239632751271,-3.06174266696892,-0.119896420376004
"ABCA1_HUMAN---LAP2_HUMAN",26.9572226817342,4.0881358991043,3.6611291860385,4.58463944312069,3.21355068251576,-3.90545396421247,-3.29260076220295,-1.12997809165831,-3.82679677497882,5.63921755245085
"ABCA1_HUMAN---SNTB1_HUMAN",26.1268804205097,-3.18257384801504,-6.86187202035092,4.06410316585407,4.52246833773632,-8.39708912802794,2.85300606484824,-2.78239632751271,-3.06174266696892,-0.119896420376004
"ABI2_HUMAN---CCD53_HUMAN",21.2577876229005,-8.97898979988109,-4.8983891065656,4.48127101309967,-5.90596146139189,2.8861628898854,-12.3043981828808,-2.38282512955442,-1.19948115933332,-2.10255708479842
"ABI2_HUMAN---VINC_HUMAN",8.56483738729708,-16.5654663450394,9.83354063959348,-2.96647285778031,0.850376296852065,-14.1276109600628,10.0263787260127,-1.63807199893328,-1.99005089074704,2.4854896965636
"ABLM1_HUMAN---T22D4_HUMAN",-27.808959017637,-8.35792817303814,-6.76579807835431,-2.01332779157108,-1.91466384866194,0.744005226720021,-0.511296364984412,0.492032846566728,0.378818538341866,0.0137341404813849
"ACAP2_HUMAN---LMNB1_HUMAN",12.8305354904705,-20.3605624523832,4.79528148647696,11.9875414955775,-0.232990851406076,0.144987894050594,8.14423072908832,-5.6724458969795,-0.988380967199225,0.812305306656232
"ACINU_HUMAN---PHS_HUMAN",21.0544276490027,-6.26426637797971,7.15884154863097,14.8280458877228,3.0307686213326,4.66838516474402,-7.45622991254973,1.69747137234821,-1.88185927602294,4.95162028287491
"ACK1_HUMAN---BCAR1_HUMAN",24.5927660841207,-9.63209231097351,-9.39964402045811,0.632342648731676,0.673133819531801,1.09934972985854,0.360243486351188,4.31890810095288,-5.13886063622864,-2.7861197353977
"ACLY_HUMAN---HGS_HUMAN",-27.9984626434671,-0.803867937875012,1.77301297676278,7.86179987302623,1.51268238919658,-3.36816216075832,0.152792264896701,3.6357177397215,0.344946421656495,1.7129316605852
"ACTB_HUMAN---MIPT3_HUMAN",-27.808959017637,-8.35792817303814,-6.76579807835431,-2.01332779157108,-1.91466384866194,0.744005226720021,-0.511296364984412,0.492032846566728,0.378818538341866,0.0137341404813849
"ACTB_HUMAN---PRSR2_HUMAN",-27.3695074476238,2.12382627236107,7.60989278616362,5.57421258808122,0.11872223882689,0.111856618512657,-4.96735004025041,-0.805158365117431,-1.12174957484772,3.73671158657401
"ACTB_HUMAN---SUMO2_HUMAN",27.1467263075643,-3.46592433605883,-4.87768186907859,-5.29048822147662,-0.213795555342765,0.206713423265874,-3.95668939208406,-4.27366298481308,-3.79292465829345,3.94002003234704
"ACTB_HUMAN---SVIL_HUMAN",5.34475084072271,-26.9687477906933,7.48928425893947,-2.23781235130096,-1.70220531939549,-3.15669389608617,2.65230995160728,3.89624713434803,2.25586917971662,-0.985082499742476
"ADNP_HUMAN---SUMO2_HUMAN",-27.808959017637,-8.35792817303814,-6.76579807835431,-2.01332779157108,-1.91466384866194,0.744005226720021,-0.511296364984412,0.492032846566728,0.378818538341866,0.0137341404813849
"ADT1_HUMAN---B2L13_HUMAN",-27.9984626434671,-0.803867937875012,1.77301297676278,7.86179987302623,1.51268238919658,-3.36816216075832,0.152792264896701,3.6357177397215,0.344946421656495,1.7129316605852
"AFAD_HUMAN---DREB_HUMAN",-27.808959017637,-8.35792817303814,-6.76579807835431,-2.01332779157108,-1.91466384866194,0.744005226720021,-0.511296364984412,0.492032846566728,0.378818538341866,0.0137341404813849
"AFAD_HUMAN---ZO1_HUMAN",-27.808959017637,-8.35792817303814,-6.76579807835431,-2.01332779157108,-1.91466384866194,0.744005226720021,-0.511296364984412,0.492032846566728,0.378818538341866,0.0137341404813849
"AFTIN_HUMAN---GGA3_HUMAN",-28.1998497088482,-5.14688347475826,-2.9131084202258,5.05367631081459,1.42763989404745,-4.37977854530282,1.17825678680077,-2.45757660097183,-0.356695466837815,-2.02240238625284
"AHNK_HUMAN---SUMO2_HUMAN",-28.1998497088482,-5.14688347475826,-2.9131084202258,5.05367631081459,1.42763989404745,-4.37977854530282,1.17825678680077,-2.45757660097183,-0.356695466837815,-2.02240238625284
"AKA10_HUMAN---KAP2_HUMAN",26.1268804205097,-3.18257384801504,-6.86187202035092,4.06410316585407,4.52246833773632,-8.39708912802794,2.85300606484824,-2.78239632751271,-3.06174266696892,-0.119896420376004
"AKA11_HUMAN---KAP2_HUMAN",-27.808959017637,-8.35792817303814,-6.76579807835431,-2.01332779157108,-1.91466384866194,0.744005226720021,-0.511296364984412,0.492032846566728,0.378818538341866,0.0137341404813849
"AKA12_HUMAN---EGFR_HUMAN",11.5154515821592,-15.4884448968426,-0.44843418999224,-10.755913636817,5.11387041498231,-13.3864916033638,-9.79315860271636,3.19768269395427,4.73873703062162,-1.19626731773779
"AKA12_HUMAN---KAP2_HUMAN",-27.808959017637,-8.35792817303814,-6.76579807835431,-2.01332779157108,-1.91466384866194,0.744005226720021,-0.511296364984412,0.492032846566728,0.378818538341866,0.0137341404813849
"AKAP1_HUMAN---KAP2_HUMAN",-27.808959017637,-8.35792817303814,-6.76579807835431,-2.01332779157108,-1.91466384866194,0.744005226720021,-0.511296364984412,0.492032846566728,0.378818538341866,0.0137341404813849
"AKAP2_HUMAN---KAP2_HUMAN",-27.808959017637,-8.35792817303814,-6.76579807835431,-2.01332779157108,-1.91466384866194,0.744005226720021,-0.511296364984412,0.492032846566728,0.378818538341866,0.0137341404813849
"AKT1_HUMAN-->1433Z_HUMAN",-28.1998497088482,-5.14688347475826,-2.9131084202258,5.05367631081459,1.42763989404745,-4.37977854530282,1.17825678680077,-2.45757660097183,-0.356695466837815,-2.02240238625284
"AKT1_HUMAN-->ATX1_HUMAN",-27.5708945130048,-2.21918926452218,2.92377138917503,2.76608902586958,0.0336797436777609,-0.899759766031843,-3.94188551834635,-6.89845270581076,-1.82339146334203,0.00137753973596544
"AKT1_HUMAN-->HJURP_HUMAN",-28.1998497088482,-5.14688347475826,-2.9131084202258,5.05367631081459,1.42763989404745,-4.37977854530282,1.17825678680077,-2.45757660097183,-0.356695466837815,-2.02240238625284
"AKT1_HUMAN-->PALLD_HUMAN",-28.1998497088482,-5.14688347475826,-2.9131084202258,5.05367631081459,1.42763989404745,-4.37977854530282,1.17825678680077,-2.45757660097183,-0.356695466837815,-2.02240238625284
"AKT1_HUMAN-->PDCD4_HUMAN",-28.1998497088482,-5.14688347475826,-2.9131084202258,5.05367631081459,1.42763989404745,-4.37977854530282,1.17825678680077,-2.45757660097183,-0.356695466837815,-2.02240238625284
"AKT1_HUMAN-->RANB3_HUMAN",-28.1998497088482,-5.14688347475826,-2.9131084202258,5.05367631081459,1.42763989404745,-4.37977854530282,1.17825678680077,-2.45757660097183,-0.356695466837815,-2.02240238625284
"AKT1_HUMAN-->SRPK2_HUMAN",-28.1998497088482,-5.14688347475826,-2.9131084202258,5.05367631081459,1.42763989404745,-4.37977854530282,1.17825678680077,-2.45757660097183,-0.356695466837815,-2.02240238625284
"AKT1_HUMAN-->TBCD1_HUMAN",-27.3695074476238,2.12382627236107,7.60989278616362,5.57421258808122,0.11872223882689,0.111856618512657,-4.96735004025041,-0.805158365117431,-1.12174957484772,3.73671158657401
"AKT1_HUMAN-->TBCD4_HUMAN",-27.9984626434671,-0.803867937875012,1.77301297676278,7.86179987302623,1.51268238919658,-3.36816216075832,0.152792264896701,3.6357177397215,0.344946421656495,1.7129316605852
"AKT1_HUMAN-->WNK1_HUMAN",-28.1998497088482,-5.14688347475826,-2.9131084202258,5.05367631081459,1.42763989404745,-4.37977854530282,1.17825678680077,-2.45757660097183,-0.356695466837815,-2.02240238625284
"AKT1_HUMAN-->YAP1_HUMAN",-28.1998497088482,-5.14688347475826,-2.9131084202258,5.05367631081459,1.42763989404745,-4.37977854530282,1.17825678680077,-2.45757660097183,-0.356695466837815,-2.02240238625284
"AKT1_HUMAN-->ZYX_HUMAN",-28.1998497088482,-5.14688347475826,-2.9131084202258,5.05367631081459,1.42763989404745,-4.37977854530282,1.17825678680077,-2.45757660097183,-0.356695466837815,-2.02240238625284
"AMOT_HUMAN---FOXK1_HUMAN",-27.9984626434671,-0.803867937875012,1.77301297676278,7.86179987302623,1.51268238919658,-3.36816216075832,0.152792264896701,3.6357177397215,0.344946421656495,1.7129316605852
"AMOT_HUMAN---MPP5_HUMAN",-27.3695074476238,2.12382627236107,7.60989278616362,5.57421258808122,0.11872223882689,0.111856618512657,-4.96735004025041,-0.805158365117431,-1.12174957484772,3.73671158657401
"AMOT_HUMAN---RHG17_HUMAN",-27.3695074476238,2.12382627236107,7.60989278616362,5.57421258808122,0.11872223882689,0.111856618512657,-4.96735004025041,-0.805158365117431,-1.12174957484772,3.73671158657401
"ANXA2_HUMAN---TRM7_HUMAN",-27.9984626434671,-0.803867937875012,1.77301297676278,7.86179987302623,1.51268238919658,-3.36816216075832,0.152792264896701,3.6357177397215,0.344946421656495,1.7129316605852
"AP3D1_HUMAN---HTSF1_HUMAN",22.9067938739354,-13.585855293669,-9.20612840100493,4.79276367233341,1.96988672148877,2.57382793594865,-4.52106270955715,2.7519228057686,1.18417740349474,-3.59046861668208
"AR6P4_HUMAN---ARL6_HUMAN",-27.808959017637,-8.35792817303814,-6.76579807835431,-2.01332779157108,-1.91466384866194,0.744005226720021,-0.511296364984412,0.492032846566728,0.378818538341866,0.0137341404813849
"AR6P4_HUMAN---SRPK2_HUMAN",-28.1998497088482,-5.14688347475826,-2.9131084202258,5.05367631081459,1.42763989404745,-4.37977854530282,1.17825678680077,-2.45757660097183,-0.356695466837815,-2.02240238625284
"AR6P6_HUMAN---ARL6_HUMAN",-27.808959017637,-8.35792817303814,-6.76579807835431,-2.01332779157108,-1.91466384866194,0.744005226720021,-0.511296364984412,0.492032846566728,0.378818538341866,0.0137341404813849
"ARHG5_HUMAN---CRKL_HUMAN",-27.808959017637,-8.35792817303814,-6.76579807835431,-2.01332779157108,-1.91466384866194,0.744005226720021,-0.511296364984412,0.492032846566728,0.378818538341866,0.0137341404813849
"ARHG7_HUMAN---GIT1_HUMAN",-28.1998497088482,-5.14688347475826,-2.9131084202258,5.05367631081459,1.42763989404745,-4.37977854530282,1.17825678680077,-2.45757660097183,-0.356695466837815,-2.02240238625284
"ARHG7_HUMAN---SCRIB_HUMAN",-27.808959017637,-8.35792817303814,-6.76579807835431,-2.01332779157108,-1.91466384866194,0.744005226720021,-0.511296364984412,0.492032846566728,0.378818538341866,0.0137341404813849
"ARIP4_HUMAN---SUMO2_HUMAN",-27.3695074476238,2.12382627236107,7.60989278616362,5.57421258808122,0.11872223882689,0.111856618512657,-4.96735004025041,-0.805158365117431,-1.12174957484772,3.73671158657401
"ARP8_HUMAN---TFPT_HUMAN",-27.9984626434671,-0.803867937875012,1.77301297676278,7.86179987302623,1.51268238919658,-3.36816216075832,0.152792264896701,3.6357177397215,0.344946421656495,1.7129316605852
"AT133_HUMAN---MD2L1_HUMAN",-27.3695074476238,2.12382627236107,7.60989278616362,5.57421258808122,0.11872223882689,0.111856618512657,-4.96735004025041,-0.805158365117431,-1.12174957484772,3.73671158657401
"AT1A1_HUMAN---MK01_HUMAN",3.06044898214603,-23.7983448839572,13.8909797381128,-7.52343019359087,-1.0564876706636,-0.568358139605298,-6.77688880847503,-1.43915997179667,-3.26051856826535,-0.63728396526721
"AT2B1_HUMAN---CSK21_HUMAN",-27.808959017637,-8.35792817303814,-6.76579807835431,-2.01332779157108,-1.91466384866194,0.744005226720021,-0.511296364984412,0.492032846566728,0.378818538341866,0.0137341404813849
"ATM_HUMAN-->DYRK2_HUMAN",24.4409082103244,-7.13633683071049,-6.66835640089775,8.22452418945581,5.81922123969329,-6.92261092193783,-2.0283001310601,-4.34938162269699,3.26129537275447,-0.924245301660383
"ATM_HUMAN-->FACD2_HUMAN",-28.1998497088482,-5.14688347475826,-2.9131084202258,5.05367631081459,1.42763989404745,-4.37977854530282,1.17825678680077,-2.45757660097183,-0.356695466837815,-2.02240238625284
"ATM_HUMAN-->HUWE1_HUMAN",-28.1998497088482,-5.14688347475826,-2.9131084202258,5.05367631081459,1.42763989404745,-4.37977854530282,1.17825678680077,-2.45757660097183,-0.356695466837815,-2.02240238625284
"ATM_HUMAN-->MED1_HUMAN",26.7558356163531,-0.254879637778952,-1.02499221095008,1.77651588090906,3.12850818736663,-4.91707034875697,-2.26713624029888,-7.22327243235164,-4.52843866347313,1.90388350561281
"ATM_HUMAN-->SMC3_HUMAN",-28.1998497088482,-5.14688347475826,-2.9131084202258,5.05367631081459,1.42763989404745,-4.37977854530282,1.17825678680077,-2.45757660097183,-0.356695466837815,-2.02240238625284
"ATM_HUMAN-->TAOK1_HUMAN",-28.1998497088482,-5.14688347475826,-2.9131084202258,5.05367631081459,1.42763989404745,-4.37977854530282,1.17825678680077,-2.45757660097183,-0.356695466837815,-2.02240238625284
"ATM_HUMAN-->TOPB1_HUMAN",-27.9984626434671,-0.803867937875012,1.77301297676278,7.86179987302623,1.51268238919658,-3.36816216075832,0.152792264896701,3.6357177397215,0.344946421656495,1.7129316605852
"ATM_HUMAN-->TP53B_HUMAN",-20.2575890510774,-6.47506444319263,6.37543086605799,4.43211772526365,16.9644364927939,1.38570520181747,1.84050138644406,2.10436244694406,-0.266016916541685,1.32024607005647
"ATM_HUMAN-->ZN148_HUMAN",-28.1998497088482,-5.14688347475826,-2.9131084202258,5.05367631081459,1.42763989404745,-4.37977854530282,1.17825678680077,-2.45757660097183,-0.356695466837815,-2.02240238625284
"ATRX_HUMAN---EZH2_HUMAN",26.9572226817342,4.0881358991043,3.6611291860385,4.58463944312069,3.21355068251576,-3.90545396421247,-3.29260076220295,-1.12997809165831,-3.82679677497882,5.63921755245085
"ATX1_HUMAN---BACH_HUMAN",-27.5708945130048,-2.21918926452218,2.92377138917503,2.76608902586958,0.0336797436777609,-0.899759766031843,-3.94188551834635,-6.89845270581076,-1.82339146334203,0.00137753973596544
"ATX1_HUMAN---CCNK_HUMAN",-27.5708945130048,-2.21918926452218,2.92377138917503,2.76608902586958,0.0336797436777609,-0.899759766031843,-3.94188551834635,-6.89845270581076,-1.82339146334203,0.00137753973596544
"ATX1_HUMAN---CLASR_HUMAN",-27.3695074476238,2.12382627236107,7.60989278616362,5.57421258808122,0.11872223882689,0.111856618512657,-4.96735004025041,-0.805158365117431,-1.12174957484772,3.73671158657401
"ATX1_HUMAN---CPSF7_HUMAN",-27.5708945130048,-2.21918926452218,2.92377138917503,2.76608902586958,0.0336797436777609,-0.899759766031843,-3.94188551834635,-6.89845270581076,-1.82339146334203,0.00137753973596544
"ATX1_HUMAN---PUM1_HUMAN",-27.5708945130048,-2.21918926452218,2.92377138917503,2.76608902586958,0.0336797436777609,-0.899759766031843,-3.94188551834635,-6.89845270581076,-1.82339146334203,0.00137753973596544
"ATX1_HUMAN---UNK_HUMAN",-27.5708945130048,-2.21918926452218,2.92377138917503,2.76608902586958,0.0336797436777609,-0.899759766031843,-3.94188551834635,-6.89845270581076,-1.82339146334203,0.00137753973596544
"ATX1_HUMAN---ZN609_HUMAN",2.66955829093488,-20.5873001856773,17.7436693962413,-0.456426091205195,2.28581607204579,-5.69214191162814,-5.08733565668985,-4.38876941933523,-3.99603257344503,-2.67342049200144
"ATX2L_HUMAN---SUMO2_HUMAN",-27.808959017637,-8.35792817303814,-6.76579807835431,-2.01332779157108,-1.91466384866194,0.744005226720021,-0.511296364984412,0.492032846566728,0.378818538341866,0.0137341404813849
"AURKB_HUMAN-->CCD86_HUMAN",-27.9984626434671,-0.803867937875012,1.77301297676278,7.86179987302623,1.51268238919658,-3.36816216075832,0.152792264896701,3.6357177397215,0.344946421656495,1.7129316605852
"AURKB_HUMAN-->DDA1_HUMAN",13.0319225558515,-16.0175469154999,9.48140288346554,14.7956650577891,-0.147948356256946,1.15660427859509,7.11876620718425,0.42084844371383,-0.286739078704915,4.54763935349427
"AURKB_HUMAN-->KI67_HUMAN",-27.9984626434671,-0.803867937875012,1.77301297676278,7.86179987302623,1.51268238919658,-3.36816216075832,0.152792264896701,3.6357177397215,0.344946421656495,1.7129316605852
"AURKB_HUMAN-->LMO7_HUMAN",-27.9984626434671,-0.803867937875012,1.77301297676278,7.86179987302623,1.51268238919658,-3.36816216075832,0.152792264896701,3.6357177397215,0.344946421656495,1.7129316605852
"AURKB_HUMAN-->MBB1A_HUMAN",-27.9984626434671,-0.803867937875012,1.77301297676278,7.86179987302623,1.51268238919658,-3.36816216075832,0.152792264896701,3.6357177397215,0.344946421656495,1.7129316605852
"AURKB_HUMAN-->NELFE_HUMAN",-27.9984626434671,-0.803867937875012,1.77301297676278,7.86179987302623,1.51268238919658,-3.36816216075832,0.152792264896701,3.6357177397215,0.344946421656495,1.7129316605852
"AURKB_HUMAN-->NSUN2_HUMAN",-27.9984626434671,-0.803867937875012,1.77301297676278,7.86179987302623,1.51268238919658,-3.36816216075832,0.152792264896701,3.6357177397215,0.344946421656495,1.7129316605852
"AURKB_HUMAN-->PARD3_HUMAN",-27.9984626434671,-0.803867937875012,1.77301297676278,7.86179987302623,1.51268238919658,-3.36816216075832,0.152792264896701,3.6357177397215,0.344946421656495,1.7129316605852
"AURKB_HUMAN-->PPHLN_HUMAN",-27.9984626434671,-0.803867937875012,1.77301297676278,7.86179987302623,1.51268238919658,-3.36816216075832,0.152792264896701,3.6357177397215,0.344946421656495,1.7129316605852
"AURKB_HUMAN---SUMO2_HUMAN",5.29104896346182,-10.3463504101823,4.87898499417033,18.2253472055517,-15.5997024598542,-3.59726308398069,5.43105708563689,1.95220373649127,0.324224259493265,4.940324944023
"AZI1_HUMAN---PCM1_HUMAN",-28.1998497088482,-5.14688347475826,-2.9131084202258,5.05367631081459,1.42763989404745,-4.37977854530282,1.17825678680077,-2.45757660097183,-0.356695466837815,-2.02240238625284
"B2R9N9_HUMAN---GRM1A_HUMAN",-27.3695074476238,2.12382627236107,7.60989278616362,5.57421258808122,0.11872223882689,0.111856618512657,-4.96735004025041,-0.805158365117431,-1.12174957484772,3.73671158657401
"B2R9N9_HUMAN---MYD88_HUMAN",-27.3695074476238,2.12382627236107,7.60989278616362,5.57421258808122,0.11872223882689,0.111856618512657,-4.96735004025041,-0.805158365117431,-1.12174957484772,3.73671158657401
"BACH2_HUMAN---JUN_HUMAN",-27.3695074476238,2.12382627236107,7.60989278616362,5.57421258808122,0.11872223882689,0.111856618512657,-4.96735004025041,-0.805158365117431,-1.12174957484772,3.73671158657401
"BACH_HUMAN---NHLC2_HUMAN",-28.1998497088482,-5.14688347475826,-2.9131084202258,5.05367631081459,1.42763989404745,-4.37977854530282,1.17825678680077,-2.45757660097183,-0.356695466837815,-2.02240238625284
"BAP18_HUMAN---WDR82_HUMAN",2.66955829093488,-20.5873001856773,17.7436693962413,-0.456426091205195,2.28581607204579,-5.69214191162814,-5.08733565668985,-4.38876941933523,-3.99603257344503,-2.67342049200144
"BAZ1B_HUMAN---SUMO2_HUMAN",-27.9984626434671,-0.803867937875012,1.77301297676278,7.86179987302623,1.51268238919658,-3.36816216075832,0.152792264896701,3.6357177397215,0.344946421656495,1.7129316605852
"BAZ2A_HUMAN---SUMO2_HUMAN",3.06044898214603,-23.7983448839572,13.8909797381128,-7.52343019359087,-1.0564876706636,-0.568358139605298,-6.77688880847503,-1.43915997179667,-3.26051856826535,-0.63728396526721
"BCAR1_HUMAN---CRKL_HUMAN",-27.1800038217937,-5.43023396280206,-0.928918268953472,-4.30091507651609,-3.30862399903163,4.224024005991,-5.63143867013153,-3.9488432582722,-1.08787745816235,2.0375140664702
"BCOR_HUMAN---KDM2B_HUMAN",-28.1998497088482,-5.14688347475826,-2.9131084202258,5.05367631081459,1.42763989404745,-4.37977854530282,1.17825678680077,-2.45757660097183,-0.356695466837815,-2.02240238625284
"BCOR_HUMAN---SUMO2_HUMAN",-27.5708945130048,-2.21918926452218,2.92377138917503,2.76608902586958,0.0336797436777609,-0.899759766031843,-3.94188551834635,-6.89845270581076,-1.82339146334203,0.00137753973596544
"BCS1_HUMAN---DDX24_HUMAN",-27.9984626434671,-0.803867937875012,1.77301297676278,7.86179987302623,1.51268238919658,-3.36816216075832,0.152792264896701,3.6357177397215,0.344946421656495,1.7129316605852
"BIG3_HUMAN---EGFR_HUMAN",24.4409082103244,-7.13633683071049,-6.66835640089775,8.22452418945581,5.81922123969329,-6.92261092193783,-2.0283001310601,-4.34938162269699,3.26129537275447,-0.924245301660383
"BMS1_HUMAN---SUMO2_HUMAN",-27.808959017637,-8.35792817303814,-6.76579807835431,-2.01332779157108,-1.91466384866194,0.744005226720021,-0.511296364984412,0.492032846566728,0.378818538341866,0.0137341404813849
"BORG1_HUMAN---RHOQ_HUMAN",25.032217654134,0.849662134425706,4.97604684405982,8.21988302838398,2.70651990702063,0.467201121651174,-4.09581018891481,3.02171688926872,-6.63942874941823,0.936857710694917
"BRD2_HUMAN---BRD7_HUMAN",15.3569504144678,-18.3739310280612,1.83417771780641,13.7445949176269,1.04282330441707,2.41550376254969,6.10811196832835,-4.545348183609,-3.27126422962829,-2.38904187517861
"BRD7_HUMAN---FRIH_HUMAN",26.9572226817342,4.0881358991043,3.6611291860385,4.58463944312069,3.21355068251576,-3.90545396421247,-3.29260076220295,-1.12997809165831,-3.82679677497882,5.63921755245085
"BRD7_HUMAN---HNRL1_HUMAN",15.3569504144678,-18.3739310280612,1.83417771780641,13.7445949176269,1.04282330441707,2.41550376254969,6.10811196832835,-4.545348183609,-3.27126422962829,-2.38904187517861
"BRD7_HUMAN---RLA1_HUMAN",26.7558356163531,-0.254879637778952,-1.02499221095008,1.77651588090906,3.12850818736663,-4.91707034875697,-2.26713624029888,-7.22327243235164,-4.52843866347313,1.90388350561281
"BUD13_HUMAN---RBMX2_HUMAN",-28.1998497088482,-5.14688347475826,-2.9131084202258,5.05367631081459,1.42763989404745,-4.37977854530282,1.17825678680077,-2.45757660097183,-0.356695466837815,-2.02240238625284
"BZW2_HUMAN---EGFR_HUMAN",-27.3695074476238,2.12382627236107,7.60989278616362,5.57421258808122,0.11872223882689,0.111856618512657,-4.96735004025041,-0.805158365117431,-1.12174957484772,3.73671158657401
"CA052_HUMAN---ETS1_HUMAN",-28.1998497088482,-5.14688347475826,-2.9131084202258,5.05367631081459,1.42763989404745,-4.37977854530282,1.17825678680077,-2.45757660097183,-0.356695466837815,-2.02240238625284
"CALX_HUMAN---KSR1_HUMAN",26.3282674858908,1.16044168886821,-2.17575062336234,6.87222672806571,4.60751083288545,-7.38547274348344,1.82754154294417,3.31089801318062,-2.36010077847461,3.61543762646204
"CALX_HUMAN---PGRC1_HUMAN",-28.1998497088482,-5.14688347475826,-2.9131084202258,5.05367631081459,1.42763989404745,-4.37977854530282,1.17825678680077,-2.45757660097183,-0.356695466837815,-2.02240238625284
"CALX_HUMAN---SUMO2_HUMAN",-28.1998497088482,-5.14688347475826,-2.9131084202258,5.05367631081459,1.42763989404745,-4.37977854530282,1.17825678680077,-2.45757660097183,-0.356695466837815,-2.02240238625284
"CBLB_HUMAN---EGFR_HUMAN",-27.808959017637,-8.35792817303814,-6.76579807835431,-2.01332779157108,-1.91466384866194,0.744005226720021,-0.511296364984412,0.492032846566728,0.378818538341866,0.0137341404813849
"CBLB_HUMAN---MYD88_HUMAN",-27.3695074476238,2.12382627236107,7.60989278616362,5.57421258808122,0.11872223882689,0.111856618512657,-4.96735004025041,-0.805158365117431,-1.12174957484772,3.73671158657401
"CBL_HUMAN---CD2AP_HUMAN",-27.808959017637,-8.35792817303814,-6.76579807835431,-2.01332779157108,-1.91466384866194,0.744005226720021,-0.511296364984412,0.492032846566728,0.378818538341866,0.0137341404813849
"CBL_HUMAN---CRKL_HUMAN",-27.808959017637,-8.35792817303814,-6.76579807835431,-2.01332779157108,-1.91466384866194,0.744005226720021,-0.511296364984412,0.492032846566728,0.378818538341866,0.0137341404813849
"CBL_HUMAN---EGFR_HUMAN",-19.955107735553,-10.5299357732651,1.5967374355843,5.38553904825074,2.25776681456374,-8.89227588352895,0.613375365836717,-6.59484980951125,-5.90591369961137,-5.7230237515852
"CBL_HUMAN---EPHA2_HUMAN",-27.808959017637,-8.35792817303814,-6.76579807835431,-2.01332779157108,-1.91466384866194,0.744005226720021,-0.511296364984412,0.492032846566728,0.378818538341866,0.0137341404813849
"CBL_HUMAN---FGR_HUMAN",26.5177711117209,-6.39361854629492,-10.7145616784794,-3.00290093653161,1.18016459502693,-3.2733053560051,1.16345291306305,0.167213120025851,-2.32622866178923,1.91624010635823
"CBL_HUMAN---ITSN1_HUMAN",-28.1998497088482,-5.14688347475826,-2.9131084202258,5.05367631081459,1.42763989404745,-4.37977854530282,1.17825678680077,-2.45757660097183,-0.356695466837815,-2.02240238625284
"CBL_HUMAN---PLCG1_HUMAN",-27.808959017637,-8.35792817303814,-6.76579807835431,-2.01332779157108,-1.91466384866194,0.744005226720021,-0.511296364984412,0.492032846566728,0.378818538341866,0.0137341404813849
"CBL_HUMAN---SHIP2_HUMAN",-27.808959017637,-8.35792817303814,-6.76579807835431,-2.01332779157108,-1.91466384866194,0.744005226720021,-0.511296364984412,0.492032846566728,0.378818538341866,0.0137341404813849
"CBL_HUMAN---SPY1_HUMAN",-27.808959017637,-8.35792817303814,-6.76579807835431,-2.01332779157108,-1.91466384866194,0.744005226720021,-0.511296364984412,0.492032846566728,0.378818538341866,0.0137341404813849
"CBL_HUMAN---TBA1A_HUMAN",22.9067938739354,-13.585855293669,-9.20612840100493,4.79276367233341,1.96988672148877,2.57382793594865,-4.52106270955715,2.7519228057686,1.18417740349474,-3.59046861668208
"CCD53_HUMAN---FA21A_HUMAN",26.1268804205097,-3.18257384801504,-6.86187202035092,4.06410316585407,4.52246833773632,-8.39708912802794,2.85300606484824,-2.78239632751271,-3.06174266696892,-0.119896420376004
"CCD53_HUMAN---MCRS1_HUMAN",20.6288324270572,-11.9066840101172,-10.7352689159664,6.76885829804468,-4.5120013110222,-0.593855889385582,-7.18425587773373,2.05805097528452,0.267214837170893,-4.12633701078723
"CCD53_HUMAN---NUP62_HUMAN",20.6288324270572,-11.9066840101172,-10.7352689159664,6.76885829804468,-4.5120013110222,-0.593855889385582,-7.18425587773373,2.05805097528452,0.267214837170893,-4.12633701078723
"CCD53_HUMAN---OPTN_HUMAN",20.6288324270572,-11.9066840101172,-10.7352689159664,6.76885829804468,-4.5120013110222,-0.593855889385582,-7.18425587773373,2.05805097528452,0.267214837170893,-4.12633701078723
"CCD53_HUMAN---PCM1_HUMAN",20.237941735846,-8.6956393118373,-6.88257925783794,13.8358624004304,-1.1696975683128,-5.71763966140842,-5.49470272594855,-0.891558472254046,-0.468299168008788,-6.16247353752146
"CD2AP_HUMAN---CD2_HUMAN",-28.1998497088482,-5.14688347475826,-2.9131084202258,5.05367631081459,1.42763989404745,-4.37977854530282,1.17825678680077,-2.45757660097183,-0.356695466837815,-2.02240238625284
"CD2B2_HUMAN---CD2_HUMAN",-28.1998497088482,-5.14688347475826,-2.9131084202258,5.05367631081459,1.42763989404745,-4.37977854530282,1.17825678680077,-2.45757660097183,-0.356695466837815,-2.02240238625284
"CD2B2_HUMAN---SF01_HUMAN",-28.1998497088482,-5.14688347475826,-2.9131084202258,5.05367631081459,1.42763989404745,-4.37977854530282,1.17825678680077,-2.45757660097183,-0.356695466837815,-2.02240238625284
"CD2B2_HUMAN---SNUT2_HUMAN",-28.1998497088482,-5.14688347475826,-2.9131084202258,5.05367631081459,1.42763989404745,-4.37977854530282,1.17825678680077,-2.45757660097183,-0.356695466837815,-2.02240238625284
"CD2_HUMAN---FYN_HUMAN",26.1268804205097,-3.18257384801504,-6.86187202035092,4.06410316585407,4.52246833773632,-8.39708912802794,2.85300606484824,-2.78239632751271,-3.06174266696892,-0.119896420376004
"CD2_HUMAN---LCK_HUMAN",26.1268804205097,-3.18257384801504,-6.86187202035092,4.06410316585407,4.52246833773632,-8.39708912802794,2.85300606484824,-2.78239632751271,-3.06174266696892,-0.119896420376004
"CDCA3_HUMAN---TRAF2_HUMAN",-28.1998497088482,-5.14688347475826,-2.9131084202258,5.05367631081459,1.42763989404745,-4.37977854530282,1.17825678680077,-2.45757660097183,-0.356695466837815,-2.02240238625284
"CDK12_HUMAN---SUMO2_HUMAN",26.1268804205097,-3.18257384801504,-6.86187202035092,4.06410316585407,4.52246833773632,-8.39708912802794,2.85300606484824,-2.78239632751271,-3.06174266696892,-0.119896420376004
"CDK19_HUMAN---FKB15_HUMAN",24.6422952757055,-2.79332129382724,-1.98223500390916,11.0326477516674,5.90426373484242,-5.91099453739333,-3.05376465296417,1.74391271799635,3.96293726124878,2.81108874517766
"CDK19_HUMAN---MED1_HUMAN",25.2712504715488,0.134372916408847,3.85464480549168,8.74506046672243,4.51030358447272,-2.43097575812235,-8.17390695811128,-2.69696338684258,2.49624126474456,4.83486867116647
"CDK1_HUMAN-->41_HUMAN",-27.808959017637,-8.35792817303814,-6.76579807835431,-2.01332779157108,-1.91466384866194,0.744005226720021,-0.511296364984412,0.492032846566728,0.378818538341866,0.0137341404813849
"CDK1_HUMAN-->APC1_HUMAN",-20.4801562320989,-0.632544651781914,-10.5822900000535,12.0333392965752,1.47657171681485,3.58305243348391,1.51917698447699,-3.81997828740521,-8.84502154533384,-3.48989149078173
"CDK1_HUMAN-->DDX3X_HUMAN",-27.808959017637,-8.35792817303814,-6.76579807835431,-2.01332779157108,-1.91466384866194,0.744005226720021,-0.511296364984412,0.492032846566728,0.378818538341866,0.0137341404813849
"CDK1_HUMAN-->DNLI3_HUMAN",3.06044898214603,-23.7983448839572,13.8909797381128,-7.52343019359087,-1.0564876706636,-0.568358139605298,-6.77688880847503,-1.43915997179667,-3.26051856826535,-0.63728396526721
"CDK1_HUMAN-->DNM1L_HUMAN",3.06044898214603,-23.7983448839572,13.8909797381128,-7.52343019359087,-1.0564876706636,-0.568358139605298,-6.77688880847503,-1.43915997179667,-3.26051856826535,-0.63728396526721
"CDK1_HUMAN-->EZH2_HUMAN",-27.3695074476238,2.12382627236107,7.60989278616362,5.57421258808122,0.11872223882689,0.111856618512657,-4.96735004025041,-0.805158365117431,-1.12174957484772,3.73671158657401
"CDK1_HUMAN-->GAPD1_HUMAN",27.1467263075643,-3.46592433605883,-4.87768186907859,-5.29048822147662,-0.213795555342765,0.206713423265874,-3.95668939208406,-4.27366298481308,-3.79292465829345,3.94002003234704
"CDK1_HUMAN-->GUAA_HUMAN",3.06044898214603,-23.7983448839572,13.8909797381128,-7.52343019359087,-1.0564876706636,-0.568358139605298,-6.77688880847503,-1.43915997179667,-3.26051856826535,-0.63728396526721
"CDK1_HUMAN-->H14_HUMAN",-27.9984626434671,-0.803867937875012,1.77301297676278,7.86179987302623,1.51268238919658,-3.36816216075832,0.152792264896701,3.6357177397215,0.344946421656495,1.7129316605852
"CDK1_HUMAN-->LAP2A_HUMAN",-28.1998497088482,-5.14688347475826,-2.9131084202258,5.05367631081459,1.42763989404745,-4.37977854530282,1.17825678680077,-2.45757660097183,-0.356695466837815,-2.02240238625284
"CDK1_HUMAN-->LMNB1_HUMAN",12.8305354904705,-20.3605624523832,4.79528148647696,11.9875414955775,-0.232990851406076,0.144987894050594,8.14423072908832,-5.6724458969795,-0.988380967199225,0.812305306656232
"CDK1_HUMAN-->MP2K1_HUMAN",-26.5138774986629,-1.19312049206281,-3.10662403967898,0.893255287212857,0.130886992090488,-5.85425675139293,6.0595629827091,-0.890591305787555,-6.6797335065612,-1.21805350496847
"CDK1_HUMAN-->NIPA_HUMAN",2.87094535631594,-16.2442846487941,22.4297907932298,2.35169747100644,2.37085856719492,-4.68052552708364,-6.11280017859392,1.7045249213581,-3.29439068495072,1.0619135548366
"CDK1_HUMAN-->NPM_HUMAN",-27.9984626434671,-0.803867937875012,1.77301297676278,7.86179987302623,1.51268238919658,-3.36816216075832,0.152792264896701,3.6357177397215,0.344946421656495,1.7129316605852
"CDK1_HUMAN-->NSF1C_HUMAN",-27.808959017637,-8.35792817303814,-6.76579807835431,-2.01332779157108,-1.91466384866194,0.744005226720021,-0.511296364984412,0.492032846566728,0.378818538341866,0.0137341404813849
"CDK1_HUMAN-->NUCKS_HUMAN",3.06044898214603,-23.7983448839572,13.8909797381128,-7.52343019359087,-1.0564876706636,-0.568358139605298,-6.77688880847503,-1.43915997179667,-3.26051856826535,-0.63728396526721
"CDK1_HUMAN-->NUP98_HUMAN",-27.808959017637,-8.35792817303814,-6.76579807835431,-2.01332779157108,-1.91466384866194,0.744005226720021,-0.511296364984412,0.492032846566728,0.378818538341866,0.0137341404813849
"CDK1_HUMAN-->P3C2A_HUMAN",-27.808959017637,-8.35792817303814,-6.76579807835431,-2.01332779157108,-1.91466384866194,0.744005226720021,-0.511296364984412,0.492032846566728,0.378818538341866,0.0137341404813849
"CDK1_HUMAN-->PTN2_HUMAN",-27.808959017637,-8.35792817303814,-6.76579807835431,-2.01332779157108,-1.91466384866194,0.744005226720021,-0.511296364984412,0.492032846566728,0.378818538341866,0.0137341404813849
"CDK1_HUMAN-->PUR6_HUMAN",3.06044898214603,-23.7983448839572,13.8909797381128,-7.52343019359087,-1.0564876706636,-0.568358139605298,-6.77688880847503,-1.43915997179667,-3.26051856826535,-0.63728396526721
"CDK1_HUMAN-->RFC1_HUMAN",-28.1998497088482,-5.14688347475826,-2.9131084202258,5.05367631081459,1.42763989404745,-4.37977854530282,1.17825678680077,-2.45757660097183,-0.356695466837815,-2.02240238625284
"CDK1_HUMAN-->STMN1_HUMAN",21.7198656700836,-2.94746531718623,0.977781654092882,8.5717301325474,4.74668699905456,-5.74596810949178,-0.400996551027367,11.5921771780927,-8.86943942724481,-3.18658847112087
"CDK1_HUMAN-->TCOF_HUMAN",3.06044898214603,-23.7983448839572,13.8909797381128,-7.52343019359087,-1.0564876706636,-0.568358139605298,-6.77688880847503,-1.43915997179667,-3.26051856826535,-0.63728396526721
"CDK1_HUMAN-->TFPT_HUMAN",-27.9984626434671,-0.803867937875012,1.77301297676278,7.86179987302623,1.51268238919658,-3.36816216075832,0.152792264896701,3.6357177397215,0.344946421656495,1.7129316605852
"CDK1_HUMAN-->UBP2L_HUMAN",-27.9984626434671,-0.803867937875012,1.77301297676278,7.86179987302623,1.51268238919658,-3.36816216075832,0.152792264896701,3.6357177397215,0.344946421656495,1.7129316605852
"CDK5_HUMAN-->ATM_HUMAN",-28.1998497088482,-5.14688347475826,-2.9131084202258,5.05367631081459,1.42763989404745,-4.37977854530282,1.17825678680077,-2.45757660097183,-0.356695466837815,-2.02240238625284
"CDK5_HUMAN---IRS4_HUMAN",24.4409082103244,-7.13633683071049,-6.66835640089775,8.22452418945581,5.81922123969329,-6.92261092193783,-2.0283001310601,-4.34938162269699,3.26129537275447,-0.924245301660383
"CDKL5_HUMAN---FYN_HUMAN",-28.1998497088482,-5.14688347475826,-2.9131084202258,5.05367631081459,1.42763989404745,-4.37977854530282,1.17825678680077,-2.45757660097183,-0.356695466837815,-2.02240238625284
"CEBPZ_HUMAN---PHS_HUMAN",-19.628633855234,-3.54737023295655,12.2123106754588,2.14453044031864,15.5704763424242,4.86572398108845,-3.27964091870306,-2.33651365789487,-1.7327129130459,3.34402599604528
"CFDP1_HUMAN---CSK21_HUMAN",-27.808959017637,-8.35792817303814,-6.76579807835431,-2.01332779157108,-1.91466384866194,0.744005226720021,-0.511296364984412,0.492032846566728,0.378818538341866,0.0137341404813849
"CH10_HUMAN---SAT1_HUMAN",-27.808959017637,-8.35792817303814,-6.76579807835431,-2.01332779157108,-1.91466384866194,0.744005226720021,-0.511296364984412,0.492032846566728,0.378818538341866,0.0137341404813849
"CHAP1_HUMAN---SUMO2_HUMAN",-27.808959017637,-8.35792817303814,-6.76579807835431,-2.01332779157108,-1.91466384866194,0.744005226720021,-0.511296364984412,0.492032846566728,0.378818538341866,0.0137341404813849
"CHD4_HUMAN---HDAC2_HUMAN",5.78420241073599,-16.4869933452941,21.8649751234574,5.34972802835134,0.33118076809334,-3.78884250429354,-1.80374372365872,2.59905592266387,0.755301066527036,2.73789494635014
"CHD4_HUMAN---SMCA4_HUMAN",15.747841105679,-21.5849757263411,-2.0185119403221,6.67759081524125,-2.29948043829233,7.53928753457253,4.41855881654317,-1.59573873607044,-2.53575022444861,-0.352905348444379
"CLSPN_HUMAN---SUMO2_HUMAN",-27.808959017637,-8.35792817303814,-6.76579807835431,-2.01332779157108,-1.91466384866194,0.744005226720021,-0.511296364984412,0.492032846566728,0.378818538341866,0.0137341404813849
"CRKL_HUMAN---M4K5_HUMAN",-27.808959017637,-8.35792817303814,-6.76579807835431,-2.01332779157108,-1.91466384866194,0.744005226720021,-0.511296364984412,0.492032846566728,0.378818538341866,0.0137341404813849
"CRKL_HUMAN---STA5A_HUMAN",-27.808959017637,-8.35792817303814,-6.76579807835431,-2.01332779157108,-1.91466384866194,0.744005226720021,-0.511296364984412,0.492032846566728,0.378818538341866,0.0137341404813849
"CRKL_HUMAN---TENC1_HUMAN",-27.808959017637,-8.35792817303814,-6.76579807835431,-2.01332779157108,-1.91466384866194,0.744005226720021,-0.511296364984412,0.492032846566728,0.378818538341866,0.0137341404813849
"CRKL_HUMAN---WAC_HUMAN",-27.9984626434671,-0.803867937875012,1.77301297676278,7.86179987302623,1.51268238919658,-3.36816216075832,0.152792264896701,3.6357177397215,0.344946421656495,1.7129316605852
"CRK_HUMAN---ZAP70_HUMAN",-28.1998497088482,-5.14688347475826,-2.9131084202258,5.05367631081459,1.42763989404745,-4.37977854530282,1.17825678680077,-2.45757660097183,-0.356695466837815,-2.02240238625284
"CSK21_HUMAN-->ABCA1_HUMAN",26.1268804205097,-3.18257384801504,-6.86187202035092,4.06410316585407,4.52246833773632,-8.39708912802794,2.85300606484824,-2.78239632751271,-3.06174266696892,-0.119896420376004
"CSK21_HUMAN-->ABCF1_HUMAN",-27.808959017637,-8.35792817303814,-6.76579807835431,-2.01332779157108,-1.91466384866194,0.744005226720021,-0.511296364984412,0.492032846566728,0.378818538341866,0.0137341404813849
"CSK21_HUMAN-->AKT1_HUMAN",5.58281534535492,-20.8300088821773,17.1788537264688,2.5416044661397,0.24613827294421,-4.80045888883804,-0.77827920175465,-3.49423841802946,0.053659178032726,-0.997439100487897
"CSK21_HUMAN-->CALM_HUMAN",-27.808959017637,-8.35792817303814,-6.76579807835431,-2.01332779157108,-1.91466384866194,0.744005226720021,-0.511296364984412,0.492032846566728,0.378818538341866,0.0137341404813849
"CSK21_HUMAN-->CDK1_HUMAN",-27.808959017637,-8.35792817303814,-6.76579807835431,-2.01332779157108,-1.91466384866194,0.744005226720021,-0.511296364984412,0.492032846566728,0.378818538341866,0.0137341404813849
"CSK21_HUMAN---DDX54_HUMAN",-27.808959017637,-8.35792817303814,-6.76579807835431,-2.01332779157108,-1.91466384866194,0.744005226720021,-0.511296364984412,0.492032846566728,0.378818538341866,0.0137341404813849
"CSK21_HUMAN-->DDX58_HUMAN",26.5177711117209,-6.39361854629492,-10.7145616784794,-3.00290093653161,1.18016459502693,-3.2733053560051,1.16345291306305,0.167213120025851,-2.32622866178923,1.91624010635823
"CSK21_HUMAN-->DNLI1_HUMAN",2.66955829093488,-20.5873001856773,17.7436693962413,-0.456426091205195,2.28581607204579,-5.69214191162814,-5.08733565668985,-4.38876941933523,-3.99603257344503,-2.67342049200144
"CSK21_HUMAN-->EF1D_HUMAN",-27.9984626434671,-0.803867937875012,1.77301297676278,7.86179987302623,1.51268238919658,-3.36816216075832,0.152792264896701,3.6357177397215,0.344946421656495,1.7129316605852
"CSK21_HUMAN---ENPL_HUMAN",-27.9984626434671,-0.803867937875012,1.77301297676278,7.86179987302623,1.51268238919658,-3.36816216075832,0.152792264896701,3.6357177397215,0.344946421656495,1.7129316605852
"CSK21_HUMAN---GPN1_HUMAN",-27.9984626434671,-0.803867937875012,1.77301297676278,7.86179987302623,1.51268238919658,-3.36816216075832,0.152792264896701,3.6357177397215,0.344946421656495,1.7129316605852
"CSK21_HUMAN---HAP28_HUMAN",-27.9984626434671,-0.803867937875012,1.77301297676278,7.86179987302623,1.51268238919658,-3.36816216075832,0.152792264896701,3.6357177397215,0.344946421656495,1.7129316605852
"CSK21_HUMAN-->HDAC2_HUMAN",26.9572226817342,4.0881358991043,3.6611291860385,4.58463944312069,3.21355068251576,-3.90545396421247,-3.29260076220295,-1.12997809165831,-3.82679677497882,5.63921755245085
"CSK21_HUMAN---HIRP3_HUMAN",-27.808959017637,-8.35792817303814,-6.76579807835431,-2.01332779157108,-1.91466384866194,0.744005226720021,-0.511296364984412,0.492032846566728,0.378818538341866,0.0137341404813849
"CSK21_HUMAN-->HNRPC_HUMAN",-28.1998497088482,-5.14688347475826,-2.9131084202258,5.05367631081459,1.42763989404745,-4.37977854530282,1.17825678680077,-2.45757660097183,-0.356695466837815,-2.02240238625284
"CSK21_HUMAN---ICLN_HUMAN",-27.808959017637,-8.35792817303814,-6.76579807835431,-2.01332779157108,-1.91466384866194,0.744005226720021,-0.511296364984412,0.492032846566728,0.378818538341866,0.0137341404813849
"CSK21_HUMAN---IMA3_HUMAN",-19.628633855234,-3.54737023295655,12.2123106754588,2.14453044031864,15.5704763424242,4.86572398108845,-3.27964091870306,-2.33651365789487,-1.7327129130459,3.34402599604528
"CSK21_HUMAN-->JUN_HUMAN",-27.3695074476238,2.12382627236107,7.60989278616362,5.57421258808122,0.11872223882689,0.111856618512657,-4.96735004025041,-0.805158365117431,-1.12174957484772,3.73671158657401
"CSK21_HUMAN-->LA_HUMAN",-27.808959017637,-8.35792817303814,-6.76579807835431,-2.01332779157108,-1.91466384866194,0.744005226720021,-0.511296364984412,0.492032846566728,0.378818538341866,0.0137341404813849
"CSK21_HUMAN---LYRIC_HUMAN",-27.808959017637,-8.35792817303814,-6.76579807835431,-2.01332779157108,-1.91466384866194,0.744005226720021,-0.511296364984412,0.492032846566728,0.378818538341866,0.0137341404813849
"CSK21_HUMAN-->MCM2_HUMAN",-27.3695074476238,2.12382627236107,7.60989278616362,5.57421258808122,0.11872223882689,0.111856618512657,-4.96735004025041,-0.805158365117431,-1.12174957484772,3.73671158657401
"CSK21_HUMAN-->MDC1_HUMAN",-28.1998497088482,-5.14688347475826,-2.9131084202258,5.05367631081459,1.42763989404745,-4.37977854530282,1.17825678680077,-2.45757660097183,-0.356695466837815,-2.02240238625284
"CSK21_HUMAN---MGMT_HUMAN",-27.9984626434671,-0.803867937875012,1.77301297676278,7.86179987302623,1.51268238919658,-3.36816216075832,0.152792264896701,3.6357177397215,0.344946421656495,1.7129316605852
"CSK21_HUMAN-->MPRI_HUMAN",-27.808959017637,-8.35792817303814,-6.76579807835431,-2.01332779157108,-1.91466384866194,0.744005226720021,-0.511296364984412,0.492032846566728,0.378818538341866,0.0137341404813849
"CSK21_HUMAN-->MYH10_HUMAN",-27.808959017637,-8.35792817303814,-6.76579807835431,-2.01332779157108,-1.91466384866194,0.744005226720021,-0.511296364984412,0.492032846566728,0.378818538341866,0.0137341404813849
"CSK21_HUMAN---NMD3_HUMAN",-27.9984626434671,-0.803867937875012,1.77301297676278,7.86179987302623,1.51268238919658,-3.36816216075832,0.152792264896701,3.6357177397215,0.344946421656495,1.7129316605852
"CSK21_HUMAN---OSBP1_HUMAN",5.34475084072271,-26.9687477906933,7.48928425893947,-2.23781235130096,-1.70220531939549,-3.15669389608617,2.65230995160728,3.89624713434803,2.25586917971662,-0.985082499742476
"CSK21_HUMAN-->PDIA6_HUMAN",-27.808959017637,-8.35792817303814,-6.76579807835431,-2.01332779157108,-1.91466384866194,0.744005226720021,-0.511296364984412,0.492032846566728,0.378818538341866,0.0137341404813849
"CSK21_HUMAN-->PIAS1_HUMAN",-28.1998497088482,-5.14688347475826,-2.9131084202258,5.05367631081459,1.42763989404745,-4.37977854530282,1.17825678680077,-2.45757660097183,-0.356695466837815,-2.02240238625284
"CSK21_HUMAN---PSIP1_HUMAN",-27.808959017637,-8.35792817303814,-6.76579807835431,-2.01332779157108,-1.91466384866194,0.744005226720021,-0.511296364984412,0.492032846566728,0.378818538341866,0.0137341404813849
"CSK21_HUMAN---PURB_HUMAN",-27.9984626434671,-0.803867937875012,1.77301297676278,7.86179987302623,1.51268238919658,-3.36816216075832,0.152792264896701,3.6357177397215,0.344946421656495,1.7129316605852
"CSK21_HUMAN---RBM33_HUMAN",-27.808959017637,-8.35792817303814,-6.76579807835431,-2.01332779157108,-1.91466384866194,0.744005226720021,-0.511296364984412,0.492032846566728,0.378818538341866,0.0137341404813849
"CSK21_HUMAN---RL1D1_HUMAN",-27.808959017637,-8.35792817303814,-6.76579807835431,-2.01332779157108,-1.91466384866194,0.744005226720021,-0.511296364984412,0.492032846566728,0.378818538341866,0.0137341404813849
"CSK21_HUMAN---RPRD2_HUMAN",-27.808959017637,-8.35792817303814,-6.76579807835431,-2.01332779157108,-1.91466384866194,0.744005226720021,-0.511296364984412,0.492032846566728,0.378818538341866,0.0137341404813849
"CSK21_HUMAN-->SAT1_HUMAN",-27.808959017637,-8.35792817303814,-6.76579807835431,-2.01332779157108,-1.91466384866194,0.744005226720021,-0.511296364984412,0.492032846566728,0.378818538341866,0.0137341404813849
"CSK21_HUMAN---SF3A1_HUMAN",26.3282674858908,1.16044168886821,-2.17575062336234,6.87222672806571,4.60751083288545,-7.38547274348344,1.82754154294417,3.31089801318062,-2.36010077847461,3.61543762646204
"CSK21_HUMAN-->SPTB2_HUMAN",-27.3695074476238,2.12382627236107,7.60989278616362,5.57421258808122,0.11872223882689,0.111856618512657,-4.96735004025041,-0.805158365117431,-1.12174957484772,3.73671158657401
"CSK21_HUMAN---T2FA_HUMAN",2.87094535631594,-16.2442846487941,22.4297907932298,2.35169747100644,2.37085856719492,-4.68052552708364,-6.11280017859392,1.7045249213581,-3.29439068495072,1.0619135548366
"CSK21_HUMAN---TB182_HUMAN",2.87094535631594,-16.2442846487941,22.4297907932298,2.35169747100644,2.37085856719492,-4.68052552708364,-6.11280017859392,1.7045249213581,-3.29439068495072,1.0619135548366
"CSK21_HUMAN---TCP4_HUMAN",-27.808959017637,-8.35792817303814,-6.76579807835431,-2.01332779157108,-1.91466384866194,0.744005226720021,-0.511296364984412,0.492032846566728,0.378818538341866,0.0137341404813849
"CSK21_HUMAN-->TEBP_HUMAN",13.0319225558515,-16.0175469154999,9.48140288346554,14.7956650577891,-0.147948356256946,1.15660427859509,7.11876620718425,0.42084844371383,-0.286739078704915,4.54763935349427
"CSK21_HUMAN-->TELO2_HUMAN",-27.808959017637,-8.35792817303814,-6.76579807835431,-2.01332779157108,-1.91466384866194,0.744005226720021,-0.511296364984412,0.492032846566728,0.378818538341866,0.0137341404813849
"CSK21_HUMAN---UBP24_HUMAN",-27.808959017637,-8.35792817303814,-6.76579807835431,-2.01332779157108,-1.91466384866194,0.744005226720021,-0.511296364984412,0.492032846566728,0.378818538341866,0.0137341404813849
"CSK21_HUMAN---VAMP4_HUMAN",-27.808959017637,-8.35792817303814,-6.76579807835431,-2.01332779157108,-1.91466384866194,0.744005226720021,-0.511296364984412,0.492032846566728,0.378818538341866,0.0137341404813849
"CSK21_HUMAN-->XRCC1_HUMAN",-27.808959017637,-8.35792817303814,-6.76579807835431,-2.01332779157108,-1.91466384866194,0.744005226720021,-0.511296364984412,0.492032846566728,0.378818538341866,0.0137341404813849
"CTND1_HUMAN---SUMO2_HUMAN",-27.808959017637,-8.35792817303814,-6.76579807835431,-2.01332779157108,-1.91466384866194,0.744005226720021,-0.511296364984412,0.492032846566728,0.378818538341866,0.0137341404813849
"CYTSA_HUMAN---GLIS2_HUMAN",-24.1979817798515,-1.1656914256641,-8.27423135582881,-9.8089924004361,-2.70438597512378,-5.10312806523373,5.17321925763579,-2.09267683917602,-3.13158752694211,5.5204428635217
"CYTSB_HUMAN---TRAF2_HUMAN",-28.1998497088482,-5.14688347475826,-2.9131084202258,5.05367631081459,1.42763989404745,-4.37977854530282,1.17825678680077,-2.45757660097183,-0.356695466837815,-2.02240238625284
"DBNL_HUMAN---SH24A_HUMAN",-28.1998497088482,-5.14688347475826,-2.9131084202258,5.05367631081459,1.42763989404745,-4.37977854530282,1.17825678680077,-2.45757660097183,-0.356695466837815,-2.02240238625284
"DC1L1_HUMAN---PAIRB_HUMAN",26.3282674858908,1.16044168886821,-2.17575062336234,6.87222672806571,4.60751083288545,-7.38547274348344,1.82754154294417,3.31089801318062,-2.36010077847461,3.61543762646204
"DDA1_HUMAN---VPRBP_HUMAN",-27.9984626434671,-0.803867937875012,1.77301297676278,7.86179987302623,1.51268238919658,-3.36816216075832,0.152792264896701,3.6357177397215,0.344946421656495,1.7129316605852
"DDX21_HUMAN---JUN_HUMAN",-27.3695074476238,2.12382627236107,7.60989278616362,5.57421258808122,0.11872223882689,0.111856618512657,-4.96735004025041,-0.805158365117431,-1.12174957484772,3.73671158657401
"DDX24_HUMAN---GIT1_HUMAN",24.6422952757055,-2.79332129382724,-1.98223500390916,11.0326477516674,5.90426373484242,-5.91099453739333,-3.05376465296417,1.74391271799635,3.96293726124878,2.81108874517766
"DDX24_HUMAN---SPTN1_HUMAN",-24.3874854056816,6.38836880949903,0.264579699288279,0.0661352641612094,0.722960262734744,-9.21529545271207,5.8373078875169,1.05100805397875,-3.16545964362749,7.2196403836255
"DDX3X_HUMAN---EIF3B_HUMAN",22.1490904153785,-10.2965023604205,-4.67907731577978,10.6722660251929,4.84671705204829,-4.19590508493509,-0.507413658786677,-4.10664184443323,1.69582680642637,3.89486615180399
"DDX3Y_HUMAN---SAP25_HUMAN",26.3282674858908,1.16044168886821,-2.17575062336234,6.87222672806571,4.60751083288545,-7.38547274348344,1.82754154294417,3.31089801318062,-2.36010077847461,3.61543762646204
"DDX41_HUMAN---NKAP_HUMAN",-27.3695074476238,2.12382627236107,7.60989278616362,5.57421258808122,0.11872223882689,0.111856618512657,-4.96735004025041,-0.805158365117431,-1.12174957484772,3.73671158657401
"DDX42_HUMAN---MEPCE_HUMAN",-27.3695074476238,2.12382627236107,7.60989278616362,5.57421258808122,0.11872223882689,0.111856618512657,-4.96735004025041,-0.805158365117431,-1.12174957484772,3.73671158657401
"DDX46_HUMAN---SUMO2_HUMAN",-27.808959017637,-8.35792817303814,-6.76579807835431,-2.01332779157108,-1.91466384866194,0.744005226720021,-0.511296364984412,0.492032846566728,0.378818538341866,0.0137341404813849
"DDX54_HUMAN---DDX55_HUMAN",-1.44515156254727,6.43264803785783,-3.05863856914004,14.620878857035,16.2303863965618,14.2146346729161,-4.62307065265887,-2.34356720690476,-0.320181504118115,7.23373272408359
"DDX54_HUMAN---WDHD1_HUMAN",-27.808959017637,-8.35792817303814,-6.76579807835431,-2.01332779157108,-1.91466384866194,0.744005226720021,-0.511296364984412,0.492032846566728,0.378818538341866,0.0137341404813849
"DDX55_HUMAN---NOC2L_HUMAN",26.1268804205097,-3.18257384801504,-6.86187202035092,4.06410316585407,4.52246833773632,-8.39708912802794,2.85300606484824,-2.78239632751271,-3.06174266696892,-0.119896420376004
"DDX58_HUMAN---TRI25_HUMAN",26.5177711117209,-6.39361854629492,-10.7145616784794,-3.00290093653161,1.18016459502693,-3.2733053560051,1.16345291306305,0.167213120025851,-2.32622866178923,1.91624010635823
"DENR_HUMAN---PP1B_HUMAN",-27.808959017637,-8.35792817303814,-6.76579807835431,-2.01332779157108,-1.91466384866194,0.744005226720021,-0.511296364984412,0.492032846566728,0.378818538341866,0.0137341404813849
"DEP1B_HUMAN---MDC1_HUMAN",-28.1998497088482,-5.14688347475826,-2.9131084202258,5.05367631081459,1.42763989404745,-4.37977854530282,1.17825678680077,-2.45757660097183,-0.356695466837815,-2.02240238625284
"DESP_HUMAN---PKP4_HUMAN",-27.808959017637,-8.35792817303814,-6.76579807835431,-2.01332779157108,-1.91466384866194,0.744005226720021,-0.511296364984412,0.492032846566728,0.378818538341866,0.0137341404813849
"DNMT1_HUMAN---HDAC2_HUMAN",5.78420241073599,-16.4869933452941,21.8649751234574,5.34972802835134,0.33118076809334,-3.78884250429354,-1.80374372365872,2.59905592266387,0.755301066527036,2.73789494635014
"DOCK1_HUMAN---FYN_HUMAN",-28.1998497088482,-5.14688347475826,-2.9131084202258,5.05367631081459,1.42763989404745,-4.37977854530282,1.17825678680077,-2.45757660097183,-0.356695466837815,-2.02240238625284
"DOCK4_HUMAN---GRB2_HUMAN",-27.808959017637,-8.35792817303814,-6.76579807835431,-2.01332779157108,-1.91466384866194,0.744005226720021,-0.511296364984412,0.492032846566728,0.378818538341866,0.0137341404813849
"DREB_HUMAN---NIPBL_HUMAN",-27.808959017637,-8.35792817303814,-6.76579807835431,-2.01332779157108,-1.91466384866194,0.744005226720021,-0.511296364984412,0.492032846566728,0.378818538341866,0.0137341404813849
"DREB_HUMAN---ZC3H4_HUMAN",-27.808959017637,-8.35792817303814,-6.76579807835431,-2.01332779157108,-1.91466384866194,0.744005226720021,-0.511296364984412,0.492032846566728,0.378818538341866,0.0137341404813849
"DYR1A_HUMAN-->CCNL2_HUMAN",-27.3695074476238,2.12382627236107,7.60989278616362,5.57421258808122,0.11872223882689,0.111856618512657,-4.96735004025041,-0.805158365117431,-1.12174957484772,3.73671158657401
"DYR1A_HUMAN-->SF3B1_HUMAN",-27.3695074476238,2.12382627236107,7.60989278616362,5.57421258808122,0.11872223882689,0.111856618512657,-4.96735004025041,-0.805158365117431,-1.12174957484772,3.73671158657401
"DYR1B_HUMAN---MK01_HUMAN",-27.808959017637,-8.35792817303814,-6.76579807835431,-2.01332779157108,-1.91466384866194,0.744005226720021,-0.511296364984412,0.492032846566728,0.378818538341866,0.0137341404813849
"DYRK2_HUMAN---DYRK4_HUMAN",24.4409082103244,-7.13633683071049,-6.66835640089775,8.22452418945581,5.81922123969329,-6.92261092193783,-2.0283001310601,-4.34938162269699,3.26129537275447,-0.924245301660383
"DYRK2_HUMAN-->SIAH2_HUMAN",26.1268804205097,-3.18257384801504,-6.86187202035092,4.06410316585407,4.52246833773632,-8.39708912802794,2.85300606484824,-2.78239632751271,-3.06174266696892,-0.119896420376004
"E9PAU2_HUMAN---SUMO2_HUMAN",-27.808959017637,-8.35792817303814,-6.76579807835431,-2.01332779157108,-1.91466384866194,0.744005226720021,-0.511296364984412,0.492032846566728,0.378818538341866,0.0137341404813849
"EDC3_HUMAN---EDC4_HUMAN",-28.1998497088482,-5.14688347475826,-2.9131084202258,5.05367631081459,1.42763989404745,-4.37977854530282,1.17825678680077,-2.45757660097183,-0.356695466837815,-2.02240238625284
"EF1A1_HUMAN---MAGD2_HUMAN",-28.1998497088482,-5.14688347475826,-2.9131084202258,5.05367631081459,1.42763989404745,-4.37977854530282,1.17825678680077,-2.45757660097183,-0.356695466837815,-2.02240238625284
"EF1A1_HUMAN---SUMO2_HUMAN",-28.1998497088482,-5.14688347475826,-2.9131084202258,5.05367631081459,1.42763989404745,-4.37977854530282,1.17825678680077,-2.45757660097183,-0.356695466837815,-2.02240238625284
"EFNA5_HUMAN---EPHA2_HUMAN",-27.808959017637,-8.35792817303814,-6.76579807835431,-2.01332779157108,-1.91466384866194,0.744005226720021,-0.511296364984412,0.492032846566728,0.378818538341866,0.0137341404813849
"EFNA5_HUMAN---EPHA3_HUMAN",-27.808959017637,-8.35792817303814,-6.76579807835431,-2.01332779157108,-1.91466384866194,0.744005226720021,-0.511296364984412,0.492032846566728,0.378818538341866,0.0137341404813849
"EFNA5_HUMAN---EPHA7_HUMAN",-27.808959017637,-8.35792817303814,-6.76579807835431,-2.01332779157108,-1.91466384866194,0.744005226720021,-0.511296364984412,0.492032846566728,0.378818538341866,0.0137341404813849
"EFNB2_HUMAN---EPHA3_HUMAN",-27.808959017637,-8.35792817303814,-6.76579807835431,-2.01332779157108,-1.91466384866194,0.744005226720021,-0.511296364984412,0.492032846566728,0.378818538341866,0.0137341404813849
"EGFR_HUMAN-->CCD50_HUMAN",-27.808959017637,-8.35792817303814,-6.76579807835431,-2.01332779157108,-1.91466384866194,0.744005226720021,-0.511296364984412,0.492032846566728,0.378818538341866,0.0137341404813849
"EGFR_HUMAN---EGF_HUMAN",-27.808959017637,-8.35792817303814,-6.76579807835431,-2.01332779157108,-1.91466384866194,0.744005226720021,-0.511296364984412,0.492032846566728,0.378818538341866,0.0137341404813849
"EGFR_HUMAN---ENPL_HUMAN",-27.9984626434671,-0.803867937875012,1.77301297676278,7.86179987302623,1.51268238919658,-3.36816216075832,0.152792264896701,3.6357177397215,0.344946421656495,1.7129316605852
"EGFR_HUMAN---EPN1_HUMAN",-27.808959017637,-8.35792817303814,-6.76579807835431,-2.01332779157108,-1.91466384866194,0.744005226720021,-0.511296364984412,0.492032846566728,0.378818538341866,0.0137341404813849
"EGFR_HUMAN-->FAK1_HUMAN",-27.808959017637,-8.35792817303814,-6.76579807835431,-2.01332779157108,-1.91466384866194,0.744005226720021,-0.511296364984412,0.492032846566728,0.378818538341866,0.0137341404813849
"EGFR_HUMAN---GRB2_HUMAN",-27.808959017637,-8.35792817303814,-6.76579807835431,-2.01332779157108,-1.91466384866194,0.744005226720021,-0.511296364984412,0.492032846566728,0.378818538341866,0.0137341404813849
"EGFR_HUMAN---HGS_HUMAN",-27.808959017637,-8.35792817303814,-6.76579807835431,-2.01332779157108,-1.91466384866194,0.744005226720021,-0.511296364984412,0.492032846566728,0.378818538341866,0.0137341404813849
"EGFR_HUMAN---RN213_HUMAN",26.9572226817342,4.0881358991043,3.6611291860385,4.58463944312069,3.21355068251576,-3.90545396421247,-3.29260076220295,-1.12997809165831,-3.82679677497882,5.63921755245085
"EGFR_HUMAN---TM1L1_HUMAN",26.5177711117209,-6.39361854629492,-10.7145616784794,-3.00290093653161,1.18016459502693,-3.2733053560051,1.16345291306305,0.167213120025851,-2.32622866178923,1.91624010635823
"EGFR_HUMAN---UBP8_HUMAN",-27.9984626434671,-0.803867937875012,1.77301297676278,7.86179987302623,1.51268238919658,-3.36816216075832,0.152792264896701,3.6357177397215,0.344946421656495,1.7129316605852
"EGLN1_HUMAN---SIAH2_HUMAN",26.1268804205097,-3.18257384801504,-6.86187202035092,4.06410316585407,4.52246833773632,-8.39708912802794,2.85300606484824,-2.78239632751271,-3.06174266696892,-0.119896420376004
"ELF2_HUMAN---SUMO2_HUMAN",-27.808959017637,-8.35792817303814,-6.76579807835431,-2.01332779157108,-1.91466384866194,0.744005226720021,-0.511296364984412,0.492032846566728,0.378818538341866,0.0137341404813849
"EMAL4_HUMAN---NEK6_HUMAN",26.5177711117209,-6.39361854629492,-10.7145616784794,-3.00290093653161,1.18016459502693,-3.2733053560051,1.16345291306305,0.167213120025851,-2.32622866178923,1.91624010635823
"EP15R_HUMAN---EPN1_HUMAN",-28.1998497088482,-5.14688347475826,-2.9131084202258,5.05367631081459,1.42763989404745,-4.37977854530282,1.17825678680077,-2.45757660097183,-0.356695466837815,-2.02240238625284
"EPN1_HUMAN---EPS15_HUMAN",-27.808959017637,-8.35792817303814,-6.76579807835431,-2.01332779157108,-1.91466384866194,0.744005226720021,-0.511296364984412,0.492032846566728,0.378818538341866,0.0137341404813849
"ETS1_HUMAN---IF2P_HUMAN",-28.1998497088482,-5.14688347475826,-2.9131084202258,5.05367631081459,1.42763989404745,-4.37977854530282,1.17825678680077,-2.45757660097183,-0.356695466837815,-2.02240238625284
"ETS1_HUMAN---SRS11_HUMAN",2.87094535631594,-16.2442846487941,22.4297907932298,2.35169747100644,2.37085856719492,-4.68052552708364,-6.11280017859392,1.7045249213581,-3.29439068495072,1.0619135548366
"ETS1_HUMAN---SUMO2_HUMAN",24.4778741694749,1.42429164577283,-2.5541327259116,3.75261050662032,-3.35337984514433,-8.0847541740912,-4.93032940847546,-7.91714426283573,-5.44540122979698,1.36801511150766
"ETS1_HUMAN---TCAL3_HUMAN",-28.1998497088482,-5.14688347475826,-2.9131084202258,5.05367631081459,1.42763989404745,-4.37977854530282,1.17825678680077,-2.45757660097183,-0.356695466837815,-2.02240238625284
"F122B_HUMAN---WDR48_HUMAN",18.6298105548868,-8.95128040663221,9.85982857566389,15.2795288668705,0.603380472927016,6.64502040171235,-4.41964838530608,-0.319057296614371,-3.13220870175032,2.40832549288581
"F208A_HUMAN---TM1L1_HUMAN",-27.808959017637,-8.35792817303814,-6.76579807835431,-2.01332779157108,-1.91466384866194,0.744005226720021,-0.511296364984412,0.492032846566728,0.378818538341866,0.0137341404813849
"FA21A_HUMAN---ROCK1_HUMAN",-27.5708945130048,-2.21918926452218,2.92377138917503,2.76608902586958,0.0336797436777609,-0.899759766031843,-3.94188551834635,-6.89845270581076,-1.82339146334203,0.00137753973596544
"FACD2_HUMAN---WDR48_HUMAN",-27.808959017637,-8.35792817303814,-6.76579807835431,-2.01332779157108,-1.91466384866194,0.744005226720021,-0.511296364984412,0.492032846566728,0.378818538341866,0.0137341404813849
"FAK1_HUMAN---PAXI_HUMAN",-28.1998497088482,-5.14688347475826,-2.9131084202258,5.05367631081459,1.42763989404745,-4.37977854530282,1.17825678680077,-2.45757660097183,-0.356695466837815,-2.02240238625284
"FNBP4_HUMAN---SUMO2_HUMAN",26.5177711117209,-6.39361854629492,-10.7145616784794,-3.00290093653161,1.18016459502693,-3.2733053560051,1.16345291306305,0.167213120025851,-2.32622866178923,1.91624010635823
"FUBP1_HUMAN---MK14_HUMAN",-27.9984626434671,-0.803867937875012,1.77301297676278,7.86179987302623,1.51268238919658,-3.36816216075832,0.152792264896701,3.6357177397215,0.344946421656495,1.7129316605852
"FUND2_HUMAN---SAT1_HUMAN",-27.808959017637,-8.35792817303814,-6.76579807835431,-2.01332779157108,-1.91466384866194,0.744005226720021,-0.511296364984412,0.492032846566728,0.378818538341866,0.0137341404813849
"FYN_HUMAN---PHAG1_HUMAN",26.1268804205097,-3.18257384801504,-6.86187202035092,4.06410316585407,4.52246833773632,-8.39708912802794,2.85300606484824,-2.78239632751271,-3.06174266696892,-0.119896420376004
"FYN_HUMAN---PPR3D_HUMAN",24.4409082103244,-7.13633683071049,-6.66835640089775,8.22452418945581,5.81922123969329,-6.92261092193783,-2.0283001310601,-4.34938162269699,3.26129537275447,-0.924245301660383
"FYN_HUMAN---SPN90_HUMAN",-28.1998497088482,-5.14688347475826,-2.9131084202258,5.05367631081459,1.42763989404745,-4.37977854530282,1.17825678680077,-2.45757660097183,-0.356695466837815,-2.02240238625284
"G3BP1_HUMAN---RL14_HUMAN",-27.9984626434671,-0.803867937875012,1.77301297676278,7.86179987302623,1.51268238919658,-3.36816216075832,0.152792264896701,3.6357177397215,0.344946421656495,1.7129316605852
"G3BP1_HUMAN---UBP10_HUMAN",-28.1998497088482,-5.14688347475826,-2.9131084202258,5.05367631081459,1.42763989404745,-4.37977854530282,1.17825678680077,-2.45757660097183,-0.356695466837815,-2.02240238625284
"GAB1_HUMAN---PTN11_HUMAN",-27.808959017637,-8.35792817303814,-6.76579807835431,-2.01332779157108,-1.91466384866194,0.744005226720021,-0.511296364984412,0.492032846566728,0.378818538341866,0.0137341404813849
"GAN_HUMAN---MAP1B_HUMAN",26.9572226817342,4.0881358991043,3.6611291860385,4.58463944312069,3.21355068251576,-3.90545396421247,-3.29260076220295,-1.12997809165831,-3.82679677497882,5.63921755245085
"GAN_HUMAN---TBCB_HUMAN",26.9572226817342,4.0881358991043,3.6611291860385,4.58463944312069,3.21355068251576,-3.90545396421247,-3.29260076220295,-1.12997809165831,-3.82679677497882,5.63921755245085
"GAPD1_HUMAN---LRC47_HUMAN",27.1467263075643,-3.46592433605883,-4.87768186907859,-5.29048822147662,-0.213795555342765,0.206713423265874,-3.95668939208406,-4.27366298481308,-3.79292465829345,3.94002003234704
"GAREM_HUMAN---GRB2_HUMAN",-27.808959017637,-8.35792817303814,-6.76579807835431,-2.01332779157108,-1.91466384866194,0.744005226720021,-0.511296364984412,0.492032846566728,0.378818538341866,0.0137341404813849
"GBRL1_HUMAN---TB10B_HUMAN",-27.3695074476238,2.12382627236107,7.60989278616362,5.57421258808122,0.11872223882689,0.111856618512657,-4.96735004025041,-0.805158365117431,-1.12174957484772,3.73671158657401
"GBRL1_HUMAN---TBCD1_HUMAN",-27.3695074476238,2.12382627236107,7.60989278616362,5.57421258808122,0.11872223882689,0.111856618512657,-4.96735004025041,-0.805158365117431,-1.12174957484772,3.73671158657401
"GGA3_HUMAN---MPRI_HUMAN",-27.808959017637,-8.35792817303814,-6.76579807835431,-2.01332779157108,-1.91466384866194,0.744005226720021,-0.511296364984412,0.492032846566728,0.378818538341866,0.0137341404813849
"GLIS2_HUMAN---WNK1_HUMAN",26.5177711117209,-6.39361854629492,-10.7145616784794,-3.00290093653161,1.18016459502693,-3.2733053560051,1.16345291306305,0.167213120025851,-2.32622866178923,1.91624010635823
"GRB2_HUMAN---IRS4_HUMAN",-27.808959017637,-8.35792817303814,-6.76579807835431,-2.01332779157108,-1.91466384866194,0.744005226720021,-0.511296364984412,0.492032846566728,0.378818538341866,0.0137341404813849
"GRB2_HUMAN---MK09_HUMAN",26.5177711117209,-6.39361854629492,-10.7145616784794,-3.00290093653161,1.18016459502693,-3.2733053560051,1.16345291306305,0.167213120025851,-2.32622866178923,1.91624010635823
"GRB2_HUMAN---PTN11_HUMAN",-27.808959017637,-8.35792817303814,-6.76579807835431,-2.01332779157108,-1.91466384866194,0.744005226720021,-0.511296364984412,0.492032846566728,0.378818538341866,0.0137341404813849
"GRB2_HUMAN---PTN18_HUMAN",-27.808959017637,-8.35792817303814,-6.76579807835431,-2.01332779157108,-1.91466384866194,0.744005226720021,-0.511296364984412,0.492032846566728,0.378818538341866,0.0137341404813849
"GRB2_HUMAN---PTPRA_HUMAN",-27.808959017637,-8.35792817303814,-6.76579807835431,-2.01332779157108,-1.91466384866194,0.744005226720021,-0.511296364984412,0.492032846566728,0.378818538341866,0.0137341404813849
"GRB2_HUMAN---RHG17_HUMAN",25.2712504715488,0.134372916408847,3.85464480549168,8.74506046672243,4.51030358447272,-2.43097575812235,-8.17390695811128,-2.69696338684258,2.49624126474456,4.83486867116647
"GRB2_HUMAN---SHC1_HUMAN",-27.808959017637,-8.35792817303814,-6.76579807835431,-2.01332779157108,-1.91466384866194,0.744005226720021,-0.511296364984412,0.492032846566728,0.378818538341866,0.0137341404813849
"GRB2_HUMAN---ST32C_HUMAN",-27.9984626434671,-0.803867937875012,1.77301297676278,7.86179987302623,1.51268238919658,-3.36816216075832,0.152792264896701,3.6357177397215,0.344946421656495,1.7129316605852
"GRB2_HUMAN---WIPF2_HUMAN",-27.808959017637,-8.35792817303814,-6.76579807835431,-2.01332779157108,-1.91466384866194,0.744005226720021,-0.511296364984412,0.492032846566728,0.378818538341866,0.0137341404813849
"H1X_HUMAN---HDGF_HUMAN",2.87094535631594,-16.2442846487941,22.4297907932298,2.35169747100644,2.37085856719492,-4.68052552708364,-6.11280017859392,1.7045249213581,-3.29439068495072,1.0619135548366
"H2AY_HUMAN---HDAC2_HUMAN",5.78420241073599,-16.4869933452941,21.8649751234574,5.34972802835134,0.33118076809334,-3.78884250429354,-1.80374372365872,2.59905592266387,0.755301066527036,2.73789494635014
"HACD3_HUMAN---NEK6_HUMAN",26.5177711117209,-6.39361854629492,-10.7145616784794,-3.00290093653161,1.18016459502693,-3.2733053560051,1.16345291306305,0.167213120025851,-2.32622866178923,1.91624010635823
"HDAC2_HUMAN---RCOR1_HUMAN",-27.3695074476238,2.12382627236107,7.60989278616362,5.57421258808122,0.11872223882689,0.111856618512657,-4.96735004025041,-0.805158365117431,-1.12174957484772,3.73671158657401
"HDAC2_HUMAN---SIN3A_HUMAN",5.78420241073599,-16.4869933452941,21.8649751234574,5.34972802835134,0.33118076809334,-3.78884250429354,-1.80374372365872,2.59905592266387,0.755301066527036,2.73789494635014
"HDGF_HUMAN---RL35A_HUMAN",7.94742489749258,-10.7115159917908,13.260790852236,12.5853706278066,3.57895913095082,5.59293871787254,5.22344665508749,-5.39448514629266,-4.7113863559593,9.85985508435898
"HDGF_HUMAN---SRP72_HUMAN",26.9572226817342,4.0881358991043,3.6611291860385,4.58463944312069,3.21355068251576,-3.90545396421247,-3.29260076220295,-1.12997809165831,-3.82679677497882,5.63921755245085
"HDGF_HUMAN---TCP4_HUMAN",26.9572226817342,4.0881358991043,3.6611291860385,4.58463944312069,3.21355068251576,-3.90545396421247,-3.29260076220295,-1.12997809165831,-3.82679677497882,5.63921755245085
"HERC2_HUMAN---RNF8_HUMAN",26.3282674858908,1.16044168886821,-2.17575062336234,6.87222672806571,4.60751083288545,-7.38547274348344,1.82754154294417,3.31089801318062,-2.36010077847461,3.61543762646204
"HEXI2_HUMAN---MEPCE_HUMAN",-28.1998497088482,-5.14688347475826,-2.9131084202258,5.05367631081459,1.42763989404745,-4.37977854530282,1.17825678680077,-2.45757660097183,-0.356695466837815,-2.02240238625284
"HGS_HUMAN---SCAM3_HUMAN",24.8317989015356,-10.3473815289904,-10.5210460590263,1.15752008707013,2.47691749698389,-1.79882714991499,-3.71785328284528,-1.39977217515843,3.99680937793415,1.11189122507385
"HGS_HUMAN---STAM2_HUMAN",-27.808959017637,-8.35792817303814,-6.76579807835431,-2.01332779157108,-1.91466384866194,0.744005226720021,-0.511296364984412,0.492032846566728,0.378818538341866,0.0137341404813849
"HIPK2_HUMAN---SUMO2_HUMAN",-27.808959017637,-8.35792817303814,-6.76579807835431,-2.01332779157108,-1.91466384866194,0.744005226720021,-0.511296364984412,0.492032846566728,0.378818538341866,0.0137341404813849
"HIPK3_HUMAN---ZYX_HUMAN",-27.808959017637,-8.35792817303814,-6.76579807835431,-2.01332779157108,-1.91466384866194,0.744005226720021,-0.511296364984412,0.492032846566728,0.378818538341866,0.0137341404813849
"HNRPK_HUMAN---RBMX_HUMAN",-27.9984626434671,-0.803867937875012,1.77301297676278,7.86179987302623,1.51268238919658,-3.36816216075832,0.152792264896701,3.6357177397215,0.344946421656495,1.7129316605852
"HNRPU_HUMAN---PLCG1_HUMAN",-28.1998497088482,-5.14688347475826,-2.9131084202258,5.05367631081459,1.42763989404745,-4.37977854530282,1.17825678680077,-2.45757660097183,-0.356695466837815,-2.02240238625284
"HOIL1_HUMAN---RNF31_HUMAN",-27.808959017637,-8.35792817303814,-6.76579807835431,-2.01332779157108,-1.91466384866194,0.744005226720021,-0.511296364984412,0.492032846566728,0.378818538341866,0.0137341404813849
"HTSF1_HUMAN---SRSF4_HUMAN",-25.5309975707589,-10.0370994565899,-5.2366575633928,-3.98942241728234,4.56722418384902,3.91168905205425,2.15189680319217,1.18590467705081,1.29578110466572,0.549602534586529
"I2BP1_HUMAN---SUMO2_HUMAN",-27.808959017637,-8.35792817303814,-6.76579807835431,-2.01332779157108,-1.91466384866194,0.744005226720021,-0.511296364984412,0.492032846566728,0.378818538341866,0.0137341404813849
"I2BP2_HUMAN---SUMO2_HUMAN",-27.808959017637,-8.35792817303814,-6.76579807835431,-2.01332779157108,-1.91466384866194,0.744005226720021,-0.511296364984412,0.492032846566728,0.378818538341866,0.0137341404813849
"ICK_HUMAN---MK01_HUMAN",-27.808959017637,-8.35792817303814,-6.76579807835431,-2.01332779157108,-1.91466384866194,0.744005226720021,-0.511296364984412,0.492032846566728,0.378818538341866,0.0137341404813849
"ICLN_HUMAN---PDLI1_HUMAN",-27.808959017637,-8.35792817303814,-6.76579807835431,-2.01332779157108,-1.91466384866194,0.744005226720021,-0.511296364984412,0.492032846566728,0.378818538341866,0.0137341404813849
"IF4G1_HUMAN---TRAF2_HUMAN",-28.1998497088482,-5.14688347475826,-2.9131084202258,5.05367631081459,1.42763989404745,-4.37977854530282,1.17825678680077,-2.45757660097183,-0.356695466837815,-2.02240238625284
"IGF1R_HUMAN---SHC1_HUMAN",-27.808959017637,-8.35792817303814,-6.76579807835431,-2.01332779157108,-1.91466384866194,0.744005226720021,-0.511296364984412,0.492032846566728,0.378818538341866,0.0137341404813849
"INADL_HUMAN---MPP5_HUMAN",-27.3695074476238,2.12382627236107,7.60989278616362,5.57421258808122,0.11872223882689,0.111856618512657,-4.96735004025041,-0.805158365117431,-1.12174957484772,3.73671158657401
"ITSN1_HUMAN---WASL_HUMAN",-28.1998497088482,-5.14688347475826,-2.9131084202258,5.05367631081459,1.42763989404745,-4.37977854530282,1.17825678680077,-2.45757660097183,-0.356695466837815,-2.02240238625284
"ITSN2_HUMAN---MCRS1_HUMAN",-27.808959017637,-8.35792817303814,-6.76579807835431,-2.01332779157108,-1.91466384866194,0.744005226720021,-0.511296364984412,0.492032846566728,0.378818538341866,0.0137341404813849
"IWS1_HUMAN---SUMO2_HUMAN",-27.808959017637,-8.35792817303814,-6.76579807835431,-2.01332779157108,-1.91466384866194,0.744005226720021,-0.511296364984412,0.492032846566728,0.378818538341866,0.0137341404813849
"JIP4_HUMAN---MK14_HUMAN",2.87094535631594,-16.2442846487941,22.4297907932298,2.35169747100644,2.37085856719492,-4.68052552708364,-6.11280017859392,1.7045249213581,-3.29439068495072,1.0619135548366
"JUN_HUMAN---PEBB_HUMAN",-25.6835352374384,6.07758925505652,7.41637716671044,1.41379156447948,-1.17803066313007,-1.36262158757746,-0.0860438443420799,0.761826930066847,-7.44478761457111,4.54106046785838
"JUN_HUMAN---PRC2A_HUMAN",-27.3695074476238,2.12382627236107,7.60989278616362,5.57421258808122,0.11872223882689,0.111856618512657,-4.96735004025041,-0.805158365117431,-1.12174957484772,3.73671158657401
"JUN_HUMAN---STRN4_HUMAN",-27.3695074476238,2.12382627236107,7.60989278616362,5.57421258808122,0.11872223882689,0.111856618512657,-4.96735004025041,-0.805158365117431,-1.12174957484772,3.73671158657401
"KAP2_HUMAN---RBM34_HUMAN",21.0544276490027,-6.26426637797971,7.15884154863097,14.8280458877228,3.0307686213326,4.66838516474402,-7.45622991254973,1.69747137234821,-1.88185927602294,4.95162028287491
"KCD12_HUMAN---OSBP1_HUMAN",-27.9984626434671,-0.803867937875012,1.77301297676278,7.86179987302623,1.51268238919658,-3.36816216075832,0.152792264896701,3.6357177397215,0.344946421656495,1.7129316605852
"KI21A_HUMAN---SRP72_HUMAN",-27.9984626434671,-0.803867937875012,1.77301297676278,7.86179987302623,1.51268238919658,-3.36816216075832,0.152792264896701,3.6357177397215,0.344946421656495,1.7129316605852
"KI67_HUMAN---KIF15_HUMAN",-27.808959017637,-8.35792817303814,-6.76579807835431,-2.01332779157108,-1.91466384866194,0.744005226720021,-0.511296364984412,0.492032846566728,0.378818538341866,0.0137341404813849
"KIF4A_HUMAN---SUMO2_HUMAN",-27.808959017637,-8.35792817303814,-6.76579807835431,-2.01332779157108,-1.91466384866194,0.744005226720021,-0.511296364984412,0.492032846566728,0.378818538341866,0.0137341404813849
"KKCC1_HUMAN-->KCC1A_HUMAN",-27.808959017637,-8.35792817303814,-6.76579807835431,-2.01332779157108,-1.91466384866194,0.744005226720021,-0.511296364984412,0.492032846566728,0.378818538341866,0.0137341404813849
"KLC4_HUMAN---LR16A_HUMAN",-27.9984626434671,-0.803867937875012,1.77301297676278,7.86179987302623,1.51268238919658,-3.36816216075832,0.152792264896701,3.6357177397215,0.344946421656495,1.7129316605852
"KMT2D_HUMAN---SRRM1_HUMAN",25.2712504715488,0.134372916408847,3.85464480549168,8.74506046672243,4.51030358447272,-2.43097575812235,-8.17390695811128,-2.69696338684258,2.49624126474456,4.83486867116647
"KMT2D_HUMAN---WDR82_HUMAN",23.3462454439486,-3.10410084826975,5.169562463513,12.3803040519857,4.0032728089776,1.94167932774129,-8.97711638482315,1.45473159408444,-0.316390709694842,0.132508829410538
"KPRA_HUMAN---MK01_HUMAN",-27.808959017637,-8.35792817303814,-6.76579807835431,-2.01332779157108,-1.91466384866194,0.744005226720021,-0.511296364984412,0.492032846566728,0.378818538341866,0.0137341404813849
"KS6A1_HUMAN-->IF4B_HUMAN",-27.9984626434671,-0.803867937875012,1.77301297676278,7.86179987302623,1.51268238919658,-3.36816216075832,0.152792264896701,3.6357177397215,0.344946421656495,1.7129316605852
"KS6A1_HUMAN---MK01_HUMAN",-27.9984626434671,-0.803867937875012,1.77301297676278,7.86179987302623,1.51268238919658,-3.36816216075832,0.152792264896701,3.6357177397215,0.344946421656495,1.7129316605852
"KS6A1_HUMAN-->YBOX1_HUMAN",-18.9145048476106,10.4337262594757,-6.72952114194138,2.34172914485511,6.2890803244728,-12.7062768452458,-7.98361983449175,3.83168430063351,6.87750602403925,3.17772823410342
"LAP2B_HUMAN---SUMO2_HUMAN",-27.808959017637,-8.35792817303814,-6.76579807835431,-2.01332779157108,-1.91466384866194,0.744005226720021,-0.511296364984412,0.492032846566728,0.378818538341866,0.0137341404813849
"LAP2_HUMAN---PKP4_HUMAN",-27.3695074476238,2.12382627236107,7.60989278616362,5.57421258808122,0.11872223882689,0.111856618512657,-4.96735004025041,-0.805158365117431,-1.12174957484772,3.73671158657401
"LAS1L_HUMAN---PELP1_HUMAN",-27.9984626434671,-0.803867937875012,1.77301297676278,7.86179987302623,1.51268238919658,-3.36816216075832,0.152792264896701,3.6357177397215,0.344946421656495,1.7129316605852
"LCK_HUMAN-->ADT1_HUMAN",-27.9984626434671,-0.803867937875012,1.77301297676278,7.86179987302623,1.51268238919658,-3.36816216075832,0.152792264896701,3.6357177397215,0.344946421656495,1.7129316605852
"LCK_HUMAN-->G3BP1_HUMAN",-28.1998497088482,-5.14688347475826,-2.9131084202258,5.05367631081459,1.42763989404745,-4.37977854530282,1.17825678680077,-2.45757660097183,-0.356695466837815,-2.02240238625284
"LCK_HUMAN-->ZAP70_HUMAN",-28.1998497088482,-5.14688347475826,-2.9131084202258,5.05367631081459,1.42763989404745,-4.37977854530282,1.17825678680077,-2.45757660097183,-0.356695466837815,-2.02240238625284
"LHX4_HUMAN---RFC1_HUMAN",-28.1998497088482,-5.14688347475826,-2.9131084202258,5.05367631081459,1.42763989404745,-4.37977854530282,1.17825678680077,-2.45757660097183,-0.356695466837815,-2.02240238625284
"LHX4_HUMAN---RRP36_HUMAN",-28.1998497088482,-5.14688347475826,-2.9131084202258,5.05367631081459,1.42763989404745,-4.37977854530282,1.17825678680077,-2.45757660097183,-0.356695466837815,-2.02240238625284
"LMNB2_HUMAN---SVIL_HUMAN",3.06044898214603,-23.7983448839572,13.8909797381128,-7.52343019359087,-1.0564876706636,-0.568358139605298,-6.77688880847503,-1.43915997179667,-3.26051856826535,-0.63728396526721
"MA7D1_HUMAN---RBM48_HUMAN",-23.0831296413183,-4.5083024164003,4.71180685622343,4.80064759947097,12.6131066304852,1.58295699135078,2.46043838572038,4.60541259446589,0.670127163267373,3.54597410179326
"MA7D3_HUMAN---TRM7_HUMAN",-27.9984626434671,-0.803867937875012,1.77301297676278,7.86179987302623,1.51268238919658,-3.36816216075832,0.152792264896701,3.6357177397215,0.344946421656495,1.7129316605852
"MAGG1_HUMAN---NSE1_HUMAN",13.0319225558515,-16.0175469154999,9.48140288346554,14.7956650577891,-0.147948356256946,1.15660427859509,7.11876620718425,0.42084844371383,-0.286739078704915,4.54763935349427
"MAP1B_HUMAN---NPM_HUMAN",26.3282674858908,1.16044168886821,-2.17575062336234,6.87222672806571,4.60751083288545,-7.38547274348344,1.82754154294417,3.31089801318062,-2.36010077847461,3.61543762646204
"MCMBP_HUMAN---SUMO2_HUMAN",26.5177711117209,-6.39361854629492,-10.7145616784794,-3.00290093653161,1.18016459502693,-3.2733053560051,1.16345291306305,0.167213120025851,-2.32622866178923,1.91624010635823
"MCRS1_HUMAN---RN213_HUMAN",-27.808959017637,-8.35792817303814,-6.76579807835431,-2.01332779157108,-1.91466384866194,0.744005226720021,-0.511296364984412,0.492032846566728,0.378818538341866,0.0137341404813849
"MD2L1_HUMAN---T22D4_HUMAN",22.9794326766029,-3.02579261330112,5.84392389060965,11.1928023024595,3.53779939682772,0.295730078880386,-6.65302048583786,-2.45422360857882,0.93077269841647,9.65398012463084
"MDC1_HUMAN---RAD50_HUMAN",-28.1998497088482,-5.14688347475826,-2.9131084202258,5.05367631081459,1.42763989404745,-4.37977854530282,1.17825678680077,-2.45757660097183,-0.356695466837815,-2.02240238625284
"MDC1_HUMAN---RNF8_HUMAN",26.3282674858908,1.16044168886821,-2.17575062336234,6.87222672806571,4.60751083288545,-7.38547274348344,1.82754154294417,3.31089801318062,-2.36010077847461,3.61543762646204
"MED12_HUMAN---MED1_HUMAN",25.0698634061678,-4.2086426204744,-0.831476591496907,5.93693690451079,4.42526108932359,-3.44259214266685,-7.14844243620721,-8.79025772753592,1.79459937625025,1.09953462432843
"MED13_HUMAN---MED1_HUMAN",25.0698634061678,-4.2086426204744,-0.831476591496907,5.93693690451079,4.42526108932359,-3.44259214266685,-7.14844243620721,-8.79025772753592,1.79459937625025,1.09953462432843
"MEP50_HUMAN---RBM5_HUMAN",-27.9984626434671,-0.803867937875012,1.77301297676278,7.86179987302623,1.51268238919658,-3.36816216075832,0.152792264896701,3.6357177397215,0.344946421656495,1.7129316605852
"MEPCE_HUMAN---SDE2_HUMAN",-28.1998497088482,-5.14688347475826,-2.9131084202258,5.05367631081459,1.42763989404745,-4.37977854530282,1.17825678680077,-2.45757660097183,-0.356695466837815,-2.02240238625284
"MEPCE_HUMAN---U520_HUMAN",26.7558356163531,-0.254879637778952,-1.02499221095008,1.77651588090906,3.12850818736663,-4.91707034875697,-2.26713624029888,-7.22327243235164,-4.52843866347313,1.90388350561281
"MEPCE_HUMAN---YRDC_HUMAN",-27.9984626434671,-0.803867937875012,1.77301297676278,7.86179987302623,1.51268238919658,-3.36816216075832,0.152792264896701,3.6357177397215,0.344946421656495,1.7129316605852
"MK01_HUMAN-->ABI1_HUMAN",-27.808959017637,-8.35792817303814,-6.76579807835431,-2.01332779157108,-1.91466384866194,0.744005226720021,-0.511296364984412,0.492032846566728,0.378818538341866,0.0137341404813849
"MK01_HUMAN-->ERF_HUMAN",-27.808959017637,-8.35792817303814,-6.76579807835431,-2.01332779157108,-1.91466384866194,0.744005226720021,-0.511296364984412,0.492032846566728,0.378818538341866,0.0137341404813849
"MK01_HUMAN-->MKL1_HUMAN",-27.808959017637,-8.35792817303814,-6.76579807835431,-2.01332779157108,-1.91466384866194,0.744005226720021,-0.511296364984412,0.492032846566728,0.378818538341866,0.0137341404813849
"MK01_HUMAN-->TFE2_HUMAN",-28.1998497088482,-5.14688347475826,-2.9131084202258,5.05367631081459,1.42763989404745,-4.37977854530282,1.17825678680077,-2.45757660097183,-0.356695466837815,-2.02240238625284
"MK03_HUMAN-->HNRPK_HUMAN",26.3282674858908,1.16044168886821,-2.17575062336234,6.87222672806571,4.60751083288545,-7.38547274348344,1.82754154294417,3.31089801318062,-2.36010077847461,3.61543762646204
"MK03_HUMAN-->NUP50_HUMAN",-27.808959017637,-8.35792817303814,-6.76579807835431,-2.01332779157108,-1.91466384866194,0.744005226720021,-0.511296364984412,0.492032846566728,0.378818538341866,0.0137341404813849
"MK09_HUMAN-->STAT3_HUMAN",-27.808959017637,-8.35792817303814,-6.76579807835431,-2.01332779157108,-1.91466384866194,0.744005226720021,-0.511296364984412,0.492032846566728,0.378818538341866,0.0137341404813849
"MK09_HUMAN---WDR62_HUMAN",-27.9984626434671,-0.803867937875012,1.77301297676278,7.86179987302623,1.51268238919658,-3.36816216075832,0.152792264896701,3.6357177397215,0.344946421656495,1.7129316605852
"MK14_HUMAN---PLSL_HUMAN",-27.9984626434671,-0.803867937875012,1.77301297676278,7.86179987302623,1.51268238919658,-3.36816216075832,0.152792264896701,3.6357177397215,0.344946421656495,1.7129316605852
"MKX_HUMAN---SIN3A_HUMAN",24.4409082103244,-7.13633683071049,-6.66835640089775,8.22452418945581,5.81922123969329,-6.92261092193783,-2.0283001310601,-4.34938162269699,3.26129537275447,-0.924245301660383
"MMTA2_HUMAN---SRPK2_HUMAN",-28.1998497088482,-5.14688347475826,-2.9131084202258,5.05367631081459,1.42763989404745,-4.37977854530282,1.17825678680077,-2.45757660097183,-0.356695466837815,-2.02240238625284
"MP2K1_HUMAN-->MK01_HUMAN",-26.1229868074517,-4.40416519034269,-6.95931369780749,-6.17374881517282,-3.21141675061891,-0.730472979370095,4.37000983092392,2.05901814175101,-5.94421950138152,0.818083021765764
"MP2K1_HUMAN-->MK03_HUMAN",-26.1229868074517,-4.40416519034269,-6.95931369780749,-6.17374881517282,-3.21141675061891,-0.730472979370095,4.37000983092392,2.05901814175101,-5.94421950138152,0.818083021765764
"MPZL1_HUMAN---PTN11_HUMAN",-27.808959017637,-8.35792817303814,-6.76579807835431,-2.01332779157108,-1.91466384866194,0.744005226720021,-0.511296364984412,0.492032846566728,0.378818538341866,0.0137341404813849
"MRE11_HUMAN---RAD50_HUMAN",-27.808959017637,-8.35792817303814,-6.76579807835431,-2.01332779157108,-1.91466384866194,0.744005226720021,-0.511296364984412,0.492032846566728,0.378818538341866,0.0137341404813849
"MYO6_HUMAN---TOM1_HUMAN",24.8317989015356,-10.3473815289904,-10.5210460590263,1.15752008707013,2.47691749698389,-1.79882714991499,-3.71785328284528,-1.39977217515843,3.99680937793415,1.11189122507385
"NADAP_HUMAN---SUMO2_HUMAN",-27.3695074476238,2.12382627236107,7.60989278616362,5.57421258808122,0.11872223882689,0.111856618512657,-4.96735004025041,-0.805158365117431,-1.12174957484772,3.73671158657401
"NASP_HUMAN---TRM7_HUMAN",-27.9984626434671,-0.803867937875012,1.77301297676278,7.86179987302623,1.51268238919658,-3.36816216075832,0.152792264896701,3.6357177397215,0.344946421656495,1.7129316605852
"NEK6_HUMAN---SMC3_HUMAN",26.5177711117209,-6.39361854629492,-10.7145616784794,-3.00290093653161,1.18016459502693,-3.2733053560051,1.16345291306305,0.167213120025851,-2.32622866178923,1.91624010635823
"NIPBL_HUMAN---PRS23_HUMAN",26.1268804205097,-3.18257384801504,-6.86187202035092,4.06410316585407,4.52246833773632,-8.39708912802794,2.85300606484824,-2.78239632751271,-3.06174266696892,-0.119896420376004
"NKAP_HUMAN---PPIG_HUMAN",26.5177711117209,-6.39361854629492,-10.7145616784794,-3.00290093653161,1.18016459502693,-3.2733053560051,1.16345291306305,0.167213120025851,-2.32622866178923,1.91624010635823
"NKAP_HUMAN---RBMX2_HUMAN",-28.1998497088482,-5.14688347475826,-2.9131084202258,5.05367631081459,1.42763989404745,-4.37977854530282,1.17825678680077,-2.45757660097183,-0.356695466837815,-2.02240238625284
"NOP2_HUMAN---SUMO2_HUMAN",-27.9984626434671,-0.803867937875012,1.77301297676278,7.86179987302623,1.51268238919658,-3.36816216075832,0.152792264896701,3.6357177397215,0.344946421656495,1.7129316605852
"NOVA1_HUMAN---PCBP1_HUMAN",15.3569504144678,-18.3739310280612,1.83417771780641,13.7445949176269,1.04282330441707,2.41550376254969,6.10811196832835,-4.545348183609,-3.27126422962829,-2.38904187517861
"NP1L1_HUMAN---TRAF2_HUMAN",-27.9984626434671,-0.803867937875012,1.77301297676278,7.86179987302623,1.51268238919658,-3.36816216075832,0.152792264896701,3.6357177397215,0.344946421656495,1.7129316605852
"NPM_HUMAN---NUCL_HUMAN",-27.9984626434671,-0.803867937875012,1.77301297676278,7.86179987302623,1.51268238919658,-3.36816216075832,0.152792264896701,3.6357177397215,0.344946421656495,1.7129316605852
"NRBP_HUMAN---T22D4_HUMAN",-27.808959017637,-8.35792817303814,-6.76579807835431,-2.01332779157108,-1.91466384866194,0.744005226720021,-0.511296364984412,0.492032846566728,0.378818538341866,0.0137341404813849
"NSE1_HUMAN---SUMO2_HUMAN",13.0319225558515,-16.0175469154999,9.48140288346554,14.7956650577891,-0.147948356256946,1.15660427859509,7.11876620718425,0.42084844371383,-0.286739078704915,4.54763935349427
"NSF1C_HUMAN---SRP14_HUMAN",10.0585947012726,-10.5507936484339,-5.26559052002075,18.1886747373665,-13.5394559754497,-2.60048212467891,0.0382493201977471,-0.440120239691335,-1.75619125554224,-2.95810288941231
"NUCL_HUMAN---PP1B_HUMAN",13.2214261816816,-23.5716071506631,0.942591828348452,4.9205373931918,-3.57529459411547,5.26877166607343,6.45467757730313,-2.72283644944094,-0.252866962019544,2.84844183339046
"NUMA1_HUMAN---SUMO2_HUMAN",-27.3695074476238,2.12382627236107,7.60989278616362,5.57421258808122,0.11872223882689,0.111856618512657,-4.96735004025041,-0.805158365117431,-1.12174957484772,3.73671158657401
"NUP50_HUMAN---TOIP1_HUMAN",27.1467263075643,-3.46592433605883,-4.87768186907859,-5.29048822147662,-0.213795555342765,0.206713423265874,-3.95668939208406,-4.27366298481308,-3.79292465829345,3.94002003234704
"OTUL_HUMAN---RNF31_HUMAN",-27.808959017637,-8.35792817303814,-6.76579807835431,-2.01332779157108,-1.91466384866194,0.744005226720021,-0.511296364984412,0.492032846566728,0.378818538341866,0.0137341404813849
"PAIRB_HUMAN---SUMO2_HUMAN",26.5177711117209,-6.39361854629492,-10.7145616784794,-3.00290093653161,1.18016459502693,-3.2733053560051,1.16345291306305,0.167213120025851,-2.32622866178923,1.91624010635823
"PARD3_HUMAN---PSME3_HUMAN",-20.0680854252473,-14.0291246783558,-2.1633801890591,-5.44300993933366,13.5370902549353,5.49787258929581,1.17641275656294,-1.03932244621071,-0.232144799856314,-0.37895145004734
"PCBP1_HUMAN---T22D4_HUMAN",-28.1998497088482,-5.14688347475826,-2.9131084202258,5.05367631081459,1.42763989404745,-4.37977854530282,1.17825678680077,-2.45757660097183,-0.356695466837815,-2.02240238625284
"PCBP1_HUMAN---ZN830_HUMAN",-28.1998497088482,-5.14688347475826,-2.9131084202258,5.05367631081459,1.42763989404745,-4.37977854530282,1.17825678680077,-2.45757660097183,-0.356695466837815,-2.02240238625284
"PDS5A_HUMAN---SMC3_HUMAN",-27.808959017637,-8.35792817303814,-6.76579807835431,-2.01332779157108,-1.91466384866194,0.744005226720021,-0.511296364984412,0.492032846566728,0.378818538341866,0.0137341404813849
"PDS5B_HUMAN---SMC3_HUMAN",-27.808959017637,-8.35792817303814,-6.76579807835431,-2.01332779157108,-1.91466384866194,0.744005226720021,-0.511296364984412,0.492032846566728,0.378818538341866,0.0137341404813849
"PEBB_HUMAN---SCG1_HUMAN",24.8317989015356,-10.3473815289904,-10.5210460590263,1.15752008707013,2.47691749698389,-1.79882714991499,-3.71785328284528,-1.39977217515843,3.99680937793415,1.11189122507385
"PELP1_HUMAN---SUMO2_HUMAN",2.87094535631594,-16.2442846487941,22.4297907932298,2.35169747100644,2.37085856719492,-4.68052552708364,-6.11280017859392,1.7045249213581,-3.29439068495072,1.0619135548366
"PGAM1_HUMAN---XRCC6_HUMAN",-10.8048889924328,18.591048510705,-7.44042087380006,6.50862740733227,3.14026831941842,1.63474979258539,-8.68474517276618,3.74708678547251,-12.2131860651238,-0.163991904908201
"PHIP_HUMAN---SUMO2_HUMAN",-27.808959017637,-8.35792817303814,-6.76579807835431,-2.01332779157108,-1.91466384866194,0.744005226720021,-0.511296364984412,0.492032846566728,0.378818538341866,0.0137341404813849
"PHS_HUMAN---PRC2C_HUMAN",-27.3695074476238,2.12382627236107,7.60989278616362,5.57421258808122,0.11872223882689,0.111856618512657,-4.96735004025041,-0.805158365117431,-1.12174957484772,3.73671158657401
"PHS_HUMAN---TIM_HUMAN",-27.3695074476238,2.12382627236107,7.60989278616362,5.57421258808122,0.11872223882689,0.111856618512657,-4.96735004025041,-0.805158365117431,-1.12174957484772,3.73671158657401
"PI4KA_HUMAN---STRN4_HUMAN",-27.808959017637,-8.35792817303814,-6.76579807835431,-2.01332779157108,-1.91466384866194,0.744005226720021,-0.511296364984412,0.492032846566728,0.378818538341866,0.0137341404813849
"PIAS1_HUMAN---SGTA_HUMAN",25.2712504715488,0.134372916408847,3.85464480549168,8.74506046672243,4.51030358447272,-2.43097575812235,-8.17390695811128,-2.69696338684258,2.49624126474456,4.83486867116647
"PIAS1_HUMAN---SUMO2_HUMAN",-27.808959017637,-8.35792817303814,-6.76579807835431,-2.01332779157108,-1.91466384866194,0.744005226720021,-0.511296364984412,0.492032846566728,0.378818538341866,0.0137341404813849
"PININ_HUMAN---SRRM2_HUMAN",-27.808959017637,-8.35792817303814,-6.76579807835431,-2.01332779157108,-1.91466384866194,0.744005226720021,-0.511296364984412,0.492032846566728,0.378818538341866,0.0137341404813849
"PININ_HUMAN---SRSF4_HUMAN",-27.808959017637,-8.35792817303814,-6.76579807835431,-2.01332779157108,-1.91466384866194,0.744005226720021,-0.511296364984412,0.492032846566728,0.378818538341866,0.0137341404813849
"PNKP_HUMAN---XRCC1_HUMAN",-27.808959017637,-8.35792817303814,-6.76579807835431,-2.01332779157108,-1.91466384866194,0.744005226720021,-0.511296364984412,0.492032846566728,0.378818538341866,0.0137341404813849
"PO2F1_HUMAN---XRCC6_HUMAN",-27.3695074476238,2.12382627236107,7.60989278616362,5.57421258808122,0.11872223882689,0.111856618512657,-4.96735004025041,-0.805158365117431,-1.12174957484772,3.73671158657401
"POGZ_HUMAN---SUMO2_HUMAN",-27.808959017637,-8.35792817303814,-6.76579807835431,-2.01332779157108,-1.91466384866194,0.744005226720021,-0.511296364984412,0.492032846566728,0.378818538341866,0.0137341404813849
"PR38A_HUMAN---SRPK2_HUMAN",16.1872926756923,-11.1032212809419,12.3571789241958,14.2651311948936,-0.266094350803494,6.90713892636516,-0.0374948587228321,-2.8929299477546,-4.03631833763819,3.37007209764824
"PRS23_HUMAN---RECQ4_HUMAN",26.1268804205097,-3.18257384801504,-6.86187202035092,4.06410316585407,4.52246833773632,-8.39708912802794,2.85300606484824,-2.78239632751271,-3.06174266696892,-0.119896420376004
"PSMD1_HUMAN---SUMO2_HUMAN",-27.3695074476238,2.12382627236107,7.60989278616362,5.57421258808122,0.11872223882689,0.111856618512657,-4.96735004025041,-0.805158365117431,-1.12174957484772,3.73671158657401
"PUR6_HUMAN---TRM7_HUMAN",-27.9984626434671,-0.803867937875012,1.77301297676278,7.86179987302623,1.51268238919658,-3.36816216075832,0.152792264896701,3.6357177397215,0.344946421656495,1.7129316605852
"Q6FIE9_HUMAN---TM1L1_HUMAN",-25.8839539900369,-5.11945440835955,-8.08071573637564,-5.64857137683436,-1.40763307316682,-3.62864985914362,0.291913061727455,-3.6596621343603,3.19145051278127,4.71609398223732
"Q6FIE9_HUMAN---TM1L2_HUMAN",-25.8839539900369,-5.11945440835955,-8.08071573637564,-5.64857137683436,-1.40763307316682,-3.62864985914362,0.291913061727455,-3.6596621343603,3.19145051278127,4.71609398223732
"Q6FIE9_HUMAN---TOM1_HUMAN",24.8317989015356,-10.3473815289904,-10.5210460590263,1.15752008707013,2.47691749698389,-1.79882714991499,-3.71785328284528,-1.39977217515843,3.99680937793415,1.11189122507385
"Q6FIE9_HUMAN---XRN2_HUMAN",-25.8839539900369,-5.11945440835955,-8.08071573637564,-5.64857137683436,-1.40763307316682,-3.62864985914362,0.291913061727455,-3.6596621343603,3.19145051278127,4.71609398223732
"RBM15_HUMAN---SUMO2_HUMAN",-27.808959017637,-8.35792817303814,-6.76579807835431,-2.01332779157108,-1.91466384866194,0.744005226720021,-0.511296364984412,0.492032846566728,0.378818538341866,0.0137341404813849
"RBM48_HUMAN---SAT1_HUMAN",-23.0831296413183,-4.5083024164003,4.71180685622343,4.80064759947097,12.6131066304852,1.58295699135078,2.46043838572038,4.60541259446589,0.670127163267373,3.54597410179326
"RBM5_HUMAN---U520_HUMAN",22.7172902481053,-6.03179505850583,-0.667317345887841,14.6678913369307,5.39723295934729,-1.53833945152969,-3.85697407967603,5.89560769892337,1.15030528680937,-1.89127109657827
"RBM8A_HUMAN---SRRM2_HUMAN",15.747841105679,-21.5849757263411,-2.0185119403221,6.67759081524125,-2.29948043829233,7.53928753457253,4.41855881654317,-1.59573873607044,-2.53575022444861,-0.352905348444379
"RBP2_HUMAN---SUMO2_HUMAN",-27.808959017637,-8.35792817303814,-6.76579807835431,-2.01332779157108,-1.91466384866194,0.744005226720021,-0.511296364984412,0.492032846566728,0.378818538341866,0.0137341404813849
"REC8_HUMAN---SMC3_HUMAN",-27.808959017637,-8.35792817303814,-6.76579807835431,-2.01332779157108,-1.91466384866194,0.744005226720021,-0.511296364984412,0.492032846566728,0.378818538341866,0.0137341404813849
"RGPA1_HUMAN---TFE2_HUMAN",-28.1998497088482,-5.14688347475826,-2.9131084202258,5.05367631081459,1.42763989404745,-4.37977854530282,1.17825678680077,-2.45757660097183,-0.356695466837815,-2.02240238625284
"RHOQ_HUMAN---WASL_HUMAN",25.032217654134,0.849662134425706,4.97604684405982,8.21988302838398,2.70651990702063,0.467201121651174,-4.09581018891481,3.02171688926872,-6.63942874941823,0.936857710694917
"RL15_HUMAN---SUMO2_HUMAN",-27.3695074476238,2.12382627236107,7.60989278616362,5.57421258808122,0.11872223882689,0.111856618512657,-4.96735004025041,-0.805158365117431,-1.12174957484772,3.73671158657401
"RLA1_HUMAN---SAT1_HUMAN",26.5177711117209,-6.39361854629492,-10.7145616784794,-3.00290093653161,1.18016459502693,-3.2733053560051,1.16345291306305,0.167213120025851,-2.32622866178923,1.91624010635823
"RNF31_HUMAN---TRI25_HUMAN",-27.808959017637,-8.35792817303814,-6.76579807835431,-2.01332779157108,-1.91466384866194,0.744005226720021,-0.511296364984412,0.492032846566728,0.378818538341866,0.0137341404813849
"RNF8_HUMAN---UBE2N_HUMAN",26.3282674858908,1.16044168886821,-2.17575062336234,6.87222672806571,4.60751083288545,-7.38547274348344,1.82754154294417,3.31089801318062,-2.36010077847461,3.61543762646204
"ROCK1_HUMAN-->ADDA_HUMAN",-27.5708945130048,-2.21918926452218,2.92377138917503,2.76608902586958,0.0336797436777609,-0.899759766031843,-3.94188551834635,-6.89845270581076,-1.82339146334203,0.00137753973596544
"ROCK1_HUMAN-->MARCS_HUMAN",2.66955829093488,-20.5873001856773,17.7436693962413,-0.456426091205195,2.28581607204579,-5.69214191162814,-5.08733565668985,-4.38876941933523,-3.99603257344503,-2.67342049200144
"RRAS2_HUMAN---XRCC6_HUMAN",-27.3695074476238,2.12382627236107,7.60989278616362,5.57421258808122,0.11872223882689,0.111856618512657,-4.96735004025041,-0.805158365117431,-1.12174957484772,3.73671158657401
"RREB1_HUMAN---SUMO2_HUMAN",-27.808959017637,-8.35792817303814,-6.76579807835431,-2.01332779157108,-1.91466384866194,0.744005226720021,-0.511296364984412,0.492032846566728,0.378818538341866,0.0137341404813849
"RSF1_HUMAN---SUMO2_HUMAN",-28.1998497088482,-5.14688347475826,-2.9131084202258,5.05367631081459,1.42763989404745,-4.37977854530282,1.17825678680077,-2.45757660097183,-0.356695466837815,-2.02240238625284
"RU17_HUMAN---SRPK2_HUMAN",15.3569504144678,-18.3739310280612,1.83417771780641,13.7445949176269,1.04282330441707,2.41550376254969,6.10811196832835,-4.545348183609,-3.27126422962829,-2.38904187517861
"SAP25_HUMAN---SIN3A_HUMAN",26.3282674858908,1.16044168886821,-2.17575062336234,6.87222672806571,4.60751083288545,-7.38547274348344,1.82754154294417,3.31089801318062,-2.36010077847461,3.61543762646204
"SAT1_HUMAN---SPB1_HUMAN",-27.808959017637,-8.35792817303814,-6.76579807835431,-2.01332779157108,-1.91466384866194,0.744005226720021,-0.511296364984412,0.492032846566728,0.378818538341866,0.0137341404813849
"SAT1_HUMAN---T22D4_HUMAN",-11.042953497065,12.452309602189,-17.1299903413294,1.72921058989161,1.19192472707871,3.27851478533726,-5.25415601940425,11.13757233785,-10.0109760634399,-0.151635304162782
"SCAFB_HUMAN---SUMO2_HUMAN",-28.1998497088482,-5.14688347475826,-2.9131084202258,5.05367631081459,1.42763989404745,-4.37977854530282,1.17825678680077,-2.45757660097183,-0.356695466837815,-2.02240238625284
"SCFD1_HUMAN---VINC_HUMAN",-9.30749054873663,-18.472529020428,7.61225397369052,0.454496946598559,13.9931454594401,-7.34479333994439,5.19469501787664,1.43070963555455,-2.46717502743965,-0.353870497387089
"SCG1_HUMAN---SG223_HUMAN",24.8317989015356,-10.3473815289904,-10.5210460590263,1.15752008707013,2.47691749698389,-1.79882714991499,-3.71785328284528,-1.39977217515843,3.99680937793415,1.11189122507385
"SENP3_HUMAN---SUMO2_HUMAN",-27.808959017637,-8.35792817303814,-6.76579807835431,-2.01332779157108,-1.91466384866194,0.744005226720021,-0.511296364984412,0.492032846566728,0.378818538341866,0.0137341404813849
"SF3A1_HUMAN---SF3A3_HUMAN",-27.9984626434671,-0.803867937875012,1.77301297676278,7.86179987302623,1.51268238919658,-3.36816216075832,0.152792264896701,3.6357177397215,0.344946421656495,1.7129316605852
"SGTA_HUMAN---UBL7_HUMAN",25.2712504715488,0.134372916408847,3.85464480549168,8.74506046672243,4.51030358447272,-2.43097575812235,-8.17390695811128,-2.69696338684258,2.49624126474456,4.83486867116647
"SMC3_HUMAN---WAPL_HUMAN",-27.808959017637,-8.35792817303814,-6.76579807835431,-2.01332779157108,-1.91466384866194,0.744005226720021,-0.511296364984412,0.492032846566728,0.378818538341866,0.0137341404813849
"SMRCD_HUMAN---SUMO2_HUMAN",-28.1998497088482,-5.14688347475826,-2.9131084202258,5.05367631081459,1.42763989404745,-4.37977854530282,1.17825678680077,-2.45757660097183,-0.356695466837815,-2.02240238625284
"SRPK2_HUMAN-->ACINU_HUMAN",-28.1998497088482,-5.14688347475826,-2.9131084202258,5.05367631081459,1.42763989404745,-4.37977854530282,1.17825678680077,-2.45757660097183,-0.356695466837815,-2.02240238625284
"SRRM1_HUMAN---SRRM2_HUMAN",-27.808959017637,-8.35792817303814,-6.76579807835431,-2.01332779157108,-1.91466384866194,0.744005226720021,-0.511296364984412,0.492032846566728,0.378818538341866,0.0137341404813849
"SRSF4_HUMAN---SRSF6_HUMAN",-27.808959017637,-8.35792817303814,-6.76579807835431,-2.01332779157108,-1.91466384866194,0.744005226720021,-0.511296364984412,0.492032846566728,0.378818538341866,0.0137341404813849
"STK24_HUMAN---STRN3_HUMAN",21.0544276490027,-6.26426637797971,7.15884154863097,14.8280458877228,3.0307686213326,4.66838516474402,-7.45622991254973,1.69747137234821,-1.88185927602294,4.95162028287491
"STK24_HUMAN---STRN4_HUMAN",21.0544276490027,-6.26426637797971,7.15884154863097,14.8280458877228,3.0307686213326,4.66838516474402,-7.45622991254973,1.69747137234821,-1.88185927602294,4.95162028287491
"STRN4_HUMAN---WIPI2_HUMAN",-27.9984626434671,-0.803867937875012,1.77301297676278,7.86179987302623,1.51268238919658,-3.36816216075832,0.152792264896701,3.6357177397215,0.344946421656495,1.7129316605852
"SUMO2_HUMAN---TF3C1_HUMAN",-27.808959017637,-8.35792817303814,-6.76579807835431,-2.01332779157108,-1.91466384866194,0.744005226720021,-0.511296364984412,0.492032846566728,0.378818538341866,0.0137341404813849
"SUMO2_HUMAN---TFP11_HUMAN",-27.808959017637,-8.35792817303814,-6.76579807835431,-2.01332779157108,-1.91466384866194,0.744005226720021,-0.511296364984412,0.492032846566728,0.378818538341866,0.0137341404813849
"SUMO2_HUMAN---TOP2B_HUMAN",-27.808959017637,-8.35792817303814,-6.76579807835431,-2.01332779157108,-1.91466384866194,0.744005226720021,-0.511296364984412,0.492032846566728,0.378818538341866,0.0137341404813849
"SUMO2_HUMAN---TPR_HUMAN",-27.808959017637,-8.35792817303814,-6.76579807835431,-2.01332779157108,-1.91466384866194,0.744005226720021,-0.511296364984412,0.492032846566728,0.378818538341866,0.0137341404813849
"SUMO2_HUMAN---U520_HUMAN",-28.1998497088482,-5.14688347475826,-2.9131084202258,5.05367631081459,1.42763989404745,-4.37977854530282,1.17825678680077,-2.45757660097183,-0.356695466837815,-2.02240238625284
"SUMO2_HUMAN---WIZ_HUMAN",-27.808959017637,-8.35792817303814,-6.76579807835431,-2.01332779157108,-1.91466384866194,0.744005226720021,-0.511296364984412,0.492032846566728,0.378818538341866,0.0137341404813849
"SUMO2_HUMAN---XRCC6_HUMAN",10.3926042265432,-12.3790863392396,18.7114428460022,3.65022462386964,0.192004601924233,-5.4283471382852,0.424794370312818,-5.68222324224825,7.26463971529724,9.53992104393305
"SUMO2_HUMAN---Z280C_HUMAN",-27.808959017637,-8.35792817303814,-6.76579807835431,-2.01332779157108,-1.91466384866194,0.744005226720021,-0.511296364984412,0.492032846566728,0.378818538341866,0.0137341404813849
"SUMO2_HUMAN---ZBT7A_HUMAN",-27.9984626434671,-0.803867937875012,1.77301297676278,7.86179987302623,1.51268238919658,-3.36816216075832,0.152792264896701,3.6357177397215,0.344946421656495,1.7129316605852
"SUMO2_HUMAN---ZKSC1_HUMAN",-27.808959017637,-8.35792817303814,-6.76579807835431,-2.01332779157108,-1.91466384866194,0.744005226720021,-0.511296364984412,0.492032846566728,0.378818538341866,0.0137341404813849
"SUMO2_HUMAN---ZMYM4_HUMAN",-27.808959017637,-8.35792817303814,-6.76579807835431,-2.01332779157108,-1.91466384866194,0.744005226720021,-0.511296364984412,0.492032846566728,0.378818538341866,0.0137341404813849
"SUMO2_HUMAN---ZN318_HUMAN",-27.808959017637,-8.35792817303814,-6.76579807835431,-2.01332779157108,-1.91466384866194,0.744005226720021,-0.511296364984412,0.492032846566728,0.378818538341866,0.0137341404813849
"TEBP_HUMAN---WAP53_HUMAN",18.0008553590434,-11.8789746168683,4.02294876626305,17.5671161518155,1.99734062329671,3.16500162244138,0.700493919841032,4.12181880822456,-1.66551270524611,0.384545566897001
"TF3C1_HUMAN---TF3C4_HUMAN",-28.1998497088482,-5.14688347475826,-2.9131084202258,5.05367631081459,1.42763989404745,-4.37977854530282,1.17825678680077,-2.45757660097183,-0.356695466837815,-2.02240238625284
"TICRR_HUMAN---TOPB1_HUMAN",-27.9984626434671,-0.803867937875012,1.77301297676278,7.86179987302623,1.51268238919658,-3.36816216075832,0.152792264896701,3.6357177397215,0.344946421656495,1.7129316605852
"TNIK_HUMAN---TRAF2_HUMAN",-27.3695074476238,2.12382627236107,7.60989278616362,5.57421258808122,0.11872223882689,0.111856618512657,-4.96735004025041,-0.805158365117431,-1.12174957484772,3.73671158657401
"TOM1_HUMAN---ZFY16_HUMAN",24.8317989015356,-10.3473815289904,-10.5210460590263,1.15752008707013,2.47691749698389,-1.79882714991499,-3.71785328284528,-1.39977217515843,3.99680937793415,1.11189122507385
"TRAF2_HUMAN---UBE2N_HUMAN",-27.9984626434671,-0.803867937875012,1.77301297676278,7.86179987302623,1.51268238919658,-3.36816216075832,0.152792264896701,3.6357177397215,0.344946421656495,1.7129316605852
"TRAF2_HUMAN---UBE2O_HUMAN",2.66955829093488,-20.5873001856773,17.7436693962413,-0.456426091205195,2.28581607204579,-5.69214191162814,-5.08733565668985,-4.38876941933523,-3.99603257344503,-2.67342049200144
"TRI18_HUMAN---UBE2N_HUMAN",-27.9984626434671,-0.803867937875012,1.77301297676278,7.86179987302623,1.51268238919658,-3.36816216075832,0.152792264896701,3.6357177397215,0.344946421656495,1.7129316605852
"TXLNA_HUMAN---XRN2_HUMAN",-27.3695074476238,2.12382627236107,7.60989278616362,5.57421258808122,0.11872223882689,0.111856618512657,-4.96735004025041,-0.805158365117431,-1.12174957484772,3.73671158657401
"UBE2N_HUMAN---ZNRF2_HUMAN",-27.9984626434671,-0.803867937875012,1.77301297676278,7.86179987302623,1.51268238919658,-3.36816216075832,0.152792264896701,3.6357177397215,0.344946421656495,1.7129316605852
"WDR48_HUMAN---WDR70_HUMAN",-27.808959017637,-8.35792817303814,-6.76579807835431,-2.01332779157108,-1.91466384866194,0.744005226720021,-0.511296364984412,0.492032846566728,0.378818538341866,0.0137341404813849
"WNK1_HUMAN-->STK39_HUMAN",-27.808959017637,-8.35792817303814,-6.76579807835431,-2.01332779157108,-1.91466384866194,0.744005226720021,-0.511296364984412,0.492032846566728,0.378818538341866,0.0137341404813849
"ZAP70_HUMAN-->DBNL_HUMAN",-28.1998497088482,-5.14688347475826,-2.9131084202258,5.05367631081459,1.42763989404745,-4.37977854530282,1.17825678680077,-2.45757660097183,-0.356695466837815,-2.02240238625284
"ZAP70_HUMAN-->MK14_HUMAN",-27.9984626434671,-0.803867937875012,1.77301297676278,7.86179987302623,1.51268238919658,-3.36816216075832,0.152792264896701,3.6357177397215,0.344946421656495,1.7129316605852
"1433G_HUMAN---3BP5L_HUMAN",-26.4955604925737,6.37911847886208,10.7047403530083,2.99791802240323,-1.16871478791071,3.28288659741691,-1.15426300417238,-0.169347934707683,2.32695393570031,-1.90843332016297
"1433G_HUMAN---HDAC4_HUMAN",-13.1992155625344,23.5571070832302,-0.952413153819599,-4.92552030732018,3.58674440123169,-5.25919042466163,-6.44548766841246,2.72070163475911,0.253592235930615,-2.84063504719521
"1433G_HUMAN---SRPK1_HUMAN",-15.7256304865318,21.5704756589083,2.00869061485095,-6.68257372936963,2.31093024540854,-7.52970629316072,-4.40936890765249,1.59360392138861,2.53647549835968,0.360712134639632
"3BP5L_HUMAN---EYA4_HUMAN",-26.4955604925737,6.37911847886208,10.7047403530083,2.99791802240323,-1.16871478791071,3.28288659741691,-1.15426300417238,-0.169347934707683,2.32695393570031,-1.90843332016297
"A8K015_HUMAN---STAT3_HUMAN",-24.8095882823883,10.3328814615575,10.5112247335551,-1.16250300119851,-2.46546768986768,1.80840839132679,3.72704319173596,1.39763736047659,-3.99608410402308,-1.10408443887859
"A8K015_HUMAN---TMX1_HUMAN",-24.8095882823883,10.3328814615575,10.5112247335551,-1.16250300119851,-2.46546768986768,1.80840839132679,3.72704319173596,1.39763736047659,-3.99608410402308,-1.10408443887859
"AAGAB_HUMAN---EIF3C_HUMAN",-26.4955604925737,6.37911847886208,10.7047403530083,2.99791802240323,-1.16871478791071,3.28288659741691,-1.15426300417238,-0.169347934707683,2.32695393570031,-1.90843332016297
"ABI2_HUMAN---MIPT3_HUMAN",-3.67353397054065,22.3473822294726,-11.8068448788499,2.54432209640632,9.58950330939236,2.85394018356124,5.14021543060709,1.23636598629315,0.128514657022515,-0.495022245945938
"ABI2_HUMAN---PCM1_HUMAN",-20.6066218079099,11.8921839426843,10.7254475904953,-6.77384121217306,4.52345111813841,0.603437130797388,7.19344578662441,-2.06018578996635,-0.266489563259823,4.13414379698248
"ACAP2_HUMAN---CBX1_HUMAN",-13.1992155625344,23.5571070832302,-0.952413153819599,-4.92552030732018,3.58674440123169,-5.25919042466163,-6.44548766841246,2.72070163475911,0.253592235930615,-2.84063504719521
"ACK1_HUMAN---CDC42_HUMAN",-24.5705554649735,9.61759224354068,9.38982269498696,-0.637325562860056,-0.661684012415583,-1.08976848844673,-0.351053577460512,-4.32104291563471,5.13958591013971,2.79392652159296
"ACTB_HUMAN---KHDR1_HUMAN",-26.4955604925737,6.37911847886208,10.7047403530083,2.99791802240323,-1.16871478791071,3.28288659741691,-1.15426300417238,-0.169347934707683,2.32695393570031,-1.90843332016297
"ADCY6_HUMAN---ATX1_HUMAN",-20.5927654598422,16.7315207559461,7.20702799041581,-7.24548842219885,-0.985932726727547,-5.29095253153958,3.0093661461744,-2.9967973987142,0.382016436744422,-1.22083605058703
"AKA10_HUMAN---MYH9_HUMAN",-5.32254022157548,26.9542477232604,-7.49910558441062,2.23282943717258,1.71365512651171,3.16627513749798,-2.64312004271661,-3.89838194902987,-2.25514390580555,0.992889285937731
"AKA11_HUMAN---PP1A_HUMAN",-3.75236737062227,9.80274832409214,5.04103075381631,7.32124857492602,10.3493334957312,18.1499402073514,11.4900576331544,-4.73117280141354,-5.34897509490873,0.811388513404323
"AP3D1_HUMAN---CTNB1_HUMAN",-17.9692502526393,9.86692074771084,12.1351009549944,-7.85889886001706,9.14198732691605,2.38687245757225,6.8378987392715,-1.78436276570604,-0.858271387972796,5.4313178440854
"ARHGB_HUMAN---CDC42_HUMAN",-24.5705554649735,9.61759224354068,9.38982269498696,-0.637325562860056,-0.661684012415583,-1.08976848844673,-0.351053577460512,-4.32104291563471,5.13958591013971,2.79392652159296
"ARL4D_HUMAN---EMAL4_HUMAN",-26.4955604925737,6.37911847886208,10.7047403530083,2.99791802240323,-1.16871478791071,3.28288659741691,-1.15426300417238,-0.169347934707683,2.32695393570031,-1.90843332016297
"ARL4D_HUMAN---PGAM1_HUMAN",-26.4955604925737,6.37911847886208,10.7047403530083,2.99791802240323,-1.16871478791071,3.28288659741691,-1.15426300417238,-0.169347934707683,2.32695393570031,-1.90843332016297
"ARPC3_HUMAN---BAG6_HUMAN",-24.8095882823883,10.3328814615575,10.5112247335551,-1.16250300119851,-2.46546768986768,1.80840839132679,3.72704319173596,1.39763736047659,-3.99608410402308,-1.10408443887859
"ARPC3_HUMAN---OTUD5_HUMAN",-24.8095882823883,10.3328814615575,10.5112247335551,-1.16250300119851,-2.46546768986768,1.80840839132679,3.72704319173596,1.39763736047659,-3.99608410402308,-1.10408443887859
"ASPM_HUMAN---SUMO2_HUMAN",-17.0687146899986,4.66168495623992,15.1136426228503,-4.59218514896109,12.9862864137296,6.56227575390258,5.41475231328331,-0.133717932300844,-4.60704744222126,-1.49677002940732
"AT1A1_HUMAN---CDK2_HUMAN",-3.0382383629988,23.7838448165244,-13.9008010635839,7.51844727946249,1.06793747777982,0.577939381017105,6.78607871736571,1.43702515711484,3.26124384217642,0.645090751462464
"ATM_HUMAN-->BAG6_HUMAN",-24.8095882823883,10.3328814615575,10.5112247335551,-1.16250300119851,-2.46546768986768,1.80840839132679,3.72704319173596,1.39763736047659,-3.99608410402308,-1.10408443887859
"ATM_HUMAN-->FUBP2_HUMAN",-24.8095882823883,10.3328814615575,10.5112247335551,-1.16250300119851,-2.46546768986768,1.80840839132679,3.72704319173596,1.39763736047659,-3.99608410402308,-1.10408443887859
"ATM_HUMAN-->RIF1_HUMAN",-5.32254022157548,26.9542477232604,-7.49910558441062,2.23282943717258,1.71365512651171,3.16627513749798,-2.64312004271661,-3.89838194902987,-2.25514390580555,0.992889285937731
"ATRX_HUMAN---DAXX_HUMAN",-24.8465542415388,1.77225298507422,6.39700105856896,3.30941068163697,6.70713339496994,2.97055164348017,6.62907246915132,4.96540000061533,4.71061249852837,-3.39634485204664
"ATX1_HUMAN---FA21C_HUMAN",-26.4955604925737,6.37911847886208,10.7047403530083,2.99791802240323,-1.16871478791071,3.28288659741691,-1.15426300417238,-0.169347934707683,2.32695393570031,-1.90843332016297
"AURKB_HUMAN---H31T_HUMAN",-26.4955604925737,6.37911847886208,10.7047403530083,2.99791802240323,-1.16871478791071,3.28288659741691,-1.15426300417238,-0.169347934707683,2.32695393570031,-1.90843332016297
"AURKB_HUMAN-->PLEC_HUMAN",-20.5927654598422,16.7315207559461,7.20702799041581,-7.24548842219885,-0.985932726727547,-5.29095253153958,3.0093661461744,-2.9967973987142,0.382016436744422,-1.22083605058703
"AURKB_HUMAN---PSA3_HUMAN",-5.45834197014467,17.8859105779126,3.65000473547562,-8.35520245508276,19.038498504829,-0.505323062085838,-4.7577785468651,1.18934634198167,-0.357371102267566,-3.23332063772393
"AURKB_HUMAN---SKA1_HUMAN",-26.4955604925737,6.37911847886208,10.7047403530083,2.99791802240323,-1.16871478791071,3.28288659741691,-1.15426300417238,-0.169347934707683,2.32695393570031,-1.90843332016297
"BAG6_HUMAN---SGTA_HUMAN",-24.8095882823883,10.3328814615575,10.5112247335551,-1.16250300119851,-2.46546768986768,1.80840839132679,3.72704319173596,1.39763736047659,-3.99608410402308,-1.10408443887859
"BAG6_HUMAN---UBL7_HUMAN",-24.8095882823883,10.3328814615575,10.5112247335551,-1.16250300119851,-2.46546768986768,1.80840839132679,3.72704319173596,1.39763736047659,-3.99608410402308,-1.10408443887859
"BBX_HUMAN---HS90B_HUMAN",-24.8095882823883,10.3328814615575,10.5112247335551,-1.16250300119851,-2.46546768986768,1.80840839132679,3.72704319173596,1.39763736047659,-3.99608410402308,-1.10408443887859
"BIG3_HUMAN---PP1A_HUMAN",-24.8095882823883,10.3328814615575,10.5112247335551,-1.16250300119851,-2.46546768986768,1.80840839132679,3.72704319173596,1.39763736047659,-3.99608410402308,-1.10408443887859
"BORG1_HUMAN---CDC42_HUMAN",-24.5705554649735,9.61759224354068,9.38982269498696,-0.637325562860056,-0.661684012415583,-1.08976848844673,-0.351053577460512,-4.32104291563471,5.13958591013971,2.79392652159296
"BRAP_HUMAN---KSR1_HUMAN",-26.4955604925737,6.37911847886208,10.7047403530083,2.99791802240323,-1.16871478791071,3.28288659741691,-1.15426300417238,-0.169347934707683,2.32695393570031,-1.90843332016297
"BRD2_HUMAN---E2F2_HUMAN",-15.7256304865318,21.5704756589083,2.00869061485095,-6.68257372936963,2.31093024540854,-7.52970629316072,-4.40936890765249,1.59360392138861,2.53647549835968,0.360712134639632
"BRD3_HUMAN---SRPK2_HUMAN",-19.8942552802394,6.62844698303225,13.4500186130158,-4.22365527475378,8.63495655142093,6.75952754343589,6.03468931255963,2.36733221522099,-3.6709033624122,0.728958002329474
"BRF2_HUMAN---HACD3_HUMAN",-18.7546869001839,0.707921973544468,15.3071582423035,-0.431764125359354,14.2830393156866,8.0367539599927,0.533446117374976,-1.70070322748512,1.71599059750213,-2.3011189106917
"BRF2_HUMAN---NOC2L_HUMAN",-18.7546869001839,0.707921973544468,15.3071582423035,-0.431764125359354,14.2830393156866,8.0367539599927,0.533446117374976,-1.70070322748512,1.71599059750213,-2.3011189106917
"BRF2_HUMAN---OTUD4_HUMAN",-18.7546869001839,0.707921973544468,15.3071582423035,-0.431764125359354,14.2830393156866,8.0367539599927,0.533446117374976,-1.70070322748512,1.71599059750213,-2.3011189106917
"BRF2_HUMAN---SF3B1_HUMAN",-18.7546869001839,0.707921973544468,15.3071582423035,-0.431764125359354,14.2830393156866,8.0367539599927,0.533446117374976,-1.70070322748512,1.71599059750213,-2.3011189106917
"C2CD5_HUMAN---CDK5_HUMAN",-24.8095882823883,10.3328814615575,10.5112247335551,-1.16250300119851,-2.46546768986768,1.80840839132679,3.72704319173596,1.39763736047659,-3.99608410402308,-1.10408443887859
"CAAP1_HUMAN---KAT7_HUMAN",-26.4955604925737,6.37911847886208,10.7047403530083,2.99791802240323,-1.16871478791071,3.28288659741691,-1.15426300417238,-0.169347934707683,2.32695393570031,-1.90843332016297
"CAF1B_HUMAN---SUMO2_HUMAN",-22.8845832547881,13.5713552262361,9.19630707553378,-4.79774658646179,-1.95843691437255,-2.56424669453685,4.53025261844782,-2.75405762045043,-1.18345212958367,3.59827540287734
"CBL_HUMAN---MYH9_HUMAN",-5.32254022157548,26.9542477232604,-7.49910558441062,2.23282943717258,1.71365512651171,3.16627513749798,-2.64312004271661,-3.89838194902987,-2.25514390580555,0.992889285937731
"CBX1_HUMAN---TIF1B_HUMAN",-13.1992155625344,23.5571070832302,-0.952413153819599,-4.92552030732018,3.58674440123169,-5.25919042466163,-6.44548766841246,2.72070163475911,0.253592235930615,-2.84063504719521
"CCD25_HUMAN---SMAD2_HUMAN",-26.4955604925737,6.37911847886208,10.7047403530083,2.99791802240323,-1.16871478791071,3.28288659741691,-1.15426300417238,-0.169347934707683,2.32695393570031,-1.90843332016297
"CCD97_HUMAN---SRPK2_HUMAN",-24.8095882823883,10.3328814615575,10.5112247335551,-1.16250300119851,-2.46546768986768,1.80840839132679,3.72704319173596,1.39763736047659,-3.99608410402308,-1.10408443887859
"CCDC6_HUMAN---HDAC1_HUMAN",-5.32254022157548,26.9542477232604,-7.49910558441062,2.23282943717258,1.71365512651171,3.16627513749798,-2.64312004271661,-3.89838194902987,-2.25514390580555,0.992889285937731
"CCNK_HUMAN---STX11_HUMAN",-26.4955604925737,6.37911847886208,10.7047403530083,2.99791802240323,-1.16871478791071,3.28288659741691,-1.15426300417238,-0.169347934707683,2.32695393570031,-1.90843332016297
"CDC20_HUMAN---MD2L1_HUMAN",-24.8095882823883,10.3328814615575,10.5112247335551,-1.16250300119851,-2.46546768986768,1.80840839132679,3.72704319173596,1.39763736047659,-3.99608410402308,-1.10408443887859
"CDC20_HUMAN---MDC1_HUMAN",-11.8848199562731,17.7646771177439,0.287948398837021,6.36744870616996,-3.48370947855686,7.93621655590089,6.85613337207395,0.687026897085231,-6.86924986471325,-5.7147036053583
"CDC42_HUMAN---FETUA_HUMAN",-20.5927654598422,16.7315207559461,7.20702799041581,-7.24548842219885,-0.985932726727547,-5.29095253153958,3.0093661461744,-2.9967973987142,0.382016436744422,-1.22083605058703
"CDC42_HUMAN---IQGA1_HUMAN",-24.5705554649735,9.61759224354068,9.38982269498696,-0.637325562860056,-0.661684012415583,-1.08976848844673,-0.351053577460512,-4.32104291563471,5.13958591013971,2.79392652159296
"CDC42_HUMAN---PAK4_HUMAN",-24.5705554649735,9.61759224354068,9.38982269498696,-0.637325562860056,-0.661684012415583,-1.08976848844673,-0.351053577460512,-4.32104291563471,5.13958591013971,2.79392652159296
"CDK12_HUMAN---PR40A_HUMAN",-26.4955604925737,6.37911847886208,10.7047403530083,2.99791802240323,-1.16871478791071,3.28288659741691,-1.15426300417238,-0.169347934707683,2.32695393570031,-1.90843332016297
"CDK13_HUMAN---PR40A_HUMAN",-26.4955604925737,6.37911847886208,10.7047403530083,2.99791802240323,-1.16871478791071,3.28288659741691,-1.15426300417238,-0.169347934707683,2.32695393570031,-1.90843332016297
"CDK1_HUMAN-->DLG1_HUMAN",-26.4955604925737,6.37911847886208,10.7047403530083,2.99791802240323,-1.16871478791071,3.28288659741691,-1.15426300417238,-0.169347934707683,2.32695393570031,-1.90843332016297
"CDK1_HUMAN-->FOXM1_HUMAN",-20.5927654598422,16.7315207559461,7.20702799041581,-7.24548842219885,-0.985932726727547,-5.29095253153958,3.0093661461744,-2.9967973987142,0.382016436744422,-1.22083605058703
"CDK1_HUMAN-->KAT7_HUMAN",-18.7546869001839,0.707921973544468,15.3071582423035,-0.431764125359354,14.2830393156866,8.0367539599927,0.533446117374976,-1.70070322748512,1.71599059750213,-2.3011189106917
"CDK1_HUMAN-->PKN2_HUMAN",-15.4459050330424,15.7698016308555,-6.00762550573777,5.84777396490941,3.43996872934765,1.24267087808235,0.354181872872442,11.4598940874922,-6.81668801270408,-3.03237422085169
"CDK1_HUMAN-->UNG_HUMAN",-24.8095882823883,10.3328814615575,10.5112247335551,-1.16250300119851,-2.46546768986768,1.80840839132679,3.72704319173596,1.39763736047659,-3.99608410402308,-1.10408443887859
"CDK2_HUMAN-->AMOT_HUMAN",-3.0382383629988,23.7838448165244,-13.9008010635839,7.51844727946249,1.06793747777982,0.577939381017105,6.78607871736571,1.43702515711484,3.26124384217642,0.645090751462464
"CDK2_HUMAN-->BAP18_HUMAN",-3.0382383629988,23.7838448165244,-13.9008010635839,7.51844727946249,1.06793747777982,0.577939381017105,6.78607871736571,1.43702515711484,3.26124384217642,0.645090751462464
"CDK2_HUMAN-->BAZ2A_HUMAN",-3.0382383629988,23.7838448165244,-13.9008010635839,7.51844727946249,1.06793747777982,0.577939381017105,6.78607871736571,1.43702515711484,3.26124384217642,0.645090751462464
"CDK2_HUMAN-->CT2NL_HUMAN",-3.0382383629988,23.7838448165244,-13.9008010635839,7.51844727946249,1.06793747777982,0.577939381017105,6.78607871736571,1.43702515711484,3.26124384217642,0.645090751462464
"CDK2_HUMAN-->DNLI1_HUMAN",-3.0382383629988,23.7838448165244,-13.9008010635839,7.51844727946249,1.06793747777982,0.577939381017105,6.78607871736571,1.43702515711484,3.26124384217642,0.645090751462464
"CDK2_HUMAN-->DNLI3_HUMAN",-3.0382383629988,23.7838448165244,-13.9008010635839,7.51844727946249,1.06793747777982,0.577939381017105,6.78607871736571,1.43702515711484,3.26124384217642,0.645090751462464
"CDK2_HUMAN-->DNM1L_HUMAN",-3.0382383629988,23.7838448165244,-13.9008010635839,7.51844727946249,1.06793747777982,0.577939381017105,6.78607871736571,1.43702515711484,3.26124384217642,0.645090751462464
"CDK2_HUMAN-->F122A_HUMAN",-2.40928316715543,26.7115390267605,-8.06392125418306,5.23085999451748,-0.326022672589875,4.05795816028808,1.66593641221859,-3.00385094772409,1.79454784567221,2.66887067745127
"CDK2_HUMAN-->GUAA_HUMAN",-3.0382383629988,23.7838448165244,-13.9008010635839,7.51844727946249,1.06793747777982,0.577939381017105,6.78607871736571,1.43702515711484,3.26124384217642,0.645090751462464
"CDK2_HUMAN---H1X_HUMAN",-3.0382383629988,23.7838448165244,-13.9008010635839,7.51844727946249,1.06793747777982,0.577939381017105,6.78607871736571,1.43702515711484,3.26124384217642,0.645090751462464
"CDK2_HUMAN-->HNRL1_HUMAN",-3.0382383629988,23.7838448165244,-13.9008010635839,7.51844727946249,1.06793747777982,0.577939381017105,6.78607871736571,1.43702515711484,3.26124384217642,0.645090751462464
"CDK2_HUMAN---HS90A_HUMAN",5.33159042523428,21.0403425214429,-3.46150336488785,1.8011778467549,15.1257314310074,8.81182552286387,3.35364553376595,-4.53520624050153,1.18358450747403,2.27618508692255
"CDK2_HUMAN-->JIP4_HUMAN",-3.0382383629988,23.7838448165244,-13.9008010635839,7.51844727946249,1.06793747777982,0.577939381017105,6.78607871736571,1.43702515711484,3.26124384217642,0.645090751462464
"CDK2_HUMAN-->LARP1_HUMAN",-3.0382383629988,23.7838448165244,-13.9008010635839,7.51844727946249,1.06793747777982,0.577939381017105,6.78607871736571,1.43702515711484,3.26124384217642,0.645090751462464
"CDK2_HUMAN-->LMNB2_HUMAN",-3.0382383629988,23.7838448165244,-13.9008010635839,7.51844727946249,1.06793747777982,0.577939381017105,6.78607871736571,1.43702515711484,3.26124384217642,0.645090751462464
"CDK2_HUMAN-->MARCS_HUMAN",-3.0382383629988,23.7838448165244,-13.9008010635839,7.51844727946249,1.06793747777982,0.577939381017105,6.78607871736571,1.43702515711484,3.26124384217642,0.645090751462464
"CDK2_HUMAN-->NIPA_HUMAN",-3.0382383629988,23.7838448165244,-13.9008010635839,7.51844727946249,1.06793747777982,0.577939381017105,6.78607871736571,1.43702515711484,3.26124384217642,0.645090751462464
"CDK2_HUMAN-->NUCKS_HUMAN",-3.0382383629988,23.7838448165244,-13.9008010635839,7.51844727946249,1.06793747777982,0.577939381017105,6.78607871736571,1.43702515711484,3.26124384217642,0.645090751462464
"CDK2_HUMAN-->NUFP2_HUMAN",-3.0382383629988,23.7838448165244,-13.9008010635839,7.51844727946249,1.06793747777982,0.577939381017105,6.78607871736571,1.43702515711484,3.26124384217642,0.645090751462464
"CDK2_HUMAN-->PELP1_HUMAN",-3.0382383629988,23.7838448165244,-13.9008010635839,7.51844727946249,1.06793747777982,0.577939381017105,6.78607871736571,1.43702515711484,3.26124384217642,0.645090751462464
"CDK2_HUMAN-->PUR6_HUMAN",-3.0382383629988,23.7838448165244,-13.9008010635839,7.51844727946249,1.06793747777982,0.577939381017105,6.78607871736571,1.43702515711484,3.26124384217642,0.645090751462464
"CDK2_HUMAN-->RB_HUMAN",5.33159042523428,21.0403425214429,-3.46150336488785,1.8011778467549,15.1257314310074,8.81182552286387,3.35364553376595,-4.53520624050153,1.18358450747403,2.27618508692255
"CDK2_HUMAN-->SRS11_HUMAN",-3.0382383629988,23.7838448165244,-13.9008010635839,7.51844727946249,1.06793747777982,0.577939381017105,6.78607871736571,1.43702515711484,3.26124384217642,0.645090751462464
"CDK2_HUMAN-->T2FA_HUMAN",-3.0382383629988,23.7838448165244,-13.9008010635839,7.51844727946249,1.06793747777982,0.577939381017105,6.78607871736571,1.43702515711484,3.26124384217642,0.645090751462464
"CDK2_HUMAN-->TB182_HUMAN",-3.0382383629988,23.7838448165244,-13.9008010635839,7.51844727946249,1.06793747777982,0.577939381017105,6.78607871736571,1.43702515711484,3.26124384217642,0.645090751462464
"CDK2_HUMAN-->TCOF_HUMAN",-3.0382383629988,23.7838448165244,-13.9008010635839,7.51844727946249,1.06793747777982,0.577939381017105,6.78607871736571,1.43702515711484,3.26124384217642,0.645090751462464
"CDK2_HUMAN-->UBE2O_HUMAN",-3.0382383629988,23.7838448165244,-13.9008010635839,7.51844727946249,1.06793747777982,0.577939381017105,6.78607871736571,1.43702515711484,3.26124384217642,0.645090751462464
"CDK2_HUMAN-->ZCH18_HUMAN",-3.0382383629988,23.7838448165244,-13.9008010635839,7.51844727946249,1.06793747777982,0.577939381017105,6.78607871736571,1.43702515711484,3.26124384217642,0.645090751462464
"CDK2_HUMAN-->ZN609_HUMAN",-3.0382383629988,23.7838448165244,-13.9008010635839,7.51844727946249,1.06793747777982,0.577939381017105,6.78607871736571,1.43702515711484,3.26124384217642,0.645090751462464
"CDK5_HUMAN-->HD_HUMAN",-22.8845832547881,13.5713552262361,9.19630707553378,-4.79774658646179,-1.95843691437255,-2.56424669453685,4.53025261844782,-2.75405762045043,-1.18345212958367,3.59827540287734
"CDK5_HUMAN---HS90A_HUMAN",-13.1992155625344,23.5571070832302,-0.952413153819599,-4.92552030732018,3.58674440123169,-5.25919042466163,-6.44548766841246,2.72070163475911,0.253592235930615,-2.84063504719521
"CDK5_HUMAN---K0195_HUMAN",-18.1681483657262,19.4185347845986,4.50604096338289,-7.69697140134659,1.44145542167803,-7.26758776850791,-0.0272153810692428,-0.980268729751619,1.63236586247181,1.32245873940206
"CDK5_HUMAN-->LMTK2_HUMAN",-22.8845832547881,13.5713552262361,9.19630707553378,-4.79774658646179,-1.95843691437255,-2.56424669453685,4.53025261844782,-2.75405762045043,-1.18345212958367,3.59827540287734
"CDS2_HUMAN---TS101_HUMAN",-18.1681483657262,19.4185347845986,4.50604096338289,-7.69697140134659,1.44145542167803,-7.26758776850791,-0.0272153810692428,-0.980268729751619,1.63236586247181,1.32245873940206
"CG050_HUMAN---HDGF_HUMAN",-24.8095882823883,10.3328814615575,10.5112247335551,-1.16250300119851,-2.46546768986768,1.80840839132679,3.72704319173596,1.39763736047659,-3.99608410402308,-1.10408443887859
"CHD3_HUMAN---F134A_HUMAN",-24.8095882823883,10.3328814615575,10.5112247335551,-1.16250300119851,-2.46546768986768,1.80840839132679,3.72704319173596,1.39763736047659,-3.99608410402308,-1.10408443887859
"CHD3_HUMAN---PAIRB_HUMAN",-26.4955604925737,6.37911847886208,10.7047403530083,2.99791802240323,-1.16871478791071,3.28288659741691,-1.15426300417238,-0.169347934707683,2.32695393570031,-1.90843332016297
"CHD3_HUMAN---SUMO2_HUMAN",-26.4955604925737,6.37911847886208,10.7047403530083,2.99791802240323,-1.16871478791071,3.28288659741691,-1.15426300417238,-0.169347934707683,2.32695393570031,-1.90843332016297
"CHD4_HUMAN---HDAC1_HUMAN",-5.32254022157548,26.9542477232604,-7.49910558441062,2.23282943717258,1.71365512651171,3.16627513749798,-2.64312004271661,-3.89838194902987,-2.25514390580555,0.992889285937731
"CHIP_HUMAN---HS90A_HUMAN",-13.1992155625344,23.5571070832302,-0.952413153819599,-4.92552030732018,3.58674440123169,-5.25919042466163,-6.44548766841246,2.72070163475911,0.253592235930615,-2.84063504719521
"CHIP_HUMAN---PSA3_HUMAN",-13.1992155625344,23.5571070832302,-0.952413153819599,-4.92552030732018,3.58674440123169,-5.25919042466163,-6.44548766841246,2.72070163475911,0.253592235930615,-2.84063504719521
"CHIP_HUMAN---UBE2N_HUMAN",-22.8845832547881,13.5713552262361,9.19630707553378,-4.79774658646179,-1.95843691437255,-2.56424669453685,4.53025261844782,-2.75405762045043,-1.18345212958367,3.59827540287734
"CI078_HUMAN---TE2IP_HUMAN",-10.600127014653,25.0961351354801,-3.47494243947622,-2.52279874103594,3.52554354211808,-2.37667126551304,-5.48363747783623,2.62458322346249,-3.90528346844079,-1.12534590657132
"CK052_HUMAN---SRPK1_HUMAN",-15.7256304865318,21.5704756589083,2.00869061485095,-6.68257372936963,2.31093024540854,-7.52970629316072,-4.40936890765249,1.59360392138861,2.53647549835968,0.360712134639632
"CPSF4_HUMAN---CSTFT_HUMAN",-26.4955604925737,6.37911847886208,10.7047403530083,2.99791802240323,-1.16871478791071,3.28288659741691,-1.15426300417238,-0.169347934707683,2.32695393570031,-1.90843332016297
"CPSF4_HUMAN---FIP1_HUMAN",-26.4955604925737,6.37911847886208,10.7047403530083,2.99791802240323,-1.16871478791071,3.28288659741691,-1.15426300417238,-0.169347934707683,2.32695393570031,-1.90843332016297
"CSK21_HUMAN-->DAXX_HUMAN",-24.8465542415388,1.77225298507422,6.39700105856896,3.30941068163697,6.70713339496994,2.97055164348017,6.62907246915132,4.96540000061533,4.71061249852837,-3.39634485204664
"CSK21_HUMAN---DKC1_HUMAN",-2.40928316715543,26.7115390267605,-8.06392125418306,5.23085999451748,-0.326022672589875,4.05795816028808,1.66593641221859,-3.00385094772409,1.79454784567221,2.66887067745127
"CSK21_HUMAN---EF1B_HUMAN",-26.4955604925737,6.37911847886208,10.7047403530083,2.99791802240323,-1.16871478791071,3.28288659741691,-1.15426300417238,-0.169347934707683,2.32695393570031,-1.90843332016297
"CSK21_HUMAN---FIP1_HUMAN",-26.4955604925737,6.37911847886208,10.7047403530083,2.99791802240323,-1.16871478791071,3.28288659741691,-1.15426300417238,-0.169347934707683,2.32695393570031,-1.90843332016297
"CSK21_HUMAN---KRI1_HUMAN",-18.1681483657262,19.4185347845986,4.50604096338289,-7.69697140134659,1.44145542167803,-7.26758776850791,-0.0272153810692428,-0.980268729751619,1.63236586247181,1.32245873940206
"CSK21_HUMAN-->NCOR2_HUMAN",-26.4955604925737,6.37911847886208,10.7047403530083,2.99791802240323,-1.16871478791071,3.28288659741691,-1.15426300417238,-0.169347934707683,2.32695393570031,-1.90843332016297
"CSK21_HUMAN---PRCC_HUMAN",-5.32254022157548,26.9542477232604,-7.49910558441062,2.23282943717258,1.71365512651171,3.16627513749798,-2.64312004271661,-3.89838194902987,-2.25514390580555,0.992889285937731
"CSK21_HUMAN---ROA2_HUMAN",-5.32254022157548,26.9542477232604,-7.49910558441062,2.23282943717258,1.71365512651171,3.16627513749798,-2.64312004271661,-3.89838194902987,-2.25514390580555,0.992889285937731
"CSK21_HUMAN-->SEPT2_HUMAN",-24.8095882823883,10.3328814615575,10.5112247335551,-1.16250300119851,-2.46546768986768,1.80840839132679,3.72704319173596,1.39763736047659,-3.99608410402308,-1.10408443887859
"CSK21_HUMAN-->SIR1_HUMAN",-26.4955604925737,6.37911847886208,10.7047403530083,2.99791802240323,-1.16871478791071,3.28288659741691,-1.15426300417238,-0.169347934707683,2.32695393570031,-1.90843332016297
"CT2NL_HUMAN---STRN3_HUMAN",-3.0382383629988,23.7838448165244,-13.9008010635839,7.51844727946249,1.06793747777982,0.577939381017105,6.78607871736571,1.43702515711484,3.26124384217642,0.645090751462464
"CTNA1_HUMAN---CTNB1_HUMAN",-22.8845832547881,13.5713552262361,9.19630707553378,-4.79774658646179,-1.95843691437255,-2.56424669453685,4.53025261844782,-2.75405762045043,-1.18345212958367,3.59827540287734
"CTNA1_HUMAN---LIMA1_HUMAN",-22.8845832547881,13.5713552262361,9.19630707553378,-4.79774658646179,-1.95843691437255,-2.56424669453685,4.53025261844782,-2.75405762045043,-1.18345212958367,3.59827540287734
"CTNA1_HUMAN---VINC_HUMAN",-22.8845832547881,13.5713552262361,9.19630707553378,-4.79774658646179,-1.95843691437255,-2.56424669453685,4.53025261844782,-2.75405762045043,-1.18345212958367,3.59827540287734
"CTNB1_HUMAN---DLG5_HUMAN",3.24630755108845,24.5240897307022,-6.09013035831889,6.38905510305437,-6.32815930251525,2.70952017531574,-0.853475957527027,-5.51056999864517,0.279727648052982,0.533906927154948
"CTNB1_HUMAN---GLIS2_HUMAN",-22.8845832547881,13.5713552262361,9.19630707553378,-4.79774658646179,-1.95843691437255,-2.56424669453685,4.53025261844782,-2.75405762045043,-1.18345212958367,3.59827540287734
"CTNB1_HUMAN---IQGA1_HUMAN",-22.8845832547881,13.5713552262361,9.19630707553378,-4.79774658646179,-1.95843691437255,-2.56424669453685,4.53025261844782,-2.75405762045043,-1.18345212958367,3.59827540287734
"CTNB1_HUMAN---KMT2D_HUMAN",-22.8845832547881,13.5713552262361,9.19630707553378,-4.79774658646179,-1.95843691437255,-2.56424669453685,4.53025261844782,-2.75405762045043,-1.18345212958367,3.59827540287734
"CTNB1_HUMAN---LAP2_HUMAN",-20.2011864665811,14.440788467612,7.35769245609989,-2.86200640568021,-2.60464385603678,0.16890375733513,5.95558128570749,-6.88364180443553,2.51325454474712,5.69794165870432
"CTR9_HUMAN---SSRP1_HUMAN",-20.5927654598422,16.7315207559461,7.20702799041581,-7.24548842219885,-0.985932726727547,-5.29095253153958,3.0093661461744,-2.9967973987142,0.382016436744422,-1.22083605058703
"CUL4B_HUMAN---DDA1_HUMAN",-17.9251064106343,14.6139502674546,8.98733477096829,-7.58340750271539,-1.58889989710506,-8.58993408994757,4.00638327168709,-2.18266805670938,-1.00286400759843,-1.81315344398406
"CUL4B_HUMAN---HS90A_HUMAN",-13.1992155625344,23.5571070832302,-0.952413153819599,-4.92552030732018,3.58674440123169,-5.25919042466163,-6.44548766841246,2.72070163475911,0.253592235930615,-2.84063504719521
"CUL4B_HUMAN---RL35A_HUMAN",-7.48576270833207,21.1787703697572,1.10507868681078,-5.00281316228268,-1.53412323634577,-6.2155060846681,-9.67031042146282,4.09515911992667,3.21154351668078,-6.12907085207111
"D0VY79_HUMAN---EGLN1_HUMAN",2.41833337081424,21.2830512179428,-2.8966876951154,-1.19685271059,17.165409230109,7.92014250007377,-0.955410921169252,-5.4297372418073,-2.86610724400373,0.600203695409005
"D0VY79_HUMAN---NAA10_HUMAN",2.41833337081424,21.2830512179428,-2.8966876951154,-1.19685271059,17.165409230109,7.92014250007377,-0.955410921169252,-5.4297372418073,-2.86610724400373,0.600203695409005
"D0VY79_HUMAN---PSA7_HUMAN",2.41833337081424,21.2830512179428,-2.8966876951154,-1.19685271059,17.165409230109,7.92014250007377,-0.955410921169252,-5.4297372418073,-2.86610724400373,0.600203695409005
"DAXX_HUMAN---ETS1_HUMAN",-24.8465542415388,1.77225298507422,6.39700105856896,3.30941068163697,6.70713339496994,2.97055164348017,6.62907246915132,4.96540000061533,4.71061249852837,-3.39634485204664
"DAXX_HUMAN---FRIH_HUMAN",-24.8465542415388,1.77225298507422,6.39700105856896,3.30941068163697,6.70713339496994,2.97055164348017,6.62907246915132,4.96540000061533,4.71061249852837,-3.39634485204664
"DAXX_HUMAN---MCRS1_HUMAN",-24.8465542415388,1.77225298507422,6.39700105856896,3.30941068163697,6.70713339496994,2.97055164348017,6.62907246915132,4.96540000061533,4.71061249852837,-3.39634485204664
"DC1L1_HUMAN---DC1L2_HUMAN",-26.4955604925737,6.37911847886208,10.7047403530083,2.99791802240323,-1.16871478791071,3.28288659741691,-1.15426300417238,-0.169347934707683,2.32695393570031,-1.90843332016297
"DC1L1_HUMAN---EIF3E_HUMAN",-0.131321720277241,25.0323677432087,-6.53478073922155,3.25476536880621,6.15586535992109,7.22564198562232,4.32912958039518,-2.30997911724,2.71151041199606,3.20473907155642
"DCAF8_HUMAN---SUV91_HUMAN",-22.8845832547881,13.5713552262361,9.19630707553378,-4.79774658646179,-1.95843691437255,-2.56424669453685,4.53025261844782,-2.75405762045043,-1.18345212958367,3.59827540287734
"DDX24_HUMAN---EIF3E_HUMAN",-10.600127014653,25.0961351354801,-3.47494243947622,-2.52279874103594,3.52554354211808,-2.37667126551304,-5.48363747783623,2.62458322346249,-3.90528346844079,-1.12534590657132
"DDX24_HUMAN---HS90B_HUMAN",-24.8095882823883,10.3328814615575,10.5112247335551,-1.16250300119851,-2.46546768986768,1.80840839132679,3.72704319173596,1.39763736047659,-3.99608410402308,-1.10408443887859
"DDX3Y_HUMAN---SMAD2_HUMAN",-26.4955604925737,6.37911847886208,10.7047403530083,2.99791802240323,-1.16871478791071,3.28288659741691,-1.15426300417238,-0.169347934707683,2.32695393570031,-1.90843332016297
"DESP_HUMAN---PKP2_HUMAN",-26.4955604925737,6.37911847886208,10.7047403530083,2.99791802240323,-1.16871478791071,3.28288659741691,-1.15426300417238,-0.169347934707683,2.32695393570031,-1.90843332016297
"DHX29_HUMAN---FOXM1_HUMAN",-20.5927654598422,16.7315207559461,7.20702799041581,-7.24548842219885,-0.985932726727547,-5.29095253153958,3.0093661461744,-2.9967973987142,0.382016436744422,-1.22083605058703
"DHX57_HUMAN---LYAR_HUMAN",-10.4272747733365,13.747338279281,9.10845885267811,-11.1266535491092,16.8932095252753,-2.51372040593212,1.66049374047811,-2.51162402252906,1.02140252427363,0.929773148873338
"DIDO1_HUMAN---HNRPK_HUMAN",-24.8095882823883,10.3328814615575,10.5112247335551,-1.16250300119851,-2.46546768986768,1.80840839132679,3.72704319173596,1.39763736047659,-3.99608410402308,-1.10408443887859
"DKC1_HUMAN---RBM34_HUMAN",-2.40928316715543,26.7115390267605,-8.06392125418306,5.23085999451748,-0.326022672589875,4.05795816028808,1.66593641221859,-3.00385094772409,1.79454784567221,2.66887067745127
"DLG1_HUMAN---IRK12_HUMAN",-26.4955604925737,6.37911847886208,10.7047403530083,2.99791802240323,-1.16871478791071,3.28288659741691,-1.15426300417238,-0.169347934707683,2.32695393570031,-1.90843332016297
"DLG1_HUMAN---TJAP1_HUMAN",-26.4955604925737,6.37911847886208,10.7047403530083,2.99791802240323,-1.16871478791071,3.28288659741691,-1.15426300417238,-0.169347934707683,2.32695393570031,-1.90843332016297
"DLG3_HUMAN---PP1A_HUMAN",-24.8095882823883,10.3328814615575,10.5112247335551,-1.16250300119851,-2.46546768986768,1.80840839132679,3.72704319173596,1.39763736047659,-3.99608410402308,-1.10408443887859
"DNMT1_HUMAN---HDAC1_HUMAN",-5.32254022157548,26.9542477232604,-7.49910558441062,2.23282943717258,1.71365512651171,3.16627513749798,-2.64312004271661,-3.89838194902987,-2.25514390580555,0.992889285937731
"DYRK4_HUMAN---HS90B_HUMAN",-24.8095882823883,10.3328814615575,10.5112247335551,-1.16250300119851,-2.46546768986768,1.80840839132679,3.72704319173596,1.39763736047659,-3.99608410402308,-1.10408443887859
"E2F2_HUMAN---RB_HUMAN",-15.7256304865318,21.5704756589083,2.00869061485095,-6.68257372936963,2.31093024540854,-7.52970629316072,-4.40936890765249,1.59360392138861,2.53647549835968,0.360712134639632
"E7ETM7_HUMAN---PTSS2_HUMAN",-22.8845832547881,13.5713552262361,9.19630707553378,-4.79774658646179,-1.95843691437255,-2.56424669453685,4.53025261844782,-2.75405762045043,-1.18345212958367,3.59827540287734
"E7ETM7_HUMAN---SUMO2_HUMAN",-22.8845832547881,13.5713552262361,9.19630707553378,-4.79774658646179,-1.95843691437255,-2.56424669453685,4.53025261844782,-2.75405762045043,-1.18345212958367,3.59827540287734
"EGFR_HUMAN-->GSTP1_HUMAN",-26.4955604925737,6.37911847886208,10.7047403530083,2.99791802240323,-1.16871478791071,3.28288659741691,-1.15426300417238,-0.169347934707683,2.32695393570031,-1.90843332016297
"EGFR_HUMAN---HS90A_HUMAN",-13.1992155625344,23.5571070832302,-0.952413153819599,-4.92552030732018,3.58674440123169,-5.25919042466163,-6.44548766841246,2.72070163475911,0.253592235930615,-2.84063504719521
"EGFR_HUMAN---HS90B_HUMAN",-22.2104997345069,11.8719095138074,7.98869544789849,1.24021856508573,-2.52666854898128,4.69092755047538,4.68889338231219,1.30151894917997,-8.15495980839449,0.611204701745295
"EGFR_HUMAN---TPPC3_HUMAN",1.34565005385945,2.69001501271888,16.4558667726447,-6.85037837248068,10.9947790003241,-6.61421370335664,9.81916577721524,4.0452882863443,2.00610948701963,9.48608347324573
"EIF3B_HUMAN---EIF3E_HUMAN",-10.600127014653,25.0961351354801,-3.47494243947622,-2.52279874103594,3.52554354211808,-2.37667126551304,-5.48363747783623,2.62458322346249,-3.90528346844079,-1.12534590657132
"EIF3B_HUMAN---EIF3G_HUMAN",-24.8095882823883,10.3328814615575,10.5112247335551,-1.16250300119851,-2.46546768986768,1.80840839132679,3.72704319173596,1.39763736047659,-3.99608410402308,-1.10408443887859
"EIF3C_HUMAN---EIF3E_HUMAN",-10.600127014653,25.0961351354801,-3.47494243947622,-2.52279874103594,3.52554354211808,-2.37667126551304,-5.48363747783623,2.62458322346249,-3.90528346844079,-1.12534590657132
"EIF3E_HUMAN---GPBL1_HUMAN",-10.600127014653,25.0961351354801,-3.47494243947622,-2.52279874103594,3.52554354211808,-2.37667126551304,-5.48363747783623,2.62458322346249,-3.90528346844079,-1.12534590657132
"ESF1_HUMAN---SUMO2_HUMAN",-20.5927654598422,16.7315207559461,7.20702799041581,-7.24548842219885,-0.985932726727547,-5.29095253153958,3.0093661461744,-2.9967973987142,0.382016436744422,-1.22083605058703
"F122B_HUMAN---RAE1L_HUMAN",-18.1681483657262,19.4185347845986,4.50604096338289,-7.69697140134659,1.44145542167803,-7.26758776850791,-0.0272153810692428,-0.980268729751619,1.63236586247181,1.32245873940206
"FARP1_HUMAN---PP1A_HUMAN",-24.8095882823883,10.3328814615575,10.5112247335551,-1.16250300119851,-2.46546768986768,1.80840839132679,3.72704319173596,1.39763736047659,-3.99608410402308,-1.10408443887859
"FBX4_HUMAN---HS90B_HUMAN",-24.8095882823883,10.3328814615575,10.5112247335551,-1.16250300119851,-2.46546768986768,1.80840839132679,3.72704319173596,1.39763736047659,-3.99608410402308,-1.10408443887859
"FGR_HUMAN---KSYK_HUMAN",-20.5927654598422,16.7315207559461,7.20702799041581,-7.24548842219885,-0.985932726727547,-5.29095253153958,3.0093661461744,-2.9967973987142,0.382016436744422,-1.22083605058703
"FKB15_HUMAN---PP1A_HUMAN",-24.8095882823883,10.3328814615575,10.5112247335551,-1.16250300119851,-2.46546768986768,1.80840839132679,3.72704319173596,1.39763736047659,-3.99608410402308,-1.10408443887859
"FNBP4_HUMAN---KHDR1_HUMAN",-26.4955604925737,6.37911847886208,10.7047403530083,2.99791802240323,-1.16871478791071,3.28288659741691,-1.15426300417238,-0.169347934707683,2.32695393570031,-1.90843332016297
"FUBP2_HUMAN---HNRH1_HUMAN",-24.8095882823883,10.3328814615575,10.5112247335551,-1.16250300119851,-2.46546768986768,1.80840839132679,3.72704319173596,1.39763736047659,-3.99608410402308,-1.10408443887859
"FYN_HUMAN-->CAV1_HUMAN",-5.32254022157548,26.9542477232604,-7.49910558441062,2.23282943717258,1.71365512651171,3.16627513749798,-2.64312004271661,-3.89838194902987,-2.25514390580555,0.992889285937731
"FYN_HUMAN---KHDR1_HUMAN",-26.4955604925737,6.37911847886208,10.7047403530083,2.99791802240323,-1.16871478791071,3.28288659741691,-1.15426300417238,-0.169347934707683,2.32695393570031,-1.90843332016297
"FYN_HUMAN---TM1L1_HUMAN",-26.4955604925737,6.37911847886208,10.7047403530083,2.99791802240323,-1.16871478791071,3.28288659741691,-1.15426300417238,-0.169347934707683,2.32695393570031,-1.90843332016297
"GLCI1_HUMAN---Q548N1_HUMAN",-24.8095882823883,10.3328814615575,10.5112247335551,-1.16250300119851,-2.46546768986768,1.80840839132679,3.72704319173596,1.39763736047659,-3.99608410402308,-1.10408443887859
"GNL1_HUMAN---TP4A1_HUMAN",-5.25439467593606,24.7860946986616,-4.59457589955365,1.335400948551,-0.558373703238927,-0.583139304658836,-5.0104102571767,-2.21915016806717,-9.180044288758,-1.98935291008778
"GRB2_HUMAN---KHDR1_HUMAN",-26.4955604925737,6.37911847886208,10.7047403530083,2.99791802240323,-1.16871478791071,3.28288659741691,-1.15426300417238,-0.169347934707683,2.32695393570031,-1.90843332016297
"GRB2_HUMAN---MEP50_HUMAN",-22.8845832547881,13.5713552262361,9.19630707553378,-4.79774658646179,-1.95843691437255,-2.56424669453685,4.53025261844782,-2.75405762045043,-1.18345212958367,3.59827540287734
"GRB2_HUMAN---WDR44_HUMAN",-15.7256304865318,21.5704756589083,2.00869061485095,-6.68257372936963,2.31093024540854,-7.52970629316072,-4.40936890765249,1.59360392138861,2.53647549835968,0.360712134639632
"GSTP1_HUMAN---SFR19_HUMAN",-26.4955604925737,6.37911847886208,10.7047403530083,2.99791802240323,-1.16871478791071,3.28288659741691,-1.15426300417238,-0.169347934707683,2.32695393570031,-1.90843332016297
"H2AY_HUMAN---HDAC1_HUMAN",-5.32254022157548,26.9542477232604,-7.49910558441062,2.23282943717258,1.71365512651171,3.16627513749798,-2.64312004271661,-3.89838194902987,-2.25514390580555,0.992889285937731
"HAUS6_HUMAN---YBOX3_HUMAN",-20.5927654598422,16.7315207559461,7.20702799041581,-7.24548842219885,-0.985932726727547,-5.29095253153958,3.0093661461744,-2.9967973987142,0.382016436744422,-1.22083605058703
"HDAC1_HUMAN---HDAC2_HUMAN",-5.32254022157548,26.9542477232604,-7.49910558441062,2.23282943717258,1.71365512651171,3.16627513749798,-2.64312004271661,-3.89838194902987,-2.25514390580555,0.992889285937731
"HDAC1_HUMAN---MKX_HUMAN",-5.32254022157548,26.9542477232604,-7.49910558441062,2.23282943717258,1.71365512651171,3.16627513749798,-2.64312004271661,-3.89838194902987,-2.25514390580555,0.992889285937731
"HDAC1_HUMAN---P66B_HUMAN",-5.32254022157548,26.9542477232604,-7.49910558441062,2.23282943717258,1.71365512651171,3.16627513749798,-2.64312004271661,-3.89838194902987,-2.25514390580555,0.992889285937731
"HDAC1_HUMAN---RB_HUMAN",-5.32254022157548,26.9542477232604,-7.49910558441062,2.23282943717258,1.71365512651171,3.16627513749798,-2.64312004271661,-3.89838194902987,-2.25514390580555,0.992889285937731
"HDAC1_HUMAN---SIN3A_HUMAN",-5.32254022157548,26.9542477232604,-7.49910558441062,2.23282943717258,1.71365512651171,3.16627513749798,-2.64312004271661,-3.89838194902987,-2.25514390580555,0.992889285937731
"HDAC1_HUMAN---SUV91_HUMAN",-5.32254022157548,26.9542477232604,-7.49910558441062,2.23282943717258,1.71365512651171,3.16627513749798,-2.64312004271661,-3.89838194902987,-2.25514390580555,0.992889285937731
"HDAC2_HUMAN---KDM5C_HUMAN",-22.8845832547881,13.5713552262361,9.19630707553378,-4.79774658646179,-1.95843691437255,-2.56424669453685,4.53025261844782,-2.75405762045043,-1.18345212958367,3.59827540287734
"HDAC2_HUMAN---PP6R3_HUMAN",-26.4955604925737,6.37911847886208,10.7047403530083,2.99791802240323,-1.16871478791071,3.28288659741691,-1.15426300417238,-0.169347934707683,2.32695393570031,-1.90843332016297
"HDGF_HUMAN---RBMX_HUMAN",-26.4955604925737,6.37911847886208,10.7047403530083,2.99791802240323,-1.16871478791071,3.28288659741691,-1.15426300417238,-0.169347934707683,2.32695393570031,-1.90843332016297
"HD_HUMAN---OPTN_HUMAN",-22.8845832547881,13.5713552262361,9.19630707553378,-4.79774658646179,-1.95843691437255,-2.56424669453685,4.53025261844782,-2.75405762045043,-1.18345212958367,3.59827540287734
"HD_HUMAN---PR40A_HUMAN",-22.8845832547881,13.5713552262361,9.19630707553378,-4.79774658646179,-1.95843691437255,-2.56424669453685,4.53025261844782,-2.75405762045043,-1.18345212958367,3.59827540287734
"HD_HUMAN---TRAD1_HUMAN",-22.8845832547881,13.5713552262361,9.19630707553378,-4.79774658646179,-1.95843691437255,-2.56424669453685,4.53025261844782,-2.75405762045043,-1.18345212958367,3.59827540287734
"HD_HUMAN---ZFY19_HUMAN",-22.8845832547881,13.5713552262361,9.19630707553378,-4.79774658646179,-1.95843691437255,-2.56424669453685,4.53025261844782,-2.75405762045043,-1.18345212958367,3.59827540287734
"HERC2_HUMAN---MDC1_HUMAN",-26.4955604925737,6.37911847886208,10.7047403530083,2.99791802240323,-1.16871478791071,3.28288659741691,-1.15426300417238,-0.169347934707683,2.32695393570031,-1.90843332016297
"HERC2_HUMAN---UBP16_HUMAN",-26.4955604925737,6.37911847886208,10.7047403530083,2.99791802240323,-1.16871478791071,3.28288659741691,-1.15426300417238,-0.169347934707683,2.32695393570031,-1.90843332016297
"HGS_HUMAN---TS101_HUMAN",-24.8095882823883,10.3328814615575,10.5112247335551,-1.16250300119851,-2.46546768986768,1.80840839132679,3.72704319173596,1.39763736047659,-3.99608410402308,-1.10408443887859
"HN1_HUMAN---IMA1_HUMAN",-26.4955604925737,6.37911847886208,10.7047403530083,2.99791802240323,-1.16871478791071,3.28288659741691,-1.15426300417238,-0.169347934707683,2.32695393570031,-1.90843332016297
"HNRL1_HUMAN---MEPCE_HUMAN",1.0916579916054,10.9204115638327,-7.78994989681419,11.8844297405649,17.3094137078389,11.1789400355466,2.78927221629286,2.49037955008015,6.16068656926222,-5.25430356210657
"HNRPK_HUMAN---KHDR1_HUMAN",-26.4955604925737,6.37911847886208,10.7047403530083,2.99791802240323,-1.16871478791071,3.28288659741691,-1.15426300417238,-0.169347934707683,2.32695393570031,-1.90843332016297
"HNRPU_HUMAN---SMN_HUMAN",-18.1681483657262,19.4185347845986,4.50604096338289,-7.69697140134659,1.44145542167803,-7.26758776850791,-0.0272153810692428,-0.980268729751619,1.63236586247181,1.32245873940206
"HS90A_HUMAN---HSF1_HUMAN",3.24630755108845,24.5240897307022,-6.09013035831889,6.38905510305437,-6.32815930251525,2.70952017531574,-0.853475957527027,-5.51056999864517,0.279727648052982,0.533906927154948
"HS90A_HUMAN---KKCC1_HUMAN",-13.1992155625344,23.5571070832302,-0.952413153819599,-4.92552030732018,3.58674440123169,-5.25919042466163,-6.44548766841246,2.72070163475911,0.253592235930615,-2.84063504719521
"HS90A_HUMAN---MP2K7_HUMAN",-13.1992155625344,23.5571070832302,-0.952413153819599,-4.92552030732018,3.58674440123169,-5.25919042466163,-6.44548766841246,2.72070163475911,0.253592235930615,-2.84063504719521
"HS90A_HUMAN---STIP1_HUMAN",-13.1992155625344,23.5571070832302,-0.952413153819599,-4.92552030732018,3.58674440123169,-5.25919042466163,-6.44548766841246,2.72070163475911,0.253592235930615,-2.84063504719521
"HS90A_HUMAN---TBA1A_HUMAN",-13.1992155625344,23.5571070832302,-0.952413153819599,-4.92552030732018,3.58674440123169,-5.25919042466163,-6.44548766841246,2.72070163475911,0.253592235930615,-2.84063504719521
"HS90A_HUMAN---TEBP_HUMAN",-13.1992155625344,23.5571070832302,-0.952413153819599,-4.92552030732018,3.58674440123169,-5.25919042466163,-6.44548766841246,2.72070163475911,0.253592235930615,-2.84063504719521
"HS90B_HUMAN---KPCD1_HUMAN",-5.32254022157548,26.9542477232604,-7.49910558441062,2.23282943717258,1.71365512651171,3.16627513749798,-2.64312004271661,-3.89838194902987,-2.25514390580555,0.992889285937731
"HS90B_HUMAN---KSR1_HUMAN",-24.8095882823883,10.3328814615575,10.5112247335551,-1.16250300119851,-2.46546768986768,1.80840839132679,3.72704319173596,1.39763736047659,-3.99608410402308,-1.10408443887859
"HS90B_HUMAN---LAR4B_HUMAN",-24.8095882823883,10.3328814615575,10.5112247335551,-1.16250300119851,-2.46546768986768,1.80840839132679,3.72704319173596,1.39763736047659,-3.99608410402308,-1.10408443887859
"HS90B_HUMAN---SG223_HUMAN",-24.8095882823883,10.3328814615575,10.5112247335551,-1.16250300119851,-2.46546768986768,1.80840839132679,3.72704319173596,1.39763736047659,-3.99608410402308,-1.10408443887859
"IF2B1_HUMAN---LYAR_HUMAN",-10.4272747733365,13.747338279281,9.10845885267811,-11.1266535491092,16.8932095252753,-2.51372040593212,1.66049374047811,-2.51162402252906,1.02140252427363,0.929773148873338
"IMA1_HUMAN---JUN_HUMAN",-26.4955604925737,6.37911847886208,10.7047403530083,2.99791802240323,-1.16871478791071,3.28288659741691,-1.15426300417238,-0.169347934707683,2.32695393570031,-1.90843332016297
"IMA1_HUMAN---KLC4_HUMAN",-26.4955604925737,6.37911847886208,10.7047403530083,2.99791802240323,-1.16871478791071,3.28288659741691,-1.15426300417238,-0.169347934707683,2.32695393570031,-1.90843332016297
"IQGA1_HUMAN---KPRB_HUMAN",-20.5927654598422,16.7315207559461,7.20702799041581,-7.24548842219885,-0.985932726727547,-5.29095253153958,3.0093661461744,-2.9967973987142,0.382016436744422,-1.22083605058703
"IQGA1_HUMAN---PODXL_HUMAN",-26.4955604925737,6.37911847886208,10.7047403530083,2.99791802240323,-1.16871478791071,3.28288659741691,-1.15426300417238,-0.169347934707683,2.32695393570031,-1.90843332016297
"IRK12_HUMAN---SNTB1_HUMAN",-26.4955604925737,6.37911847886208,10.7047403530083,2.99791802240323,-1.16871478791071,3.28288659741691,-1.15426300417238,-0.169347934707683,2.32695393570031,-1.90843332016297
"KCRB_HUMAN---SUMO2_HUMAN",-10.600127014653,25.0961351354801,-3.47494243947622,-2.52279874103594,3.52554354211808,-2.37667126551304,-5.48363747783623,2.62458322346249,-3.90528346844079,-1.12534590657132
"KCRB_HUMAN---TBCB_HUMAN",-8.0059370097825,26.0848144818846,-5.66049096497672,0.297089256390994,2.35986206817594,0.433124685626005,-4.06844870997628,0.231202234955232,-5.95185058013635,-1.10677696988925
"KHDR1_HUMAN---LCK_HUMAN",-26.4955604925737,6.37911847886208,10.7047403530083,2.99791802240323,-1.16871478791071,3.28288659741691,-1.15426300417238,-0.169347934707683,2.32695393570031,-1.90843332016297
"KIF4A_HUMAN---MMS19_HUMAN",0.494765217242005,25.8228095139252,-7.15604542374196,5.35074341089436,-3.40992353110038,3.72578416560058,0.0884855896733963,-3.06021759562277,3.50792135667463,1.41648286735348
"KPCD1_HUMAN-->AKT1_HUMAN",-5.32254022157548,26.9542477232604,-7.49910558441062,2.23282943717258,1.71365512651171,3.16627513749798,-2.64312004271661,-3.89838194902987,-2.25514390580555,0.992889285937731
"KPCD1_HUMAN-->BAD_HUMAN",-5.32254022157548,26.9542477232604,-7.49910558441062,2.23282943717258,1.71365512651171,3.16627513749798,-2.64312004271661,-3.89838194902987,-2.25514390580555,0.992889285937731
"KPCD1_HUMAN-->COF1_HUMAN",-5.32254022157548,26.9542477232604,-7.49910558441062,2.23282943717258,1.71365512651171,3.16627513749798,-2.64312004271661,-3.89838194902987,-2.25514390580555,0.992889285937731
"KPCD1_HUMAN-->CTNB1_HUMAN",-5.32254022157548,26.9542477232604,-7.49910558441062,2.23282943717258,1.71365512651171,3.16627513749798,-2.64312004271661,-3.89838194902987,-2.25514390580555,0.992889285937731
"KPCD1_HUMAN---MK13_HUMAN",-5.32254022157548,26.9542477232604,-7.49910558441062,2.23282943717258,1.71365512651171,3.16627513749798,-2.64312004271661,-3.89838194902987,-2.25514390580555,0.992889285937731
"KPCD1_HUMAN-->OSBP1_HUMAN",-5.32254022157548,26.9542477232604,-7.49910558441062,2.23282943717258,1.71365512651171,3.16627513749798,-2.64312004271661,-3.89838194902987,-2.25514390580555,0.992889285937731
"KPRB_HUMAN---LRC47_HUMAN",-20.5927654598422,16.7315207559461,7.20702799041581,-7.24548842219885,-0.985932726727547,-5.29095253153958,3.0093661461744,-2.9967973987142,0.382016436744422,-1.22083605058703
"KSYK_HUMAN---LCK_HUMAN",-20.5927654598422,16.7315207559461,7.20702799041581,-7.24548842219885,-0.985932726727547,-5.29095253153958,3.0093661461744,-2.9967973987142,0.382016436744422,-1.22083605058703
"LARP4_HUMAN---SUMO2_HUMAN",-20.5927654598422,16.7315207559461,7.20702799041581,-7.24548842219885,-0.985932726727547,-5.29095253153958,3.0093661461744,-2.9967973987142,0.382016436744422,-1.22083605058703
"LCK_HUMAN---PSRC1_HUMAN",-18.1681483657262,19.4185347845986,4.50604096338289,-7.69697140134659,1.44145542167803,-7.26758776850791,-0.0272153810692428,-0.980268729751619,1.63236586247181,1.32245873940206
"LMTK2_HUMAN---MYO6_HUMAN",-22.8845832547881,13.5713552262361,9.19630707553378,-4.79774658646179,-1.95843691437255,-2.56424669453685,4.53025261844782,-2.75405762045043,-1.18345212958367,3.59827540287734
"LNX1_HUMAN---PHS_HUMAN",-20.5927654598422,16.7315207559461,7.20702799041581,-7.24548842219885,-0.985932726727547,-5.29095253153958,3.0093661461744,-2.9967973987142,0.382016436744422,-1.22083605058703
"LNX1_HUMAN---RBMX_HUMAN",-2.40928316715543,26.7115390267605,-8.06392125418306,5.23085999451748,-0.326022672589875,4.05795816028808,1.66593641221859,-3.00385094772409,1.79454784567221,2.66887067745127
"LNX1_HUMAN---S6A15_HUMAN",-20.5927654598422,16.7315207559461,7.20702799041581,-7.24548842219885,-0.985932726727547,-5.29095253153958,3.0093661461744,-2.9967973987142,0.382016436744422,-1.22083605058703
"LYAR_HUMAN---MBB1A_HUMAN",-5.45834197014467,17.8859105779126,3.65000473547562,-8.35520245508276,19.038498504829,-0.505323062085838,-4.7577785468651,1.18934634198167,-0.357371102267566,-3.23332063772393
"LYAR_HUMAN---PWP1_HUMAN",-10.4272747733365,13.747338279281,9.10845885267811,-11.1266535491092,16.8932095252753,-2.51372040593212,1.66049374047811,-2.51162402252906,1.02140252427363,0.929773148873338
"LYAR_HUMAN---SRP14_HUMAN",-10.4272747733365,13.747338279281,9.10845885267811,-11.1266535491092,16.8932095252753,-2.51372040593212,1.66049374047811,-2.51162402252906,1.02140252427363,0.929773148873338
"MAGG1_HUMAN---TIF1B_HUMAN",-13.1992155625344,23.5571070832302,-0.952413153819599,-4.92552030732018,3.58674440123169,-5.25919042466163,-6.44548766841246,2.72070163475911,0.253592235930615,-2.84063504719521
"MAP1B_HUMAN---PP1A_HUMAN",-24.8095882823883,10.3328814615575,10.5112247335551,-1.16250300119851,-2.46546768986768,1.80840839132679,3.72704319173596,1.39763736047659,-3.99608410402308,-1.10408443887859
"MBD1_HUMAN---MCAF1_HUMAN",-13.1992155625344,23.5571070832302,-0.952413153819599,-4.92552030732018,3.58674440123169,-5.25919042466163,-6.44548766841246,2.72070163475911,0.253592235930615,-2.84063504719521
"MCAF1_HUMAN---SUMO2_HUMAN",-26.4955604925737,6.37911847886208,10.7047403530083,2.99791802240323,-1.16871478791071,3.28288659741691,-1.15426300417238,-0.169347934707683,2.32695393570031,-1.90843332016297
"MCM2_HUMAN---MCM6_HUMAN",-26.4955604925737,6.37911847886208,10.7047403530083,2.99791802240323,-1.16871478791071,3.28288659741691,-1.15426300417238,-0.169347934707683,2.32695393570031,-1.90843332016297
"MCM6_HUMAN---MCMBP_HUMAN",-26.4955604925737,6.37911847886208,10.7047403530083,2.99791802240323,-1.16871478791071,3.28288659741691,-1.15426300417238,-0.169347934707683,2.32695393570031,-1.90843332016297
"MCM6_HUMAN---SCNM1_HUMAN",-26.4955604925737,6.37911847886208,10.7047403530083,2.99791802240323,-1.16871478791071,3.28288659741691,-1.15426300417238,-0.169347934707683,2.32695393570031,-1.90843332016297
"MDC1_HUMAN---ML12A_HUMAN",-20.5927654598422,16.7315207559461,7.20702799041581,-7.24548842219885,-0.985932726727547,-5.29095253153958,3.0093661461744,-2.9967973987142,0.382016436744422,-1.22083605058703
"MDN1_HUMAN---PELP1_HUMAN",-26.4955604925737,6.37911847886208,10.7047403530083,2.99791802240323,-1.16871478791071,3.28288659741691,-1.15426300417238,-0.169347934707683,2.32695393570031,-1.90843332016297
"MED12_HUMAN---MED13_HUMAN",-24.8095882823883,10.3328814615575,10.5112247335551,-1.16250300119851,-2.46546768986768,1.80840839132679,3.72704319173596,1.39763736047659,-3.99608410402308,-1.10408443887859
"MED12_HUMAN---MED8_HUMAN",-24.8095882823883,10.3328814615575,10.5112247335551,-1.16250300119851,-2.46546768986768,1.80840839132679,3.72704319173596,1.39763736047659,-3.99608410402308,-1.10408443887859
"MED8_HUMAN---SUMO2_HUMAN",-24.8095882823883,10.3328814615575,10.5112247335551,-1.16250300119851,-2.46546768986768,1.80840839132679,3.72704319173596,1.39763736047659,-3.99608410402308,-1.10408443887859
"MEP50_HUMAN---SMYD1_HUMAN",-22.8845832547881,13.5713552262361,9.19630707553378,-4.79774658646179,-1.95843691437255,-2.56424669453685,4.53025261844782,-2.75405762045043,-1.18345212958367,3.59827540287734
"MEPCE_HUMAN---SRP72_HUMAN",-19.3836420960273,-2.21977223669162,9.47027843290266,1.85582315958566,15.6769994660563,4.55673518072172,5.65358842252209,2.74017287735381,3.18268659400634,-4.32489883668051
"MK01_HUMAN---YBOX3_HUMAN",-20.5927654598422,16.7315207559461,7.20702799041581,-7.24548842219885,-0.985932726727547,-5.29095253153958,3.0093661461744,-2.9967973987142,0.382016436744422,-1.22083605058703
"MK03_HUMAN-->SMAD2_HUMAN",-26.4955604925737,6.37911847886208,10.7047403530083,2.99791802240323,-1.16871478791071,3.28288659741691,-1.15426300417238,-0.169347934707683,2.32695393570031,-1.90843332016297
"MK13_HUMAN-->STMN1_HUMAN",-5.32254022157548,26.9542477232604,-7.49910558441062,2.23282943717258,1.71365512651171,3.16627513749798,-2.64312004271661,-3.89838194902987,-2.25514390580555,0.992889285937731
"MMS19_HUMAN---NUP53_HUMAN",0.494765217242005,25.8228095139252,-7.15604542374196,5.35074341089436,-3.40992353110038,3.72578416560058,0.0884855896733963,-3.06021759562277,3.50792135667463,1.41648286735348
"MP2K7_HUMAN-->MK09_HUMAN",-26.4955604925737,6.37911847886208,10.7047403530083,2.99791802240323,-1.16871478791071,3.28288659741691,-1.15426300417238,-0.169347934707683,2.32695393570031,-1.90843332016297
"MYH9_HUMAN---SVIL_HUMAN",-5.32254022157548,26.9542477232604,-7.49910558441062,2.23282943717258,1.71365512651171,3.16627513749798,-2.64312004271661,-3.89838194902987,-2.25514390580555,0.992889285937731
"NHRF1_HUMAN---PHAG1_HUMAN",-26.4955604925737,6.37911847886208,10.7047403530083,2.99791802240323,-1.16871478791071,3.28288659741691,-1.15426300417238,-0.169347934707683,2.32695393570031,-1.90843332016297
"NHRF1_HUMAN---YAP1_HUMAN",-26.4955604925737,6.37911847886208,10.7047403530083,2.99791802240323,-1.16871478791071,3.28288659741691,-1.15426300417238,-0.169347934707683,2.32695393570031,-1.90843332016297
"NKAP_HUMAN---PR40A_HUMAN",-26.4955604925737,6.37911847886208,10.7047403530083,2.99791802240323,-1.16871478791071,3.28288659741691,-1.15426300417238,-0.169347934707683,2.32695393570031,-1.90843332016297
"NOVA1_HUMAN---SRPK1_HUMAN",-15.7256304865318,21.5704756589083,2.00869061485095,-6.68257372936963,2.31093024540854,-7.52970629316072,-4.40936890765249,1.59360392138861,2.53647549835968,0.360712134639632
"NSD1_HUMAN---ZN496_HUMAN",-26.4955604925737,6.37911847886208,10.7047403530083,2.99791802240323,-1.16871478791071,3.28288659741691,-1.15426300417238,-0.169347934707683,2.32695393570031,-1.90843332016297
"NUCL_HUMAN---NUP62_HUMAN",-20.2157311166988,8.68113924440447,6.87275793236679,-13.8408453145587,1.18114737542902,5.72722090282023,5.50389263483922,0.889423657572213,0.469024441919859,6.17028032371671
"NUP98_HUMAN---RAE1L_HUMAN",-18.1681483657262,19.4185347845986,4.50604096338289,-7.69697140134659,1.44145542167803,-7.26758776850791,-0.0272153810692428,-0.980268729751619,1.63236586247181,1.32245873940206
"ODPA_HUMAN---STIP1_HUMAN",-18.1681483657262,19.4185347845986,4.50604096338289,-7.69697140134659,1.44145542167803,-7.26758776850791,-0.0272153810692428,-0.980268729751619,1.63236586247181,1.32245873940206
"PCNP_HUMAN---TE2IP_HUMAN",-18.7546869001839,0.707921973544468,15.3071582423035,-0.431764125359354,14.2830393156866,8.0367539599927,0.533446117374976,-1.70070322748512,1.71599059750213,-2.3011189106917
"PP1A_HUMAN---PPR3D_HUMAN",-24.8095882823883,10.3328814615575,10.5112247335551,-1.16250300119851,-2.46546768986768,1.80840839132679,3.72704319173596,1.39763736047659,-3.99608410402308,-1.10408443887859
"PP1A_HUMAN---RB_HUMAN",-15.7256304865318,21.5704756589083,2.00869061485095,-6.68257372936963,2.31093024540854,-7.52970629316072,-4.40936890765249,1.59360392138861,2.53647549835968,0.360712134639632
"PP1A_HUMAN---TOIP1_HUMAN",-24.8095882823883,10.3328814615575,10.5112247335551,-1.16250300119851,-2.46546768986768,1.80840839132679,3.72704319173596,1.39763736047659,-3.99608410402308,-1.10408443887859
"PP1A_HUMAN---ZFY16_HUMAN",-24.8095882823883,10.3328814615575,10.5112247335551,-1.16250300119851,-2.46546768986768,1.80840839132679,3.72704319173596,1.39763736047659,-3.99608410402308,-1.10408443887859
"PP1B_HUMAN---TIF1B_HUMAN",-13.1992155625344,23.5571070832302,-0.952413153819599,-4.92552030732018,3.58674440123169,-5.25919042466163,-6.44548766841246,2.72070163475911,0.253592235930615,-2.84063504719521
"PR38A_HUMAN---SRPK1_HUMAN",-15.7256304865318,21.5704756589083,2.00869061485095,-6.68257372936963,2.31093024540854,-7.52970629316072,-4.40936890765249,1.59360392138861,2.53647549835968,0.360712134639632
"PR40A_HUMAN---SF3A1_HUMAN",-26.4955604925737,6.37911847886208,10.7047403530083,2.99791802240323,-1.16871478791071,3.28288659741691,-1.15426300417238,-0.169347934707683,2.32695393570031,-1.90843332016297
"PRR12_HUMAN---PUM1_HUMAN",-26.4955604925737,6.37911847886208,10.7047403530083,2.99791802240323,-1.16871478791071,3.28288659741691,-1.15426300417238,-0.169347934707683,2.32695393570031,-1.90843332016297
"PSA3_HUMAN---PSA7_HUMAN",-5.32254022157548,26.9542477232604,-7.49910558441062,2.23282943717258,1.71365512651171,3.16627513749798,-2.64312004271661,-3.89838194902987,-2.25514390580555,0.992889285937731
"PSA5_HUMAN---PSA7_HUMAN",-5.32254022157548,26.9542477232604,-7.49910558441062,2.23282943717258,1.71365512651171,3.16627513749798,-2.64312004271661,-3.89838194902987,-2.25514390580555,0.992889285937731
"PSA7_HUMAN---SAMD1_HUMAN",-5.32254022157548,26.9542477232604,-7.49910558441062,2.23282943717258,1.71365512651171,3.16627513749798,-2.64312004271661,-3.89838194902987,-2.25514390580555,0.992889285937731
"Q548N1_HUMAN---TS101_HUMAN",-24.8095882823883,10.3328814615575,10.5112247335551,-1.16250300119851,-2.46546768986768,1.80840839132679,3.72704319173596,1.39763736047659,-3.99608410402308,-1.10408443887859
"Q6FIE9_HUMAN---WRIP1_HUMAN",-22.8845832547881,13.5713552262361,9.19630707553378,-4.79774658646179,-1.95843691437255,-2.56424669453685,4.53025261844782,-2.75405762045043,-1.18345212958367,3.59827540287734
"RAD50_HUMAN---TERF2_HUMAN",-24.8095882823883,10.3328814615575,10.5112247335551,-1.16250300119851,-2.46546768986768,1.80840839132679,3.72704319173596,1.39763736047659,-3.99608410402308,-1.10408443887859
"RAE1L_HUMAN---WDR75_HUMAN",-18.1681483657262,19.4185347845986,4.50604096338289,-7.69697140134659,1.44145542167803,-7.26758776850791,-0.0272153810692428,-0.980268729751619,1.63236586247181,1.32245873940206
"RAM_HUMAN---RBMX_HUMAN",-26.4955604925737,6.37911847886208,10.7047403530083,2.99791802240323,-1.16871478791071,3.28288659741691,-1.15426300417238,-0.169347934707683,2.32695393570031,-1.90843332016297
"RBM10_HUMAN---SF3A1_HUMAN",-26.4955604925737,6.37911847886208,10.7047403530083,2.99791802240323,-1.16871478791071,3.28288659741691,-1.15426300417238,-0.169347934707683,2.32695393570031,-1.90843332016297
"RBM10_HUMAN---SUGP1_HUMAN",-26.4955604925737,6.37911847886208,10.7047403530083,2.99791802240323,-1.16871478791071,3.28288659741691,-1.15426300417238,-0.169347934707683,2.32695393570031,-1.90843332016297
"RBM39_HUMAN---SRPK2_HUMAN",-20.5927654598422,16.7315207559461,7.20702799041581,-7.24548842219885,-0.985932726727547,-5.29095253153958,3.0093661461744,-2.9967973987142,0.382016436744422,-1.22083605058703
"RB_HUMAN---SMCA4_HUMAN",-15.7256304865318,21.5704756589083,2.00869061485095,-6.68257372936963,2.31093024540854,-7.52970629316072,-4.40936890765249,1.59360392138861,2.53647549835968,0.360712134639632
"RECQ4_HUMAN---TE2IP_HUMAN",-26.4955604925737,6.37911847886208,10.7047403530083,2.99791802240323,-1.16871478791071,3.28288659741691,-1.15426300417238,-0.169347934707683,2.32695393570031,-1.90843332016297
"RLA1_HUMAN---SMAP_HUMAN",-26.4955604925737,6.37911847886208,10.7047403530083,2.99791802240323,-1.16871478791071,3.28288659741691,-1.15426300417238,-0.169347934707683,2.32695393570031,-1.90843332016297
"RLA1_HUMAN---XRCC6_HUMAN",-26.4955604925737,6.37911847886208,10.7047403530083,2.99791802240323,-1.16871478791071,3.28288659741691,-1.15426300417238,-0.169347934707683,2.32695393570031,-1.90843332016297
"RNF31_HUMAN---TNFA_HUMAN",-26.4955604925737,6.37911847886208,10.7047403530083,2.99791802240323,-1.16871478791071,3.28288659741691,-1.15426300417238,-0.169347934707683,2.32695393570031,-1.90843332016297
"ROCK1_HUMAN---TS101_HUMAN",-24.8095882823883,10.3328814615575,10.5112247335551,-1.16250300119851,-2.46546768986768,1.80840839132679,3.72704319173596,1.39763736047659,-3.99608410402308,-1.10408443887859
"RU17_HUMAN---SRPK1_HUMAN",-15.7256304865318,21.5704756589083,2.00869061485095,-6.68257372936963,2.31093024540854,-7.52970629316072,-4.40936890765249,1.59360392138861,2.53647549835968,0.360712134639632
"RU17_HUMAN---ZRAB2_HUMAN",-15.7256304865318,21.5704756589083,2.00869061485095,-6.68257372936963,2.31093024540854,-7.52970629316072,-4.40936890765249,1.59360392138861,2.53647549835968,0.360712134639632
"RUSD2_HUMAN---WRIP1_HUMAN",-6.8347165457023,1.94750427080213,18.5233744981673,-9.4240358257372,11.8788272883822,-4.18662607904244,8.45623905322699,-0.218113352590402,-3.83195568646638,4.3053754415024
"S38A2_HUMAN---STX11_HUMAN",-26.4955604925737,6.37911847886208,10.7047403530083,2.99791802240323,-1.16871478791071,3.28288659741691,-1.15426300417238,-0.169347934707683,2.32695393570031,-1.90843332016297
"SC16A_HUMAN---TNFA_HUMAN",-26.4955604925737,6.37911847886208,10.7047403530083,2.99791802240323,-1.16871478791071,3.28288659741691,-1.15426300417238,-0.169347934707683,2.32695393570031,-1.90843332016297
"SCAM3_HUMAN---TS101_HUMAN",-24.8095882823883,10.3328814615575,10.5112247335551,-1.16250300119851,-2.46546768986768,1.80840839132679,3.72704319173596,1.39763736047659,-3.99608410402308,-1.10408443887859
"SIN3A_HUMAN---SMRC1_HUMAN",-26.4955604925737,6.37911847886208,10.7047403530083,2.99791802240323,-1.16871478791071,3.28288659741691,-1.15426300417238,-0.169347934707683,2.32695393570031,-1.90843332016297
"SIR1_HUMAN---XRCC6_HUMAN",-9.93094203738269,22.846340717206,-4.3455733069554,3.93233284165428,1.85283129268082,4.80577977148964,-4.87165813668814,4.38289721588226,-8.76448255457576,-5.80913681164518
"SKA1_HUMAN---SKA3_HUMAN",-26.4955604925737,6.37911847886208,10.7047403530083,2.99791802240323,-1.16871478791071,3.28288659741691,-1.15426300417238,-0.169347934707683,2.32695393570031,-1.90843332016297
"SMN_HUMAN---WAP53_HUMAN",-18.1681483657262,19.4185347845986,4.50604096338289,-7.69697140134659,1.44145542167803,-7.26758776850791,-0.0272153810692428,-0.980268729751619,1.63236586247181,1.32245873940206
"SMYD1_HUMAN---TTC33_HUMAN",-22.8845832547881,13.5713552262361,9.19630707553378,-4.79774658646179,-1.95843691437255,-2.56424669453685,4.53025261844782,-2.75405762045043,-1.18345212958367,3.59827540287734
"SNUT1_HUMAN---SUMO2_HUMAN",-13.1992155625344,23.5571070832302,-0.952413153819599,-4.92552030732018,3.58674440123169,-5.25919042466163,-6.44548766841246,2.72070163475911,0.253592235930615,-2.84063504719521
"SPTN1_HUMAN---TP4A1_HUMAN",-5.25439467593606,24.7860946986616,-4.59457589955365,1.335400948551,-0.558373703238927,-0.583139304658836,-5.0104102571767,-2.21915016806717,-9.180044288758,-1.98935291008778
"SRPK1_HUMAN-->RBM8A_HUMAN",-15.7256304865318,21.5704756589083,2.00869061485095,-6.68257372936963,2.31093024540854,-7.52970629316072,-4.40936890765249,1.59360392138861,2.53647549835968,0.360712134639632
"SRPK1_HUMAN---WDR55_HUMAN",-15.7256304865318,21.5704756589083,2.00869061485095,-6.68257372936963,2.31093024540854,-7.52970629316072,-4.40936890765249,1.59360392138861,2.53647549835968,0.360712134639632
"SSRP1_HUMAN---SUMO2_HUMAN",-26.4955604925737,6.37911847886208,10.7047403530083,2.99791802240323,-1.16871478791071,3.28288659741691,-1.15426300417238,-0.169347934707683,2.32695393570031,-1.90843332016297
"STML2_HUMAN---TRM7_HUMAN",-26.4955604925737,6.37911847886208,10.7047403530083,2.99791802240323,-1.16871478791071,3.28288659741691,-1.15426300417238,-0.169347934707683,2.32695393570031,-1.90843332016297
"SUMO2_HUMAN---TIF1B_HUMAN",-13.1992155625344,23.5571070832302,-0.952413153819599,-4.92552030732018,3.58674440123169,-5.25919042466163,-6.44548766841246,2.72070163475911,0.253592235930615,-2.84063504719521
"SUMO2_HUMAN---TOP2A_HUMAN",-26.4955604925737,6.37911847886208,10.7047403530083,2.99791802240323,-1.16871478791071,3.28288659741691,-1.15426300417238,-0.169347934707683,2.32695393570031,-1.90843332016297
"SUMO2_HUMAN---UIMC1_HUMAN",-26.4955604925737,6.37911847886208,10.7047403530083,2.99791802240323,-1.16871478791071,3.28288659741691,-1.15426300417238,-0.169347934707683,2.32695393570031,-1.90843332016297
"SUMO2_HUMAN---XPC_HUMAN",-10.600127014653,25.0961351354801,-3.47494243947622,-2.52279874103594,3.52554354211808,-2.37667126551304,-5.48363747783623,2.62458322346249,-3.90528346844079,-1.12534590657132
"SUMO2_HUMAN---ZC11A_HUMAN",-15.7256304865318,21.5704756589083,2.00869061485095,-6.68257372936963,2.31093024540854,-7.52970629316072,-4.40936890765249,1.59360392138861,2.53647549835968,0.360712134639632
"SUMO2_HUMAN---ZEB1_HUMAN",-8.0059370097825,26.0848144818846,-5.66049096497672,0.297089256390994,2.35986206817594,0.433124685626005,-4.06844870997628,0.231202234955232,-5.95185058013635,-1.10677696988925
"TE2IP_HUMAN---TERF2_HUMAN",-24.8095882823883,10.3328814615575,10.5112247335551,-1.16250300119851,-2.46546768986768,1.80840839132679,3.72704319173596,1.39763736047659,-3.99608410402308,-1.10408443887859
"TERF2_HUMAN---ZN703_HUMAN",-24.8095882823883,10.3328814615575,10.5112247335551,-1.16250300119851,-2.46546768986768,1.80840839132679,3.72704319173596,1.39763736047659,-3.99608410402308,-1.10408443887859
"TIF1B_HUMAN---ZN496_HUMAN",-13.1992155625344,23.5571070832302,-0.952413153819599,-4.92552030732018,3.58674440123169,-5.25919042466163,-6.44548766841246,2.72070163475911,0.253592235930615,-2.84063504719521
"TNFA_HUMAN---TRAF2_HUMAN",-26.4955604925737,6.37911847886208,10.7047403530083,2.99791802240323,-1.16871478791071,3.28288659741691,-1.15426300417238,-0.169347934707683,2.32695393570031,-1.90843332016297
"TPC12_HUMAN---TPPC3_HUMAN",1.34565005385945,2.69001501271888,16.4558667726447,-6.85037837248068,10.9947790003241,-6.61421370335664,9.81916577721524,4.0452882863443,2.00610948701963,9.48608347324573
"TS101_HUMAN---VRK3_HUMAN",-24.8095882823883,10.3328814615575,10.5112247335551,-1.16250300119851,-2.46546768986768,1.80840839132679,3.72704319173596,1.39763736047659,-3.99608410402308,-1.10408443887859
"AKT1_HUMAN-->CDK2_HUMAN",19.4613408485512,11.0869304006868,-3.68332094581289,7.72561431015029,-12.1316802974494,-8.96831012715498,3.95291945747485,5.47806373636781,1.6995660702716,-1.63702168974622
"AP3D1_HUMAN---MYC_HUMAN",22.9158366346354,12.0478625841306,3.81718287342252,5.06949715099796,-9.17431058551045,-5.68554313741731,-1.78715984694859,-1.46386251599295,-0.703274006041671,-1.8389697954942
"ARHG7_HUMAN---NAA10_HUMAN",2.52825301118191,0.631732113898609,18.8489715235324,-1.59254899842909,-17.1977324887034,-11.2188131799188,6.00614981349216,2.18151196010831,1.30456184998926,2.9921443531822
"ARMX3_HUMAN---CSK21_HUMAN",6.12940600686783,23.1586808519128,-4.91900165122244,6.80470051299813,-8.60242513054755,2.85473247465232,-1.84858002669562,-5.81327803084119,0.487808526423301,0.361588751626215
"ASCC1_HUMAN---JUN_HUMAN",6.12940600686783,23.1586808519128,-4.91900165122244,6.80470051299813,-8.60242513054755,2.85473247465232,-1.84858002669562,-5.81327803084119,0.487808526423301,0.361588751626215
"ASCC1_HUMAN---TM87A_HUMAN",6.12940600686783,23.1586808519128,-4.91900165122244,6.80470051299813,-8.60242513054755,2.85473247465232,-1.84858002669562,-5.81327803084119,0.487808526423301,0.361588751626215
"ASPM_HUMAN---P53_HUMAN",20.0902960443946,14.0146246109229,2.15355886358795,5.43802702520528,-13.5256404478191,-5.488291347884,-1.16722284767227,1.03718763152888,0.232870073767386,0.386758236242593
"ATRX_HUMAN---Z512B_HUMAN",25.5532081899061,10.0225993891571,5.22683623792165,3.98443950315397,-4.5557743767328,-3.90210781064245,-2.1427068943015,-1.18803949173264,-1.29505583075465,-0.541795748391276
"BRD3_HUMAN---MYC_HUMAN",22.9158366346354,12.0478625841306,3.81718287342252,5.06949715099796,-9.17431058551045,-5.68554313741731,-1.78715984694859,-1.46386251599295,-0.703274006041671,-1.8389697954942
"CAND1_HUMAN---CUL4B_HUMAN",20.0902960443946,14.0146246109229,2.15355886358795,5.43802702520528,-13.5256404478191,-5.488291347884,-1.16722284767227,1.03718763152888,0.232870073767386,0.386758236242593
"CAND1_HUMAN---DDX55_HUMAN",20.0902960443946,14.0146246109229,2.15355886358795,5.43802702520528,-13.5256404478191,-5.488291347884,-1.16722284767227,1.03718763152888,0.232870073767386,0.386758236242593
"CAND1_HUMAN---DHX57_HUMAN",20.0902960443946,14.0146246109229,2.15355886358795,5.43802702520528,-13.5256404478191,-5.488291347884,-1.16722284767227,1.03718763152888,0.232870073767386,0.386758236242593
"CAND1_HUMAN---HACD3_HUMAN",20.0902960443946,14.0146246109229,2.15355886358795,5.43802702520528,-13.5256404478191,-5.488291347884,-1.16722284767227,1.03718763152888,0.232870073767386,0.386758236242593
"CAND1_HUMAN---MCM9_HUMAN",20.0902960443946,14.0146246109229,2.15355886358795,5.43802702520528,-13.5256404478191,-5.488291347884,-1.16722284767227,1.03718763152888,0.232870073767386,0.386758236242593
"CAND1_HUMAN---MEPCE_HUMAN",20.0902960443946,14.0146246109229,2.15355886358795,5.43802702520528,-13.5256404478191,-5.488291347884,-1.16722284767227,1.03718763152888,0.232870073767386,0.386758236242593
"CAND1_HUMAN---PCNP_HUMAN",20.0902960443946,14.0146246109229,2.15355886358795,5.43802702520528,-13.5256404478191,-5.488291347884,-1.16722284767227,1.03718763152888,0.232870073767386,0.386758236242593
"CAND1_HUMAN---PWP1_HUMAN",20.0902960443946,14.0146246109229,2.15355886358795,5.43802702520528,-13.5256404478191,-5.488291347884,-1.16722284767227,1.03718763152888,0.232870073767386,0.386758236242593
"CAND1_HUMAN---SRP72_HUMAN",20.0902960443946,14.0146246109229,2.15355886358795,5.43802702520528,-13.5256404478191,-5.488291347884,-1.16722284767227,1.03718763152888,0.232870073767386,0.386758236242593
"CDCA5_HUMAN---SMC3_HUMAN",6.12940600686783,23.1586808519128,-4.91900165122244,6.80470051299813,-8.60242513054755,2.85473247465232,-1.84858002669562,-5.81327803084119,0.487808526423301,0.361588751626215
"CEBPZ_HUMAN---P53_HUMAN",20.0902960443946,14.0146246109229,2.15355886358795,5.43802702520528,-13.5256404478191,-5.488291347884,-1.16722284767227,1.03718763152888,0.232870073767386,0.386758236242593
"CHIP_HUMAN---P53_HUMAN",20.0902960443946,14.0146246109229,2.15355886358795,5.43802702520528,-13.5256404478191,-5.488291347884,-1.16722284767227,1.03718763152888,0.232870073767386,0.386758236242593
"CSK21_HUMAN---ZC3HD_HUMAN",20.0902960443946,14.0146246109229,2.15355886358795,5.43802702520528,-13.5256404478191,-5.488291347884,-1.16722284767227,1.03718763152888,0.232870073767386,0.386758236242593
"CTF18_HUMAN---SUMO2_HUMAN",8.93881047667272,21.6690736512751,-3.76938564103316,6.60752424165874,-10.6393919096145,2.23059080933336,-3.49595195720078,-4.38245389777495,1.73238629617104,-1.67445924315189
"DC1L1_HUMAN---MD2L1_HUMAN",25.5532081899061,10.0225993891571,5.22683623792165,3.98443950315397,-4.5557743767328,-3.90210781064245,-2.1427068943015,-1.18803949173264,-1.29505583075465,-0.541795748391276
"EGLN1_HUMAN---ING4_HUMAN",-1.08272422660361,-6.56050463347543,20.3574048010069,6.20311561043593,-16.4080103622415,-5.37167988796507,0.321634190871962,4.76622164585106,4.81496791527324,-2.51456436985811
"FRIH_HUMAN---IMA1_HUMAN",25.5532081899061,10.0225993891571,5.22683623792165,3.98443950315397,-4.5557743767328,-3.90210781064245,-2.1427068943015,-1.18803949173264,-1.29505583075465,-0.541795748391276
"GCP60_HUMAN---PI4KB_HUMAN",11.7813029276984,19.9672790610393,-2.57109066975032,6.63463411671811,-11.9111505469766,0.887955399197383,-3.40550016090408,-3.03011192910859,2.27041029245191,-0.713027392911195
"GCP60_HUMAN---RUSD2_HUMAN",11.7813029276984,19.9672790610393,-2.57109066975032,6.63463411671811,-11.9111505469766,0.887955399197383,-3.40550016090408,-3.03011192910859,2.27041029245191,-0.713027392911195
"HDAC1_HUMAN---MTG8_HUMAN",20.0902960443946,14.0146246109229,2.15355886358795,5.43802702520528,-13.5256404478191,-5.488291347884,-1.16722284767227,1.03718763152888,0.232870073767386,0.386758236242593
"HDAC1_HUMAN---MYC_HUMAN",22.9158366346354,12.0478625841306,3.81718287342252,5.06949715099796,-9.17431058551045,-5.68554313741731,-1.78715984694859,-1.46386251599295,-0.703274006041671,-1.8389697954942
"HDAC1_HUMAN---P53_HUMAN",20.0902960443946,14.0146246109229,2.15355886358795,5.43802702520528,-13.5256404478191,-5.488291347884,-1.16722284767227,1.03718763152888,0.232870073767386,0.386758236242593
"HTSF1_HUMAN---Z512B_HUMAN",25.5532081899061,10.0225993891571,5.22683623792165,3.98443950315397,-4.5557743767328,-3.90210781064245,-2.1427068943015,-1.18803949173264,-1.29505583075465,-0.541795748391276
"IF2B1_HUMAN---TRM7_HUMAN",13.4488561277325,4.92897128788188,8.15874263376017,11.9724954253534,-17.4325635593648,3.5877048119507,2.58703572513293,3.41509372175709,-5.3955798927275,-2.03978494203806
"IMA3_HUMAN---P53_HUMAN",20.0902960443946,14.0146246109229,2.15355886358795,5.43802702520528,-13.5256404478191,-5.488291347884,-1.16722284767227,1.03718763152888,0.232870073767386,0.386758236242593
"ING4_HUMAN---KAT7_HUMAN",-1.08272422660361,-6.56050463347543,20.3574048010069,6.20311561043593,-16.4080103622415,-5.37167988796507,0.321634190871962,4.76622164585106,4.81496791527324,-2.51456436985811
"ING4_HUMAN---P53_HUMAN",20.0902960443946,14.0146246109229,2.15355886358795,5.43802702520528,-13.5256404478191,-5.488291347884,-1.16722284767227,1.03718763152888,0.232870073767386,0.386758236242593
"KAP2_HUMAN---MTG8_HUMAN",20.0902960443946,14.0146246109229,2.15355886358795,5.43802702520528,-13.5256404478191,-5.488291347884,-1.16722284767227,1.03718763152888,0.232870073767386,0.386758236242593
"KPCD1_HUMAN-->PI4KB_HUMAN",11.7813029276984,19.9672790610393,-2.57109066975032,6.63463411671811,-11.9111505469766,0.887955399197383,-3.40550016090408,-3.03011192910859,2.27041029245191,-0.713027392911195
"MA7D1_HUMAN---MYC_HUMAN",22.9158366346354,12.0478625841306,3.81718287342252,5.06949715099796,-9.17431058551045,-5.68554313741731,-1.78715984694859,-1.46386251599295,-0.703274006041671,-1.8389697954942
"MARK2_HUMAN-->RFIP2_HUMAN",25.5532081899061,10.0225993891571,5.22683623792165,3.98443950315397,-4.5557743767328,-3.90210781064245,-2.1427068943015,-1.18803949173264,-1.29505583075465,-0.541795748391276
"MTG8_HUMAN---OTUD4_HUMAN",20.0902960443946,14.0146246109229,2.15355886358795,5.43802702520528,-13.5256404478191,-5.488291347884,-1.16722284767227,1.03718763152888,0.232870073767386,0.386758236242593
"MYC_HUMAN---NOC2L_HUMAN",22.9158366346354,12.0478625841306,3.81718287342252,5.06949715099796,-9.17431058551045,-5.68554313741731,-1.78715984694859,-1.46386251599295,-0.703274006041671,-1.8389697954942
"MYC_HUMAN---NOL9_HUMAN",22.9158366346354,12.0478625841306,3.81718287342252,5.06949715099796,-9.17431058551045,-5.68554313741731,-1.78715984694859,-1.46386251599295,-0.703274006041671,-1.8389697954942
"MYH10_HUMAN---Z512B_HUMAN",25.5532081899061,10.0225993891571,5.22683623792165,3.98443950315397,-4.5557743767328,-3.90210781064245,-2.1427068943015,-1.18803949173264,-1.29505583075465,-0.541795748391276
"NPM_HUMAN---PPIL4_HUMAN",25.5532081899061,10.0225993891571,5.22683623792165,3.98443950315397,-4.5557743767328,-3.90210781064245,-2.1427068943015,-1.18803949173264,-1.29505583075465,-0.541795748391276
"OXSR1_HUMAN---SCFD1_HUMAN",8.93881047667272,21.6690736512751,-3.76938564103316,6.60752424165874,-10.6393919096145,2.23059080933336,-3.49595195720078,-4.38245389777495,1.73238629617104,-1.67445924315189
"P53_HUMAN---PSME3_HUMAN",20.0902960443946,14.0146246109229,2.15355886358795,5.43802702520528,-13.5256404478191,-5.488291347884,-1.16722284767227,1.03718763152888,0.232870073767386,0.386758236242593
"P53_HUMAN---TP53B_HUMAN",20.0902960443946,14.0146246109229,2.15355886358795,5.43802702520528,-13.5256404478191,-5.488291347884,-1.16722284767227,1.03718763152888,0.232870073767386,0.386758236242593
"P53_HUMAN---TPC11_HUMAN",20.0902960443946,14.0146246109229,2.15355886358795,5.43802702520528,-13.5256404478191,-5.488291347884,-1.16722284767227,1.03718763152888,0.232870073767386,0.386758236242593
"PSMG1_HUMAN---PSMG2_HUMAN",22.9158366346354,12.0478625841306,3.81718287342252,5.06949715099796,-9.17431058551045,-5.68554313741731,-1.78715984694859,-1.46386251599295,-0.703274006041671,-1.8389697954942
"PSMG2_HUMAN---S35F6_HUMAN",22.9158366346354,12.0478625841306,3.81718287342252,5.06949715099796,-9.17431058551045,-5.68554313741731,-1.78715984694859,-1.46386251599295,-0.703274006041671,-1.8389697954942
"RB_HUMAN---TFDP1_HUMAN",11.7813029276984,19.9672790610393,-2.57109066975032,6.63463411671811,-11.9111505469766,0.887955399197383,-3.40550016090408,-3.03011192910859,2.27041029245191,-0.713027392911195
"RFIP1_HUMAN---RFIP2_HUMAN",25.5532081899061,10.0225993891571,5.22683623792165,3.98443950315397,-4.5557743767328,-3.90210781064245,-2.1427068943015,-1.18803949173264,-1.29505583075465,-0.541795748391276
"S35F6_HUMAN---SPS1_HUMAN",22.9158366346354,12.0478625841306,3.81718287342252,5.06949715099796,-9.17431058551045,-5.68554313741731,-1.78715984694859,-1.46386251599295,-0.703274006041671,-1.8389697954942
"SAT1_HUMAN---SPS1_HUMAN",22.9158366346354,12.0478625841306,3.81718287342252,5.06949715099796,-9.17431058551045,-5.68554313741731,-1.78715984694859,-1.46386251599295,-0.703274006041671,-1.8389697954942
"SEPT2_HUMAN---SEPT9_HUMAN",22.9158366346354,12.0478625841306,3.81718287342252,5.06949715099796,-9.17431058551045,-5.68554313741731,-1.78715984694859,-1.46386251599295,-0.703274006041671,-1.8389697954942
"TERF2_HUMAN---WDR4_HUMAN",22.9158366346354,12.0478625841306,3.81718287342252,5.06949715099796,-9.17431058551045,-5.68554313741731,-1.78715984694859,-1.46386251599295,-0.703274006041671,-1.8389697954942
"TPC11_HUMAN---TPC12_HUMAN",20.0902960443946,14.0146246109229,2.15355886358795,5.43802702520528,-13.5256404478191,-5.488291347884,-1.16722284767227,1.03718763152888,0.232870073767386,0.386758236242593
"WNK1_HUMAN-->OXSR1_HUMAN",8.93881047667272,21.6690736512751,-3.76938564103316,6.60752424165874,-10.6393919096145,2.23059080933336,-3.49595195720078,-4.38245389777495,1.73238629617104,-1.67445924315189
"TFP11_HUMAN---TPPC4_HUMAN",7.73083268274089,6.3613350664309,5.60726822254192,8.42695912456402,5.21437397114062,13.9165436780411,-8.76523338596518,-6.24015917507799,-0.668212153948302,-11.7931297382236
"TPC12_HUMAN---TPPC4_HUMAN",7.73083268274089,6.3613350664309,5.60726822254192,8.42695912456402,5.21437397114062,13.9165436780411,-8.76523338596518,-6.24015917507799,-0.668212153948302,-11.7931297382236
"CBL_HUMAN---GRB2_HUMAN",19.9773183547002,10.5154357058323,-1.60655876105545,-5.39052196237912,-2.24631700744752,8.90185712494076,-0.604185456946039,6.59271499482942,5.90663897352244,5.73083053778045
"NOC2L_HUMAN---PWP1_HUMAN",25.0056290465434,10.3101901323976,5.0923527430486,2.37687475165002,-2.42521620653051,-0.537172195774906,1.14042327315141,2.00688248627328,0.558050815378263,2.21980067745066
"ALDOC_HUMAN---GNL1_HUMAN",22.4854372980674,8.65346854242381,7.8756102129606,-1.84985481214424,6.01003090113517,-2.52795594616242,0.0472590532155608,4.3495657302811,4.89666755588641,0.85807964923033
"ALDOC_HUMAN---NSF1C_HUMAN",22.4854372980674,8.65346854242381,7.8756102129606,-1.84985481214424,6.01003090113517,-2.52795594616242,0.0472590532155608,4.3495657302811,4.89666755588641,0.85807964923033
"4ET_HUMAN---BCL6_HUMAN",27.2022144409409,5.41573389536922,0.919096943482324,4.29593216238771,3.32007380614785,-4.21444276457919,5.6406285790222,3.94670844359037,1.08860273207342,-2.02970728027494
"ACTB_HUMAN---CBL_HUMAN",27.2022144409409,5.41573389536922,0.919096943482324,4.29593216238771,3.32007380614785,-4.21444276457919,5.6406285790222,3.94670844359037,1.08860273207342,-2.02970728027494
"AFAD_HUMAN---RRAS2_HUMAN",27.391718066771,-2.1383263397939,-7.61971411163477,-5.5791955022096,-0.107272431710673,-0.102275377100852,4.97653994914109,0.8030235504356,1.12247484875879,-3.72890480037875
"AKT1_HUMAN-->DNMT1_HUMAN",16.230897369518,-14.1186388215602,4.92902528465107,11.1683003519489,-0.244613722320532,5.58653374145394,9.92119900440639,-3.90953775319925,0.177439280919739,-8.03418678191559
"BACH2_HUMAN---BCL6_HUMAN",27.2022144409409,5.41573389536922,0.919096943482324,4.29593216238771,3.32007380614785,-4.21444276457919,5.6406285790222,3.94670844359037,1.08860273207342,-2.02970728027494
"BACH_HUMAN---CDK2_HUMAN",27.2022144409409,5.41573389536922,0.919096943482324,4.29593216238771,3.32007380614785,-4.21444276457919,5.6406285790222,3.94670844359037,1.08860273207342,-2.02970728027494
"BCL6_HUMAN---BCOR_HUMAN",27.2022144409409,5.41573389536922,0.919096943482324,4.29593216238771,3.32007380614785,-4.21444276457919,5.6406285790222,3.94670844359037,1.08860273207342,-2.02970728027494
"BCL6_HUMAN---CDK19_HUMAN",27.2022144409409,5.41573389536922,0.919096943482324,4.29593216238771,3.32007380614785,-4.21444276457919,5.6406285790222,3.94670844359037,1.08860273207342,-2.02970728027494
"BCL6_HUMAN---SIN3A_HUMAN",27.2022144409409,5.41573389536922,0.919096943482324,4.29593216238771,3.32007380614785,-4.21444276457919,5.6406285790222,3.94670844359037,1.08860273207342,-2.02970728027494
"CCNK_HUMAN---T22D4_HUMAN",27.5931051321521,2.20468919708934,-2.93359271464618,-2.77107193999796,-0.0222299365615437,0.909341007443649,3.95107542723702,6.89631789112893,1.8241167372531,0.00642924645928589
"CDK19_HUMAN---MED12_HUMAN",27.2022144409409,5.41573389536922,0.919096943482324,4.29593216238771,3.32007380614785,-4.21444276457919,5.6406285790222,3.94670844359037,1.08860273207342,-2.02970728027494
"CDK2_HUMAN-->ADDA_HUMAN",27.2022144409409,5.41573389536922,0.919096943482324,4.29593216238771,3.32007380614785,-4.21444276457919,5.6406285790222,3.94670844359037,1.08860273207342,-2.02970728027494
"CDK2_HUMAN---DESP_HUMAN",27.2022144409409,5.41573389536922,0.919096943482324,4.29593216238771,3.32007380614785,-4.21444276457919,5.6406285790222,3.94670844359037,1.08860273207342,-2.02970728027494
"CDK2_HUMAN-->KMT2D_HUMAN",27.2022144409409,5.41573389536922,0.919096943482324,4.29593216238771,3.32007380614785,-4.21444276457919,5.6406285790222,3.94670844359037,1.08860273207342,-2.02970728027494
"CDK2_HUMAN-->PO2F1_HUMAN",27.2022144409409,5.41573389536922,0.919096943482324,4.29593216238771,3.32007380614785,-4.21444276457919,5.6406285790222,3.94670844359037,1.08860273207342,-2.02970728027494
"CDK2_HUMAN-->RHG19_HUMAN",27.2022144409409,5.41573389536922,0.919096943482324,4.29593216238771,3.32007380614785,-4.21444276457919,5.6406285790222,3.94670844359037,1.08860273207342,-2.02970728027494
"CDK2_HUMAN-->SF3B1_HUMAN",27.2022144409409,5.41573389536922,0.919096943482324,4.29593216238771,3.32007380614785,-4.21444276457919,5.6406285790222,3.94670844359037,1.08860273207342,-2.02970728027494
"CDK2_HUMAN-->TOIP1_HUMAN",27.2022144409409,5.41573389536922,0.919096943482324,4.29593216238771,3.32007380614785,-4.21444276457919,5.6406285790222,3.94670844359037,1.08860273207342,-2.02970728027494
"CEBPZ_HUMAN---DDX55_HUMAN",9.20823577408422,-12.1183446106083,7.65123513296411,-18.0555439189259,-0.767182485848344,-9.45118606892851,6.3199696830969,0.810077099445495,-0.290056560168993,-7.61861152841706
"CEBPZ_HUMAN---RBM34_HUMAN",9.01873214825414,-4.56428437544515,16.1900461880812,-8.18041625432862,2.66016375201018,-13.5633534564069,6.98405831297801,3.95376199260027,-0.323928676854364,-5.91941400831325
"CEBPZ_HUMAN---SUMO2_HUMAN",27.391718066771,-2.1383263397939,-7.61971411163477,-5.5791955022096,-0.107272431710673,-0.102275377100852,4.97653994914109,0.8030235504356,1.12247484875879,-3.72890480037875
"CHD4_HUMAN---SUMO2_HUMAN",27.391718066771,-2.1383263397939,-7.61971411163477,-5.5791955022096,-0.107272431710673,-0.102275377100852,4.97653994914109,0.8030235504356,1.12247484875879,-3.72890480037875
"CPSF7_HUMAN---CSK21_HUMAN",27.2022144409409,5.41573389536922,0.919096943482324,4.29593216238771,3.32007380614785,-4.21444276457919,5.6406285790222,3.94670844359037,1.08860273207342,-2.02970728027494
"CSK21_HUMAN-->IF5_HUMAN",27.2022144409409,5.41573389536922,0.919096943482324,4.29593216238771,3.32007380614785,-4.21444276457919,5.6406285790222,3.94670844359037,1.08860273207342,-2.02970728027494
"CSK21_HUMAN---SIN3A_HUMAN",27.0008273755598,1.07271835848598,-3.76702445350626,1.48780860017607,3.23503131099872,-5.22605914912369,6.66609310092627,-2.14658589710296,0.386960843579111,-5.76504132711298
"DDX21_HUMAN---SUMO2_HUMAN",27.391718066771,-2.1383263397939,-7.61971411163477,-5.5791955022096,-0.107272431710673,-0.102275377100852,4.97653994914109,0.8030235504356,1.12247484875879,-3.72890480037875
"EGFR_HUMAN---PTK6_HUMAN",27.2022144409409,5.41573389536922,0.919096943482324,4.29593216238771,3.32007380614785,-4.21444276457919,5.6406285790222,3.94670844359037,1.08860273207342,-2.02970728027494
"GRB2_HUMAN---PRC2A_HUMAN",27.0008273755598,1.07271835848598,-3.76702445350626,1.48780860017607,3.23503131099872,-5.22605914912369,6.66609310092627,-2.14658589710296,0.386960843579111,-5.76504132711298
"H2AY_HUMAN---SUMO2_HUMAN",27.391718066771,-2.1383263397939,-7.61971411163477,-5.5791955022096,-0.107272431710673,-0.102275377100852,4.97653994914109,0.8030235504356,1.12247484875879,-3.72890480037875
"IF5_HUMAN---PUM1_HUMAN",27.2022144409409,5.41573389536922,0.919096943482324,4.29593216238771,3.32007380614785,-4.21444276457919,5.6406285790222,3.94670844359037,1.08860273207342,-2.02970728027494
"IF5_HUMAN---TBCB_HUMAN",27.2022144409409,5.41573389536922,0.919096943482324,4.29593216238771,3.32007380614785,-4.21444276457919,5.6406285790222,3.94670844359037,1.08860273207342,-2.02970728027494
"LRC47_HUMAN---RHG19_HUMAN",27.2022144409409,5.41573389536922,0.919096943482324,4.29593216238771,3.32007380614785,-4.21444276457919,5.6406285790222,3.94670844359037,1.08860273207342,-2.02970728027494
"OSBP1_HUMAN---PI4KA_HUMAN",27.391718066771,-2.1383263397939,-7.61971411163477,-5.5791955022096,-0.107272431710673,-0.102275377100852,4.97653994914109,0.8030235504356,1.12247484875879,-3.72890480037875
"PGAM1_HUMAN---PKP4_HUMAN",25.3148551653745,-2.88104462420947,-3.57350883405308,5.64822962377781,4.53178421295569,-3.75158094303357,1.78478690501794,-3.71357119228724,6.7099988833025,-6.56939020839736
"PKN2_HUMAN---SCG1_HUMAN",25.5162422307556,1.46197091267377,1.1126125629355,8.45635318598945,4.61682670810482,-2.73996455848907,0.75932238311387,2.37972314840609,7.41164077179681,-2.83405616155932
"PTK6_HUMAN-->AKT1_HUMAN",27.2022144409409,5.41573389536922,0.919096943482324,4.29593216238771,3.32007380614785,-4.21444276457919,5.6406285790222,3.94670844359037,1.08860273207342,-2.02970728027494
"PTK6_HUMAN-->BCAR1_HUMAN",27.2022144409409,5.41573389536922,0.919096943482324,4.29593216238771,3.32007380614785,-4.21444276457919,5.6406285790222,3.94670844359037,1.08860273207342,-2.02970728027494
"SUMO2_HUMAN---TIM_HUMAN",27.2022144409409,5.41573389536922,0.919096943482324,4.29593216238771,3.32007380614785,-4.21444276457919,5.6406285790222,3.94670844359037,1.08860273207342,-2.02970728027494
"UBL7_HUMAN---ZYX_HUMAN",27.391718066771,-2.1383263397939,-7.61971411163477,-5.5791955022096,-0.107272431710673,-0.102275377100852,4.97653994914109,0.8030235504356,1.12247484875879,-3.72890480037875
"1433G_HUMAN---PAK4_HUMAN",25.9061646091841,5.10495434092672,8.07089441090449,5.64358846270598,1.41908288028303,3.63823110055543,-0.282723152836778,3.65752731967847,-3.1907252388702,-4.70828719604206
"1433G_HUMAN---PR40A_HUMAN",24.2201923989988,1.15119135823127,8.26441003035766,9.80400948630772,2.71583578224,5.11270930664554,-5.16402934874511,2.09054202449419,3.13231280085319,-5.51263607732644
"AKA10_HUMAN---NHRF1_HUMAN",6.6581493657861,-12.2317011387931,24.9598226903021,2.77343346267335,-0.956256258644261,-0.617812525389284,2.00934331241932,3.23486635307362,4.20400457707506,-2.90724996038683
"AKT1_HUMAN-->YBOX1_HUMAN",18.7472118409277,-2.8941660917454,15.2585108715873,7.52841560561382,-2.85028427949806,8.6036906991793,8.65689837326354,-0.690134222160571,-6.91065286681355,-1.47072392780436
"ARHG7_HUMAN---LAP2_HUMAN",25.9061646091841,5.10495434092672,8.07089441090449,5.64358846270598,1.41908288028303,3.63823110055543,-0.282723152836778,3.65752731967847,-3.1907252388702,-4.70828719604206
"ARHGB_HUMAN---GSK3A_HUMAN",26.2970553003952,1.89390964264684,4.21820475277598,-1.42341563967969,-1.92322086242636,8.76201487257827,-1.97227630462196,6.60713676721703,-2.45521123369052,-2.67215066930783
"CDK5_HUMAN---HS90B_HUMAN",16.2207969169303,-4.88079751606738,18.2196146402579,5.77136218356437,-4.1260984353212,6.33317483068021,10.6930171340235,-1.81723193553107,-4.62776960438449,1.73062325403048
"CDK5_HUMAN-->PP1A_HUMAN",25.9061646091841,5.10495434092672,8.07089441090449,5.64358846270598,1.41908288028303,3.63823110055543,-0.282723152836778,3.65752731967847,-3.1907252388702,-4.70828719604206
"CYTSA_HUMAN---RIPK3_HUMAN",24.2201923989988,1.15119135823127,8.26441003035766,9.80400948630772,2.71583578224,5.11270930664554,-5.16402934874511,2.09054202449419,3.13231280085319,-5.51263607732644
"DC1L2_HUMAN---YBOX1_HUMAN",18.7472118409277,-2.8941660917454,15.2585108715873,7.52841560561382,-2.85028427949806,8.6036906991793,8.65689837326354,-0.690134222160571,-6.91065286681355,-1.47072392780436
"DDA1_HUMAN---PWP1_HUMAN",21.1897297201222,-0.742225217435742,12.7611605230554,8.54281327759078,-1.98080945576755,8.34157217452649,4.27474484668029,1.88373842897966,-6.00654323092568,-2.43247053256679
"EF1A1_HUMAN---XRN2_HUMAN",25.9061646091841,5.10495434092672,8.07089441090449,5.64358846270598,1.41908288028303,3.63823110055543,-0.282723152836778,3.65752731967847,-3.1907252388702,-4.70828719604206
"EGFR_HUMAN---IQGA1_HUMAN",9.34154615399313,-11.3622678974172,23.1212080708682,4.70917364345493,-1.60246320030849,2.11533792648269,3.43467197967899,-0.894717830911474,7.90071125140586,-0.807583704559853
"EIF3B_HUMAN---EIF3C_HUMAN",11.9357361588636,-10.3735885510127,20.9356595453677,7.52906164088186,-2.76814467425063,4.92513387762174,4.84986074753894,-3.28809881941873,5.8541441397103,-0.789014767877785
"EIF3G_HUMAN---PKN2_HUMAN",15.9135261639949,-3.25966003860731,18.7528648407965,0.920898781543072,-3.0923933885626,0.723949834528884,8.21028047117385,-1.96385330249821,1.09657466631501,-4.80377734005778
"EPS15_HUMAN---LAPM5_HUMAN",25.9061646091841,5.10495434092672,8.07089441090449,5.64358846270598,1.41908288028303,3.63823110055543,-0.282723152836778,3.65752731967847,-3.1907252388702,-4.70828719604206
"FGR_HUMAN---KHDR1_HUMAN",21.9283746040528,-2.0089741714787,10.2536891154756,12.2517513220448,1.74333159459499,7.83941514364828,-3.64314287647169,2.33328180275795,1.56684423452509,-0.693524623862072
"GSTP1_HUMAN---TRAF2_HUMAN",24.2201923989988,1.15119135823127,8.26441003035766,9.80400948630772,2.71583578224,5.11270930664554,-5.16402934874511,2.09054202449419,3.13231280085319,-5.51263607732644
"HDAC2_HUMAN---P66B_HUMAN",6.6581493657861,-12.2317011387931,24.9598226903021,2.77343346267335,-0.956256258644261,-0.617812525389284,2.00934331241932,3.23486635307362,4.20400457707506,-2.90724996038683
"HNRL1_HUMAN---PR40A_HUMAN",3.74489231136606,-11.9889924422931,25.5246383600745,-0.224597094671551,1.08342154045732,-1.50949554817939,-2.29971314251588,2.34033535176785,0.154312825597304,-4.58323135190038
"HS90B_HUMAN---KKCC1_HUMAN",16.2207969169303,-4.88079751606738,18.2196146402579,5.77136218356437,-4.1260984353212,6.33317483068021,10.6930171340235,-1.81723193553107,-4.62776960438449,1.73062325403048
"HS90B_HUMAN---MKX_HUMAN",8.34412157597143,-8.2779381560976,24.7663070708489,-1.38698756092839,-2.25300916060123,-2.0922907314794,6.89064950832765,4.8018516482579,-2.11903346264832,-2.10290107910246
"HS90B_HUMAN---MP2K7_HUMAN",16.2207969169303,-4.88079751606738,18.2196146402579,5.77136218356437,-4.1260984353212,6.33317483068021,10.6930171340235,-1.81723193553107,-4.62776960438449,1.73062325403048
"HS90B_HUMAN---STIP1_HUMAN",16.2207969169303,-4.88079751606738,18.2196146402579,5.77136218356437,-4.1260984353212,6.33317483068021,10.6930171340235,-1.81723193553107,-4.62776960438449,1.73062325403048
"IQGA1_HUMAN---LRC47_HUMAN",21.9283746040528,-2.0089741714787,10.2536891154756,12.2517513220448,1.74333159459499,7.83941514364828,-3.64314287647169,2.33328180275795,1.56684423452509,-0.693524623862072
"KS6A1_HUMAN-->BAD_HUMAN",23.2227678209771,4.23552109955086,9.90950903033839,3.7078482819244,2.06528982194726,0.90508064868345,-1.70805182009645,7.78711150366357,-6.887431913201,-6.80795345186904
"LAPM5_HUMAN---TM1L2_HUMAN",25.9061646091841,5.10495434092672,8.07089441090449,5.64358846270598,1.41908288028303,3.63823110055543,-0.282723152836778,3.65752731967847,-3.1907252388702,-4.70828719604206
"LCK_HUMAN---RHG17_HUMAN",5.43086452155139,-8.03522945959763,25.3311227406213,-4.38501811827329,-0.213331361499642,-2.9839737542695,2.58159305339245,3.90732064695213,-6.16872521412608,-3.778882470616
"LIMA1_HUMAN---RIPK3_HUMAN",24.2201923989988,1.15119135823127,8.26441003035766,9.80400948630772,2.71583578224,5.11270930664554,-5.16402934874511,2.09054202449419,3.13231280085319,-5.51263607732644
"MYO6_HUMAN---RIPK3_HUMAN",25.9061646091841,5.10495434092672,8.07089441090449,5.64358846270598,1.41908288028303,3.63823110055543,-0.282723152836778,3.65752731967847,-3.1907252388702,-4.70828719604206
"PP1A_HUMAN---TBCB_HUMAN",25.9061646091841,5.10495434092672,8.07089441090449,5.64358846270598,1.41908288028303,3.63823110055543,-0.282723152836778,3.65752731967847,-3.1907252388702,-4.70828719604206
"PP1A_HUMAN---WDR82_HUMAN",5.43086452155139,-8.03522945959763,25.3311227406213,-4.38501811827329,-0.213331361499642,-2.9839737542695,2.58159305339245,3.90732064695213,-6.16872521412608,-3.778882470616
"PR40A_HUMAN---VINC_HUMAN",24.2201923989988,1.15119135823127,8.26441003035766,9.80400948630772,2.71583578224,5.11270930664554,-5.16402934874511,2.09054202449419,3.13231280085319,-5.51263607732644
"RIPK3_HUMAN---SPTN1_HUMAN",24.2201923989988,1.15119135823127,8.26441003035766,9.80400948630772,2.71583578224,5.11270930664554,-5.16402934874511,2.09054202449419,3.13231280085319,-5.51263607732644
"RIPK3_HUMAN---TRAF2_HUMAN",24.2201923989988,1.15119135823127,8.26441003035766,9.80400948630772,2.71583578224,5.11270930664554,-5.16402934874511,2.09054202449419,3.13231280085319,-5.51263607732644
"SUMO2_HUMAN---ZN496_HUMAN",14.534824706745,-8.83456049876283,18.413130259711,9.93178320716611,-2.82934553336424,7.80765303677032,5.81171093811517,-3.38421723071535,1.6952684353389,0.926274372746103
"UNK_HUMAN---ZFY19_HUMAN",24.2201923989988,1.15119135823127,8.26441003035766,9.80400948630772,2.71583578224,5.11270930664554,-5.16402934874511,2.09054202449419,3.13231280085319,-5.51263607732644
"AKA12_HUMAN---DC1L1_HUMAN",12.8288501072226,-0.751398244942365,17.0221042413704,-5.74466782284267,5.85981947573354,-10.8476102326669,-10.4361252419043,2.53630191267986,6.68687242798006,-3.11843477838215
"APC1_HUMAN---CDC20_HUMAN",24.9179125823642,8.58613680210529,7.32079242265561,-0.989685679902199,3.96579145487974,-1.62610700809831,-3.78857018106011,-1.38869866255433,-4.42778501590855,-1.68190874579968
"F122A_HUMAN---TE2IP_HUMAN",19.6403257892867,6.72802421432496,11.34495556759,-5.74531385811072,5.77767987048612,-7.16905341110934,-6.62908761617973,5.13426650993802,-6.07792457854379,-3.80014393830873
"IMA1_HUMAN---MEPCE_HUMAN",7.35586954915158,-4.79675569491903,24.0162050826,-8.02026170353658,0.293699413995485,-7.35662884013314,3.38480248010432,-0.2443743339749,-3.35609323968668,0.92347737113993
"JUN_HUMAN---RB_HUMAN",14.5148223174079,3.20236473775308,16.8285886219172,-9.90508884644441,4.56306657377658,-12.322088438757,-5.554819045996,4.10328720786414,0.363834388256677,-2.31408589709778
"LNX1_HUMAN---SAT1_HUMAN",9.6476873440975,-1.63659016520907,22.026925997482,-10.4680035392736,1.26620360164049,-10.0833346771359,1.8639160078309,-0.487114112238662,-1.79062467335858,-3.89563408232444
"LNX1_HUMAN---STRN_HUMAN",9.6476873440975,-1.63659016520907,22.026925997482,-10.4680035392736,1.26620360164049,-10.0833346771359,1.8639160078309,-0.487114112238662,-1.79062467335858,-3.89563408232444
"STRN3_HUMAN---STRN_HUMAN",9.6476873440975,-1.63659016520907,22.026925997482,-10.4680035392736,1.26620360164049,-10.0833346771359,1.8639160078309,-0.487114112238662,-1.79062467335858,-3.89563408232444
"APC1_HUMAN---B4DL80_HUMAN",20.111476160035,3.82908928262896,14.4251583327108,-4.97131810831793,1.87718183301076,-8.69725496409494,0.179566076198873,0.868234025184816,8.11023281406523,1.46156175024275
"ARHG7_HUMAN---PAK1_HUMAN",11.4560548074234,-15.6778543679017,13.2674793577298,-8.80119760640566,-4.52277866267189,1.85485022809739,3.57379277650974,-8.19009770499327,10.7472153425306,2.19557861709227
"ATM_HUMAN-->CCDC6_HUMAN",19.9544942958254,4.94628746557509,13.3026691834742,-5.15000486705006,3.79920293049814,-9.15988954746782,-3.28188135182076,6.12491592254042,2.13064287730537,-3.83945168741907
"B4DL80_HUMAN---MD2L1_HUMAN",20.111476160035,3.82908928262896,14.4251583327108,-4.97131810831793,1.87718183301076,-8.69725496409494,0.179566076198873,0.868234025184816,8.11023281406523,1.46156175024275
"B4DL80_HUMAN---MDC1_HUMAN",20.111476160035,3.82908928262896,14.4251583327108,-4.97131810831793,1.87718183301076,-8.69725496409494,0.179566076198873,0.868234025184816,8.11023281406523,1.46156175024275
"CDC42_HUMAN---PAK1_HUMAN",11.2665511815933,-8.12379413273861,21.8062904128468,1.07393005819165,-1.09543242481337,-2.25731715938095,4.23788140639085,-5.0464128118385,10.7133432258453,3.89477613719608
"HDAC2_HUMAN---RB_HUMAN",17.428079371828,2.95965604125311,16.2637729521447,-6.90705828909951,2.52338877467499,-11.4304054159669,-1.2457625910608,4.99781820916991,4.41352613973444,-0.63810450558423
"HDAC2_HUMAN---SUV91_HUMAN",10.2691266035716,-5.03946439141901,23.4513894128276,-5.02223114619168,-1.7459783851061,-6.46494581734304,7.69385893503952,0.650156667330872,0.693598511791084,2.59945876265347
"PAK1_HUMAN-->BAD_HUMAN",11.2665511815933,-8.12379413273861,21.8062904128468,1.07393005819165,-1.09543242481337,-2.25731715938095,4.23788140639085,-5.0464128118385,10.7133432258453,3.89477613719608
"PAK1_HUMAN-->PCBP1_HUMAN",11.0651641162122,-12.4668096696219,17.1201690158583,-1.73419350401999,-1.1804749199625,-3.26893354392545,5.26334592829492,-11.1397071525318,10.011701337351,0.159442090358036
"PAK1_HUMAN-->PGAM1_HUMAN",11.4560548074234,-15.6778543679017,13.2674793577298,-8.80119760640566,-4.52277866267189,1.85485022809739,3.57379277650974,-8.19009770499327,10.7472153425306,2.19557861709227
"PAK1_HUMAN-->STMN1_HUMAN",11.4560548074234,-15.6778543679017,13.2674793577298,-8.80119760640566,-4.52277866267189,1.85485022809739,3.57379277650974,-8.19009770499327,10.7472153425306,2.19557861709227
"PAK1_HUMAN-->TBCB_HUMAN",11.4560548074234,-15.6778543679017,13.2674793577298,-8.80119760640566,-4.52277866267189,1.85485022809739,3.57379277650974,-8.19009770499327,10.7472153425306,2.19557861709227
"PSA3_HUMAN---PSA5_HUMAN",19.9544942958254,4.94628746557509,13.3026691834742,-5.15000486705006,3.79920293049814,-9.15988954746782,-3.28188135182076,6.12491592254042,2.13064287730537,-3.83945168741907
"CSK21_HUMAN-->CTNA1_HUMAN",25.1477728485773,7.47399486422946,8.59459137231706,0.0726046966611138,2.57232059744239,-3.46757443718019,-0.904842393384582,3.63541652273654,-4.07479993876159,-2.10559361011311
"LNX1_HUMAN---PKP4_HUMAN",25.1477728485773,7.47399486422946,8.59459137231706,0.0726046966611138,2.57232059744239,-3.46757443718019,-0.904842393384582,3.63541652273654,-4.07479993876159,-2.10559361011311
"HS90A_HUMAN---HS90B_HUMAN",25.2320810889029,6.80440005335541,9.27850603853978,-0.394376688841542,1.98731451489176,-3.6169431444568,-0.441363916701143,-0.398049249951938,3.78078243994061,-1.72121649491002
"PKN2_HUMAN---PLCG1_HUMAN",16.1525589814097,-3.97494925662417,17.6314628022284,1.44607621988152,-1.28860971111051,-2.17422704524464,4.13218370197738,-7.68253357860952,10.2322446804778,-0.905766379586226
"CHIP_HUMAN---HS90B_HUMAN",18.1458019445305,-1.64232375138878,16.9046969822366,2.13611859830108,-3.61906765982608,1.96051974481657,11.4962265607354,-5.9689269164581,-1.81513762994508,6.43298309578641
"DDX21_HUMAN---LYAR_HUMAN",22.8622368335924,4.20485580697367,12.2144308700857,-0.763106216583712,-0.219175323775497,-2.74282132915449,6.9387585612183,-4.19513802575929,1.0006803621104,4.15716643231114
"KSYK_HUMAN---TBA1A_HUMAN",20.4376197394765,1.51784177832118,14.9154178971186,-0.31162323743597,-2.64656347218108,-0.766186092186168,9.97534008846195,-6.21166669472186,-0.249669063616988,1.61387164232204
"CTNB1_HUMAN---TBA1A_HUMAN",25.5393518418384,5.18326257589534,8.74525583800114,4.45608671317975,0.953609468133157,1.99228185169452,2.04137274614851,-0.251427882984797,-1.94356183075889,4.81318409917824
"LMTK2_HUMAN-->PP1A_HUMAN",20.6722168685279,0.34430767293319,13.943593213566,3.89317202035054,-2.34325350400293,4.23103561331566,9.4601077999754,-4.8418292030876,-4.09802089237415,3.23163591395157
"DLG1_HUMAN---DLG3_HUMAN",26.1451974265989,4.38966512290986,6.94949237233634,6.16876590104444,3.22286655773512,0.740054220781903,-4.36081992203325,-2.06115295643284,5.94494477529259,-0.810276235570512
"EGFR_HUMAN---STIP1_HUMAN",26.1451974265989,4.38966512290986,6.94949237233634,6.16876590104444,3.22286655773512,0.740054220781903,-4.36081992203325,-2.06115295643284,5.94494477529259,-0.810276235570512
"IQGA1_HUMAN---MK01_HUMAN",26.1451974265989,4.38966512290986,6.94949237233634,6.16876590104444,3.22286655773512,0.740054220781903,-4.36081992203325,-2.06115295643284,5.94494477529259,-0.810276235570512
"JUN_HUMAN---MP2K7_HUMAN",26.1451974265989,4.38966512290986,6.94949237233634,6.16876590104444,3.22286655773512,0.740054220781903,-4.36081992203325,-2.06115295643284,5.94494477529259,-0.810276235570512
"KSR1_HUMAN---MP2K2_HUMAN",26.1451974265989,4.38966512290986,6.94949237233634,6.16876590104444,3.22286655773512,0.740054220781903,-4.36081992203325,-2.06115295643284,5.94494477529259,-0.810276235570512
"MAP1B_HUMAN---PHS_HUMAN",26.1451974265989,4.38966512290986,6.94949237233634,6.16876590104444,3.22286655773512,0.740054220781903,-4.36081992203325,-2.06115295643284,5.94494477529259,-0.810276235570512
"MK01_HUMAN-->MED1_HUMAN",26.1451974265989,4.38966512290986,6.94949237233634,6.16876590104444,3.22286655773512,0.740054220781903,-4.36081992203325,-2.06115295643284,5.94494477529259,-0.810276235570512
"MK01_HUMAN---MP2K2_HUMAN",26.1451974265989,4.38966512290986,6.94949237233634,6.16876590104444,3.22286655773512,0.740054220781903,-4.36081992203325,-2.06115295643284,5.94494477529259,-0.810276235570512
"MP2K2_HUMAN-->MK03_HUMAN",26.1451974265989,4.38966512290986,6.94949237233634,6.16876590104444,3.22286655773512,0.740054220781903,-4.36081992203325,-2.06115295643284,5.94494477529259,-0.810276235570512
"RAD50_HUMAN---TE2IP_HUMAN",26.1451974265989,4.38966512290986,6.94949237233634,6.16876590104444,3.22286655773512,0.740054220781903,-4.36081992203325,-2.06115295643284,5.94494477529259,-0.810276235570512
"ROCK1_HUMAN---SMAD2_HUMAN",26.1451974265989,4.38966512290986,6.94949237233634,6.16876590104444,3.22286655773512,0.740054220781903,-4.36081992203325,-2.06115295643284,5.94494477529259,-0.810276235570512
"TE2IP_HUMAN---TOIP1_HUMAN",26.1451974265989,4.38966512290986,6.94949237233634,6.16876590104444,3.22286655773512,0.740054220781903,-4.36081992203325,-2.06115295643284,5.94494477529259,-0.810276235570512
"CUL4B_HUMAN---VPRBP_HUMAN",25.1635105875763,10.4609985940968,4.97566997233069,2.34626395795924,2.52908082615567,2.56455757309977,-0.476530851637603,-1.30829700325338,1.00678717991205,0.586390039110895
"CSK21_HUMAN---WDR55_HUMAN",22.9640346634738,3.50447320264316,11.954314128448,1.44543018461348,-1.37074931635793,1.50432977631293,7.93922132770198,-5.08456898135136,-2.53255232604605,-1.5874755395128
"1433G_HUMAN---KANK1_HUMAN",27.6297825714032,4.00041256872206,2.06985535589458,-0.799778684768937,1.84107116062903,-1.74604036985271,1.54595079577916,-6.58746200194189,-1.0797351529251,-3.74126140112417
"1433G_HUMAN---PARD3_HUMAN",27.6297825714032,4.00041256872206,2.06985535589458,-0.799778684768937,1.84107116062903,-1.74604036985271,1.54595079577916,-6.58746200194189,-1.0797351529251,-3.74126140112417
"AMOT_HUMAN---PARD3_HUMAN",28.0206732626144,0.78936787044218,-1.78283430223392,-7.86678278715461,-1.50123258208037,3.37774340217013,-0.143602356006025,-3.63785255440333,-0.344221147745423,-1.70512487438994
"ANXA2_HUMAN---VINC_HUMAN",27.6297825714032,4.00041256872206,2.06985535589458,-0.799778684768937,1.84107116062903,-1.74604036985271,1.54595079577916,-6.58746200194189,-1.0797351529251,-3.74126140112417
"ARHGB_HUMAN---MAP1B_HUMAN",27.6297825714032,4.00041256872206,2.06985535589458,-0.799778684768937,1.84107116062903,-1.74604036985271,1.54595079577916,-6.58746200194189,-1.0797351529251,-3.74126140112417
"ATX1_HUMAN---ATX2_HUMAN",27.6297825714032,4.00041256872206,2.06985535589458,-0.799778684768937,1.84107116062903,-1.74604036985271,1.54595079577916,-6.58746200194189,-1.0797351529251,-3.74126140112417
"ATX1_HUMAN---TRAF2_HUMAN",27.6297825714032,4.00041256872206,2.06985535589458,-0.799778684768937,1.84107116062903,-1.74604036985271,1.54595079577916,-6.58746200194189,-1.0797351529251,-3.74126140112417
"ATX2_HUMAN---PLSL_HUMAN",27.6297825714032,4.00041256872206,2.06985535589458,-0.799778684768937,1.84107116062903,-1.74604036985271,1.54595079577916,-6.58746200194189,-1.0797351529251,-3.74126140112417
"ATX2_HUMAN---SCG1_HUMAN",27.6297825714032,4.00041256872206,2.06985535589458,-0.799778684768937,1.84107116062903,-1.74604036985271,1.54595079577916,-6.58746200194189,-1.0797351529251,-3.74126140112417
"BCLF1_HUMAN---CSK21_HUMAN",27.6297825714032,4.00041256872206,2.06985535589458,-0.799778684768937,1.84107116062903,-1.74604036985271,1.54595079577916,-6.58746200194189,-1.0797351529251,-3.74126140112417
"BCLF1_HUMAN---EGFR_HUMAN",27.6297825714032,4.00041256872206,2.06985535589458,-0.799778684768937,1.84107116062903,-1.74604036985271,1.54595079577916,-6.58746200194189,-1.0797351529251,-3.74126140112417
"CDK1_HUMAN-->KI67_HUMAN",28.0206732626144,0.78936787044218,-1.78283430223392,-7.86678278715461,-1.50123258208037,3.37774340217013,-0.143602356006025,-3.63785255440333,-0.344221147745423,-1.70512487438994
"CSK21_HUMAN---MCRS1_HUMAN",27.6297825714032,4.00041256872206,2.06985535589458,-0.799778684768937,1.84107116062903,-1.74604036985271,1.54595079577916,-6.58746200194189,-1.0797351529251,-3.74126140112417
"DYR1B_HUMAN-->SF3B1_HUMAN",27.6297825714032,4.00041256872206,2.06985535589458,-0.799778684768937,1.84107116062903,-1.74604036985271,1.54595079577916,-6.58746200194189,-1.0797351529251,-3.74126140112417
"EIF3B_HUMAN---IF4B_HUMAN",27.6297825714032,4.00041256872206,2.06985535589458,-0.799778684768937,1.84107116062903,-1.74604036985271,1.54595079577916,-6.58746200194189,-1.0797351529251,-3.74126140112417
"ETS1_HUMAN---LAS1L_HUMAN",27.6297825714032,4.00041256872206,2.06985535589458,-0.799778684768937,1.84107116062903,-1.74604036985271,1.54595079577916,-6.58746200194189,-1.0797351529251,-3.74126140112417
"FUBP1_HUMAN---SRRM1_HUMAN",27.6297825714032,4.00041256872206,2.06985535589458,-0.799778684768937,1.84107116062903,-1.74604036985271,1.54595079577916,-6.58746200194189,-1.0797351529251,-3.74126140112417
"KANK1_HUMAN---KI21A_HUMAN",27.6297825714032,4.00041256872206,2.06985535589458,-0.799778684768937,1.84107116062903,-1.74604036985271,1.54595079577916,-6.58746200194189,-1.0797351529251,-3.74126140112417
"LA_HUMAN---NUCL_HUMAN",27.6297825714032,4.00041256872206,2.06985535589458,-0.799778684768937,1.84107116062903,-1.74604036985271,1.54595079577916,-6.58746200194189,-1.0797351529251,-3.74126140112417
"MBB1A_HUMAN---SUMO2_HUMAN",28.0206732626144,0.78936787044218,-1.78283430223392,-7.86678278715461,-1.50123258208037,3.37774340217013,-0.143602356006025,-3.63785255440333,-0.344221147745423,-1.70512487438994
"NELFE_HUMAN---SRPK2_HUMAN",27.6297825714032,4.00041256872206,2.06985535589458,-0.799778684768937,1.84107116062903,-1.74604036985271,1.54595079577916,-6.58746200194189,-1.0797351529251,-3.74126140112417
"PP1B_HUMAN---WDR82_HUMAN",27.6297825714032,4.00041256872206,2.06985535589458,-0.799778684768937,1.84107116062903,-1.74604036985271,1.54595079577916,-6.58746200194189,-1.0797351529251,-3.74126140112417
"WAP53_HUMAN---WAPL_HUMAN",28.0206732626144,0.78936787044218,-1.78283430223392,-7.86678278715461,-1.50123258208037,3.37774340217013,-0.143602356006025,-3.63785255440333,-0.344221147745423,-1.70512487438994
"1433G_HUMAN---ACINU_HUMAN",28.2220603279954,5.13238340732543,2.90328709475466,-5.05865922494297,-1.41619008693124,4.38935978671463,-1.16906687791009,2.45544178629,0.357420740748888,2.0302091724481
"1433G_HUMAN---NELFE_HUMAN",28.2220603279954,5.13238340732543,2.90328709475466,-5.05865922494297,-1.41619008693124,4.38935978671463,-1.16906687791009,2.45544178629,0.357420740748888,2.0302091724481
"1433G_HUMAN---PPR3D_HUMAN",28.2220603279954,5.13238340732543,2.90328709475466,-5.05865922494297,-1.41619008693124,4.38935978671463,-1.16906687791009,2.45544178629,0.357420740748888,2.0302091724481
"1433G_HUMAN---SPN90_HUMAN",28.2220603279954,5.13238340732543,2.90328709475466,-5.05865922494297,-1.41619008693124,4.38935978671463,-1.16906687791009,2.45544178629,0.357420740748888,2.0302091724481
"1433G_HUMAN---WNK1_HUMAN",28.2220603279954,5.13238340732543,2.90328709475466,-5.05865922494297,-1.41619008693124,4.38935978671463,-1.16906687791009,2.45544178629,0.357420740748888,2.0302091724481
"1433G_HUMAN---YAP1_HUMAN",28.2220603279954,5.13238340732543,2.90328709475466,-5.05865922494297,-1.41619008693124,4.38935978671463,-1.16906687791009,2.45544178629,0.357420740748888,2.0302091724481
"ABL2_HUMAN-->CRK_HUMAN",28.2220603279954,5.13238340732543,2.90328709475466,-5.05865922494297,-1.41619008693124,4.38935978671463,-1.16906687791009,2.45544178629,0.357420740748888,2.0302091724481
"ABL2_HUMAN---PLCG1_HUMAN",28.2220603279954,5.13238340732543,2.90328709475466,-5.05865922494297,-1.41619008693124,4.38935978671463,-1.16906687791009,2.45544178629,0.357420740748888,2.0302091724481
"ADDA_HUMAN---AT1A1_HUMAN",28.2220603279954,5.13238340732543,2.90328709475466,-5.05865922494297,-1.41619008693124,4.38935978671463,-1.16906687791009,2.45544178629,0.357420740748888,2.0302091724481
"AR6P4_HUMAN---CSK21_HUMAN",28.2220603279954,5.13238340732543,2.90328709475466,-5.05865922494297,-1.41619008693124,4.38935978671463,-1.16906687791009,2.45544178629,0.357420740748888,2.0302091724481
"AT2B4_HUMAN---DLG3_HUMAN",28.2220603279954,5.13238340732543,2.90328709475466,-5.05865922494297,-1.41619008693124,4.38935978671463,-1.16906687791009,2.45544178629,0.357420740748888,2.0302091724481
"BCAR1_HUMAN---DOCK1_HUMAN",28.2220603279954,5.13238340732543,2.90328709475466,-5.05865922494297,-1.41619008693124,4.38935978671463,-1.16906687791009,2.45544178629,0.357420740748888,2.0302091724481
"BCAR1_HUMAN---ZYX_HUMAN",28.2220603279954,5.13238340732543,2.90328709475466,-5.05865922494297,-1.41619008693124,4.38935978671463,-1.16906687791009,2.45544178629,0.357420740748888,2.0302091724481
"CDK16_HUMAN---CDK5_HUMAN",28.2220603279954,5.13238340732543,2.90328709475466,-5.05865922494297,-1.41619008693124,4.38935978671463,-1.16906687791009,2.45544178629,0.357420740748888,2.0302091724481
"CDK5_HUMAN-->DNMT1_HUMAN",28.2220603279954,5.13238340732543,2.90328709475466,-5.05865922494297,-1.41619008693124,4.38935978671463,-1.16906687791009,2.45544178629,0.357420740748888,2.0302091724481
"CEBPZ_HUMAN---PEBB_HUMAN",28.2220603279954,5.13238340732543,2.90328709475466,-5.05865922494297,-1.41619008693124,4.38935978671463,-1.16906687791009,2.45544178629,0.357420740748888,2.0302091724481
"CP3A4_HUMAN---PGRC1_HUMAN",28.2220603279954,5.13238340732543,2.90328709475466,-5.05865922494297,-1.41619008693124,4.38935978671463,-1.16906687791009,2.45544178629,0.357420740748888,2.0302091724481
"CSK21_HUMAN---IF2P_HUMAN",28.2220603279954,5.13238340732543,2.90328709475466,-5.05865922494297,-1.41619008693124,4.38935978671463,-1.16906687791009,2.45544178629,0.357420740748888,2.0302091724481
"CSK21_HUMAN---IF4B_HUMAN",28.2220603279954,5.13238340732543,2.90328709475466,-5.05865922494297,-1.41619008693124,4.38935978671463,-1.16906687791009,2.45544178629,0.357420740748888,2.0302091724481
"CSK21_HUMAN---RU17_HUMAN",28.2220603279954,5.13238340732543,2.90328709475466,-5.05865922494297,-1.41619008693124,4.38935978671463,-1.16906687791009,2.45544178629,0.357420740748888,2.0302091724481
"CSK21_HUMAN-->SMC3_HUMAN",28.2220603279954,5.13238340732543,2.90328709475466,-5.05865922494297,-1.41619008693124,4.38935978671463,-1.16906687791009,2.45544178629,0.357420740748888,2.0302091724481
"CTND1_HUMAN---EGFR_HUMAN",28.2220603279954,5.13238340732543,2.90328709475466,-5.05865922494297,-1.41619008693124,4.38935978671463,-1.16906687791009,2.45544178629,0.357420740748888,2.0302091724481
"DDX3X_HUMAN---IF4G1_HUMAN",28.2220603279954,5.13238340732543,2.90328709475466,-5.05865922494297,-1.41619008693124,4.38935978671463,-1.16906687791009,2.45544178629,0.357420740748888,2.0302091724481
"DPP3_HUMAN---NHLC2_HUMAN",28.2220603279954,5.13238340732543,2.90328709475466,-5.05865922494297,-1.41619008693124,4.38935978671463,-1.16906687791009,2.45544178629,0.357420740748888,2.0302091724481
"DPP3_HUMAN---SUMO2_HUMAN",28.2220603279954,5.13238340732543,2.90328709475466,-5.05865922494297,-1.41619008693124,4.38935978671463,-1.16906687791009,2.45544178629,0.357420740748888,2.0302091724481
"DREB_HUMAN---MARCS_HUMAN",28.2220603279954,5.13238340732543,2.90328709475466,-5.05865922494297,-1.41619008693124,4.38935978671463,-1.16906687791009,2.45544178629,0.357420740748888,2.0302091724481
"EGFR_HUMAN---KAPCA_HUMAN",28.2220603279954,5.13238340732543,2.90328709475466,-5.05865922494297,-1.41619008693124,4.38935978671463,-1.16906687791009,2.45544178629,0.357420740748888,2.0302091724481
"EGFR_HUMAN---PAK1_HUMAN",28.2220603279954,5.13238340732543,2.90328709475466,-5.05865922494297,-1.41619008693124,4.38935978671463,-1.16906687791009,2.45544178629,0.357420740748888,2.0302091724481
"FACD2_HUMAN---SUMO2_HUMAN",28.2220603279954,5.13238340732543,2.90328709475466,-5.05865922494297,-1.41619008693124,4.38935978671463,-1.16906687791009,2.45544178629,0.357420740748888,2.0302091724481
"FAK1_HUMAN-->AT2B4_HUMAN",28.2220603279954,5.13238340732543,2.90328709475466,-5.05865922494297,-1.41619008693124,4.38935978671463,-1.16906687791009,2.45544178629,0.357420740748888,2.0302091724481
"GRB2_HUMAN---PHAG1_HUMAN",28.2220603279954,5.13238340732543,2.90328709475466,-5.05865922494297,-1.41619008693124,4.38935978671463,-1.16906687791009,2.45544178629,0.357420740748888,2.0302091724481
"GRB2_HUMAN---WASL_HUMAN",28.2220603279954,5.13238340732543,2.90328709475466,-5.05865922494297,-1.41619008693124,4.38935978671463,-1.16906687791009,2.45544178629,0.357420740748888,2.0302091724481
"HNRL1_HUMAN---SUMO2_HUMAN",28.2220603279954,5.13238340732543,2.90328709475466,-5.05865922494297,-1.41619008693124,4.38935978671463,-1.16906687791009,2.45544178629,0.357420740748888,2.0302091724481
"KAPCA_HUMAN-->1433Z_HUMAN",28.2220603279954,5.13238340732543,2.90328709475466,-5.05865922494297,-1.41619008693124,4.38935978671463,-1.16906687791009,2.45544178629,0.357420740748888,2.0302091724481
"KAPCA_HUMAN-->CDK16_HUMAN",28.2220603279954,5.13238340732543,2.90328709475466,-5.05865922494297,-1.41619008693124,4.38935978671463,-1.16906687791009,2.45544178629,0.357420740748888,2.0302091724481
"KAPCA_HUMAN-->CP3A4_HUMAN",28.2220603279954,5.13238340732543,2.90328709475466,-5.05865922494297,-1.41619008693124,4.38935978671463,-1.16906687791009,2.45544178629,0.357420740748888,2.0302091724481
"KAPCA_HUMAN-->DESP_HUMAN",28.2220603279954,5.13238340732543,2.90328709475466,-5.05865922494297,-1.41619008693124,4.38935978671463,-1.16906687791009,2.45544178629,0.357420740748888,2.0302091724481
"KAPCA_HUMAN-->GSK3A_HUMAN",28.2220603279954,5.13238340732543,2.90328709475466,-5.05865922494297,-1.41619008693124,4.38935978671463,-1.16906687791009,2.45544178629,0.357420740748888,2.0302091724481
"KAPCA_HUMAN-->KKCC1_HUMAN",28.2220603279954,5.13238340732543,2.90328709475466,-5.05865922494297,-1.41619008693124,4.38935978671463,-1.16906687791009,2.45544178629,0.357420740748888,2.0302091724481
"KAPCA_HUMAN-->PLSL_HUMAN",28.2220603279954,5.13238340732543,2.90328709475466,-5.05865922494297,-1.41619008693124,4.38935978671463,-1.16906687791009,2.45544178629,0.357420740748888,2.0302091724481
"LAS1L_HUMAN---PNKP_HUMAN",28.2220603279954,5.13238340732543,2.90328709475466,-5.05865922494297,-1.41619008693124,4.38935978671463,-1.16906687791009,2.45544178629,0.357420740748888,2.0302091724481
"MARK2_HUMAN-->PARD3_HUMAN",28.2220603279954,5.13238340732543,2.90328709475466,-5.05865922494297,-1.41619008693124,4.38935978671463,-1.16906687791009,2.45544178629,0.357420740748888,2.0302091724481
"MARK2_HUMAN---TAOK1_HUMAN",28.2220603279954,5.13238340732543,2.90328709475466,-5.05865922494297,-1.41619008693124,4.38935978671463,-1.16906687791009,2.45544178629,0.357420740748888,2.0302091724481
"MK01_HUMAN-->CSK21_HUMAN",28.2220603279954,5.13238340732543,2.90328709475466,-5.05865922494297,-1.41619008693124,4.38935978671463,-1.16906687791009,2.45544178629,0.357420740748888,2.0302091724481
"NUCL_HUMAN---SUMO2_HUMAN",28.2220603279954,5.13238340732543,2.90328709475466,-5.05865922494297,-1.41619008693124,4.38935978671463,-1.16906687791009,2.45544178629,0.357420740748888,2.0302091724481
"PAK1_HUMAN-->MP2K1_HUMAN",28.2220603279954,5.13238340732543,2.90328709475466,-5.05865922494297,-1.41619008693124,4.38935978671463,-1.16906687791009,2.45544178629,0.357420740748888,2.0302091724481
"PNKP_HUMAN---UBE2O_HUMAN",28.2220603279954,5.13238340732543,2.90328709475466,-5.05865922494297,-1.41619008693124,4.38935978671463,-1.16906687791009,2.45544178629,0.357420740748888,2.0302091724481
"RAD50_HUMAN---SUMO2_HUMAN",28.2220603279954,5.13238340732543,2.90328709475466,-5.05865922494297,-1.41619008693124,4.38935978671463,-1.16906687791009,2.45544178629,0.357420740748888,2.0302091724481
"SCFD1_HUMAN---XRN2_HUMAN",28.2220603279954,5.13238340732543,2.90328709475466,-5.05865922494297,-1.41619008693124,4.38935978671463,-1.16906687791009,2.45544178629,0.357420740748888,2.0302091724481
"SNUT2_HUMAN---SUMO2_HUMAN",28.2220603279954,5.13238340732543,2.90328709475466,-5.05865922494297,-1.41619008693124,4.38935978671463,-1.16906687791009,2.45544178629,0.357420740748888,2.0302091724481
"SRRM2_HUMAN---SUMO2_HUMAN",28.2220603279954,5.13238340732543,2.90328709475466,-5.05865922494297,-1.41619008693124,4.38935978671463,-1.16906687791009,2.45544178629,0.357420740748888,2.0302091724481
