"","V1","V2","V3","V4"
"1433G_HUMAN---3BP5L_HUMAN",-40.1274340687778,-8.27366053075527,-10.678334965712,-3.02556496098634
"1433G_HUMAN---AFAD_HUMAN",-38.6445251866386,15.1241586328022,7.6919278080987,-1.21445491467147
"1433G_HUMAN---ANS1A_HUMAN",-38.6445251866386,15.1241586328022,7.6919278080987,-1.21445491467147
"1433G_HUMAN---ARHG7_HUMAN",-35.137577372193,-8.00132381923199,-5.54554245270624,-8.4955857178823
"1433G_HUMAN---BCLF1_HUMAN",-38.6445251866386,15.1241586328022,7.6919278080987,-1.21445491467147
"1433G_HUMAN---CDK16_HUMAN",-39.9432667409905,-0.291040367417571,-4.94708264828608,-3.53342558933816
"1433G_HUMAN---CLAP1_HUMAN",-38.6445251866386,15.1241586328022,7.6919278080987,-1.21445491467147
"1433G_HUMAN---CRTC2_HUMAN",-40.1274340687778,-8.27366053075527,-10.678334965712,-3.02556496098634
"1433G_HUMAN---DYR1A_HUMAN",-40.1274340687778,-8.27366053075527,-10.678334965712,-3.02556496098634
"1433G_HUMAN---E41L2_HUMAN",-38.6445251866386,15.1241586328022,7.6919278080987,-1.21445491467147
"1433G_HUMAN---EDC3_HUMAN",-40.1274340687778,-8.27366053075527,-10.678334965712,-3.02556496098634
"1433G_HUMAN---FA53C_HUMAN",-38.6445251866386,15.1241586328022,7.6919278080987,-1.21445491467147
"1433G_HUMAN---GSK3A_HUMAN",-39.9432667409905,-0.291040367417571,-4.94708264828608,-3.53342558933816
"1433G_HUMAN---HDAC4_HUMAN",-27.370426988883,-29.5741562092263,3.39280880205494,12.8206042482935
"1433G_HUMAN---LARP1_HUMAN",10.0159904532745,36.9867674352116,-14.8979830535409,6.78505392899748
"1433G_HUMAN---LSR_HUMAN",-38.6445251866386,15.1241586328022,7.6919278080987,-1.21445491467147
"1433G_HUMAN---MARK2_HUMAN",-37.009851490017,15.9851420033337,5.59312471009651,0.857709351186218
"1433G_HUMAN---MFAP1_HUMAN",-40.1274340687778,-8.27366053075527,-10.678334965712,-3.02556496098634
"1433G_HUMAN---PANK2_HUMAN",-38.6445251866386,15.1241586328022,7.6919278080987,-1.21445491467147
"1433G_HUMAN---PPIG_HUMAN",-38.6445251866386,15.1241586328022,7.6919278080987,-1.21445491467147
"1433G_HUMAN---PRP4B_HUMAN",-38.6445251866386,15.1241586328022,7.6919278080987,-1.21445491467147
"1433G_HUMAN---SMAG2_HUMAN",-38.6445251866386,15.1241586328022,7.6919278080987,-1.21445491467147
"1433G_HUMAN---SON_HUMAN",-40.1274340687778,-8.27366053075527,-10.678334965712,-3.02556496098634
"1433G_HUMAN---SRPK1_HUMAN",-27.370426988883,-29.5741562092263,3.39280880205494,12.8206042482935
"1433G_HUMAN---SRRM2_HUMAN",-34.7923788041516,16.1757158095253,4.46377338537678,-1.90773646814373
"1433G_HUMAN---TR150_HUMAN",-40.1274340687778,-8.27366053075527,-10.678334965712,-3.02556496098634
"1433G_HUMAN---TRA2A_HUMAN",-38.6445251866386,15.1241586328022,7.6919278080987,-1.21445491467147
"1433G_HUMAN---ZCH18_HUMAN",10.0159904532745,36.9867674352116,-14.8979830535409,6.78505392899748
"1433G_HUMAN---ZN638_HUMAN",-38.6445251866386,15.1241586328022,7.6919278080987,-1.21445491467147
"1433G_HUMAN---ZO2_HUMAN",-38.6445251866386,15.1241586328022,7.6919278080987,-1.21445491467147
"3BP5L_HUMAN---EYA4_HUMAN",-40.1274340687778,-8.27366053075527,-10.678334965712,-3.02556496098634
"4ET_HUMAN---ATX1_HUMAN",-40.1274340687778,-8.27366053075527,-10.678334965712,-3.02556496098634
"A8K015_HUMAN---STAT3_HUMAN",-23.2284570648202,-16.8495850972144,5.17810357247698,12.8144054380298
"A8K015_HUMAN---TMX1_HUMAN",-23.2284570648202,-16.8495850972144,5.17810357247698,12.8144054380298
"AAGAB_HUMAN---EIF3C_HUMAN",-40.1274340687778,-8.27366053075527,-10.678334965712,-3.02556496098634
"AAPK2_HUMAN-->ACACA_HUMAN",-40.1274340687778,-8.27366053075527,-10.678334965712,-3.02556496098634
"AAPK2_HUMAN---AMOT_HUMAN",-40.1274340687778,-8.27366053075527,-10.678334965712,-3.02556496098634
"AAPK2_HUMAN---C170B_HUMAN",-40.1274340687778,-8.27366053075527,-10.678334965712,-3.02556496098634
"ABI2_HUMAN---PCM1_HUMAN",-16.2522322882585,-23.3501810211294,-10.1756458831092,24.7869731524087
"ABI2_HUMAN---VINC_HUMAN",8.5617454581132,-16.4146183778907,-22.5245655903721,12.9744986130494
"ABLM1_HUMAN---T22D4_HUMAN",-38.6445251866386,15.1241586328022,7.6919278080987,-1.21445491467147
"ACAP2_HUMAN---CBX1_HUMAN",-27.370426988883,-29.5741562092263,3.39280880205494,12.8206042482935
"ACK1_HUMAN---CDC42_HUMAN",-38.8589901542036,-10.6371283746766,-10.1214080933701,-2.32899550545875
"ACLY_HUMAN---HGS_HUMAN",-40.1274340687778,-8.27366053075527,-10.678334965712,-3.02556496098634
"ACTB_HUMAN---KHDR1_HUMAN",-38.2290448695856,-12.8455655057387,-5.89725267648744,2.42848624910188
"ACTB_HUMAN---MIPT3_HUMAN",-38.6445251866386,15.1241586328022,7.6919278080987,-1.21445491467147
"ACTB_HUMAN---PRSR2_HUMAN",-40.1274340687778,-8.27366053075527,-10.678334965712,-3.02556496098634
"ACTB_HUMAN---SVIL_HUMAN",11.3447747659783,37.2245643550957,-13.6802722025938,6.150439902471
"ADCY6_HUMAN---ATX1_HUMAN",-27.370426988883,-29.5741562092263,3.39280880205494,12.8206042482935
"ADNP_HUMAN---SUMO2_HUMAN",-38.9114029083041,13.7907092146052,6.64283532679566,-2.11809726263163
"ADT1_HUMAN---B2L13_HUMAN",-40.1274340687778,-8.27366053075527,-10.678334965712,-3.02556496098634
"AFAD_HUMAN---DREB_HUMAN",-38.6445251866386,15.1241586328022,7.6919278080987,-1.21445491467147
"AFAD_HUMAN---ZO1_HUMAN",-38.6445251866386,15.1241586328022,7.6919278080987,-1.21445491467147
"AFTIN_HUMAN---GGA3_HUMAN",-40.1274340687778,-8.27366053075527,-10.678334965712,-3.02556496098634
"AHNK_HUMAN---SUMO2_HUMAN",-40.1274340687778,-8.27366053075527,-10.678334965712,-3.02556496098634
"AKA10_HUMAN---NHRF1_HUMAN",9.8618658838391,13.8267451915383,-32.0505349764045,4.33932985615613
"AKA11_HUMAN---KAP2_HUMAN",-38.6445251866386,15.1241586328022,7.6919278080987,-1.21445491467147
"AKA11_HUMAN---PP1A_HUMAN",-1.02093767789908,3.93707336479024,-30.6488356589231,4.42793896869421
"AKA12_HUMAN---KAP2_HUMAN",-38.6445251866386,15.1241586328022,7.6919278080987,-1.21445491467147
"AKAP1_HUMAN---KAP2_HUMAN",-38.6445251866386,15.1241586328022,7.6919278080987,-1.21445491467147
"AKAP2_HUMAN---KAP2_HUMAN",-38.6445251866386,15.1241586328022,7.6919278080987,-1.21445491467147
"AKT1_HUMAN-->1433Z_HUMAN",-40.2338337395963,-5.65046777442619,-8.84928127213499,-3.29361875434125
"AKT1_HUMAN-->ATX1_HUMAN",-40.1274340687778,-8.27366053075527,-10.678334965712,-3.02556496098634
"AKT1_HUMAN-->HJURP_HUMAN",-40.2338337395963,-5.65046777442619,-8.84928127213499,-3.29361875434125
"AKT1_HUMAN-->PALLD_HUMAN",-40.2338337395963,-5.65046777442619,-8.84928127213499,-3.29361875434125
"AKT1_HUMAN-->PDCD4_HUMAN",-40.2338337395963,-5.65046777442619,-8.84928127213499,-3.29361875434125
"AKT1_HUMAN-->RANB3_HUMAN",-40.2338337395963,-5.65046777442619,-8.84928127213499,-3.29361875434125
"AKT1_HUMAN-->SRPK2_HUMAN",-40.1274340687778,-8.27366053075527,-10.678334965712,-3.02556496098634
"AKT1_HUMAN-->TBCD1_HUMAN",-40.1274340687778,-8.27366053075527,-10.678334965712,-3.02556496098634
"AKT1_HUMAN-->TBCD4_HUMAN",-40.1274340687778,-8.27366053075527,-10.678334965712,-3.02556496098634
"AKT1_HUMAN-->WNK1_HUMAN",-40.2338337395963,-5.65046777442619,-8.84928127213499,-3.29361875434125
"AKT1_HUMAN-->YAP1_HUMAN",-40.2338337395963,-5.65046777442619,-8.84928127213499,-3.29361875434125
"AKT1_HUMAN-->YBOX1_HUMAN",14.6534349626215,10.0713388961335,-31.7628125456304,-4.21041225773346
"AKT1_HUMAN-->ZYX_HUMAN",-40.2338337395963,-5.65046777442619,-8.84928127213499,-3.29361875434125
"AMOT_HUMAN---FOXK1_HUMAN",-40.1274340687778,-8.27366053075527,-10.678334965712,-3.02556496098634
"AMOT_HUMAN---MPP5_HUMAN",-40.1274340687778,-8.27366053075527,-10.678334965712,-3.02556496098634
"AMOT_HUMAN---RHG17_HUMAN",-40.1274340687778,-8.27366053075527,-10.678334965712,-3.02556496098634
"ANXA2_HUMAN---TRM7_HUMAN",-40.1274340687778,-8.27366053075527,-10.678334965712,-3.02556496098634
"AP3D1_HUMAN---CTNB1_HUMAN",-11.9253349977072,-19.8720858173837,-8.69237545736656,30.6283787034052
"AR6P4_HUMAN---ARL6_HUMAN",-38.6445251866386,15.1241586328022,7.6919278080987,-1.21445491467147
"AR6P4_HUMAN---SRPK2_HUMAN",-40.1274340687778,-8.27366053075527,-10.678334965712,-3.02556496098634
"AR6P6_HUMAN---ARL6_HUMAN",-38.6445251866386,15.1241586328022,7.6919278080987,-1.21445491467147
"ARHG5_HUMAN---CRKL_HUMAN",-38.6445251866386,15.1241586328022,7.6919278080987,-1.21445491467147
"ARHG7_HUMAN---CBL_HUMAN",33.2687326593456,-4.53541137448342,-2.81617649571362,0.379376318063845
"ARHG7_HUMAN---GIT1_HUMAN",-40.1274340687778,-8.27366053075527,-10.678334965712,-3.02556496098634
"ARHG7_HUMAN---NAA10_HUMAN",-14.2629474747124,-25.4684710389871,0.955216734114764,0.560371958475788
"ARHG7_HUMAN---SCRIB_HUMAN",-38.6445251866386,15.1241586328022,7.6919278080987,-1.21445491467147
"ARHGB_HUMAN---CDC42_HUMAN",-38.8589901542036,-10.6371283746766,-10.1214080933701,-2.32899550545875
"ARIP4_HUMAN---SUMO2_HUMAN",-40.1274340687778,-8.27366053075527,-10.678334965712,-3.02556496098634
"ARL4D_HUMAN---EMAL4_HUMAN",-40.1274340687778,-8.27366053075527,-10.678334965712,-3.02556496098634
"ARL4D_HUMAN---PGAM1_HUMAN",-40.1274340687778,-8.27366053075527,-10.678334965712,-3.02556496098634
"ARP8_HUMAN---TFPT_HUMAN",-40.1274340687778,-8.27366053075527,-10.678334965712,-3.02556496098634
"ARPC3_HUMAN---BAG6_HUMAN",-29.9961177319019,-24.6047368983891,2.2455179402958,11.6975728831867
"ARPC3_HUMAN---OTUD5_HUMAN",-40.1274340687778,-8.27366053075527,-10.678334965712,-3.02556496098634
"ASPM_HUMAN---SUMO2_HUMAN",-7.30793181649092,7.61095172298432,-31.3643767390809,17.7568837014458
"AT133_HUMAN---MD2L1_HUMAN",-40.1274340687778,-8.27366053075527,-10.678334965712,-3.02556496098634
"AT1A1_HUMAN---MK01_HUMAN",10.0159904532745,36.9867674352116,-14.8979830535409,6.78505392899748
"AT2B1_HUMAN---CSK21_HUMAN",-38.6445251866386,15.1241586328022,7.6919278080987,-1.21445491467147
"ATM_HUMAN-->BAG6_HUMAN",-28.082895143385,-23.3016720754845,2.98370229382191,13.1836538640934
"ATM_HUMAN-->CCDC6_HUMAN",22.6188729637339,-7.47375048693274,-17.9793912086376,20.185499065436
"ATM_HUMAN-->FACD2_HUMAN",-40.1274340687778,-8.27366053075527,-10.678334965712,-3.02556496098634
"ATM_HUMAN-->FUBP2_HUMAN",-40.1274340687778,-8.27366053075527,-10.678334965712,-3.02556496098634
"ATM_HUMAN-->HUWE1_HUMAN",-40.1274340687778,-8.27366053075527,-10.678334965712,-3.02556496098634
"ATM_HUMAN-->SMC3_HUMAN",-40.1274340687778,-8.27366053075527,-10.678334965712,-3.02556496098634
"ATM_HUMAN-->TAOK1_HUMAN",-40.1274340687778,-8.27366053075527,-10.678334965712,-3.02556496098634
"ATM_HUMAN-->TOPB1_HUMAN",-40.1274340687778,-8.27366053075527,-10.678334965712,-3.02556496098634
"ATM_HUMAN-->TP53B_HUMAN",-7.30793181649092,7.61095172298432,-31.3643767390809,17.7568837014458
"ATM_HUMAN-->ZN148_HUMAN",-40.1274340687778,-8.27366053075527,-10.678334965712,-3.02556496098634
"ATRX_HUMAN---DAXX_HUMAN",-29.0092393681533,-2.04968534265836,-24.2467896508761,8.94080394312878
"ATX1_HUMAN---BACH_HUMAN",-40.1274340687778,-8.27366053075527,-10.678334965712,-3.02556496098634
"ATX1_HUMAN---CCNK_HUMAN",-40.1274340687778,-8.27366053075527,-10.678334965712,-3.02556496098634
"ATX1_HUMAN---CLASR_HUMAN",-40.1274340687778,-8.27366053075527,-10.678334965712,-3.02556496098634
"ATX1_HUMAN---CPSF7_HUMAN",-40.1274340687778,-8.27366053075527,-10.678334965712,-3.02556496098634
"ATX1_HUMAN---FA21C_HUMAN",-40.1274340687778,-8.27366053075527,-10.678334965712,-3.02556496098634
"ATX1_HUMAN---PUM1_HUMAN",-40.1274340687778,-8.27366053075527,-10.678334965712,-3.02556496098634
"ATX1_HUMAN---UNK_HUMAN",-40.1274340687778,-8.27366053075527,-10.678334965712,-3.02556496098634
"ATX1_HUMAN---ZN609_HUMAN",8.53308157113538,13.5889482716542,-33.2682458273516,4.97394388268262
"ATX2L_HUMAN---SUMO2_HUMAN",-38.9114029083041,13.7907092146052,6.64283532679566,-2.11809726263163
"AURKB_HUMAN-->CCD86_HUMAN",-40.1274340687778,-8.27366053075527,-10.678334965712,-3.02556496098634
"AURKB_HUMAN---H31T_HUMAN",-40.1274340687778,-8.27366053075527,-10.678334965712,-3.02556496098634
"AURKB_HUMAN-->KI67_HUMAN",-40.1274340687778,-8.27366053075527,-10.678334965712,-3.02556496098634
"AURKB_HUMAN-->LMO7_HUMAN",-40.1274340687778,-8.27366053075527,-10.678334965712,-3.02556496098634
"AURKB_HUMAN-->MBB1A_HUMAN",-40.1274340687778,-8.27366053075527,-10.678334965712,-3.02556496098634
"AURKB_HUMAN-->NELFE_HUMAN",-40.1274340687778,-8.27366053075527,-10.678334965712,-3.02556496098634
"AURKB_HUMAN-->NSUN2_HUMAN",-40.1274340687778,-8.27366053075527,-10.678334965712,-3.02556496098634
"AURKB_HUMAN-->PARD3_HUMAN",-40.1274340687778,-8.27366053075527,-10.678334965712,-3.02556496098634
"AURKB_HUMAN-->PLEC_HUMAN",-27.370426988883,-29.5741562092263,3.39280880205494,12.8206042482935
"AURKB_HUMAN-->PPHLN_HUMAN",-40.1274340687778,-8.27366053075527,-10.678334965712,-3.02556496098634
"AURKB_HUMAN---PSA3_HUMAN",-3.75328441507183,-19.9825866854678,-15.1836744498057,28.5428400009225
"AURKB_HUMAN---SKA1_HUMAN",-40.1274340687778,-8.27366053075527,-10.678334965712,-3.02556496098634
"AURKB_HUMAN---SUMO2_HUMAN",-10.8464555731021,-3.08902713583606,-9.22118486270574,-23.1615260390926
"AZI1_HUMAN---PCM1_HUMAN",-40.1274340687778,-8.27366053075527,-10.678334965712,-3.02556496098634
"B2R9N9_HUMAN---GRM1A_HUMAN",-40.1274340687778,-8.27366053075527,-10.678334965712,-3.02556496098634
"B2R9N9_HUMAN---MYD88_HUMAN",-40.1274340687778,-8.27366053075527,-10.678334965712,-3.02556496098634
"BACH2_HUMAN---JUN_HUMAN",-40.1274340687778,-8.27366053075527,-10.678334965712,-3.02556496098634
"BACH_HUMAN---NHLC2_HUMAN",-40.1274340687778,-8.27366053075527,-10.678334965712,-3.02556496098634
"BAG6_HUMAN---SGTA_HUMAN",-29.9961177319019,-24.6047368983891,2.2455179402958,11.6975728831867
"BAG6_HUMAN---UBL7_HUMAN",-29.9961177319019,-24.6047368983891,2.2455179402958,11.6975728831867
"BAP18_HUMAN---WDR82_HUMAN",8.53308157113538,13.5889482716542,-33.2682458273516,4.97394388268262
"BAZ1B_HUMAN---SUMO2_HUMAN",-40.1274340687778,-8.27366053075527,-10.678334965712,-3.02556496098634
"BAZ2A_HUMAN---SUMO2_HUMAN",9.74911273160908,35.6533180170147,-15.9470755348439,5.88141158103732
"BBX_HUMAN---HS90B_HUMAN",-40.1274340687778,-8.27366053075527,-10.678334965712,-3.02556496098634
"BCAR1_HUMAN---CRKL_HUMAN",-37.5129232732946,12.813490963811,7.0019833097144,-1.75840718964245
"BCOR_HUMAN---KDM2B_HUMAN",-40.1274340687778,-8.27366053075527,-10.678334965712,-3.02556496098634
"BCOR_HUMAN---SUMO2_HUMAN",-40.1274340687778,-8.27366053075527,-10.678334965712,-3.02556496098634
"BCS1_HUMAN---DDX24_HUMAN",-40.1274340687778,-8.27366053075527,-10.678334965712,-3.02556496098634
"BIG3_HUMAN---PP1A_HUMAN",-40.1274340687778,-8.27366053075527,-10.678334965712,-3.02556496098634
"BMS1_HUMAN---SUMO2_HUMAN",-38.9114029083041,13.7907092146052,6.64283532679566,-2.11809726263163
"BORG1_HUMAN---CDC42_HUMAN",-38.8589901542036,-10.6371283746766,-10.1214080933701,-2.32899550545875
"BRAP_HUMAN---KSR1_HUMAN",-40.1274340687778,-8.27366053075527,-10.678334965712,-3.02556496098634
"BRD2_HUMAN---E2F2_HUMAN",-27.370426988883,-29.5741562092263,3.39280880205494,12.8206042482935
"BRD3_HUMAN---SRPK2_HUMAN",-24.682342077602,1.42840986108729,-22.7635192251335,14.7822094941253
"BRF2_HUMAN---HACD3_HUMAN",-11.6547605121106,5.44156646455968,-30.1030074250537,18.3673270439542
"BRF2_HUMAN---NOC2L_HUMAN",-11.6547605121106,5.44156646455968,-30.1030074250537,18.3673270439542
"BRF2_HUMAN---OTUD4_HUMAN",-11.6547605121106,5.44156646455968,-30.1030074250537,18.3673270439542
"BRF2_HUMAN---SF3B1_HUMAN",-10.0398626153457,5.94829379936958,-31.428528602231,17.4250008809183
"BUD13_HUMAN---RBMX2_HUMAN",-40.1274340687778,-8.27366053075527,-10.678334965712,-3.02556496098634
"BZW2_HUMAN---EGFR_HUMAN",-29.9961177319019,-24.6047368983891,2.2455179402958,11.6975728831867
"C2CD5_HUMAN---CDK5_HUMAN",-40.1274340687778,-8.27366053075527,-10.678334965712,-3.02556496098634
"CA052_HUMAN---ETS1_HUMAN",-40.1274340687778,-8.27366053075527,-10.678334965712,-3.02556496098634
"CAAP1_HUMAN---KAT7_HUMAN",-40.1274340687778,-8.27366053075527,-10.678334965712,-3.02556496098634
"CAF1B_HUMAN---SUMO2_HUMAN",-27.370426988883,-29.5741562092263,3.39280880205494,12.8206042482935
"CALX_HUMAN---PGRC1_HUMAN",-40.1274340687778,-8.27366053075527,-10.678334965712,-3.02556496098634
"CALX_HUMAN---SUMO2_HUMAN",-40.1274340687778,-8.27366053075527,-10.678334965712,-3.02556496098634
"CBLB_HUMAN---EGFR_HUMAN",-19.3355441214549,17.5510192250324,19.6331272004476,3.33776716390884
"CBLB_HUMAN---MYD88_HUMAN",-33.3467314782317,-10.2181953348739,-3.62834812467809,2.75579117728989
"CBL_HUMAN---CD2AP_HUMAN",-38.6445251866386,15.1241586328022,7.6919278080987,-1.21445491467147
"CBL_HUMAN---CRKL_HUMAN",-38.6445251866386,15.1241586328022,7.6919278080987,-1.21445491467147
"CBL_HUMAN---EGFR_HUMAN",13.6547260182224,1.26991582421637,6.64148669208537,5.44581650534582
"CBL_HUMAN---EPHA2_HUMAN",-27.9660060127131,15.9579465598393,15.795662180098,8.22377789604838
"CBL_HUMAN---ITSN1_HUMAN",-40.1274340687778,-8.27366053075527,-10.678334965712,-3.02556496098634
"CBL_HUMAN---PLCG1_HUMAN",-38.6445251866386,15.1241586328022,7.6919278080987,-1.21445491467147
"CBL_HUMAN---SHIP2_HUMAN",-38.9719683822378,12.3050734381446,5.37507941620303,-1.20611856654793
"CBL_HUMAN---SPY1_HUMAN",-38.6445251866386,15.1241586328022,7.6919278080987,-1.21445491467147
"CBX1_HUMAN---TIF1B_HUMAN",-27.370426988883,-29.5741562092263,3.39280880205494,12.8206042482935
"CCD25_HUMAN---SMAD2_HUMAN",-40.1274340687778,-8.27366053075527,-10.678334965712,-3.02556496098634
"CCD97_HUMAN---SRPK2_HUMAN",-40.1274340687778,-8.27366053075527,-10.678334965712,-3.02556496098634
"CCNK_HUMAN---STX11_HUMAN",-40.1274340687778,-8.27366053075527,-10.678334965712,-3.02556496098634
"CD2AP_HUMAN---CD2_HUMAN",-29.4489148948522,-7.43987260371813,-2.57460059371272,6.41266784973351
"CD2B2_HUMAN---CD2_HUMAN",-29.4489148948522,-7.43987260371813,-2.57460059371272,6.41266784973351
"CD2B2_HUMAN---SF01_HUMAN",-40.1274340687778,-8.27366053075527,-10.678334965712,-3.02556496098634
"CD2B2_HUMAN---SNUT2_HUMAN",-40.1274340687778,-8.27366053075527,-10.678334965712,-3.02556496098634
"CDC20_HUMAN---MD2L1_HUMAN",-40.1274340687778,-8.27366053075527,-10.678334965712,-3.02556496098634
"CDC20_HUMAN---MDC1_HUMAN",-27.7741904711777,-5.47319656048581,-14.092908282074,-9.74166726355813
"CDC42_HUMAN---FETUA_HUMAN",-27.370426988883,-29.5741562092263,3.39280880205494,12.8206042482935
"CDC42_HUMAN---IQGA1_HUMAN",-38.8589901542036,-10.6371283746766,-10.1214080933701,-2.32899550545875
"CDC42_HUMAN---PAK4_HUMAN",-38.8589901542036,-10.6371283746766,-10.1214080933701,-2.32899550545875
"CDCA3_HUMAN---TRAF2_HUMAN",-40.1274340687778,-8.27366053075527,-10.678334965712,-3.02556496098634
"CDK12_HUMAN---PR40A_HUMAN",-40.1274340687778,-8.27366053075527,-10.678334965712,-3.02556496098634
"CDK13_HUMAN---PR40A_HUMAN",-40.1274340687778,-8.27366053075527,-10.678334965712,-3.02556496098634
"CDK1_HUMAN-->41_HUMAN",-38.6445251866386,15.1241586328022,7.6919278080987,-1.21445491467147
"CDK1_HUMAN-->APC1_HUMAN",-38.660883538964,-9.57622613739718,-10.7279692755117,-6.08965816141523
"CDK1_HUMAN-->DDX3X_HUMAN",-38.6445251866386,15.1241586328022,7.6919278080987,-1.21445491467147
"CDK1_HUMAN-->DLG1_HUMAN",-38.0661098557909,-6.29486070616056,-12.7078654448331,-1.23022629399991
"CDK1_HUMAN-->DNLI3_HUMAN",10.0159904532745,36.9867674352116,-14.8979830535409,6.78505392899748
"CDK1_HUMAN-->DNM1L_HUMAN",10.0159904532745,36.9867674352116,-14.8979830535409,6.78505392899748
"CDK1_HUMAN-->EZH2_HUMAN",-40.1274340687778,-8.27366053075527,-10.678334965712,-3.02556496098634
"CDK1_HUMAN-->FOXM1_HUMAN",-27.370426988883,-29.5741562092263,3.39280880205494,12.8206042482935
"CDK1_HUMAN-->GUAA_HUMAN",10.0159904532745,36.9867674352116,-14.8979830535409,6.78505392899748
"CDK1_HUMAN-->H14_HUMAN",-40.1274340687778,-8.27366053075527,-10.678334965712,-3.02556496098634
"CDK1_HUMAN-->KAT7_HUMAN",-7.30793181649092,7.61095172298432,-31.3643767390809,17.7568837014458
"CDK1_HUMAN-->LAP2A_HUMAN",-40.1274340687778,-8.27366053075527,-10.678334965712,-3.02556496098634
"CDK1_HUMAN-->MP2K1_HUMAN",-37.3807064804286,4.48418113009107,-4.33972020818496,-1.58003289095469
"CDK1_HUMAN-->NIPA_HUMAN",8.53308157113538,13.5889482716542,-33.2682458273516,4.97394388268262
"CDK1_HUMAN-->NPM_HUMAN",-40.1274340687778,-8.27366053075527,-10.678334965712,-3.02556496098634
"CDK1_HUMAN-->NSF1C_HUMAN",-38.6445251866386,15.1241586328022,7.6919278080987,-1.21445491467147
"CDK1_HUMAN-->NUCKS_HUMAN",10.0159904532745,36.9867674352116,-14.8979830535409,6.78505392899748
"CDK1_HUMAN-->NUP98_HUMAN",-36.5832009736518,17.1029584573969,5.66239732897757,0.580883752314956
"CDK1_HUMAN-->P3C2A_HUMAN",-38.6445251866386,15.1241586328022,7.6919278080987,-1.21445491467147
"CDK1_HUMAN-->PKN2_HUMAN",-38.8589901542036,-10.6371283746766,-10.1214080933701,-2.32899550545875
"CDK1_HUMAN-->PTN2_HUMAN",-38.6445251866386,15.1241586328022,7.6919278080987,-1.21445491467147
"CDK1_HUMAN-->PUR6_HUMAN",10.0159904532745,36.9867674352116,-14.8979830535409,6.78505392899748
"CDK1_HUMAN-->RFC1_HUMAN",-38.0661098557909,-6.29486070616056,-12.7078654448331,-1.23022629399991
"CDK1_HUMAN-->STMN1_HUMAN",11.2232418489676,6.93651500320838,-33.0252123049644,-2.25338244875809
"CDK1_HUMAN-->TCOF_HUMAN",10.0159904532745,36.9867674352116,-14.8979830535409,6.78505392899748
"CDK1_HUMAN-->TFPT_HUMAN",-40.1274340687778,-8.27366053075527,-10.678334965712,-3.02556496098634
"CDK1_HUMAN-->UBP2L_HUMAN",-40.1274340687778,-8.27366053075527,-10.678334965712,-3.02556496098634
"CDK1_HUMAN-->UNG_HUMAN",-40.1274340687778,-8.27366053075527,-10.678334965712,-3.02556496098634
"CDK5_HUMAN-->ATM_HUMAN",-29.7043404363563,-5.3586132827725,-2.52044790582815,-3.59114630066134
"CDK5_HUMAN-->HD_HUMAN",-16.9473333564614,-26.6591089612435,11.5506958619388,12.2550229086185
"CDK5_HUMAN---IRS4_HUMAN",28.2120903895289,2.58539168685225,-11.8062441707806,-4.88558319075481
"CDK5_HUMAN---K0195_HUMAN",-27.370426988883,-29.5741562092263,3.39280880205494,12.8206042482935
"CDK5_HUMAN-->LMTK2_HUMAN",-27.370426988883,-29.5741562092263,3.39280880205494,12.8206042482935
"CDK5_HUMAN-->PP1A_HUMAN",24.479582729563,-7.5954427040566,-15.9329296833634,5.11279754548207
"CDKL5_HUMAN---FYN_HUMAN",-40.1274340687778,-8.27366053075527,-10.678334965712,-3.02556496098634
"CDS2_HUMAN---TS101_HUMAN",-27.370426988883,-29.5741562092263,3.39280880205494,12.8206042482935
"CEBPZ_HUMAN---DDX55_HUMAN",6.44832743952399,8.08848215835585,-0.134419485114212,31.9226023539419
"CEBPZ_HUMAN---PHS_HUMAN",-7.30793181649092,7.61095172298432,-31.3643767390809,17.7568837014458
"CEBPZ_HUMAN---RBM34_HUMAN",22.6188729637339,-7.47375048693274,-17.9793912086376,20.185499065436
"CFDP1_HUMAN---CSK21_HUMAN",-38.6445251866386,15.1241586328022,7.6919278080987,-1.21445491467147
"CG050_HUMAN---HDGF_HUMAN",-40.1274340687778,-8.27366053075527,-10.678334965712,-3.02556496098634
"CH10_HUMAN---SAT1_HUMAN",-37.6061600695026,16.5319419471212,6.23383828259708,0.567881406233841
"CHAP1_HUMAN---SUMO2_HUMAN",-38.9114029083041,13.7907092146052,6.64283532679566,-2.11809726263163
"CHD3_HUMAN---F134A_HUMAN",-40.1274340687778,-8.27366053075527,-10.678334965712,-3.02556496098634
"CHD3_HUMAN---PAIRB_HUMAN",-40.1274340687778,-8.27366053075527,-10.678334965712,-3.02556496098634
"CHD3_HUMAN---SUMO2_HUMAN",-40.1274340687778,-8.27366053075527,-10.678334965712,-3.02556496098634
"CHD4_HUMAN---HDAC2_HUMAN",10.1287436055045,15.1601946097352,-31.0014424951014,5.24297220411629
"CHIP_HUMAN---HS90A_HUMAN",-24.0012686662711,-27.2260464790389,4.36634511662959,15.0747003016917
"CHIP_HUMAN---UBE2N_HUMAN",-14.7502819500396,-25.6030380028492,12.2751691379102,11.4708339355645
"CI078_HUMAN---TE2IP_HUMAN",-27.370426988883,-29.5741562092263,3.39280880205494,12.8206042482935
"CK052_HUMAN---SRPK1_HUMAN",-27.370426988883,-29.5741562092263,3.39280880205494,12.8206042482935
"CLSPN_HUMAN---SUMO2_HUMAN",-38.9114029083041,13.7907092146052,6.64283532679566,-2.11809726263163
"CPSF4_HUMAN---CSTFT_HUMAN",-40.1274340687778,-8.27366053075527,-10.678334965712,-3.02556496098634
"CPSF4_HUMAN---FIP1_HUMAN",-40.1274340687778,-8.27366053075527,-10.678334965712,-3.02556496098634
"CRKL_HUMAN---M4K5_HUMAN",-38.6445251866386,15.1241586328022,7.6919278080987,-1.21445491467147
"CRKL_HUMAN---STA5A_HUMAN",-38.6445251866386,15.1241586328022,7.6919278080987,-1.21445491467147
"CRKL_HUMAN---TENC1_HUMAN",-38.6445251866386,15.1241586328022,7.6919278080987,-1.21445491467147
"CRKL_HUMAN---WAC_HUMAN",-40.1274340687778,-8.27366053075527,-10.678334965712,-3.02556496098634
"CRK_HUMAN---ZAP70_HUMAN",-40.1274340687778,-8.27366053075527,-10.678334965712,-3.02556496098634
"CSK21_HUMAN-->ABCF1_HUMAN",-38.6445251866386,15.1241586328022,7.6919278080987,-1.21445491467147
"CSK21_HUMAN-->AKT1_HUMAN",-8.3639794787596,5.39896175859461,-36.5180894951786,-1.98240283411349
"CSK21_HUMAN-->CALM_HUMAN",-38.6445251866386,15.1241586328022,7.6919278080987,-1.21445491467147
"CSK21_HUMAN-->CDK1_HUMAN",-38.6445251866386,15.1241586328022,7.6919278080987,-1.21445491467147
"CSK21_HUMAN-->CTNA1_HUMAN",11.5997346794321,-19.1437146904989,-22.6135732605233,7.06910699861851
"CSK21_HUMAN-->DAXX_HUMAN",-29.0092393681533,-2.04968534265836,-24.2467896508761,8.94080394312878
"CSK21_HUMAN---DDX54_HUMAN",-38.6445251866386,15.1241586328022,7.6919278080987,-1.21445491467147
"CSK21_HUMAN-->DDX58_HUMAN",2.99798490880719,-26.0358144278306,-17.6200414963046,2.71617950317633
"CSK21_HUMAN-->DNLI1_HUMAN",8.53308157113538,13.5889482716542,-33.2682458273516,4.97394388268262
"CSK21_HUMAN---EF1B_HUMAN",-40.1274340687778,-8.27366053075527,-10.678334965712,-3.02556496098634
"CSK21_HUMAN-->EF1D_HUMAN",-40.1274340687778,-8.27366053075527,-10.678334965712,-3.02556496098634
"CSK21_HUMAN---ENPL_HUMAN",-36.7373255430872,-6.05706378627648,-11.490154593886,-1.86484032052639
"CSK21_HUMAN---FIP1_HUMAN",-40.1274340687778,-8.27366053075527,-10.678334965712,-3.02556496098634
"CSK21_HUMAN---GPN1_HUMAN",-40.1274340687778,-8.27366053075527,-10.678334965712,-3.02556496098634
"CSK21_HUMAN---HAP28_HUMAN",-40.1274340687778,-8.27366053075527,-10.678334965712,-3.02556496098634
"CSK21_HUMAN---HIRP3_HUMAN",-38.6445251866386,15.1241586328022,7.6919278080987,-1.21445491467147
"CSK21_HUMAN-->HNRPC_HUMAN",-40.1274340687778,-8.27366053075527,-10.678334965712,-3.02556496098634
"CSK21_HUMAN---ICLN_HUMAN",-38.6445251866386,15.1241586328022,7.6919278080987,-1.21445491467147
"CSK21_HUMAN---IMA3_HUMAN",-7.30793181649092,7.61095172298432,-31.3643767390809,17.7568837014458
"CSK21_HUMAN-->JUN_HUMAN",-40.1274340687778,-8.27366053075527,-10.678334965712,-3.02556496098634
"CSK21_HUMAN---KRI1_HUMAN",-27.370426988883,-29.5741562092263,3.39280880205494,12.8206042482935
"CSK21_HUMAN-->LA_HUMAN",-38.6445251866386,15.1241586328022,7.6919278080987,-1.21445491467147
"CSK21_HUMAN---LYRIC_HUMAN",-38.6445251866386,15.1241586328022,7.6919278080987,-1.21445491467147
"CSK21_HUMAN-->MCM2_HUMAN",-40.1274340687778,-8.27366053075527,-10.678334965712,-3.02556496098634
"CSK21_HUMAN-->MDC1_HUMAN",-40.1274340687778,-8.27366053075527,-10.678334965712,-3.02556496098634
"CSK21_HUMAN---MGMT_HUMAN",-40.1274340687778,-8.27366053075527,-10.678334965712,-3.02556496098634
"CSK21_HUMAN-->MPRI_HUMAN",-38.6445251866386,15.1241586328022,7.6919278080987,-1.21445491467147
"CSK21_HUMAN-->MYH10_HUMAN",-38.6445251866386,15.1241586328022,7.6919278080987,-1.21445491467147
"CSK21_HUMAN-->NCOR2_HUMAN",-40.1274340687778,-8.27366053075527,-10.678334965712,-3.02556496098634
"CSK21_HUMAN---NMD3_HUMAN",-40.1274340687778,-8.27366053075527,-10.678334965712,-3.02556496098634
"CSK21_HUMAN---OSBP1_HUMAN",-6.77467092580196,26.173588165823,-19.9768804149449,0.0967610055562993
"CSK21_HUMAN-->PDIA6_HUMAN",-38.6445251866386,15.1241586328022,7.6919278080987,-1.21445491467147
"CSK21_HUMAN-->PIAS1_HUMAN",-36.1843342373605,-4.45468395315372,-12.9842941407073,-1.26891010907568
"CSK21_HUMAN---PSIP1_HUMAN",-38.6445251866386,15.1241586328022,7.6919278080987,-1.21445491467147
"CSK21_HUMAN---PURB_HUMAN",-40.1274340687778,-8.27366053075527,-10.678334965712,-3.02556496098634
"CSK21_HUMAN---RBM10_HUMAN",14.6097291725863,-23.0075537496922,-21.5246227863152,1.61403499445152
"CSK21_HUMAN---RBM33_HUMAN",-38.6445251866386,15.1241586328022,7.6919278080987,-1.21445491467147
"CSK21_HUMAN---RL1D1_HUMAN",-38.6445251866386,15.1241586328022,7.6919278080987,-1.21445491467147
"CSK21_HUMAN---RPRD2_HUMAN",-38.6445251866386,15.1241586328022,7.6919278080987,-1.21445491467147
"CSK21_HUMAN-->SAT1_HUMAN",-37.6061600695026,16.5319419471212,6.23383828259708,0.567881406233841
"CSK21_HUMAN-->SEPT2_HUMAN",-40.1274340687778,-8.27366053075527,-10.678334965712,-3.02556496098634
"CSK21_HUMAN-->SIR1_HUMAN",-40.1274340687778,-8.27366053075527,-10.678334965712,-3.02556496098634
"CSK21_HUMAN-->SPTB2_HUMAN",-40.1274340687778,-8.27366053075527,-10.678334965712,-3.02556496098634
"CSK21_HUMAN---T2FA_HUMAN",8.53308157113538,13.5889482716542,-33.2682458273516,4.97394388268262
"CSK21_HUMAN---TB182_HUMAN",8.53308157113538,13.5889482716542,-33.2682458273516,4.97394388268262
"CSK21_HUMAN---TCP4_HUMAN",-38.6445251866386,15.1241586328022,7.6919278080987,-1.21445491467147
"CSK21_HUMAN-->TELO2_HUMAN",-38.6445251866386,15.1241586328022,7.6919278080987,-1.21445491467147
"CSK21_HUMAN---UBP24_HUMAN",-38.6445251866386,15.1241586328022,7.6919278080987,-1.21445491467147
"CSK21_HUMAN---VAMP4_HUMAN",-38.6445251866386,15.1241586328022,7.6919278080987,-1.21445491467147
"CSK21_HUMAN-->XRCC1_HUMAN",-38.6445251866386,15.1241586328022,7.6919278080987,-1.21445491467147
"CTNA1_HUMAN---CTNB1_HUMAN",-27.370426988883,-29.5741562092263,3.39280880205494,12.8206042482935
"CTNA1_HUMAN---LIMA1_HUMAN",-27.370426988883,-29.5741562092263,3.39280880205494,12.8206042482935
"CTNA1_HUMAN---VINC_HUMAN",-27.370426988883,-29.5741562092263,3.39280880205494,12.8206042482935
"CTNB1_HUMAN---GLIS2_HUMAN",-27.370426988883,-29.5741562092263,3.39280880205494,12.8206042482935
"CTNB1_HUMAN---IQGA1_HUMAN",-27.370426988883,-29.5741562092263,3.39280880205494,12.8206042482935
"CTNB1_HUMAN---KMT2D_HUMAN",-27.370426988883,-29.5741562092263,3.39280880205494,12.8206042482935
"CTND1_HUMAN---SUMO2_HUMAN",-38.9114029083041,13.7907092146052,6.64283532679566,-2.11809726263163
"CTR9_HUMAN---SSRP1_HUMAN",-27.370426988883,-29.5741562092263,3.39280880205494,12.8206042482935
"CUL4B_HUMAN---DDA1_HUMAN",-21.4438746040565,-25.9141139437517,4.10347696670939,14.4703765554964
"CUL4B_HUMAN---HS90A_HUMAN",-20.7740586687595,-24.1315818469031,3.32641030532376,20.1950328205942
"CUL4B_HUMAN---RL35A_HUMAN",-10.1221772673845,-26.1635610482288,2.51135934074562,2.6245252430789
"CYTSA_HUMAN---GLIS2_HUMAN",-26.1780851053496,-11.5357644526774,17.8608729520167,14.8715211296053
"CYTSB_HUMAN---TRAF2_HUMAN",-40.1274340687778,-8.27366053075527,-10.678334965712,-3.02556496098634
"DAXX_HUMAN---ETS1_HUMAN",-29.0092393681533,-2.04968534265836,-24.2467896508761,8.94080394312878
"DAXX_HUMAN---FRIH_HUMAN",-29.0092393681533,-2.04968534265836,-24.2467896508761,8.94080394312878
"DAXX_HUMAN---MCRS1_HUMAN",-29.0092393681533,-2.04968534265836,-24.2467896508761,8.94080394312878
"DBNL_HUMAN---SH24A_HUMAN",-36.5106231574985,-5.99495385866628,-9.79375616455727,-1.73396168818301
"DC1L1_HUMAN---DC1L2_HUMAN",-40.1274340687778,-8.27366053075527,-10.678334965712,-3.02556496098634
"DC1L2_HUMAN---YBOX1_HUMAN",14.6534349626215,10.0713388961335,-31.7628125456304,-4.21041225773346
"DCAF8_HUMAN---SUV91_HUMAN",-27.370426988883,-29.5741562092263,3.39280880205494,12.8206042482935
"DDA1_HUMAN---VPRBP_HUMAN",-40.1274340687778,-8.27366053075527,-10.678334965712,-3.02556496098634
"DDX21_HUMAN---JUN_HUMAN",-40.1274340687778,-8.27366053075527,-10.678334965712,-3.02556496098634
"DDX21_HUMAN---LYAR_HUMAN",25.6296777076141,-14.4581048844034,-18.7441293745126,9.31414353473813
"DDX24_HUMAN---EIF3E_HUMAN",-15.1216623576502,-26.3312126222082,7.2261674157259,9.36001852846335
"DDX24_HUMAN---HS90B_HUMAN",-28.054700103707,-0.623975680150898,-7.52829862373529,1.31868949051682
"DDX24_HUMAN---SPTN1_HUMAN",-13.0840285986839,-21.0706256902636,8.58098293298337,17.489965125546
"DDX3Y_HUMAN---SMAD2_HUMAN",-40.1274340687778,-8.27366053075527,-10.678334965712,-3.02556496098634
"DDX41_HUMAN---NKAP_HUMAN",-40.1274340687778,-8.27366053075527,-10.678334965712,-3.02556496098634
"DDX42_HUMAN---MEPCE_HUMAN",-40.1274340687778,-8.27366053075527,-10.678334965712,-3.02556496098634
"DDX46_HUMAN---SUMO2_HUMAN",-38.9114029083041,13.7907092146052,6.64283532679566,-2.11809726263163
"DDX54_HUMAN---WDHD1_HUMAN",-38.6445251866386,15.1241586328022,7.6919278080987,-1.21445491467147
"DDX58_HUMAN---TRI25_HUMAN",2.99798490880719,-26.0358144278306,-17.6200414963046,2.71617950317633
"DDX58_HUMAN---WRIP1_HUMAN",3.10438457962568,-28.6590071841597,-19.4490951898816,2.98423329653125
"DENR_HUMAN---PP1B_HUMAN",-38.6445251866386,15.1241586328022,7.6919278080987,-1.21445491467147
"DEP1B_HUMAN---MDC1_HUMAN",-40.1274340687778,-8.27366053075527,-10.678334965712,-3.02556496098634
"DESP_HUMAN---PKP2_HUMAN",-40.1274340687778,-8.27366053075527,-10.678334965712,-3.02556496098634
"DESP_HUMAN---PKP4_HUMAN",-38.8417075859983,12.5756940439269,5.7842724587673,-1.12379316311597
"DHX29_HUMAN---FOXM1_HUMAN",-27.370426988883,-29.5741562092263,3.39280880205494,12.8206042482935
"DHX57_HUMAN---LYAR_HUMAN",1.10224656778426,-15.8589292139113,-16.0318636572868,34.2134962532341
"DIDO1_HUMAN---HNRPK_HUMAN",-40.1274340687778,-8.27366053075527,-10.678334965712,-3.02556496098634
"DLG1_HUMAN---IRK12_HUMAN",-40.1274340687778,-8.27366053075527,-10.678334965712,-3.02556496098634
"DLG1_HUMAN---TJAP1_HUMAN",-40.1274340687778,-8.27366053075527,-10.678334965712,-3.02556496098634
"DLG3_HUMAN---PP1A_HUMAN",-40.1274340687778,-8.27366053075527,-10.678334965712,-3.02556496098634
"DNMT1_HUMAN---HDAC2_HUMAN",10.1287436055045,15.1601946097352,-31.0014424951014,5.24297220411629
"DOCK1_HUMAN---FYN_HUMAN",-40.1274340687778,-8.27366053075527,-10.678334965712,-3.02556496098634
"DOCK4_HUMAN---GRB2_HUMAN",-38.6445251866386,15.1241586328022,7.6919278080987,-1.21445491467147
"DREB_HUMAN---NIPBL_HUMAN",-38.6445251866386,15.1241586328022,7.6919278080987,-1.21445491467147
"DREB_HUMAN---ZC3H4_HUMAN",-38.6445251866386,15.1241586328022,7.6919278080987,-1.21445491467147
"DYR1A_HUMAN-->CCNL2_HUMAN",-40.1274340687778,-8.27366053075527,-10.678334965712,-3.02556496098634
"DYR1A_HUMAN-->SF3B1_HUMAN",-40.1274340687778,-8.27366053075527,-10.678334965712,-3.02556496098634
"DYR1B_HUMAN---MK01_HUMAN",-38.6445251866386,15.1241586328022,7.6919278080987,-1.21445491467147
"DYRK4_HUMAN---HS90B_HUMAN",-40.1274340687778,-8.27366053075527,-10.678334965712,-3.02556496098634
"E2F2_HUMAN---RB_HUMAN",-27.370426988883,-29.5741562092263,3.39280880205494,12.8206042482935
"E7ETM7_HUMAN---PTSS2_HUMAN",-27.370426988883,-29.5741562092263,3.39280880205494,12.8206042482935
"E7ETM7_HUMAN---SUMO2_HUMAN",-27.370426988883,-29.5741562092263,3.39280880205494,12.8206042482935
"E9PAU2_HUMAN---SUMO2_HUMAN",-38.9114029083041,13.7907092146052,6.64283532679566,-2.11809726263163
"EDC3_HUMAN---EDC4_HUMAN",-40.1274340687778,-8.27366053075527,-10.678334965712,-3.02556496098634
"EF1A1_HUMAN---MAGD2_HUMAN",-40.1274340687778,-8.27366053075527,-10.678334965712,-3.02556496098634
"EF1A1_HUMAN---SUMO2_HUMAN",-40.1274340687778,-8.27366053075527,-10.678334965712,-3.02556496098634
"EF1A1_HUMAN---XRN2_HUMAN",-9.65262250026915,-7.35851150568866,-33.5202389576485,-12.8619359127486
"EFNA5_HUMAN---EPHA2_HUMAN",-38.6445251866386,15.1241586328022,7.6919278080987,-1.21445491467147
"EFNA5_HUMAN---EPHA3_HUMAN",-38.6445251866386,15.1241586328022,7.6919278080987,-1.21445491467147
"EFNA5_HUMAN---EPHA7_HUMAN",-38.6445251866386,15.1241586328022,7.6919278080987,-1.21445491467147
"EFNB2_HUMAN---EPHA3_HUMAN",-38.6445251866386,15.1241586328022,7.6919278080987,-1.21445491467147
"EGFR_HUMAN-->CCD50_HUMAN",-38.6445251866386,15.1241586328022,7.6919278080987,-1.21445491467147
"EGFR_HUMAN---EGF_HUMAN",-38.6445251866386,15.1241586328022,7.6919278080987,-1.21445491467147
"EGFR_HUMAN---ENPL_HUMAN",-40.1274340687778,-8.27366053075527,-10.678334965712,-3.02556496098634
"EGFR_HUMAN---EPN1_HUMAN",-19.402030369419,14.9004240230948,23.9143442745308,6.40931431955448
"EGFR_HUMAN-->FAK1_HUMAN",-38.3091232215896,7.1955498058169,5.53644285750582,1.55446194034154
"EGFR_HUMAN---GRB2_HUMAN",15.9912979830823,-1.43567553773235,12.4472609741967,6.15940568653765
"EGFR_HUMAN-->GSTP1_HUMAN",-30.6875404130031,-8.98290244161517,-0.782681016207393,-2.29940147859943
"EGFR_HUMAN---HS90A_HUMAN",-8.68398506287311,-21.8780107839358,10.0096423307959,15.109919465989
"EGFR_HUMAN---TPPC3_HUMAN",22.8935256633387,-9.52959121398714,-8.72724896427779,19.3840177914072
"EGFR_HUMAN---UBP8_HUMAN",-11.0965287472902,-10.8561938426359,-7.17474679199527,-0.633700770991702
"EGLN1_HUMAN---ING4_HUMAN",-27.0199545546072,-4.16797536051606,-13.1159270336522,-15.2857972508041
"EIF3B_HUMAN---EIF3E_HUMAN",-23.7147936570277,-30.510476360801,8.22989660501525,9.84147295770449
"EIF3B_HUMAN---EIF3G_HUMAN",-40.1274340687778,-8.27366053075527,-10.678334965712,-3.02556496098634
"EIF3C_HUMAN---EIF3E_HUMAN",-23.7147936570277,-30.510476360801,8.22989660501525,9.84147295770449
"EIF3E_HUMAN---GPBL1_HUMAN",-23.7147936570277,-30.510476360801,8.22989660501525,9.84147295770449
"ELF2_HUMAN---SUMO2_HUMAN",-38.9114029083041,13.7907092146052,6.64283532679566,-2.11809726263163
"EP15R_HUMAN---EPN1_HUMAN",-40.1274340687778,-8.27366053075527,-10.678334965712,-3.02556496098634
"EPN1_HUMAN---EPS15_HUMAN",-38.6445251866386,15.1241586328022,7.6919278080987,-1.21445491467147
"EPS15_HUMAN---LAPM5_HUMAN",-9.65262250026915,-7.35851150568866,-33.5202389576485,-12.8619359127486
"ESF1_HUMAN---SUMO2_HUMAN",-27.370426988883,-29.5741562092263,3.39280880205494,12.8206042482935
"ETS1_HUMAN---IF2P_HUMAN",-40.1274340687778,-8.27366053075527,-10.678334965712,-3.02556496098634
"ETS1_HUMAN---SRS11_HUMAN",8.53308157113538,13.5889482716542,-33.2682458273516,4.97394388268262
"ETS1_HUMAN---TCAL3_HUMAN",-40.1274340687778,-8.27366053075527,-10.678334965712,-3.02556496098634
"F122A_HUMAN---TE2IP_HUMAN",21.2900886510302,-7.71154740681682,-19.1971020595846,20.8201130919625
"F122B_HUMAN---RAE1L_HUMAN",-27.370426988883,-29.5741562092263,3.39280880205494,12.8206042482935
"F208A_HUMAN---TM1L1_HUMAN",-38.6445251866386,15.1241586328022,7.6919278080987,-1.21445491467147
"FA21A_HUMAN---ROCK1_HUMAN",-40.1274340687778,-8.27366053075527,-10.678334965712,-3.02556496098634
"FACD2_HUMAN---WDR48_HUMAN",-28.3087575977343,2.90829007635116,20.3301586261207,13.3791660398909
"FAK1_HUMAN---PAXI_HUMAN",-40.1274340687778,-8.27366053075527,-10.678334965712,-3.02556496098634
"FARP1_HUMAN---PP1A_HUMAN",-40.1274340687778,-8.27366053075527,-10.678334965712,-3.02556496098634
"FBX4_HUMAN---HS90B_HUMAN",-40.1274340687778,-8.27366053075527,-10.678334965712,-3.02556496098634
"FGR_HUMAN---KSYK_HUMAN",-27.370426988883,-29.5741562092263,3.39280880205494,12.8206042482935
"FKB15_HUMAN---PP1A_HUMAN",-40.1274340687778,-8.27366053075527,-10.678334965712,-3.02556496098634
"FNBP4_HUMAN---KHDR1_HUMAN",-38.2290448695856,-12.8455655057387,-5.89725267648744,2.42848624910188
"FUBP1_HUMAN---MK14_HUMAN",-40.1274340687778,-8.27366053075527,-10.678334965712,-3.02556496098634
"FUBP2_HUMAN---HNRH1_HUMAN",-37.2560216662083,-6.63045625842063,-10.456905015348,-3.79904028677983
"FUND2_HUMAN---SAT1_HUMAN",-37.6061600695026,16.5319419471212,6.23383828259708,0.567881406233841
"FYN_HUMAN---KHDR1_HUMAN",-38.2290448695856,-12.8455655057387,-5.89725267648744,2.42848624910188
"FYN_HUMAN---SPN90_HUMAN",-40.1274340687778,-8.27366053075527,-10.678334965712,-3.02556496098634
"FYN_HUMAN---TM1L1_HUMAN",-15.8894222535839,-6.5008045500182,-12.0195922539378,-9.10919310215034
"G3BP1_HUMAN---RL14_HUMAN",-40.1274340687778,-8.27366053075527,-10.678334965712,-3.02556496098634
"G3BP1_HUMAN---UBP10_HUMAN",-40.1274340687778,-8.27366053075527,-10.678334965712,-3.02556496098634
"GAB1_HUMAN---PTN11_HUMAN",-38.6445251866386,15.1241586328022,7.6919278080987,-1.21445491467147
"GAREM_HUMAN---GRB2_HUMAN",-38.6445251866386,15.1241586328022,7.6919278080987,-1.21445491467147
"GBRL1_HUMAN---TB10B_HUMAN",-40.1274340687778,-8.27366053075527,-10.678334965712,-3.02556496098634
"GBRL1_HUMAN---TBCD1_HUMAN",-40.1274340687778,-8.27366053075527,-10.678334965712,-3.02556496098634
"GGA3_HUMAN---MPRI_HUMAN",-38.6445251866386,15.1241586328022,7.6919278080987,-1.21445491467147
"GLCI1_HUMAN---Q548N1_HUMAN",-40.1274340687778,-8.27366053075527,-10.678334965712,-3.02556496098634
"GRB2_HUMAN---IRS4_HUMAN",-36.9355534836348,16.2158000461412,8.32752062486828,-0.89557444022501
"GRB2_HUMAN---MEP50_HUMAN",-10.9381954958105,-22.0717548775606,7.78289145492174,14.8474337595363
"GRB2_HUMAN---PTN11_HUMAN",-36.7461359874465,10.5522536578187,12.4730100973232,4.23959629541674
"GRB2_HUMAN---PTN18_HUMAN",-28.5132088497628,-1.20691773483167,20.6157807141065,13.5086829295016
"GRB2_HUMAN---PTPRA_HUMAN",-38.6445251866386,15.1241586328022,7.6919278080987,-1.21445491467147
"GRB2_HUMAN---RHG17_HUMAN",19.0878296315625,-0.375767389762276,-24.1253105267392,6.97887893412198
"GRB2_HUMAN---SHC1_HUMAN",-34.0209368769022,15.3698336184543,11.1190350454544,4.05304705428052
"GRB2_HUMAN---ST32C_HUMAN",-40.1274340687778,-8.27366053075527,-10.678334965712,-3.02556496098634
"GRB2_HUMAN---WDR44_HUMAN",-27.370426988883,-29.5741562092263,3.39280880205494,12.8206042482935
"GRB2_HUMAN---WIPF2_HUMAN",-28.5132088497628,-1.20691773483167,20.6157807141065,13.5086829295016
"GSTP1_HUMAN---SFR19_HUMAN",-40.1274340687778,-8.27366053075527,-10.678334965712,-3.02556496098634
"H1X_HUMAN---HDGF_HUMAN",8.53308157113538,13.5889482716542,-33.2682458273516,4.97394388268262
"H2AY_HUMAN---HDAC2_HUMAN",10.1287436055045,15.1601946097352,-31.0014424951014,5.24297220411629
"HAUS6_HUMAN---YBOX3_HUMAN",-27.370426988883,-29.5741562092263,3.39280880205494,12.8206042482935
"HDAC2_HUMAN---KDM5C_HUMAN",-27.370426988883,-29.5741562092263,3.39280880205494,12.8206042482935
"HDAC2_HUMAN---P66B_HUMAN",9.8618658838391,13.8267451915383,-32.0505349764045,4.33932985615613
"HDAC2_HUMAN---PP6R3_HUMAN",-40.1274340687778,-8.27366053075527,-10.678334965712,-3.02556496098634
"HDAC2_HUMAN---RB_HUMAN",22.6188729637339,-7.47375048693274,-17.9793912086376,20.185499065436
"HDAC2_HUMAN---RCOR1_HUMAN",-40.1274340687778,-8.27366053075527,-10.678334965712,-3.02556496098634
"HDAC2_HUMAN---SIN3A_HUMAN",6.15175662981317,13.9633187540203,-29.1409312758127,10.2594855830688
"HDAC2_HUMAN---SUV91_HUMAN",22.6188729637339,-7.47375048693274,-17.9793912086376,20.185499065436
"HDGF_HUMAN---RBMX_HUMAN",-34.8055473855669,-4.67756836974443,-9.53543336767846,0.0144349384060956
"HD_HUMAN---OPTN_HUMAN",-27.370426988883,-29.5741562092263,3.39280880205494,12.8206042482935
"HD_HUMAN---PR40A_HUMAN",-27.370426988883,-29.5741562092263,3.39280880205494,12.8206042482935
"HD_HUMAN---TRAD1_HUMAN",-27.370426988883,-29.5741562092263,3.39280880205494,12.8206042482935
"HD_HUMAN---ZFY19_HUMAN",-27.370426988883,-29.5741562092263,3.39280880205494,12.8206042482935
"HERC2_HUMAN---MDC1_HUMAN",-40.1274340687778,-8.27366053075527,-10.678334965712,-3.02556496098634
"HERC2_HUMAN---UBP16_HUMAN",-40.1274340687778,-8.27366053075527,-10.678334965712,-3.02556496098634
"HEXI2_HUMAN---MEPCE_HUMAN",-40.1274340687778,-8.27366053075527,-10.678334965712,-3.02556496098634
"HGS_HUMAN---STAM2_HUMAN",-38.6445251866386,15.1241586328022,7.6919278080987,-1.21445491467147
"HGS_HUMAN---TS101_HUMAN",-40.1274340687778,-8.27366053075527,-10.678334965712,-3.02556496098634
"HIPK2_HUMAN---SUMO2_HUMAN",-38.9114029083041,13.7907092146052,6.64283532679566,-2.11809726263163
"HIPK3_HUMAN---ZYX_HUMAN",-38.6445251866386,15.1241586328022,7.6919278080987,-1.21445491467147
"HN1_HUMAN---IMA1_HUMAN",-40.1274340687778,-8.27366053075527,-10.678334965712,-3.02556496098634
"HNRL1_HUMAN---PR40A_HUMAN",8.53308157113538,13.5889482716542,-33.2682458273516,4.97394388268262
"HNRPK_HUMAN---KHDR1_HUMAN",-38.2290448695856,-12.8455655057387,-5.89725267648744,2.42848624910188
"HNRPK_HUMAN---RBMX_HUMAN",-38.7986497560741,-8.03586361087118,-9.46062411476489,-3.66017898751282
"HNRPU_HUMAN---PLCG1_HUMAN",-40.1274340687778,-8.27366053075527,-10.678334965712,-3.02556496098634
"HNRPU_HUMAN---SMN_HUMAN",-22.488113597529,-26.9467860383614,5.66171335386429,13.1479091764816
"HOIL1_HUMAN---RNF31_HUMAN",-38.6445251866386,15.1241586328022,7.6919278080987,-1.21445491467147
"HS90A_HUMAN---HS90B_HUMAN",14.3492902229638,-21.4750640714361,-20.8144131733772,4.52248699916502
"HS90A_HUMAN---KKCC1_HUMAN",-25.710240369275,-28.3176878923779,3.73075229986001,14.7558198272452
"HS90A_HUMAN---MP2K7_HUMAN",-6.57135461280604,-22.1777799288004,12.4757093148421,14.5444900952062
"HS90A_HUMAN---STIP1_HUMAN",-27.370426988883,-29.5741562092263,3.39280880205494,12.8206042482935
"HS90A_HUMAN---TBA1A_HUMAN",-27.370426988883,-29.5741562092263,3.39280880205494,12.8206042482935
"HS90A_HUMAN---TEBP_HUMAN",-27.370426988883,-29.5741562092263,3.39280880205494,12.8206042482935
"HS90B_HUMAN---KSR1_HUMAN",-38.0661098557909,-6.29486070616056,-12.7078654448331,-1.23022629399991
"HS90B_HUMAN---LAR4B_HUMAN",-40.1274340687778,-8.27366053075527,-10.678334965712,-3.02556496098634
"HS90B_HUMAN---MKX_HUMAN",9.8618658838391,13.8267451915383,-32.0505349764045,4.33932985615613
"HS90B_HUMAN---SG223_HUMAN",-40.1274340687778,-8.27366053075527,-10.678334965712,-3.02556496098634
"HTSF1_HUMAN---SRSF4_HUMAN",-13.7539290992246,11.8783121555648,6.93534905955357,29.7138618601769
"I2BP1_HUMAN---SUMO2_HUMAN",-38.9114029083041,13.7907092146052,6.64283532679566,-2.11809726263163
"I2BP2_HUMAN---SUMO2_HUMAN",-38.9114029083041,13.7907092146052,6.64283532679566,-2.11809726263163
"ICK_HUMAN---MK01_HUMAN",-38.6445251866386,15.1241586328022,7.6919278080987,-1.21445491467147
"ICLN_HUMAN---PDLI1_HUMAN",-38.6445251866386,15.1241586328022,7.6919278080987,-1.21445491467147
"IF2B1_HUMAN---LYAR_HUMAN",1.10224656778426,-15.8589292139113,-16.0318636572868,34.2134962532341
"IF4G1_HUMAN---TRAF2_HUMAN",-40.1274340687778,-8.27366053075527,-10.678334965712,-3.02556496098634
"IGF1R_HUMAN---SHC1_HUMAN",-21.4185336516068,14.2697019236406,12.3015075866112,-1.39442746590214
"IMA1_HUMAN---JUN_HUMAN",-40.1274340687778,-8.27366053075527,-10.678334965712,-3.02556496098634
"IMA1_HUMAN---KLC4_HUMAN",-38.0661098557909,-6.29486070616056,-12.7078654448331,-1.23022629399991
"IMA1_HUMAN---MEPCE_HUMAN",-0.819269450386804,-0.712659780760323,-32.3016908542175,16.0746285170166
"INADL_HUMAN---MPP5_HUMAN",-40.1274340687778,-8.27366053075527,-10.678334965712,-3.02556496098634
"ING4_HUMAN---KAT7_HUMAN",-27.0199545546072,-4.16797536051606,-13.1159270336522,-15.2857972508041
"IQGA1_HUMAN---KPRB_HUMAN",-27.370426988883,-29.5741562092263,3.39280880205494,12.8206042482935
"IQGA1_HUMAN---PODXL_HUMAN",-40.1274340687778,-8.27366053075527,-10.678334965712,-3.02556496098634
"IRK12_HUMAN---SNTB1_HUMAN",-40.1274340687778,-8.27366053075527,-10.678334965712,-3.02556496098634
"ITSN1_HUMAN---WASL_HUMAN",-40.1274340687778,-8.27366053075527,-10.678334965712,-3.02556496098634
"ITSN2_HUMAN---MCRS1_HUMAN",-38.6445251866386,15.1241586328022,7.6919278080987,-1.21445491467147
"IWS1_HUMAN---SUMO2_HUMAN",-38.9114029083041,13.7907092146052,6.64283532679566,-2.11809726263163
"JIP4_HUMAN---MK14_HUMAN",8.53308157113538,13.5889482716542,-33.2682458273516,4.97394388268262
"JUN_HUMAN---PEBB_HUMAN",-40.1274340687778,-8.27366053075527,-10.678334965712,-3.02556496098634
"JUN_HUMAN---PRC2A_HUMAN",-32.2240697868331,-5.51829691014598,-10.2923722575118,-5.28706701231224
"JUN_HUMAN---RB_HUMAN",15.1545010084335,-10.8890385511416,-20.5996022375956,24.1114030037483
"JUN_HUMAN---STRN4_HUMAN",-40.1274340687778,-8.27366053075527,-10.678334965712,-3.02556496098634
"KCD12_HUMAN---OSBP1_HUMAN",-40.1274340687778,-8.27366053075527,-10.678334965712,-3.02556496098634
"KCRB_HUMAN---SUMO2_HUMAN",-27.370426988883,-29.5741562092263,3.39280880205494,12.8206042482935
"KCRB_HUMAN---TBCB_HUMAN",-24.332437767564,-32.3032525218344,3.30380113190368,6.91521263386267
"KHDR1_HUMAN---LCK_HUMAN",-38.2290448695856,-12.8455655057387,-5.89725267648744,2.42848624910188
"KHDR1_HUMAN---PLCG1_HUMAN",31.0465076481608,-18.5396850472522,-10.4780224967911,-1.75879526392965
"KI21A_HUMAN---SRP72_HUMAN",-40.1274340687778,-8.27366053075527,-10.678334965712,-3.02556496098634
"KI67_HUMAN---KIF15_HUMAN",-38.6445251866386,15.1241586328022,7.6919278080987,-1.21445491467147
"KIF4A_HUMAN---SUMO2_HUMAN",-38.9114029083041,13.7907092146052,6.64283532679566,-2.11809726263163
"KKCC1_HUMAN-->KCC1A_HUMAN",-38.6445251866386,15.1241586328022,7.6919278080987,-1.21445491467147
"KLC4_HUMAN---LR16A_HUMAN",-40.1274340687778,-8.27366053075527,-10.678334965712,-3.02556496098634
"KPRA_HUMAN---MK01_HUMAN",-38.6445251866386,15.1241586328022,7.6919278080987,-1.21445491467147
"KPRB_HUMAN---LRC47_HUMAN",-27.370426988883,-29.5741562092263,3.39280880205494,12.8206042482935
"KS6A1_HUMAN-->BAD_HUMAN",-3.86234375817731,-2.55927877725844,-37.8457868694896,-7.19327874561017
"KS6A1_HUMAN-->IF4B_HUMAN",-40.1274340687778,-8.27366053075527,-10.678334965712,-3.02556496098634
"KS6A1_HUMAN---MK01_HUMAN",-40.1274340687778,-8.27366053075527,-10.678334965712,-3.02556496098634
"KSYK_HUMAN---LCK_HUMAN",-27.370426988883,-29.5741562092263,3.39280880205494,12.8206042482935
"LAP2B_HUMAN---SUMO2_HUMAN",-38.9114029083041,13.7907092146052,6.64283532679566,-2.11809726263163
"LAP2_HUMAN---PKP4_HUMAN",-40.1274340687778,-8.27366053075527,-10.678334965712,-3.02556496098634
"LAPM5_HUMAN---TM1L2_HUMAN",-9.65262250026915,-7.35851150568866,-33.5202389576485,-12.8619359127486
"LARP4_HUMAN---SUMO2_HUMAN",-27.370426988883,-29.5741562092263,3.39280880205494,12.8206042482935
"LAS1L_HUMAN---PELP1_HUMAN",-40.1274340687778,-8.27366053075527,-10.678334965712,-3.02556496098634
"LCK_HUMAN-->ADT1_HUMAN",-40.1274340687778,-8.27366053075527,-10.678334965712,-3.02556496098634
"LCK_HUMAN-->G3BP1_HUMAN",-40.1274340687778,-8.27366053075527,-10.678334965712,-3.02556496098634
"LCK_HUMAN---PSRC1_HUMAN",-27.370426988883,-29.5741562092263,3.39280880205494,12.8206042482935
"LCK_HUMAN-->ZAP70_HUMAN",-40.1274340687778,-8.27366053075527,-10.678334965712,-3.02556496098634
"LHX4_HUMAN---RFC1_HUMAN",-40.1274340687778,-8.27366053075527,-10.678334965712,-3.02556496098634
"LHX4_HUMAN---RRP36_HUMAN",-40.1274340687778,-8.27366053075527,-10.678334965712,-3.02556496098634
"LMNB2_HUMAN---SVIL_HUMAN",9.74911273160908,35.6533180170147,-15.9470755348439,5.88141158103732
"LMTK2_HUMAN---MYO6_HUMAN",-27.370426988883,-29.5741562092263,3.39280880205494,12.8206042482935
"LNX1_HUMAN---PHS_HUMAN",-27.370426988883,-29.5741562092263,3.39280880205494,12.8206042482935
"LNX1_HUMAN---PKP4_HUMAN",9.73446789969448,-20.1977520304193,-23.6405338151686,7.44223958103638
"LNX1_HUMAN---S6A15_HUMAN",-27.370426988883,-29.5741562092263,3.39280880205494,12.8206042482935
"LNX1_HUMAN---SAT1_HUMAN",-11.1890913331796,-24.4377285831918,-13.4928249267805,17.0357063672707
"LNX1_HUMAN---STRN_HUMAN",21.2900886510302,-7.71154740681682,-19.1971020595846,20.8201130919625
"LYAR_HUMAN---PWP1_HUMAN",1.10224656778426,-15.8589292139113,-16.0318636572868,34.2134962532341
"LYAR_HUMAN---SRP14_HUMAN",1.10224656778426,-15.8589292139113,-16.0318636572868,34.2134962532341
"MA7D1_HUMAN---RBM48_HUMAN",-24.682342077602,1.42840986108729,-22.7635192251335,14.7822094941253
"MA7D3_HUMAN---TRM7_HUMAN",-40.1274340687778,-8.27366053075527,-10.678334965712,-3.02556496098634
"MAGG1_HUMAN---TIF1B_HUMAN",-27.370426988883,-29.5741562092263,3.39280880205494,12.8206042482935
"MAP1B_HUMAN---PP1A_HUMAN",-40.1274340687778,-8.27366053075527,-10.678334965712,-3.02556496098634
"MBD1_HUMAN---MCAF1_HUMAN",-27.370426988883,-29.5741562092263,3.39280880205494,12.8206042482935
"MCAF1_HUMAN---SUMO2_HUMAN",-40.1274340687778,-8.27366053075527,-10.678334965712,-3.02556496098634
"MCM2_HUMAN---MCM6_HUMAN",-40.1274340687778,-8.27366053075527,-10.678334965712,-3.02556496098634
"MCM6_HUMAN---MCMBP_HUMAN",-40.1274340687778,-8.27366053075527,-10.678334965712,-3.02556496098634
"MCM6_HUMAN---SCNM1_HUMAN",-40.1274340687778,-8.27366053075527,-10.678334965712,-3.02556496098634
"MCRS1_HUMAN---RN213_HUMAN",-38.6445251866386,15.1241586328022,7.6919278080987,-1.21445491467147
"MDC1_HUMAN---ML12A_HUMAN",-27.370426988883,-29.5741562092263,3.39280880205494,12.8206042482935
"MDC1_HUMAN---RAD50_HUMAN",-38.0661098557909,-6.29486070616056,-12.7078654448331,-1.23022629399991
"MDN1_HUMAN---PELP1_HUMAN",-40.1274340687778,-8.27366053075527,-10.678334965712,-3.02556496098634
"MED12_HUMAN---MED13_HUMAN",-40.1274340687778,-8.27366053075527,-10.678334965712,-3.02556496098634
"MED12_HUMAN---MED8_HUMAN",-40.1274340687778,-8.27366053075527,-10.678334965712,-3.02556496098634
"MED8_HUMAN---SUMO2_HUMAN",-40.1274340687778,-8.27366053075527,-10.678334965712,-3.02556496098634
"MEP50_HUMAN---RBM5_HUMAN",-40.1274340687778,-8.27366053075527,-10.678334965712,-3.02556496098634
"MEP50_HUMAN---SMYD1_HUMAN",-27.370426988883,-29.5741562092263,3.39280880205494,12.8206042482935
"MEPCE_HUMAN---SDE2_HUMAN",-40.1274340687778,-8.27366053075527,-10.678334965712,-3.02556496098634
"MEPCE_HUMAN---SRP72_HUMAN",-11.6547605121106,5.44156646455968,-30.1030074250537,18.3673270439542
"MEPCE_HUMAN---YRDC_HUMAN",-40.1274340687778,-8.27366053075527,-10.678334965712,-3.02556496098634
"MK01_HUMAN-->ABI1_HUMAN",-38.6445251866386,15.1241586328022,7.6919278080987,-1.21445491467147
"MK01_HUMAN-->ERF_HUMAN",-38.6445251866386,15.1241586328022,7.6919278080987,-1.21445491467147
"MK01_HUMAN-->MKL1_HUMAN",-38.6445251866386,15.1241586328022,7.6919278080987,-1.21445491467147
"MK01_HUMAN-->TFE2_HUMAN",-40.1274340687778,-8.27366053075527,-10.678334965712,-3.02556496098634
"MK01_HUMAN---YBOX3_HUMAN",-27.370426988883,-29.5741562092263,3.39280880205494,12.8206042482935
"MK03_HUMAN-->NUP50_HUMAN",-39.423313161247,1.53415397841723,-2.67076070306695,-0.715503234275284
"MK03_HUMAN-->SMAD2_HUMAN",-40.1274340687778,-8.27366053075527,-10.678334965712,-3.02556496098634
"MK09_HUMAN-->STAT3_HUMAN",-35.1860742541431,11.6393738923521,10.6213602617276,-4.10292445370504
"MK09_HUMAN---WDR62_HUMAN",-40.1274340687778,-8.27366053075527,-10.678334965712,-3.02556496098634
"MK14_HUMAN---PLSL_HUMAN",-40.1274340687778,-8.27366053075527,-10.678334965712,-3.02556496098634
"MMTA2_HUMAN---SRPK2_HUMAN",-40.1274340687778,-8.27366053075527,-10.678334965712,-3.02556496098634
"MP2K1_HUMAN-->MK01_HUMAN",-37.268604349014,6.32391662114526,-2.70574790767058,0.930690349269733
"MP2K1_HUMAN-->MK03_HUMAN",-36.5832009736518,17.1029584573969,5.66239732897757,0.580883752314956
"MP2K7_HUMAN-->MK09_HUMAN",-40.1274340687778,-8.27366053075527,-10.678334965712,-3.02556496098634
"MPZL1_HUMAN---PTN11_HUMAN",-38.6445251866386,15.1241586328022,7.6919278080987,-1.21445491467147
"MRE11_HUMAN---RAD50_HUMAN",-38.6445251866386,15.1241586328022,7.6919278080987,-1.21445491467147
"NADAP_HUMAN---SUMO2_HUMAN",-40.1274340687778,-8.27366053075527,-10.678334965712,-3.02556496098634
"NASP_HUMAN---TRM7_HUMAN",-40.1274340687778,-8.27366053075527,-10.678334965712,-3.02556496098634
"NHRF1_HUMAN---PHAG1_HUMAN",-40.1274340687778,-8.27366053075527,-10.678334965712,-3.02556496098634
"NHRF1_HUMAN---YAP1_HUMAN",-40.1274340687778,-8.27366053075527,-10.678334965712,-3.02556496098634
"NKAP_HUMAN---PPIG_HUMAN",16.0926380547254,0.390265413865268,-3.15436001250451,3.42514504076638
"NKAP_HUMAN---RBMX2_HUMAN",-40.1274340687778,-8.27366053075527,-10.678334965712,-3.02556496098634
"NOP2_HUMAN---SUMO2_HUMAN",-40.1274340687778,-8.27366053075527,-10.678334965712,-3.02556496098634
"NOVA1_HUMAN---SRPK1_HUMAN",-27.370426988883,-29.5741562092263,3.39280880205494,12.8206042482935
"NP1L1_HUMAN---TRAF2_HUMAN",-40.1274340687778,-8.27366053075527,-10.678334965712,-3.02556496098634
"NPM_HUMAN---NUCL_HUMAN",-40.1274340687778,-8.27366053075527,-10.678334965712,-3.02556496098634
"NRBP_HUMAN---T22D4_HUMAN",-38.6445251866386,15.1241586328022,7.6919278080987,-1.21445491467147
"NSD1_HUMAN---ZN496_HUMAN",-40.1274340687778,-8.27366053075527,-10.678334965712,-3.02556496098634
"NUCL_HUMAN---NUP62_HUMAN",-14.7693234061193,0.0476381424280757,8.19461689070149,26.5980831987235
"NUMA1_HUMAN---SUMO2_HUMAN",-40.1274340687778,-8.27366053075527,-10.678334965712,-3.02556496098634
"NUP98_HUMAN---RAE1L_HUMAN",-27.370426988883,-29.5741562092263,3.39280880205494,12.8206042482935
"ODPA_HUMAN---STIP1_HUMAN",-27.370426988883,-29.5741562092263,3.39280880205494,12.8206042482935
"OTUL_HUMAN---RNF31_HUMAN",-38.6445251866386,15.1241586328022,7.6919278080987,-1.21445491467147
"PARD3_HUMAN---PSME3_HUMAN",-5.82502293435177,31.0087708865418,-12.9941139652702,19.5679937477607
"PCBP1_HUMAN---T22D4_HUMAN",-40.1274340687778,-8.27366053075527,-10.678334965712,-3.02556496098634
"PCBP1_HUMAN---ZN830_HUMAN",-40.1274340687778,-8.27366053075527,-10.678334965712,-3.02556496098634
"PCNP_HUMAN---TE2IP_HUMAN",-11.6547605121106,5.44156646455968,-30.1030074250537,18.3673270439542
"PDS5A_HUMAN---SMC3_HUMAN",-38.6445251866386,15.1241586328022,7.6919278080987,-1.21445491467147
"PDS5B_HUMAN---SMC3_HUMAN",-38.6445251866386,15.1241586328022,7.6919278080987,-1.21445491467147
"PELP1_HUMAN---SUMO2_HUMAN",8.53308157113538,13.5889482716542,-33.2682458273516,4.97394388268262
"PGAM1_HUMAN---XRCC6_HUMAN",-35.732198019014,-13.6087083102792,-10.176978646446,-8.50449466583794
"PHIP_HUMAN---SUMO2_HUMAN",-38.9114029083041,13.7907092146052,6.64283532679566,-2.11809726263163
"PHS_HUMAN---PRC2C_HUMAN",-40.1274340687778,-8.27366053075527,-10.678334965712,-3.02556496098634
"PHS_HUMAN---TIM_HUMAN",-40.1274340687778,-8.27366053075527,-10.678334965712,-3.02556496098634
"PI4KA_HUMAN---STRN4_HUMAN",-38.6445251866386,15.1241586328022,7.6919278080987,-1.21445491467147
"PIAS1_HUMAN---SUMO2_HUMAN",-38.9114029083041,13.7907092146052,6.64283532679566,-2.11809726263163
"PININ_HUMAN---SRRM2_HUMAN",-38.6445251866386,15.1241586328022,7.6919278080987,-1.21445491467147
"PININ_HUMAN---SRSF4_HUMAN",-38.6445251866386,15.1241586328022,7.6919278080987,-1.21445491467147
"PNKP_HUMAN---XRCC1_HUMAN",-38.6445251866386,15.1241586328022,7.6919278080987,-1.21445491467147
"PO2F1_HUMAN---XRCC6_HUMAN",-40.1274340687778,-8.27366053075527,-10.678334965712,-3.02556496098634
"POGZ_HUMAN---SUMO2_HUMAN",-38.9114029083041,13.7907092146052,6.64283532679566,-2.11809726263163
"PP1A_HUMAN---PPR3D_HUMAN",-40.1274340687778,-8.27366053075527,-10.678334965712,-3.02556496098634
"PP1A_HUMAN---TOIP1_HUMAN",-40.1274340687778,-8.27366053075527,-10.678334965712,-3.02556496098634
"PP1A_HUMAN---WDR82_HUMAN",8.53308157113538,13.5889482716542,-33.2682458273516,4.97394388268262
"PP1A_HUMAN---ZFY16_HUMAN",-40.1274340687778,-8.27366053075527,-10.678334965712,-3.02556496098634
"PP1B_HUMAN---TIF1B_HUMAN",-27.370426988883,-29.5741562092263,3.39280880205494,12.8206042482935
"PR38A_HUMAN---SRPK1_HUMAN",-27.370426988883,-29.5741562092263,3.39280880205494,12.8206042482935
"PR40A_HUMAN---SF3A1_HUMAN",-40.1274340687778,-8.27366053075527,-10.678334965712,-3.02556496098634
"PRR12_HUMAN---PUM1_HUMAN",-40.1274340687778,-8.27366053075527,-10.678334965712,-3.02556496098634
"PSA3_HUMAN---PSA5_HUMAN",22.6188729637339,-7.47375048693274,-17.9793912086376,20.185499065436
"PSMD1_HUMAN---SUMO2_HUMAN",-40.1274340687778,-8.27366053075527,-10.678334965712,-3.02556496098634
"PUR6_HUMAN---TRM7_HUMAN",-40.1274340687778,-8.27366053075527,-10.678334965712,-3.02556496098634
"Q548N1_HUMAN---TS101_HUMAN",-40.1274340687778,-8.27366053075527,-10.678334965712,-3.02556496098634
"RAD50_HUMAN---TERF2_HUMAN",-40.1274340687778,-8.27366053075527,-10.678334965712,-3.02556496098634
"RAE1L_HUMAN---WDR75_HUMAN",-27.370426988883,-29.5741562092263,3.39280880205494,12.8206042482935
"RAM_HUMAN---RBMX_HUMAN",-40.1274340687778,-8.27366053075527,-10.678334965712,-3.02556496098634
"RBM10_HUMAN---SUGP1_HUMAN",-40.1274340687778,-8.27366053075527,-10.678334965712,-3.02556496098634
"RBM15_HUMAN---SUMO2_HUMAN",-38.9114029083041,13.7907092146052,6.64283532679566,-2.11809726263163
"RBM39_HUMAN---SRPK2_HUMAN",-27.370426988883,-29.5741562092263,3.39280880205494,12.8206042482935
"RBM48_HUMAN---SAT1_HUMAN",-24.682342077602,1.42840986108729,-22.7635192251335,14.7822094941253
"RBP2_HUMAN---SUMO2_HUMAN",-38.9114029083041,13.7907092146052,6.64283532679566,-2.11809726263163
"RB_HUMAN---SMCA4_HUMAN",-27.370426988883,-29.5741562092263,3.39280880205494,12.8206042482935
"REC8_HUMAN---SMC3_HUMAN",-38.6445251866386,15.1241586328022,7.6919278080987,-1.21445491467147
"RECQ4_HUMAN---TE2IP_HUMAN",-40.1274340687778,-8.27366053075527,-10.678334965712,-3.02556496098634
"RGPA1_HUMAN---TFE2_HUMAN",-40.1274340687778,-8.27366053075527,-10.678334965712,-3.02556496098634
"RL15_HUMAN---SUMO2_HUMAN",-40.1274340687778,-8.27366053075527,-10.678334965712,-3.02556496098634
"RLA1_HUMAN---SMAP_HUMAN",-40.1274340687778,-8.27366053075527,-10.678334965712,-3.02556496098634
"RLA1_HUMAN---XRCC6_HUMAN",-34.7089856712386,-6.41897213978838,-6.81646763462624,-2.87216653477333
"RNF31_HUMAN---TNFA_HUMAN",-40.1274340687778,-8.27366053075527,-10.678334965712,-3.02556496098634
"ROCK1_HUMAN-->ADDA_HUMAN",-40.1274340687778,-8.27366053075527,-10.678334965712,-3.02556496098634
"ROCK1_HUMAN-->MARCS_HUMAN",8.53308157113538,13.5889482716542,-33.2682458273516,4.97394388268262
"ROCK1_HUMAN---TS101_HUMAN",-40.1274340687778,-8.27366053075527,-10.678334965712,-3.02556496098634
"RRAS2_HUMAN---XRCC6_HUMAN",-40.1274340687778,-8.27366053075527,-10.678334965712,-3.02556496098634
"RREB1_HUMAN---SUMO2_HUMAN",-38.9114029083041,13.7907092146052,6.64283532679566,-2.11809726263163
"RSF1_HUMAN---SUMO2_HUMAN",-40.1274340687778,-8.27366053075527,-10.678334965712,-3.02556496098634
"RU17_HUMAN---SRPK1_HUMAN",-27.370426988883,-29.5741562092263,3.39280880205494,12.8206042482935
"RU17_HUMAN---ZRAB2_HUMAN",-27.370426988883,-29.5741562092263,3.39280880205494,12.8206042482935
"RUSD2_HUMAN---WRIP1_HUMAN",-5.43081462279445,-21.3204271645017,-19.827825598118,24.970960759938
"S38A2_HUMAN---STX11_HUMAN",-40.1274340687778,-8.27366053075527,-10.678334965712,-3.02556496098634
"SAT1_HUMAN---SPB1_HUMAN",-37.6061600695026,16.5319419471212,6.23383828259708,0.567881406233841
"SAT1_HUMAN---T22D4_HUMAN",-32.187964923888,11.7679106778729,6.16375364824356,-4.89804595253665
"SC16A_HUMAN---TNFA_HUMAN",-40.1274340687778,-8.27366053075527,-10.678334965712,-3.02556496098634
"SCAFB_HUMAN---SUMO2_HUMAN",-40.1274340687778,-8.27366053075527,-10.678334965712,-3.02556496098634
"SCAM3_HUMAN---TS101_HUMAN",-40.1274340687778,-8.27366053075527,-10.678334965712,-3.02556496098634
"SCFD1_HUMAN---VINC_HUMAN",-7.30793181649092,7.61095172298432,-31.3643767390809,17.7568837014458
"SENP3_HUMAN---SUMO2_HUMAN",-38.9114029083041,13.7907092146052,6.64283532679566,-2.11809726263163
"SF3A1_HUMAN---SF3A3_HUMAN",-40.1274340687778,-8.27366053075527,-10.678334965712,-3.02556496098634
"SIN3A_HUMAN---SMRC1_HUMAN",-40.1274340687778,-8.27366053075527,-10.678334965712,-3.02556496098634
"SIR1_HUMAN---XRCC6_HUMAN",-32.0559759092622,-11.1231811508746,-13.5320303027444,-7.65148216188744
"SKA1_HUMAN---SKA3_HUMAN",-40.1274340687778,-8.27366053075527,-10.678334965712,-3.02556496098634
"SMC3_HUMAN---WAPL_HUMAN",-38.6445251866386,15.1241586328022,7.6919278080987,-1.21445491467147
"SMN_HUMAN---WAP53_HUMAN",-27.370426988883,-29.5741562092263,3.39280880205494,12.8206042482935
"SMRCD_HUMAN---SUMO2_HUMAN",-40.1274340687778,-8.27366053075527,-10.678334965712,-3.02556496098634
"SMYD1_HUMAN---TTC33_HUMAN",-27.370426988883,-29.5741562092263,3.39280880205494,12.8206042482935
"SNUT1_HUMAN---SUMO2_HUMAN",-27.370426988883,-29.5741562092263,3.39280880205494,12.8206042482935
"SRPK1_HUMAN-->RBM8A_HUMAN",-27.370426988883,-29.5741562092263,3.39280880205494,12.8206042482935
"SRPK1_HUMAN---WDR55_HUMAN",-27.370426988883,-29.5741562092263,3.39280880205494,12.8206042482935
"SRPK2_HUMAN-->ACINU_HUMAN",-40.1274340687778,-8.27366053075527,-10.678334965712,-3.02556496098634
"SRRM1_HUMAN---SRRM2_HUMAN",-38.6445251866386,15.1241586328022,7.6919278080987,-1.21445491467147
"SRSF4_HUMAN---SRSF6_HUMAN",-35.1789022513627,16.8023407090051,3.08017199545164,2.87994355953482
"SSRP1_HUMAN---SUMO2_HUMAN",-40.1274340687778,-8.27366053075527,-10.678334965712,-3.02556496098634
"STAM2_HUMAN---UBP8_HUMAN",-6.89765782905464,-10.0476389099295,-22.3426467628301,-8.61087873017685
"STML2_HUMAN---TRM7_HUMAN",-40.1274340687778,-8.27366053075527,-10.678334965712,-3.02556496098634
"STRN3_HUMAN---STRN_HUMAN",21.2900886510302,-7.71154740681682,-19.1971020595846,20.8201130919625
"STRN4_HUMAN---WIPI2_HUMAN",-40.1274340687778,-8.27366053075527,-10.678334965712,-3.02556496098634
"SUMO2_HUMAN---TF3C1_HUMAN",-38.9114029083041,13.7907092146052,6.64283532679566,-2.11809726263163
"SUMO2_HUMAN---TFP11_HUMAN",-38.9114029083041,13.7907092146052,6.64283532679566,-2.11809726263163
"SUMO2_HUMAN---TIF1B_HUMAN",-27.370426988883,-29.5741562092263,3.39280880205494,12.8206042482935
"SUMO2_HUMAN---TOP2A_HUMAN",-40.1274340687778,-8.27366053075527,-10.678334965712,-3.02556496098634
"SUMO2_HUMAN---TOP2B_HUMAN",-38.9114029083041,13.7907092146052,6.64283532679566,-2.11809726263163
"SUMO2_HUMAN---TPR_HUMAN",-38.9114029083041,13.7907092146052,6.64283532679566,-2.11809726263163
"SUMO2_HUMAN---U520_HUMAN",-40.1274340687778,-8.27366053075527,-10.678334965712,-3.02556496098634
"SUMO2_HUMAN---UIMC1_HUMAN",-40.1274340687778,-8.27366053075527,-10.678334965712,-3.02556496098634
"SUMO2_HUMAN---WIZ_HUMAN",-38.9114029083041,13.7907092146052,6.64283532679566,-2.11809726263163
"SUMO2_HUMAN---XPC_HUMAN",-27.370426988883,-29.5741562092263,3.39280880205494,12.8206042482935
"SUMO2_HUMAN---Z280C_HUMAN",-38.9114029083041,13.7907092146052,6.64283532679566,-2.11809726263163
"SUMO2_HUMAN---ZBT7A_HUMAN",-40.1274340687778,-8.27366053075527,-10.678334965712,-3.02556496098634
"SUMO2_HUMAN---ZC11A_HUMAN",-27.370426988883,-29.5741562092263,3.39280880205494,12.8206042482935
"SUMO2_HUMAN---ZKSC1_HUMAN",-38.9114029083041,13.7907092146052,6.64283532679566,-2.11809726263163
"SUMO2_HUMAN---ZMYM4_HUMAN",-38.9114029083041,13.7907092146052,6.64283532679566,-2.11809726263163
"SUMO2_HUMAN---ZN318_HUMAN",-38.9114029083041,13.7907092146052,6.64283532679566,-2.11809726263163
"TE2IP_HUMAN---TERF2_HUMAN",-40.1274340687778,-8.27366053075527,-10.678334965712,-3.02556496098634
"TERF2_HUMAN---ZN703_HUMAN",-40.1274340687778,-8.27366053075527,-10.678334965712,-3.02556496098634
"TF3C1_HUMAN---TF3C4_HUMAN",-40.1274340687778,-8.27366053075527,-10.678334965712,-3.02556496098634
"TICRR_HUMAN---TOPB1_HUMAN",-40.1274340687778,-8.27366053075527,-10.678334965712,-3.02556496098634
"TIF1B_HUMAN---ZN496_HUMAN",-27.370426988883,-29.5741562092263,3.39280880205494,12.8206042482935
"TNFA_HUMAN---TRAF2_HUMAN",-33.1453607659589,-3.42110005289604,-9.19748986987339,1.94965051735777
"TNIK_HUMAN---TRAF2_HUMAN",-40.1274340687778,-8.27366053075527,-10.678334965712,-3.02556496098634
"TPC12_HUMAN---TPPC3_HUMAN",22.8935256633387,-9.52959121398714,-8.72724896427779,19.3840177914072
"TRAF2_HUMAN---UBE2N_HUMAN",-40.1274340687778,-8.27366053075527,-10.678334965712,-3.02556496098634
"TRAF2_HUMAN---UBE2O_HUMAN",8.53308157113538,13.5889482716542,-33.2682458273516,4.97394388268262
"TRI18_HUMAN---UBE2N_HUMAN",-40.1274340687778,-8.27366053075527,-10.678334965712,-3.02556496098634
"TS101_HUMAN---VRK3_HUMAN",-40.1274340687778,-8.27366053075527,-10.678334965712,-3.02556496098634
"TXLNA_HUMAN---XRN2_HUMAN",-40.1274340687778,-8.27366053075527,-10.678334965712,-3.02556496098634
"UBE2N_HUMAN---ZNRF2_HUMAN",-40.1274340687778,-8.27366053075527,-10.678334965712,-3.02556496098634
"WDR48_HUMAN---WDR70_HUMAN",-38.9114029083041,13.7907092146052,6.64283532679566,-2.11809726263163
"WNK1_HUMAN-->STK39_HUMAN",-38.9350921852444,9.76473122579356,3.7897291842498,-0.97464807967456
"ZAP70_HUMAN-->DBNL_HUMAN",-40.1274340687778,-8.27366053075527,-10.678334965712,-3.02556496098634
"ZAP70_HUMAN-->MK14_HUMAN",-36.5106231574985,-5.99495385866628,-9.79375616455727,-1.73396168818301
"1433G_HUMAN---PININ_HUMAN",36.5333200040853,-15.853227315604,-5.88096029243365,0.904057004962095
"1433G_HUMAN---UBP8_HUMAN",7.94985755228334,-9.81713724252197,7.854902140924,6.49119626250661
"AKA10_HUMAN---MYH9_HUMAN",-11.2187314628094,-37.4088031959843,13.5886064727142,-6.21179320261671
"AKT1_HUMAN-->CDK2_HUMAN",-6.02677516050515,-36.6214140673905,12.3334987220232,-10.9484111747502
"ARMX3_HUMAN---CSK21_HUMAN",-11.2187314628094,-37.4088031959843,13.5886064727142,-6.21179320261671
"ASCC1_HUMAN---JUN_HUMAN",-11.2187314628094,-37.4088031959843,13.5886064727142,-6.21179320261671
"ASCC1_HUMAN---TM87A_HUMAN",-11.2187314628094,-37.4088031959843,13.5886064727142,-6.21179320261671
"ASPM_HUMAN---P53_HUMAN",5.95106623752058,-31.1930097274304,12.9024482353906,-19.6293470479064
"AT1A1_HUMAN---CDK2_HUMAN",-9.88994715010572,-37.1710062761003,14.8063173236613,-6.84640722914319
"ATM_HUMAN-->RIF1_HUMAN",-11.2187314628094,-37.4088031959843,13.5886064727142,-6.21179320261671
"CAND1_HUMAN---CUL4B_HUMAN",10.2978949331402,-29.0236244690057,11.6410789213635,-20.2397903904148
"CAND1_HUMAN---DDX55_HUMAN",10.2978949331402,-29.0236244690057,11.6410789213635,-20.2397903904148
"CAND1_HUMAN---DHX57_HUMAN",10.2978949331402,-29.0236244690057,11.6410789213635,-20.2397903904148
"CAND1_HUMAN---HACD3_HUMAN",10.2978949331402,-29.0236244690057,11.6410789213635,-20.2397903904148
"CAND1_HUMAN---MCM9_HUMAN",10.2978949331402,-29.0236244690057,11.6410789213635,-20.2397903904148
"CAND1_HUMAN---MEPCE_HUMAN",10.2978949331402,-29.0236244690057,11.6410789213635,-20.2397903904148
"CAND1_HUMAN---PCNP_HUMAN",10.2978949331402,-29.0236244690057,11.6410789213635,-20.2397903904148
"CAND1_HUMAN---PWP1_HUMAN",10.2978949331402,-29.0236244690057,11.6410789213635,-20.2397903904148
"CAND1_HUMAN---SRP72_HUMAN",10.2978949331402,-29.0236244690057,11.6410789213635,-20.2397903904148
"CBLB_HUMAN---GRB2_HUMAN",12.2991135746642,-16.1006909213575,-13.3673578393941,-2.4383656244932
"CBL_HUMAN---GRB2_HUMAN",-17.9169851191508,-1.06341365678602,-10.2384479862754,-3.35260054622455
"CBL_HUMAN---MYH9_HUMAN",-11.2187314628094,-37.4088031959843,13.5886064727142,-6.21179320261671
"CCDC6_HUMAN---HDAC1_HUMAN",-11.2187314628094,-37.4088031959843,13.5886064727142,-6.21179320261671
"CDCA5_HUMAN---SMC3_HUMAN",-11.2187314628094,-37.4088031959843,13.5886064727142,-6.21179320261671
"CDK2_HUMAN-->AMOT_HUMAN",-9.88994715010572,-37.1710062761003,14.8063173236613,-6.84640722914319
"CDK2_HUMAN-->BAP18_HUMAN",-9.88994715010572,-37.1710062761003,14.8063173236613,-6.84640722914319
"CDK2_HUMAN-->BAZ2A_HUMAN",-9.88994715010572,-37.1710062761003,14.8063173236613,-6.84640722914319
"CDK2_HUMAN-->CT2NL_HUMAN",-9.88994715010572,-37.1710062761003,14.8063173236613,-6.84640722914319
"CDK2_HUMAN-->DNLI1_HUMAN",-9.88994715010572,-37.1710062761003,14.8063173236613,-6.84640722914319
"CDK2_HUMAN-->DNLI3_HUMAN",-9.88994715010572,-37.1710062761003,14.8063173236613,-6.84640722914319
"CDK2_HUMAN-->DNM1L_HUMAN",-9.88994715010572,-37.1710062761003,14.8063173236613,-6.84640722914319
"CDK2_HUMAN-->F122A_HUMAN",-9.88994715010572,-37.1710062761003,14.8063173236613,-6.84640722914319
"CDK2_HUMAN-->GUAA_HUMAN",-9.88994715010572,-37.1710062761003,14.8063173236613,-6.84640722914319
"CDK2_HUMAN---H1X_HUMAN",-9.88994715010572,-37.1710062761003,14.8063173236613,-6.84640722914319
"CDK2_HUMAN-->HNRL1_HUMAN",-9.88994715010572,-37.1710062761003,14.8063173236613,-6.84640722914319
"CDK2_HUMAN-->JIP4_HUMAN",-9.88994715010572,-37.1710062761003,14.8063173236613,-6.84640722914319
"CDK2_HUMAN-->LARP1_HUMAN",-9.88994715010572,-37.1710062761003,14.8063173236613,-6.84640722914319
"CDK2_HUMAN-->LMNB2_HUMAN",-9.88994715010572,-37.1710062761003,14.8063173236613,-6.84640722914319
"CDK2_HUMAN-->MARCS_HUMAN",-9.88994715010572,-37.1710062761003,14.8063173236613,-6.84640722914319
"CDK2_HUMAN-->NIPA_HUMAN",-9.88994715010572,-37.1710062761003,14.8063173236613,-6.84640722914319
"CDK2_HUMAN-->NUCKS_HUMAN",-9.88994715010572,-37.1710062761003,14.8063173236613,-6.84640722914319
"CDK2_HUMAN-->NUFP2_HUMAN",-9.88994715010572,-37.1710062761003,14.8063173236613,-6.84640722914319
"CDK2_HUMAN-->PELP1_HUMAN",-9.88994715010572,-37.1710062761003,14.8063173236613,-6.84640722914319
"CDK2_HUMAN-->PUR6_HUMAN",-9.88994715010572,-37.1710062761003,14.8063173236613,-6.84640722914319
"CDK2_HUMAN-->SRS11_HUMAN",-9.88994715010572,-37.1710062761003,14.8063173236613,-6.84640722914319
"CDK2_HUMAN-->T2FA_HUMAN",-9.88994715010572,-37.1710062761003,14.8063173236613,-6.84640722914319
"CDK2_HUMAN-->TB182_HUMAN",-9.88994715010572,-37.1710062761003,14.8063173236613,-6.84640722914319
"CDK2_HUMAN-->TCOF_HUMAN",-9.88994715010572,-37.1710062761003,14.8063173236613,-6.84640722914319
"CDK2_HUMAN-->UBE2O_HUMAN",-9.88994715010572,-37.1710062761003,14.8063173236613,-6.84640722914319
"CDK2_HUMAN-->ZCH18_HUMAN",-9.88994715010572,-37.1710062761003,14.8063173236613,-6.84640722914319
"CDK2_HUMAN-->ZN609_HUMAN",-9.88994715010572,-37.1710062761003,14.8063173236613,-6.84640722914319
"CDK5_HUMAN---HS90A_HUMAN",-4.65294956281428,-22.9118803451448,13.8674047583044,12.8267875028611
"CEBPZ_HUMAN---P53_HUMAN",5.95106623752058,-31.1930097274304,12.9024482353906,-19.6293470479064
"CHD4_HUMAN---HDAC1_HUMAN",-11.2187314628094,-37.4088031959843,13.5886064727142,-6.21179320261671
"CHIP_HUMAN---P53_HUMAN",11.1788791144925,-28.1818316449487,12.0842358394773,-17.8505537859964
"CHIP_HUMAN---PSA3_HUMAN",-8.73645008081617,-27.7366951741697,12.3048842924398,3.77489135800467
"CSK21_HUMAN---DKC1_HUMAN",-11.2187314628094,-37.4088031959843,13.5886064727142,-6.21179320261671
"CSK21_HUMAN---PRCC_HUMAN",-11.2187314628094,-37.4088031959843,13.5886064727142,-6.21179320261671
"CSK21_HUMAN---ROA2_HUMAN",-11.2187314628094,-37.4088031959843,13.5886064727142,-6.21179320261671
"CSK21_HUMAN---ZC3HD_HUMAN",5.95106623752058,-31.1930097274304,12.9024482353906,-19.6293470479064
"CT2NL_HUMAN---STRN3_HUMAN",-9.88994715010572,-37.1710062761003,14.8063173236613,-6.84640722914319
"CTF18_HUMAN---SUMO2_HUMAN",5.95106623752058,-31.1930097274304,12.9024482353906,-19.6293470479064
"CTNB1_HUMAN---DLG5_HUMAN",-11.2187314628094,-37.4088031959843,13.5886064727142,-6.21179320261671
"CTNB1_HUMAN---LAP2_HUMAN",1.66567360123,-24.6848016524978,19.2497490792452,6.53146628178293
"DC1L1_HUMAN---EIF3E_HUMAN",0.591921586965499,-32.8740363878275,3.43997476094072,-8.15457099610225
"DKC1_HUMAN---RBM34_HUMAN",-11.2187314628094,-37.4088031959843,13.5886064727142,-6.21179320261671
"DNMT1_HUMAN---HDAC1_HUMAN",-11.2187314628094,-37.4088031959843,13.5886064727142,-6.21179320261671
"EGFR_HUMAN---HGS_HUMAN",3.41546792248355,14.0741154295966,31.6005552908087,12.0690577422194
"EGFR_HUMAN---HS90B_HUMAN",-7.94373107867954,-16.4585220168931,15.2256302658058,6.59984892887525
"EGFR_HUMAN---TM1L1_HUMAN",16.6695900445844,-9.6982044639679,2.97660441865136,11.2303592066134
"FYN_HUMAN-->CAV1_HUMAN",-11.2187314628094,-37.4088031959843,13.5886064727142,-6.21179320261671
"GCP60_HUMAN---PI4KB_HUMAN",16.8309561237189,-23.5621265184154,15.4370408621946,-10.9972548971187
"GCP60_HUMAN---RUSD2_HUMAN",5.95106623752058,-31.1930097274304,12.9024482353906,-19.6293470479064
"GNL1_HUMAN---TP4A1_HUMAN",-5.3258406954902,-34.8450231242869,8.7420312921438,-9.62376597593914
"GRB2_HUMAN---KHDR1_HUMAN",-29.3843465318206,-9.36216034627607,-2.46497442337485,4.96808474671317
"H2AY_HUMAN---HDAC1_HUMAN",-11.2187314628094,-37.4088031959843,13.5886064727142,-6.21179320261671
"HDAC1_HUMAN---HDAC2_HUMAN",-7.24174448711806,-36.2119273402694,11.7280952534255,-11.2283065815692
"HDAC1_HUMAN---MKX_HUMAN",-11.2187314628094,-37.4088031959843,13.5886064727142,-6.21179320261671
"HDAC1_HUMAN---MTG8_HUMAN",10.2978949331402,-29.0236244690057,11.6410789213635,-20.2397903904148
"HDAC1_HUMAN---P53_HUMAN",5.95106623752058,-31.1930097274304,12.9024482353906,-19.6293470479064
"HDAC1_HUMAN---P66B_HUMAN",-11.2187314628094,-37.4088031959843,13.5886064727142,-6.21179320261671
"HDAC1_HUMAN---RB_HUMAN",-5.3764777073804,-35.157890000349,12.7550558080707,-11.6014391639871
"HDAC1_HUMAN---SIN3A_HUMAN",-11.2187314628094,-37.4088031959843,13.5886064727142,-6.21179320261671
"HDAC1_HUMAN---SUV91_HUMAN",-11.2187314628094,-37.4088031959843,13.5886064727142,-6.21179320261671
"HNRL1_HUMAN---PCM1_HUMAN",22.454348370196,-21.0846712275024,-2.29229115058042,9.44084183303708
"HS90A_HUMAN---HSF1_HUMAN",-11.2187314628094,-37.4088031959843,13.5886064727142,-6.21179320261671
"HS90B_HUMAN---KPCD1_HUMAN",6.90071422897077,-26.3578270067116,19.8852146850653,-0.158114305702005
"IF2B1_HUMAN---TRM7_HUMAN",-2.4591121467546,-7.72312879053472,-2.43006484640347,-36.0859595996946
"IMA3_HUMAN---P53_HUMAN",5.95106623752058,-31.1930097274304,12.9024482353906,-19.6293470479064
"ING4_HUMAN---P53_HUMAN",5.95106623752058,-31.1930097274304,12.9024482353906,-19.6293470479064
"KAP2_HUMAN---MTG8_HUMAN",10.2978949331402,-29.0236244690057,11.6410789213635,-20.2397903904148
"KIF4A_HUMAN---MMS19_HUMAN",-11.2187314628094,-37.4088031959843,13.5886064727142,-6.21179320261671
"KPCD1_HUMAN-->AKT1_HUMAN",6.90071422897077,-26.3578270067116,19.8852146850653,-0.158114305702005
"KPCD1_HUMAN-->BAD_HUMAN",6.90071422897077,-26.3578270067116,19.8852146850653,-0.158114305702005
"KPCD1_HUMAN-->COF1_HUMAN",6.90071422897077,-26.3578270067116,19.8852146850653,-0.158114305702005
"KPCD1_HUMAN-->CTNB1_HUMAN",6.90071422897077,-26.3578270067116,19.8852146850653,-0.158114305702005
"KPCD1_HUMAN---MK13_HUMAN",6.90071422897077,-26.3578270067116,19.8852146850653,-0.158114305702005
"KPCD1_HUMAN-->OSBP1_HUMAN",6.90071422897077,-26.3578270067116,19.8852146850653,-0.158114305702005
"KPCD1_HUMAN-->PI4KB_HUMAN",16.8309561237189,-23.5621265184154,15.4370408621946,-10.9972548971187
"KS6A1_HUMAN-->YBOX1_HUMAN",-16.0103005415919,-33.6533969005796,13.3008840419401,2.33794891127288
"MK13_HUMAN-->STMN1_HUMAN",-8.18487137817409,-35.8536207871784,15.0646401205401,-5.09801060255408
"MMS19_HUMAN---NUP53_HUMAN",-11.2187314628094,-37.4088031959843,13.5886064727142,-6.21179320261671
"MTG8_HUMAN---OTUD4_HUMAN",10.2978949331402,-29.0236244690057,11.6410789213635,-20.2397903904148
"MYH9_HUMAN---SVIL_HUMAN",-9.88994715010572,-37.1710062761003,14.8063173236613,-6.84640722914319
"NKAP_HUMAN---PR40A_HUMAN",-15.9665947515566,-0.574504254753875,3.0626942826249,-3.48649834091209
"NOC2L_HUMAN---PWP1_HUMAN",25.742986924316,-19.3215540771632,-0.44410533805805,-2.43201593530309
"NSF1C_HUMAN---SRP14_HUMAN",-2.4591121467546,-7.72312879053472,-2.43006484640347,-36.0859595996946
"OXSR1_HUMAN---SCFD1_HUMAN",5.95106623752058,-31.1930097274304,12.9024482353906,-19.6293470479064
"P53_HUMAN---PSME3_HUMAN",5.95106623752058,-31.1930097274304,12.9024482353906,-19.6293470479064
"P53_HUMAN---TP53B_HUMAN",5.95106623752058,-31.1930097274304,12.9024482353906,-19.6293470479064
"P53_HUMAN---TPC11_HUMAN",5.95106623752058,-31.1930097274304,12.9024482353906,-19.6293470479064
"PP1A_HUMAN---RB_HUMAN",-4.19909989067183,-28.068723577946,14.6597257568709,-2.19839836954777
"PSA3_HUMAN---PSA7_HUMAN",-11.2187314628094,-37.4088031959843,13.5886064727142,-6.21179320261671
"PSA5_HUMAN---PSA7_HUMAN",-11.2187314628094,-37.4088031959843,13.5886064727142,-6.21179320261671
"PSA7_HUMAN---SAMD1_HUMAN",-11.2187314628094,-37.4088031959843,13.5886064727142,-6.21179320261671
"Q6FIE9_HUMAN---TM1L1_HUMAN",9.51178808177251,5.84082324660311,32.3794807464658,11.8969402646428
"Q6FIE9_HUMAN---TM1L2_HUMAN",9.51178808177251,5.84082324660311,32.3794807464658,11.8969402646428
"Q6FIE9_HUMAN---WRIP1_HUMAN",8.2957569212988,-16.2235464987574,15.0583104539582,10.9894725662881
"Q6FIE9_HUMAN---XRN2_HUMAN",9.51178808177251,5.84082324660311,32.3794807464658,11.8969402646428
"RBM10_HUMAN---SF3A1_HUMAN",-15.9665947515566,-0.574504254753875,3.0626942826249,-3.48649834091209
"RB_HUMAN---TFDP1_HUMAN",5.95106623752058,-31.1930097274304,12.9024482353906,-19.6293470479064
"RNF31_HUMAN---TRI25_HUMAN",-9.96041457927578,23.6222078654118,17.8765843641634,-8.02080207502107
"SPTN1_HUMAN---TP4A1_HUMAN",-5.3258406954902,-34.8450231242869,8.7420312921438,-9.62376597593914
"SUMO2_HUMAN---ZEB1_HUMAN",-11.2187314628094,-37.4088031959843,13.5886064727142,-6.21179320261671
"TPC11_HUMAN---TPC12_HUMAN",5.95106623752058,-31.1930097274304,12.9024482353906,-19.6293470479064
"WNK1_HUMAN-->OXSR1_HUMAN",5.95106623752058,-31.1930097274304,12.9024482353906,-19.6293470479064
"1433G_HUMAN---IGF1R_HUMAN",1.69544743930753,-14.6462163325858,-22.161677144266,-8.70632270641087
"D0VY79_HUMAN---EGLN1_HUMAN",25.6630889756369,-19.41408264393,-5.34600147003814,13.4133339043435
"D0VY79_HUMAN---NAA10_HUMAN",25.6630889756369,-19.41408264393,-5.34600147003814,13.4133339043435
"D0VY79_HUMAN---PSA7_HUMAN",25.6630889756369,-19.41408264393,-5.34600147003814,13.4133339043435
"EGFR_HUMAN---PTN11_HUMAN",22.5129435420977,-16.7046214035746,-10.0880422704132,4.00929957287599
"EIF3E_HUMAN---PRC2A_HUMAN",30.8672042078627,-18.0637610943001,-8.16955624617853,3.41460366585167
"GRB2_HUMAN---PRC2A_HUMAN",30.8672042078627,-18.0637610943001,-8.16955624617853,3.41460366585167
"HDGF_HUMAN---RL35A_HUMAN",18.8966280252901,-13.7495733238511,-8.04943493842813,10.2261492546336
"IGF1R_HUMAN---PTN11_HUMAN",22.5129435420977,-16.7046214035746,-10.0880422704132,4.00929957287599
"IQGA1_HUMAN---TS101_HUMAN",29.3537230513088,-18.414885917588,-5.47898402703512,-0.988362466509297
"LMTK2_HUMAN-->PP1A_HUMAN",30.5401827168923,-17.4437458071805,-7.01747299677282,5.86003374867097
"LYAR_HUMAN---MBB1A_HUMAN",14.2431373499776,-16.7092218031987,-5.07132782075251,26.0524543330217
"TFP11_HUMAN---TPPC4_HUMAN",8.56911100997785,1.83214546328067,-30.4207213127815,-0.47403247543559
"TPC12_HUMAN---TPPC4_HUMAN",8.56911100997785,1.83214546328067,-30.4207213127815,-0.47403247543559
"ANKL2_HUMAN---MK13_HUMAN",21.979907110731,-26.1215767430794,-12.8624908993823,-5.53519130891542
"ATX1_HUMAN---COF1_HUMAN",20.6511227980272,-26.3593736629635,-14.0802017503294,-4.90057728238894
"AURKB_HUMAN-->SH24A_HUMAN",35.1537575785282,-17.5871041457798,-8.66817233913303,-0.138501658277565
"CBL_HUMAN---SHC1_HUMAN",37.9230951552901,-9.45920497778561,-2.7386576797051,1.74677243599511
"CDK1_HUMAN-->CEP55_HUMAN",37.0615967868036,-16.4000388870298,-8.41918635474789,0.834221140079303
"CDK1_HUMAN-->EPN1_HUMAN",19.5280736725878,-15.0846628639834,-24.0060100044104,-6.47066761970019
"CDK2_HUMAN-->ANKL2_HUMAN",27.3297634971331,-22.0724650290581,-11.9506614272592,0.319216588162238
"CDK5_HUMAN-->P53_HUMAN",37.0615967868036,-16.4000388870298,-8.41918635474789,0.834221140079303
"CEP55_HUMAN---TS101_HUMAN",37.0615967868036,-16.4000388870298,-8.41918635474789,0.834221140079303
"EGFR_HUMAN---IRS4_HUMAN",37.0615967868036,-16.4000388870298,-8.41918635474789,0.834221140079303
"EGFR_HUMAN-->SHC1_HUMAN",22.0811725256973,-14.445677416192,-18.8473392294512,-7.49867507581942
"EIF3E_HUMAN---NPM_HUMAN",28.0693917202907,-22.403182617684,-11.5734684615866,-3.17586179207574
"HDAC1_HUMAN---SPI1_HUMAN",30.2941364862373,-20.2514062865873,-11.7399856116714,-1.57932881083476
"HDGF_HUMAN---TCP4_HUMAN",33.4486818065966,-18.9044896347016,-8.92649513601183,-1.88689828486667
"HS90A_HUMAN---P53_HUMAN",30.1735972902236,-20.6676852863599,-7.93891745663965,-2.87978770078241
"JUN_HUMAN---MP2K7_HUMAN",18.2159581539946,-5.79615275565691,-28.4771198791276,-11.7077374939013
"MEP50_HUMAN---TBCD4_HUMAN",29.7876650944998,-18.0841690472815,-14.2527813081131,0.578874823172527
"MK01_HUMAN---MK14_HUMAN",35.1537575785282,-17.5871041457798,-8.66817233913303,-0.138501658277565
"SPI1_HUMAN---TMX1_HUMAN",30.2941364862373,-20.2514062865873,-11.7399856116714,-1.57932881083476
"SPTB2_HUMAN---SPTN1_HUMAN",24.4841700996084,-23.8119279926535,-12.9717676689067,-3.51625926272666
"AKT1_HUMAN-->HD_HUMAN",28.3474748573859,-18.2234447216735,-15.9414805978621,1.71868295420077
"AKT1_HUMAN-->PP1A_HUMAN",25.3636058448611,-1.09094086264445,-25.7384386563816,-8.34069304201431
"ATM_HUMAN---TELO2_HUMAN",30.2606974459028,-16.9203798987689,-15.203296244336,3.20476393510751
"CDK16_HUMAN---CDK5_HUMAN",28.9688853710386,-1.7664594673603,-3.25174649909425,2.61724170459983
"CSK21_HUMAN-->TEBP_HUMAN",19.163876985616,5.6365840965505,-28.9364965142979,-10.7061896952207
"DAXX_HUMAN---STAT3_HUMAN",35.1149351579522,-14.372077322116,-12.6206813409386,4.13223290511483
"DDX3X_HUMAN---EIF3B_HUMAN",24.9836188210764,1.95899904551782,-25.5445342469464,-10.5909049390582
"EIF3B_HUMAN---EIF3C_HUMAN",22.3579280780574,6.928418356355,-26.6918251087055,-11.7139363041651
"GSTP1_HUMAN---TRAF2_HUMAN",24.9962127545254,-6.81759326371552,-19.850344790754,-2.3116911034854
"JUN_HUMAN---TRAF2_HUMAN",31.3364457896976,-16.7291794849411,-14.38582624911,3.01928450662596
"JUN_HUMAN---TS101_HUMAN",31.9902133601101,-11.7749404696379,-16.6172934545905,-4.19286657766684
"RLA1_HUMAN---SAT1_HUMAN",34.8350289744074,6.23473329889978,6.72480190474663,2.81081323462762
"1433G_HUMAN---PR40A_HUMAN",26.0135614099126,5.99209820478023,-21.8547373057452,-14.6930675947541
"ABI2_HUMAN---CCD53_HUMAN",16.1113978697618,21.8324927620438,9.03488767192656,-25.7519688005145
"ACAP2_HUMAN---LMNB1_HUMAN",26.0135614099126,5.99209820478023,-21.8547373057452,-14.6930675947541
"ACINU_HUMAN---PHS_HUMAN",26.0135614099126,5.99209820478023,-21.8547373057452,-14.6930675947541
"AKT1_HUMAN-->DNMT1_HUMAN",25.9071617390941,8.61529096110931,-20.0256836121682,-14.961121388109
"AP3D1_HUMAN---HTSF1_HUMAN",27.4964702920518,29.3899173683377,-3.48447453193455,-12.8819575484393
"ARPC3_HUMAN---WASP_HUMAN",28.6392521529316,1.02267889394306,-20.7074464439861,-13.5700362296473
"AURKB_HUMAN-->DDA1_HUMAN",26.0135614099126,5.99209820478023,-21.8547373057452,-14.6930675947541
"BRD2_HUMAN---BRD7_HUMAN",26.0135614099126,5.99209820478023,-21.8547373057452,-14.6930675947541
"BRD7_HUMAN---HNRL1_HUMAN",26.0135614099126,5.99209820478023,-21.8547373057452,-14.6930675947541
"BZW2_HUMAN---PPIP1_HUMAN",28.6392521529316,1.02267889394306,-20.7074464439861,-13.5700362296473
"CBL_HUMAN---TBA1A_HUMAN",27.4964702920518,29.3899173683377,-3.48447453193455,-12.8819575484393
"CCD53_HUMAN---MCRS1_HUMAN",16.1113978697618,21.8324927620438,9.03488767192656,-25.7519688005145
"CCD53_HUMAN---NUP62_HUMAN",16.1113978697618,21.8324927620438,9.03488767192656,-25.7519688005145
"CCD53_HUMAN---OPTN_HUMAN",16.1113978697618,21.8324927620438,9.03488767192656,-25.7519688005145
"CCD53_HUMAN---PCM1_HUMAN",14.8953667092881,-0.231876983316682,-8.2862826205811,-26.6594364988692
"CDC42_HUMAN---WASP_HUMAN",28.6392521529316,1.02267889394306,-20.7074464439861,-13.5700362296473
"CDK1_HUMAN-->LMNB1_HUMAN",26.0135614099126,5.99209820478023,-21.8547373057452,-14.6930675947541
"CHD4_HUMAN---SMCA4_HUMAN",27.4964702920518,29.3899173683377,-3.48447453193455,-12.8819575484393
"CSK21_HUMAN-->HS90B_HUMAN",30.4521516391564,-4.45202653293176,-19.4899844476624,-9.63625660839076
"CSK21_HUMAN---HTSF1_HUMAN",30.34802348942,-1.78946409433513,-19.6836400024742,-11.9544383591299
"CSK21_HUMAN-->WASP_HUMAN",28.6392521529316,1.02267889394306,-20.7074464439861,-13.5700362296473
"CYTSA_HUMAN---RIPK3_HUMAN",26.0135614099126,5.99209820478023,-21.8547373057452,-14.6930675947541
"DDA1_HUMAN---PWP1_HUMAN",26.0135614099126,5.99209820478023,-21.8547373057452,-14.6930675947541
"DDX54_HUMAN---DDX55_HUMAN",22.1503894203121,5.44250599607049,-19.3819187041072,-10.5910636491471
"DESP_HUMAN---PPIP1_HUMAN",31.7809359518601,-4.21422961304768,-18.2722735967153,-10.2708706349172
"F122B_HUMAN---WDR48_HUMAN",26.0135614099126,5.99209820478023,-21.8547373057452,-14.6930675947541
"FGR_HUMAN---WASP_HUMAN",28.6392521529316,1.02267889394306,-20.7074464439861,-13.5700362296473
"HS90B_HUMAN---KKCC1_HUMAN",24.3533747903046,4.73562988793183,-22.1926808035503,-16.6282831737058
"HS90B_HUMAN---STIP1_HUMAN",26.0135614099126,5.99209820478023,-21.8547373057452,-14.6930675947541
"HS90B_HUMAN---TRAF2_HUMAN",30.4521516391564,-4.45202653293176,-19.4899844476624,-9.63625660839076
"IQGA1_HUMAN---LRC47_HUMAN",26.0135614099126,5.99209820478023,-21.8547373057452,-14.6930675947541
"KAP2_HUMAN---RBM34_HUMAN",26.0135614099126,5.99209820478023,-21.8547373057452,-14.6930675947541
"KMT2D_HUMAN---WDR82_HUMAN",26.0135614099126,5.99209820478023,-21.8547373057452,-14.6930675947541
"LIMA1_HUMAN---RIPK3_HUMAN",26.0135614099126,5.99209820478023,-21.8547373057452,-14.6930675947541
"MAGG1_HUMAN---NSE1_HUMAN",26.0135614099126,5.99209820478023,-21.8547373057452,-14.6930675947541
"MYO6_HUMAN---RIPK3_HUMAN",26.0135614099126,5.99209820478023,-21.8547373057452,-14.6930675947541
"NOVA1_HUMAN---PCBP1_HUMAN",26.0135614099126,5.99209820478023,-21.8547373057452,-14.6930675947541
"NSE1_HUMAN---SUMO2_HUMAN",26.0135614099126,5.99209820478023,-21.8547373057452,-14.6930675947541
"NUCL_HUMAN---PP1B_HUMAN",27.4964702920518,29.3899173683377,-3.48447453193455,-12.8819575484393
"PIAS1_HUMAN---SGTA_HUMAN",26.7260295644147,-0.280385928961577,-21.4456307975122,-15.056117210554
"PP1A_HUMAN---TBCB_HUMAN",27.3708082383575,3.38614673786438,-21.264373316328,-14.2666056851748
"PPIP1_HUMAN---PTN18_HUMAN",28.6392521529316,1.02267889394306,-20.7074464439861,-13.5700362296473
"PPIP1_HUMAN---RL35A_HUMAN",28.6392521529316,1.02267889394306,-20.7074464439861,-13.5700362296473
"PPIP1_HUMAN---WASP_HUMAN",28.6392521529316,1.02267889394306,-20.7074464439861,-13.5700362296473
"PR38A_HUMAN---SRPK2_HUMAN",26.0135614099126,5.99209820478023,-21.8547373057452,-14.6930675947541
"PR40A_HUMAN---VINC_HUMAN",26.0135614099126,5.99209820478023,-21.8547373057452,-14.6930675947541
"RBM5_HUMAN---U520_HUMAN",26.0135614099126,5.99209820478023,-21.8547373057452,-14.6930675947541
"RBM8A_HUMAN---SRRM2_HUMAN",27.4964702920518,29.3899173683377,-3.48447453193455,-12.8819575484393
"RIPK3_HUMAN---SPTN1_HUMAN",26.0135614099126,5.99209820478023,-21.8547373057452,-14.6930675947541
"RIPK3_HUMAN---TRAF2_HUMAN",26.0135614099126,5.99209820478023,-21.8547373057452,-14.6930675947541
"RU17_HUMAN---SRPK2_HUMAN",26.0135614099126,5.99209820478023,-21.8547373057452,-14.6930675947541
"SGTA_HUMAN---UBL7_HUMAN",28.6392521529316,1.02267889394306,-20.7074464439861,-13.5700362296473
"STK24_HUMAN---STRN3_HUMAN",26.0135614099126,5.99209820478023,-21.8547373057452,-14.6930675947541
"STK24_HUMAN---STRN4_HUMAN",26.0135614099126,5.99209820478023,-21.8547373057452,-14.6930675947541
"SUMO2_HUMAN---ZN496_HUMAN",26.0135614099126,5.99209820478023,-21.8547373057452,-14.6930675947541
"TEBP_HUMAN---WAP53_HUMAN",26.0135614099126,5.99209820478023,-21.8547373057452,-14.6930675947541
"UIMC1_HUMAN---WDR48_HUMAN",28.4348009009031,-3.09252891723976,-20.4218243560003,-13.4405193400366
"UNK_HUMAN---ZFY19_HUMAN",26.0135614099126,5.99209820478023,-21.8547373057452,-14.6930675947541
"WASP_HUMAN---WIPF2_HUMAN",28.6392521529316,1.02267889394306,-20.7074464439861,-13.5700362296473
"1433G_HUMAN---ACINU_HUMAN",40.3598770427651,5.46622893353758,8.75761554225538,3.23226545419555
"1433G_HUMAN---PPR3D_HUMAN",40.2534773719466,8.08942168986666,10.5866692358324,2.96421166084063
"1433G_HUMAN---SPN90_HUMAN",40.2534773719466,8.08942168986666,10.5866692358324,2.96421166084063
"1433G_HUMAN---TNAP3_HUMAN",39.0374462114729,-13.9749480554938,-6.73450105667528,2.05674396248593
"1433G_HUMAN---YAP1_HUMAN",40.3598770427651,5.46622893353758,8.75761554225538,3.23226545419555
"ABI2_HUMAN---MIPT3_HUMAN",30.5396885847127,-15.1342369449209,0.123116263189677,5.5814782833339
"ABL2_HUMAN-->CRK_HUMAN",40.2534773719466,8.08942168986666,10.5866692358324,2.96421166084063
"ABL2_HUMAN---PLCG1_HUMAN",40.2534773719466,8.08942168986666,10.5866692358324,2.96421166084063
"ACK1_HUMAN---BCAR1_HUMAN",38.9850334573725,10.452889533788,10.0297423634905,2.26764220531305
"ACTB_HUMAN---CBL_HUMAN",39.0374462114729,-13.9749480554938,-6.73450105667528,2.05674396248593
"ADDA_HUMAN---AT1A1_HUMAN",40.1600927727005,5.27845887173334,8.59212596131487,3.11335674428204
"ADNP_HUMAN---PLCG1_HUMAN",39.0374462114729,-13.9749480554938,-6.73450105667528,2.05674396248593
"AFAD_HUMAN---RRAS2_HUMAN",40.2534773719466,8.08942168986666,10.5866692358324,2.96421166084063
"AKA12_HUMAN---EGFR_HUMAN",30.7061333428644,-2.94205252482843,1.79676951318131,17.0294188340789
"AMOT_HUMAN---PARD3_HUMAN",40.2534773719466,8.08942168986666,10.5866692358324,2.96421166084063
"ANS1A_HUMAN---EGFR_HUMAN",39.0374462114729,-13.9749480554938,-6.73450105667528,2.05674396248593
"AR6P4_HUMAN---CSK21_HUMAN",40.2534773719466,8.08942168986666,10.5866692358324,2.96421166084063
"ARHG7_HUMAN---PAK1_HUMAN",35.8582413221828,13.4244694693906,10.0853129165664,8.44314136569223
"ARHGB_HUMAN---GSK3A_HUMAN",38.9850334573725,10.452889533788,10.0297423634905,2.26764220531305
"AT2B4_HUMAN---DLG3_HUMAN",39.9629103733408,2.72999428285804,6.68447061198346,3.20401849583754
"ATX2L_HUMAN---CDK5_HUMAN",39.0374462114729,-13.9749480554938,-6.73450105667528,2.05674396248593
"B2L11_HUMAN---KAPCA_HUMAN",39.6320668582939,-8.36756356444659,-2.10306486293552,2.06565291044157
"BAZ2A_HUMAN---DNMT1_HUMAN",39.0374462114729,-13.9749480554938,-6.73450105667528,2.05674396248593
"BCAR1_HUMAN---DOCK1_HUMAN",40.2534773719466,8.08942168986666,10.5866692358324,2.96421166084063
"BCAR1_HUMAN---ZYX_HUMAN",40.3598770427651,5.46622893353758,8.75761554225538,3.23226545419555
"BMS1_HUMAN---CSK21_HUMAN",39.0374462114729,-13.9749480554938,-6.73450105667528,2.05674396248593
"C2TA_HUMAN---IRF2_HUMAN",39.0374462114729,-13.9749480554938,-6.73450105667528,2.05674396248593
"CBL_HUMAN---FGR_HUMAN",40.2534773719466,8.08942168986666,10.5866692358324,2.96421166084063
"CCNK_HUMAN---T22D4_HUMAN",40.2534773719466,8.08942168986666,10.5866692358324,2.96421166084063
"CDK1_HUMAN-->KI67_HUMAN",40.2534773719466,8.08942168986666,10.5866692358324,2.96421166084063
"CDK1_HUMAN-->LMNA_HUMAN",39.0374462114729,-13.9749480554938,-6.73450105667528,2.05674396248593
"CDK1_HUMAN-->TOP2B_HUMAN",39.0374462114729,-13.9749480554938,-6.73450105667528,2.05674396248593
"CEBPZ_HUMAN---PEBB_HUMAN",40.2534773719466,8.08942168986666,10.5866692358324,2.96421166084063
"CP3A4_HUMAN---PGRC1_HUMAN",40.0693100441593,0.106801526528966,4.85541691840647,3.47207228919246
"CSK21_HUMAN---CXCL7_HUMAN",39.0374462114729,-13.9749480554938,-6.73450105667528,2.05674396248593
"CSK21_HUMAN---DDX21_HUMAN",39.0374462114729,-13.9749480554938,-6.73450105667528,2.05674396248593
"CSK21_HUMAN---FNBP4_HUMAN",39.0374462114729,-13.9749480554938,-6.73450105667528,2.05674396248593
"CSK21_HUMAN-->HDAC2_HUMAN",35.0604592357815,-15.1718239112088,-4.87398983738656,7.07325734143844
"CSK21_HUMAN---IF2P_HUMAN",40.2534773719466,8.08942168986666,10.5866692358324,2.96421166084063
"CSK21_HUMAN---IF4B_HUMAN",40.2534773719466,8.08942168986666,10.5866692358324,2.96421166084063
"CSK21_HUMAN---IWS1_HUMAN",39.0374462114729,-13.9749480554938,-6.73450105667528,2.05674396248593
"CSK21_HUMAN-->MRE11_HUMAN",39.0374462114729,-13.9749480554938,-6.73450105667528,2.05674396248593
"CSK21_HUMAN---NUCL_HUMAN",39.130830810719,-11.1639852373605,-4.73995778215777,1.90759887904452
"CSK21_HUMAN---PAIRB_HUMAN",39.0374462114729,-13.9749480554938,-6.73450105667528,2.05674396248593
"CSK21_HUMAN-->SMC3_HUMAN",40.2534773719466,8.08942168986666,10.5866692358324,2.96421166084063
"CTND1_HUMAN---EGFR_HUMAN",40.2534773719466,8.08942168986666,10.5866692358324,2.96421166084063
"CXCL7_HUMAN---SCFD1_HUMAN",39.0374462114729,-13.9749480554938,-6.73450105667528,2.05674396248593
"CXCL7_HUMAN---STRN4_HUMAN",39.0374462114729,-13.9749480554938,-6.73450105667528,2.05674396248593
"DDX3X_HUMAN---IF4G1_HUMAN",40.2534773719466,8.08942168986666,10.5866692358324,2.96421166084063
"DDX46_HUMAN---LMNA_HUMAN",39.0374462114729,-13.9749480554938,-6.73450105667528,2.05674396248593
"DREB_HUMAN---MARCS_HUMAN",40.2534773719466,8.08942168986666,10.5866692358324,2.96421166084063
"DYR1B_HUMAN---HIPK2_HUMAN",39.0374462114729,-13.9749480554938,-6.73450105667528,2.05674396248593
"EGFR_HUMAN---PAK1_HUMAN",39.4746893973383,-5.50058296451829,0.223980724666712,3.46316334123682
"EGFR_HUMAN---RN213_HUMAN",39.0374462114729,-13.9749480554938,-6.73450105667528,2.05674396248593
"ELF2_HUMAN---RUNX1_HUMAN",39.0374462114729,-13.9749480554938,-6.73450105667528,2.05674396248593
"EMAL4_HUMAN---NEK6_HUMAN",40.2534773719466,8.08942168986666,10.5866692358324,2.96421166084063
"FA53C_HUMAN---WNK1_HUMAN",39.0374462114729,-13.9749480554938,-6.73450105667528,2.05674396248593
"FACD2_HUMAN---MRE11_HUMAN",39.0374462114729,-13.9749480554938,-6.73450105667528,2.05674396248593
"FAK1_HUMAN-->AT2B4_HUMAN",39.9629103733408,2.72999428285804,6.68447061198346,3.20401849583754
"GLIS2_HUMAN---WNK1_HUMAN",39.9629103733408,2.72999428285804,6.68447061198346,3.20401849583754
"GRB2_HUMAN---MK09_HUMAN",40.0562949725869,5.54095710099137,8.67901388650097,3.05487341239613
"GRB2_HUMAN---PHAG1_HUMAN",40.2534773719466,8.08942168986666,10.5866692358324,2.96421166084063
"GRB2_HUMAN---WASL_HUMAN",40.2534773719466,8.08942168986666,10.5866692358324,2.96421166084063
"HACD3_HUMAN---NEK6_HUMAN",40.2534773719466,8.08942168986666,10.5866692358324,2.96421166084063
"HDAC2_HUMAN---HM20B_HUMAN",39.0374462114729,-13.9749480554938,-6.73450105667528,2.05674396248593
"HDAC2_HUMAN---RREB1_HUMAN",39.0374462114729,-13.9749480554938,-6.73450105667528,2.05674396248593
"HDAC2_HUMAN---WIZ_HUMAN",39.0374462114729,-13.9749480554938,-6.73450105667528,2.05674396248593
"HDAC2_HUMAN---ZN318_HUMAN",39.0374462114729,-13.9749480554938,-6.73450105667528,2.05674396248593
"HGS_HUMAN---SCAM3_HUMAN",40.2534773719466,8.08942168986666,10.5866692358324,2.96421166084063
"HM20B_HUMAN---KIF4A_HUMAN",39.0374462114729,-13.9749480554938,-6.73450105667528,2.05674396248593
"HNRL1_HUMAN---NUP98_HUMAN",39.0374462114729,-13.9749480554938,-6.73450105667528,2.05674396248593
"I2BP1_HUMAN---IRF2_HUMAN",39.0374462114729,-13.9749480554938,-6.73450105667528,2.05674396248593
"I2BP2_HUMAN---IRF2_HUMAN",39.0374462114729,-13.9749480554938,-6.73450105667528,2.05674396248593
"KAPCA_HUMAN-->1433Z_HUMAN",40.0693100441593,0.106801526528966,4.85541691840647,3.47207228919246
"KAPCA_HUMAN-->CDK16_HUMAN",40.0693100441593,0.106801526528966,4.85541691840647,3.47207228919246
"KAPCA_HUMAN-->CP3A4_HUMAN",40.0693100441593,0.106801526528966,4.85541691840647,3.47207228919246
"KAPCA_HUMAN-->DESP_HUMAN",40.0693100441593,0.106801526528966,4.85541691840647,3.47207228919246
"KAPCA_HUMAN-->GSK3A_HUMAN",40.0693100441593,0.106801526528966,4.85541691840647,3.47207228919246
"KAPCA_HUMAN-->KKCC1_HUMAN",40.0693100441593,0.106801526528966,4.85541691840647,3.47207228919246
"KAPCA_HUMAN-->PLSL_HUMAN",40.0693100441593,0.106801526528966,4.85541691840647,3.47207228919246
"LAP2B_HUMAN---LMNA_HUMAN",39.0374462114729,-13.9749480554938,-6.73450105667528,2.05674396248593
"LAS1L_HUMAN---PNKP_HUMAN",40.2534773719466,8.08942168986666,10.5866692358324,2.96421166084063
"LMNA_HUMAN---LMNB2_HUMAN",39.0374462114729,-13.9749480554938,-6.73450105667528,2.05674396248593
"LMNA_HUMAN---NELFE_HUMAN",39.0374462114729,-13.9749480554938,-6.73450105667528,2.05674396248593
"LMNA_HUMAN---TFP11_HUMAN",39.0374462114729,-13.9749480554938,-6.73450105667528,2.05674396248593
"LMNA_HUMAN---TOIP1_HUMAN",39.0374462114729,-13.9749480554938,-6.73450105667528,2.05674396248593
"LMNA_HUMAN---WDR70_HUMAN",39.0374462114729,-13.9749480554938,-6.73450105667528,2.05674396248593
"LMNA_HUMAN---Z280C_HUMAN",39.0374462114729,-13.9749480554938,-6.73450105667528,2.05674396248593
"LRC47_HUMAN---TNAP3_HUMAN",39.0374462114729,-13.9749480554938,-6.73450105667528,2.05674396248593
"MARK2_HUMAN-->PARD3_HUMAN",40.2534773719466,8.08942168986666,10.5866692358324,2.96421166084063
"MARK2_HUMAN---TAOK1_HUMAN",40.2534773719466,8.08942168986666,10.5866692358324,2.96421166084063
"MBB1A_HUMAN---NUCL_HUMAN",39.0374462114729,-13.9749480554938,-6.73450105667528,2.05674396248593
"MCMBP_HUMAN---SMC3_HUMAN",39.0374462114729,-13.9749480554938,-6.73450105667528,2.05674396248593
"MK01_HUMAN-->CSK21_HUMAN",38.0987685597136,3.29965904713863,10.621656440436,1.31801807729561
"MK03_HUMAN-->B2L11_HUMAN",39.0374462114729,-13.9749480554938,-6.73450105667528,2.05674396248593
"MK03_HUMAN-->C2TA_HUMAN",39.0374462114729,-13.9749480554938,-6.73450105667528,2.05674396248593
"MK03_HUMAN-->RUNX1_HUMAN",39.0374462114729,-13.9749480554938,-6.73450105667528,2.05674396248593
"MKX_HUMAN---SIN3A_HUMAN",39.0374462114729,-13.9749480554938,-6.73450105667528,2.05674396248593
"MYO6_HUMAN---RNF11_HUMAN",39.0374462114729,-13.9749480554938,-6.73450105667528,2.05674396248593
"NEK6_HUMAN---SMC3_HUMAN",40.2534773719466,8.08942168986666,10.5866692358324,2.96421166084063
"NUP98_HUMAN---TPR_HUMAN",36.976121998486,-15.9537478800885,-4.70497057755415,0.261405295499501
"OPTN_HUMAN---RNF11_HUMAN",39.0374462114729,-13.9749480554938,-6.73450105667528,2.05674396248593
"PAK1_HUMAN-->MP2K1_HUMAN",39.5680739965843,-2.68962014638496,2.21852399918422,3.31401825779541
"PAK1_HUMAN-->PGAM1_HUMAN",35.8582413221828,13.4244694693906,10.0853129165664,8.44314136569223
"PAK1_HUMAN-->STMN1_HUMAN",35.8582413221828,13.4244694693906,10.0853129165664,8.44314136569223
"PAK1_HUMAN-->TBCB_HUMAN",35.8582413221828,13.4244694693906,10.0853129165664,8.44314136569223
"PEBB_HUMAN---RUNX1_HUMAN",39.0374462114729,-13.9749480554938,-6.73450105667528,2.05674396248593
"PEBB_HUMAN---SCG1_HUMAN",40.2534773719466,8.08942168986666,10.5866692358324,2.96421166084063
"RNF11_HUMAN---RU17_HUMAN",39.0374462114729,-13.9749480554938,-6.73450105667528,2.05674396248593
"RNF11_HUMAN---TM1L2_HUMAN",39.0374462114729,-13.9749480554938,-6.73450105667528,2.05674396248593
"RNF11_HUMAN---TNAP3_HUMAN",39.0374462114729,-13.9749480554938,-6.73450105667528,2.05674396248593
"RNF11_HUMAN---UBE2O_HUMAN",39.0374462114729,-13.9749480554938,-6.73450105667528,2.05674396248593
"RNF11_HUMAN---ZFY16_HUMAN",39.0374462114729,-13.9749480554938,-6.73450105667528,2.05674396248593
"RNF31_HUMAN---TNAP3_HUMAN",39.0374462114729,-13.9749480554938,-6.73450105667528,2.05674396248593
"SCG1_HUMAN---SG223_HUMAN",40.2534773719466,8.08942168986666,10.5866692358324,2.96421166084063
"SNUT2_HUMAN---TRI25_HUMAN",40.3598770427651,5.46622893353758,8.75761554225538,3.23226545419555
"TCP4_HUMAN---TF3C1_HUMAN",39.0374462114729,-13.9749480554938,-6.73450105667528,2.05674396248593
"UBL7_HUMAN---ZYX_HUMAN",40.2534773719466,8.08942168986666,10.5866692358324,2.96421166084063
"WAP53_HUMAN---WAPL_HUMAN",40.2534773719466,8.08942168986666,10.5866692358324,2.96421166084063
"BRF2_HUMAN---MMS19_HUMAN",37.1556705930425,-15.8151248085007,-6.45807236080106,2.09542777756169
"DC1L1_HUMAN---PAIRB_HUMAN",35.0943463800557,-17.7939246330954,-4.42854188167993,0.300089110575271
"MD2L1_HUMAN---T22D4_HUMAN",35.4954839734345,-17.0715931253491,-6.79601585860613,0.160212198610023
"MEPCE_HUMAN---U520_HUMAN",36.1327114971917,-16.3861413187764,-5.88663140718156,2.08242543148058
"P53_HUMAN---SUMO2_HUMAN",37.1556705930425,-15.8151248085007,-6.45807236080106,2.09542777756169
"RBM5_HUMAN---SUMO2_HUMAN",35.0943463800557,-17.7939246330954,-4.42854188167993,0.300089110575271
"SRRM2_HUMAN---SUMO2_HUMAN",38.3717017535162,6.24924493685983,10.8630979317066,3.0028954759164
"SUMO2_HUMAN---XRCC6_HUMAN",30.6991103302919,-12.4588768535714,-4.92989820094591,5.77901881542687
"1433G_HUMAN---GRB2_HUMAN",37.0079301561457,-14.8278945879179,-10.1237180623032,2.72354833479403
"CD2AP_HUMAN---TS101_HUMAN",37.0079301561457,-14.8278945879179,-10.1237180623032,2.72354833479403
"EGFR_HUMAN---I6S2Y9_HUMAN",37.0079301561457,-14.8278945879179,-10.1237180623032,2.72354833479403
"GRB2_HUMAN---I6S2Y9_HUMAN",37.0079301561457,-14.8278945879179,-10.1237180623032,2.72354833479403
"1433G_HUMAN---NELFE_HUMAN",39.9865996502811,6.75597227166972,9.53757675452934,2.06056931288046
"1433G_HUMAN---WNK1_HUMAN",39.8024323224938,-1.22664789166798,3.80632443710343,2.56842994123229
"ACTB_HUMAN---SUMO2_HUMAN",38.088210451089,11.3278772466532,4.75649446530479,-3.39348189720775
"AKA11_HUMAN---PP1B_HUMAN",39.6557561352343,-4.34158557563492,0.750041279610349,0.922203727484495
"AT1A1_HUMAN---HGS_HUMAN",39.0377459410293,-12.5200981773011,-5.46900573613424,1.17034691060494
"CDK1_HUMAN-->GAPD1_HUMAN",39.9865996502811,6.75597227166972,9.53757675452934,2.06056931288046
"CDK5_HUMAN-->DNMT1_HUMAN",40.0929993210996,4.13277951534064,7.70852306095234,2.32862310623538
"CEBPZ_HUMAN---SUMO2_HUMAN",39.9865996502811,6.75597227166972,9.53757675452934,2.06056931288046
"CHD4_HUMAN---SUMO2_HUMAN",39.9865996502811,6.75597227166972,9.53757675452934,2.06056931288046
"CSK21_HUMAN---RU17_HUMAN",39.9865996502811,6.75597227166972,9.53757675452934,2.06056931288046
"DDX21_HUMAN---SUMO2_HUMAN",39.9865996502811,6.75597227166972,9.53757675452934,2.06056931288046
"F208A_HUMAN---SUMO2_HUMAN",39.234928340389,-9.97163358842581,-3.56135038680284,1.07968515904944
"FACD2_HUMAN---SUMO2_HUMAN",39.9865996502811,6.75597227166972,9.53757675452934,2.06056931288046
"FGR_HUMAN-->FAK1_HUMAN",38.4351665247584,-7.3797886467055,-5.62810858738543,-1.61581524048725
"FNBP4_HUMAN---SUMO2_HUMAN",38.088210451089,11.3278772466532,4.75649446530479,-3.39348189720775
"GAPD1_HUMAN---LRC47_HUMAN",39.9865996502811,6.75597227166972,9.53757675452934,2.06056931288046
"H2AY_HUMAN---SUMO2_HUMAN",39.9865996502811,6.75597227166972,9.53757675452934,2.06056931288046
"HNRL1_HUMAN---SUMO2_HUMAN",39.9865996502811,6.75597227166972,9.53757675452934,2.06056931288046
"MBB1A_HUMAN---SUMO2_HUMAN",39.9865996502811,6.75597227166972,9.53757675452934,2.06056931288046
"MCMBP_HUMAN---SUMO2_HUMAN",39.9865996502811,6.75597227166972,9.53757675452934,2.06056931288046
"MK01_HUMAN-->B2L11_HUMAN",39.3651891366285,-9.70101298264353,-3.15215734423856,1.16201056248141
"MK01_HUMAN-->NUP50_HUMAN",39.4559718651697,-4.52935563743916,0.58455169866984,0.803295017570987
"MYO6_HUMAN---TOM1_HUMAN",39.9865996502811,6.75597227166972,9.53757675452934,2.06056931288046
"NUCL_HUMAN---SUMO2_HUMAN",39.9865996502811,6.75597227166972,9.53757675452934,2.06056931288046
"NUP50_HUMAN---TOIP1_HUMAN",39.9865996502811,6.75597227166972,9.53757675452934,2.06056931288046
"OSBP1_HUMAN---PI4KA_HUMAN",39.9865996502811,6.75597227166972,9.53757675452934,2.06056931288046
"PAIRB_HUMAN---SUMO2_HUMAN",39.9865996502811,6.75597227166972,9.53757675452934,2.06056931288046
"PNKP_HUMAN---UBE2O_HUMAN",39.9865996502811,6.75597227166972,9.53757675452934,2.06056931288046
"Q6FIE9_HUMAN---TOM1_HUMAN",39.9865996502811,6.75597227166972,9.53757675452934,2.06056931288046
"RAD50_HUMAN---SUMO2_HUMAN",39.9865996502811,6.75597227166972,9.53757675452934,2.06056931288046
"SCFD1_HUMAN---XRN2_HUMAN",39.9865996502811,6.75597227166972,9.53757675452934,2.06056931288046
"SNUT2_HUMAN---SUMO2_HUMAN",39.9865996502811,6.75597227166972,9.53757675452934,2.06056931288046
"TOM1_HUMAN---ZFY16_HUMAN",39.9865996502811,6.75597227166972,9.53757675452934,2.06056931288046
"ARHG7_HUMAN---LAP2_HUMAN",34.3604407763048,-7.70802112277873,-10.775693257591,-2.84263343573185
"GRB2_HUMAN---TM1L1_HUMAN",37.6520841513941,-4.63039118585827,-3.05451458374701,-0.956001334606724
"HGS_HUMAN---TM1L1_HUMAN",37.3376560273674,-12.8836319549782,-9.19495994373719,-0.53046610968686
"HS90B_HUMAN---TEBP_HUMAN",37.3376560273674,-12.8836319549782,-9.19495994373719,-0.53046610968686
"M4K5_HUMAN---TRAF2_HUMAN",37.3376560273674,-12.8836319549782,-9.19495994373719,-0.53046610968686
"1433G_HUMAN---KLC4_HUMAN",36.7092442768206,-17.2871972982855,-5.75406305885719,-0.642237052460663
"ATRX_HUMAN---Z512B_HUMAN",27.652373789183,-21.5323726617877,5.78486114718583,-10.8132672895894
"CDC20_HUMAN---HSF1_HUMAN",36.7092442768206,-17.2871972982855,-5.75406305885719,-0.642237052460663
"CDK2_HUMAN-->DLG1_HUMAN",36.7092442768206,-17.2871972982855,-5.75406305885719,-0.642237052460663
"CDK5_HUMAN---HS90B_HUMAN",25.1391540850305,-8.70808566261733,-14.4682668942658,-8.31359608780035
"CHIP_HUMAN---HS90B_HUMAN",36.1129356973349,-16.740397354498,-5.11334948635662,-0.932064997413039
"DUS6_HUMAN---ZN212_HUMAN",36.7092442768206,-17.2871972982855,-5.75406305885719,-0.642237052460663
"EIF3E_HUMAN---SUMO2_HUMAN",36.7092442768206,-17.2871972982855,-5.75406305885719,-0.642237052460663
"ETS1_HUMAN---SUMO2_HUMAN",27.652373789183,-21.5323726617877,5.78486114718583,-10.8132672895894
"FRIH_HUMAN---IMA1_HUMAN",27.652373789183,-21.5323726617877,5.78486114718583,-10.8132672895894
"GNL1_HUMAN---ZN212_HUMAN",36.7092442768206,-17.2871972982855,-5.75406305885719,-0.642237052460663
"HDAC1_HUMAN---RFC1_HUMAN",36.7092442768206,-17.2871972982855,-5.75406305885719,-0.642237052460663
"HNRH1_HUMAN---SUMO2_HUMAN",37.7476093939566,-15.8794139839665,-7.21215258435881,1.14009926844465
"HNRH1_HUMAN---TM1L1_HUMAN",35.8991560872379,-16.9516017460254,-8.00502348834226,1.92657694031925
"HS90B_HUMAN---KS6A1_HUMAN",37.7476093939566,-15.8794139839665,-7.21215258435881,1.14009926844465
"HS90B_HUMAN---MP2K7_HUMAN",25.7690993696485,-10.9165227936795,-10.2441114773831,-3.55611433323972
"HTSF1_HUMAN---Z512B_HUMAN",22.3025174027808,-25.5814843758091,4.87303167506269,-16.667675186667
"KSR1_HUMAN---MP2K2_HUMAN",36.7092442768206,-17.2871972982855,-5.75406305885719,-0.642237052460663
"LNX1_HUMAN---TRAF2_HUMAN",36.7092442768206,-17.2871972982855,-5.75406305885719,-0.642237052460663
"MK01_HUMAN-->DUS6_HUMAN",36.7092442768206,-17.2871972982855,-5.75406305885719,-0.642237052460663
"MK01_HUMAN---MP2K2_HUMAN",36.7092442768206,-17.2871972982855,-5.75406305885719,-0.642237052460663
"MP2K2_HUMAN-->MK03_HUMAN",36.7092442768206,-17.2871972982855,-5.75406305885719,-0.642237052460663
"MYH10_HUMAN---Z512B_HUMAN",24.0075931747124,-24.2640988868872,5.1313544719415,-14.9192785600779
"PCBP1_HUMAN---PPIG_HUMAN",36.7092442768206,-17.2871972982855,-5.75406305885719,-0.642237052460663
"TERF2_HUMAN---XRCC6_HUMAN",36.7092442768206,-17.2871972982855,-5.75406305885719,-0.642237052460663
"APC_HUMAN---CYTSA_HUMAN",39.0611354884133,-9.94897006668217,-3.88139491412941,0.913294779528854
"APC_HUMAN---DLG3_HUMAN",39.0611354884133,-9.94897006668217,-3.88139491412941,0.913294779528854
"APC_HUMAN---SCRIB_HUMAN",39.0611354884133,-9.94897006668217,-3.88139491412941,0.913294779528854
"ATX2_HUMAN---PLSL_HUMAN",38.9547358175948,-7.32577731035309,-2.05234122055241,0.645240986173936
"ATX2_HUMAN---SCG1_HUMAN",38.9547358175948,-7.32577731035309,-2.05234122055241,0.645240986173936
"CDK1_HUMAN-->NUP50_HUMAN",38.8639530890535,-12.4974346555575,-5.78905026346081,1.00395653108435
"CSK21_HUMAN---Q8IZH9_HUMAN",38.9547358175948,-7.32577731035309,-2.05234122055241,0.645240986173936
"EGFR_HUMAN---SHIP2_HUMAN",39.0849966138342,-7.05515670457081,-1.64314817798813,0.727566389605899
"KKCC1_HUMAN---Q8IZH9_HUMAN",38.9547358175948,-7.32577731035309,-2.05234122055241,0.645240986173936
"PGAM1_HUMAN---PKP4_HUMAN",37.5974889891499,-4.71982584343724,-2.64270520996966,0.218779076594665
"HNRL1_HUMAN---MEPCE_HUMAN",30.5729344206995,-8.07642738328517,-7.48187223961129,2.51647632450851
"AKT1_HUMAN-->EPHA2_HUMAN",28.0920493158819,-16.1421854007279,-15.8873279099776,-8.28513119619408
"ANKL2_HUMAN---Z512B_HUMAN",33.4207121034053,-19.3575091877121,-8.69542301010145,-4.7013062825519
"AP3D1_HUMAN---MYC_HUMAN",23.3254764986317,-25.0104678655333,4.30159072144319,-16.6546728405859
"BRD3_HUMAN---MYC_HUMAN",23.3254764986317,-25.0104678655333,4.30159072144319,-16.6546728405859
"CAND1_HUMAN---SRPK2_HUMAN",35.7476093778089,-18.1914386962609,-6.64106718991595,-2.80003039791643
"CD2B2_HUMAN---U520_HUMAN",28.0920493158819,-16.1421854007279,-15.8873279099776,-8.28513119619408
"CHIP_HUMAN---KHDR1_HUMAN",34.9375211882263,-17.8558431440008,-8.89202761940102,-0.231216405136513
"CUL4B_HUMAN---VPRBP_HUMAN",32.844016104981,-18.9684397391654,-8.49426170263277,-0.496670692677078
"EGFR_HUMAN-->GAB1_HUMAN",36.7859744949449,-16.7836553819419,-8.09915671541757,-1.01769407701112
"HDAC1_HUMAN---MYC_HUMAN",23.3254764986317,-25.0104678655333,4.30159072144319,-16.6546728405859
"MA7D1_HUMAN---MYC_HUMAN",23.3254764986317,-25.0104678655333,4.30159072144319,-16.6546728405859
"MARK2_HUMAN-->RFIP2_HUMAN",23.3254764986317,-25.0104678655333,4.30159072144319,-16.6546728405859
"MYC_HUMAN---NOC2L_HUMAN",23.3254764986317,-25.0104678655333,4.30159072144319,-16.6546728405859
"MYC_HUMAN---NOL9_HUMAN",23.3254764986317,-25.0104678655333,4.30159072144319,-16.6546728405859
"NPM_HUMAN---PPIL4_HUMAN",23.3254764986317,-25.0104678655333,4.30159072144319,-16.6546728405859
"PSMG1_HUMAN---PSMG2_HUMAN",23.3254764986317,-25.0104678655333,4.30159072144319,-16.6546728405859
"PSMG2_HUMAN---S35F6_HUMAN",24.3638416157677,-23.6026845512144,2.84350119594156,-14.8723365196806
"RFIP1_HUMAN---RFIP2_HUMAN",23.3254764986317,-25.0104678655333,4.30159072144319,-16.6546728405859
"S35F6_HUMAN---SPS1_HUMAN",24.3638416157677,-23.6026845512144,2.84350119594156,-14.8723365196806
"SAT1_HUMAN---SPS1_HUMAN",24.3638416157677,-23.6026845512144,2.84350119594156,-14.8723365196806
"SEPT2_HUMAN---SEPT9_HUMAN",23.3254764986317,-25.0104678655333,4.30159072144319,-16.6546728405859
"TERF2_HUMAN---WDR4_HUMAN",23.3254764986317,-25.0104678655333,4.30159072144319,-16.6546728405859
"CDC42_HUMAN---PAK1_HUMAN",34.3753324400437,-9.97334969416681,-8.2849498572443,6.63203131937736
"EGFR_HUMAN---IQGA1_HUMAN",34.3753324400437,-9.97334969416681,-8.2849498572443,6.63203131937736
"EIF3G_HUMAN---PKN2_HUMAN",36.1448777467885,-10.3389781628536,-8.93088439973745,0.03007024941891
"FGR_HUMAN---KHDR1_HUMAN",36.1448777467885,-10.3389781628536,-8.93088439973745,0.03007024941891
"LCK_HUMAN---RHG17_HUMAN",33.1068885254695,-7.60988185024549,-8.84187672958619,5.93546186384978
"PAK1_HUMAN-->BAD_HUMAN",34.3753324400437,-9.97334969416681,-8.2849498572443,6.63203131937736
"PAK1_HUMAN-->PCBP1_HUMAN",34.3753324400437,-9.97334969416681,-8.2849498572443,6.63203131937736
"EGFR_HUMAN---KAPCA_HUMAN",39.2078116756728,-6.83403238271523,-0.825111756636326,2.55952099327665
"AMOT_HUMAN---DLG1_HUMAN",33.8795003937183,-9.04219743571961,-15.8682456469828,-5.63419368623762
"CAND1_HUMAN---PDIA6_HUMAN",37.1103818701994,-16.5648657905392,-8.12153703578338,-0.782113964425909
"CSK21_HUMAN-->P53_HUMAN",37.1103818701994,-16.5648657905392,-8.12153703578338,-0.782113964425909
"P53_HUMAN---UBE2N_HUMAN",37.1103818701994,-16.5648657905392,-8.12153703578338,-0.782113964425909
"KPCD1_HUMAN-->MARK2_HUMAN",37.1358947931858,-16.1693808442223,-5.68479043997612,-0.919062651331924
"SRPK1_HUMAN---SRSF6_HUMAN",35.3049455545315,-16.9865795498937,-3.17183772533125,-2.94129685968052
"AURKB_HUMAN-->ATM_HUMAN",36.8573459012905,-16.6114622965954,-8.52177789150442,-0.332979366380975
"AURKB_HUMAN-->HS90B_HUMAN",36.8573459012905,-16.6114622965954,-8.52177789150442,-0.332979366380975
"CUL4B_HUMAN---ROA2_HUMAN",36.8573459012905,-16.6114622965954,-8.52177789150442,-0.332979366380975
"ALDOC_HUMAN---GNL1_HUMAN",33.1227149644681,-15.157584878179,-6.18451744889323,8.27147106468158
"ALDOC_HUMAN---NSF1C_HUMAN",33.1227149644681,-15.157584878179,-6.18451744889323,8.27147106468158
"EGFR_HUMAN---STAM2_HUMAN",36.9542815188004,-14.5726046310763,-9.00156215034248,3.06415962437272
"CH10_HUMAN---EF1A1_HUMAN",37.7322033726714,-16.7161807880098,-6.32550401247669,-0.629234706379548
"CSK21_HUMAN---SPB1_HUMAN",37.7322033726714,-16.7161807880098,-6.32550401247669,-0.629234706379548
"FBLN2_HUMAN---PSMG2_HUMAN",37.7322033726714,-16.7161807880098,-6.32550401247669,-0.629234706379548
"FBLN2_HUMAN---ZYX_HUMAN",37.7322033726714,-16.7161807880098,-6.32550401247669,-0.629234706379548
"FUND2_HUMAN---UBP13_HUMAN",37.7322033726714,-16.7161807880098,-6.32550401247669,-0.629234706379548
"HSF1_HUMAN---MK01_HUMAN",37.7322033726714,-16.7161807880098,-6.32550401247669,-0.629234706379548
"HSF1_HUMAN---SUMO2_HUMAN",37.7322033726714,-16.7161807880098,-6.32550401247669,-0.629234706379548
"LAPM5_HUMAN---UBP13_HUMAN",37.7322033726714,-16.7161807880098,-6.32550401247669,-0.629234706379548
"1433G_HUMAN---HNRH1_HUMAN",36.9221151830888,-16.3805852357497,-8.57646444196176,1.93957928640037
"APC1_HUMAN---CDC20_HUMAN",33.2202841513809,-15.6694315743492,-7.43576268990934,7.59333879957082
"BAG6_HUMAN---SMN_HUMAN",33.8882550984535,-17.9357676445556,-10.0524980897877,0.825796686337747
"DAXX_HUMAN---SPOP_HUMAN",33.694941671193,-12.0464771806503,-14.5752575821334,-2.87985789716136
"MYD88_HUMAN---SPOP_HUMAN",33.694941671193,-12.0464771806503,-14.5752575821334,-2.87985789716136
"AKA12_HUMAN---DC1L1_HUMAN",30.0020124353336,-12.7498670340009,-6.21080474946372,14.7193571073679
"APC1_HUMAN---B4DL80_HUMAN",37.3040179599937,-14.0058318670489,-7.73395922817861,4.21719481495466
"B4DL80_HUMAN---MD2L1_HUMAN",37.3040179599937,-14.0058318670489,-7.73395922817861,4.21719481495466
"B4DL80_HUMAN---MDC1_HUMAN",37.3040179599937,-14.0058318670489,-7.73395922817861,4.21719481495466
"CBL_HUMAN---PTN11_HUMAN",36.8721792906153,-10.7364924987073,-12.5646758272029,-4.30094959556245
"EGFR_HUMAN---GRB10_HUMAN",37.8022019024854,-13.0577168346453,-10.088724584056,-1.5231237925938
"FYN_HUMAN-->CBL_HUMAN",36.8721792906153,-10.7364924987073,-12.5646758272029,-4.30094959556245
"FYN_HUMAN---WASP_HUMAN",36.8721792906153,-10.7364924987073,-12.5646758272029,-4.30094959556245
"GRB10_HUMAN---IGF1R_HUMAN",37.8022019024854,-13.0577168346453,-10.088724584056,-1.5231237925938
"HS90B_HUMAN---LCK_HUMAN",35.5433949779116,-10.9742894185914,-13.78238667815,-3.66633556903597
"RBMX_HUMAN---SRRM2_HUMAN",36.8721792906153,-10.7364924987073,-12.5646758272029,-4.30094959556245
"1433G_HUMAN---PAK4_HUMAN",37.5021245752333,-12.9449296297695,-8.3405204103202,0.45653215899818
"BORG1_HUMAN---RHOQ_HUMAN",37.5021245752333,-12.9449296297695,-8.3405204103202,0.45653215899818
"PKN2_HUMAN---PLCG1_HUMAN",37.5021245752333,-12.9449296297695,-8.3405204103202,0.45653215899818
"RHOQ_HUMAN---WASL_HUMAN",37.5021245752333,-12.9449296297695,-8.3405204103202,0.45653215899818
"AKA11_HUMAN---NPM_HUMAN",36.9053017100698,-16.3624348136112,-8.81055409262355,1.52623419694363
"CDK2_HUMAN-->RB_HUMAN",29.0651427447778,-18.1089028780359,-4.47722427169677,10.6447515215032
"CSK21_HUMAN-->HDAC1_HUMAN",36.9053017100698,-16.3624348136112,-8.81055409262355,1.52623419694363
"CTNB1_HUMAN---HDAC1_HUMAN",36.9053017100698,-16.3624348136112,-8.81055409262355,1.52623419694363
"GRB2_HUMAN---TS101_HUMAN",36.9053017100698,-16.3624348136112,-8.81055409262355,1.52623419694363
"H2AY_HUMAN---MEP50_HUMAN",36.9053017100698,-16.3624348136112,-8.81055409262355,1.52623419694363
"PSA3_HUMAN---ROA2_HUMAN",36.9053017100698,-16.3624348136112,-8.81055409262355,1.52623419694363
"BCAR1_HUMAN---CD2AP_HUMAN",38.9677508891672,-12.7599328848155,-5.87593818864691,1.06243986297026
"CBL_HUMAN---MK08_HUMAN",38.9677508891672,-12.7599328848155,-5.87593818864691,1.06243986297026
"CRKL_HUMAN---MK01_HUMAN",38.9677508891672,-12.7599328848155,-5.87593818864691,1.06243986297026
"EGFR_HUMAN---STA5A_HUMAN",38.9677508891672,-12.7599328848155,-5.87593818864691,1.06243986297026
"MK08_HUMAN-->1433Z_HUMAN",38.9677508891672,-12.7599328848155,-5.87593818864691,1.06243986297026
"MK08_HUMAN-->4ET_HUMAN",38.9677508891672,-12.7599328848155,-5.87593818864691,1.06243986297026
"MK08_HUMAN-->STAT3_HUMAN",38.9677508891672,-12.7599328848155,-5.87593818864691,1.06243986297026
"MK01_HUMAN---SHC1_HUMAN",39.0980116854066,-12.4893122790332,-5.46674514608264,1.14476526640223
"SHC1_HUMAN---SHIP2_HUMAN",39.0980116854066,-12.4893122790332,-5.46674514608264,1.14476526640223
"CDK2_HUMAN---HS90A_HUMAN",34.9073965002069,-15.8579896824005,-5.31077493634024,5.25510556013277
"LNX1_HUMAN---RBMX_HUMAN",23.3217727343872,-18.7038221950147,5.85479886078895,-0.632047810938526
"A8K3M3_HUMAN---BCAR1_HUMAN",37.4417841771037,-15.5461943935749,-9.00130438892541,1.78771564105225
"A8K3M3_HUMAN---CSK21_HUMAN",37.4417841771037,-15.5461943935749,-9.00130438892541,1.78771564105225
"A8K3M3_HUMAN---EGFR_HUMAN",37.4417841771037,-15.5461943935749,-9.00130438892541,1.78771564105225
"A8K3M3_HUMAN---IGF1R_HUMAN",37.4417841771037,-15.5461943935749,-9.00130438892541,1.78771564105225
"CSK21_HUMAN---PSA3_HUMAN",35.2447327706819,-16.6022653519692,-9.7257776648968,2.57190461410631
"MAPK5_HUMAN---MK13_HUMAN",37.4417841771037,-15.5461943935749,-9.00130438892541,1.78771564105225
"MK09_HUMAN-->MAPK5_HUMAN",37.4417841771037,-15.5461943935749,-9.00130438892541,1.78771564105225
"ML12A_HUMAN---SVIL_HUMAN",37.4417841771037,-15.5461943935749,-9.00130438892541,1.78771564105225
"CHIP_HUMAN---TRAF2_HUMAN",36.5735170833856,-16.3644684320851,-8.50806681394971,1.93729058757983
"CTNB1_HUMAN---PAXI_HUMAN",36.5735170833856,-16.3644684320851,-8.50806681394971,1.93729058757983
"DC1L1_HUMAN---MD2L1_HUMAN",34.6131245254757,-16.1607612667281,-2.85052470179196,-1.06762146699072
"EGFR_HUMAN---STIP1_HUMAN",36.862729281532,-16.4954627324408,-8.03257952236345,0.180378816168895
"GRB2_HUMAN---UBP8_HUMAN",36.862729281532,-16.4954627324408,-8.03257952236345,0.180378816168895
"HGS_HUMAN---MEP50_HUMAN",36.862729281532,-16.4954627324408,-8.03257952236345,0.180378816168895
"AKT1_HUMAN-->ACINU_HUMAN",38.664168818989,-12.6852047173617,-5.95453984440132,0.885047821170845
"AT1A1_HUMAN---EGFR_HUMAN",38.664168818989,-12.6852047173617,-5.95453984440132,0.885047821170845
"KAP2_HUMAN---Q8IZH9_HUMAN",38.664168818989,-12.6852047173617,-5.95453984440132,0.885047821170845
"GSK3A_HUMAN---HS90B_HUMAN",37.0654927178758,-16.6257829626126,-8.04191633485712,-0.59529501206334
"HS90A_HUMAN---LCK_HUMAN",37.0654927178758,-16.6257829626126,-8.04191633485712,-0.59529501206334
"KSYK_HUMAN---MYD88_HUMAN",37.0654927178758,-16.6257829626126,-8.04191633485712,-0.59529501206334
"LCK_HUMAN-->CBL_HUMAN",37.0654927178758,-16.6257829626126,-8.04191633485712,-0.59529501206334
"XRCC6_HUMAN---Z512B_HUMAN",37.0654927178758,-16.6257829626126,-8.04191633485712,-0.59529501206334
