"","V1","V2","V3","V4","V5","V6","V7","V8","V9","V10"
"1433G_HUMAN---3BP5L_HUMAN",-40.4078865235931,-12.2154500266598,11.4269697406001,2.43370119362994,-0.309582837119612,0.0853301645093998,0.0714291603440328,-0.0796003780378803,-0.0670804325811615,-0.114029188019729
"1433G_HUMAN---AFAD_HUMAN",-39.1233716439301,18.1956200929582,-6.63315124961885,1.56857703428075,0.8182114885845,0.482046746319296,0.190506741642296,0.937313923459402,0.0657738923987374,0.793611232950291
"1433G_HUMAN---ANS1A_HUMAN",-39.1233716439301,18.1956200929582,-6.63315124961885,1.56857703428075,0.8182114885845,0.482046746319296,0.190506741642296,0.937313923459402,0.0657738923987374,0.793611232950291
"1433G_HUMAN---ARHG7_HUMAN",-34.9983759985846,-8.02757911306729,3.58398962747105,7.64204956685002,9.06053395819384,-1.84566099336815,3.37296677733235,3.28263213408776,3.01766153200454,7.26752556503433
"1433G_HUMAN---BCLF1_HUMAN",-39.1233716439301,18.1956200929582,-6.63315124961885,1.56857703428075,0.8182114885845,0.482046746319296,0.190506741642296,0.937313923459402,0.0657738923987374,0.793611232950291
"1433G_HUMAN---CDK16_HUMAN",-40.43400488049,-2.63252859075288,6.16014918724107,2.55347400195148,0.902373466180345,0.324574849243784,3.21496709234637,-7.5288253995038,-1.41064971584199,-6.53770169351177
"1433G_HUMAN---CLAP1_HUMAN",-39.1233716439301,18.1956200929582,-6.63315124961885,1.56857703428075,0.8182114885845,0.482046746319296,0.190506741642296,0.937313923459402,0.0657738923987374,0.793611232950291
"1433G_HUMAN---CRTC2_HUMAN",-40.4078865235931,-12.2154500266598,11.4269697406001,2.43370119362994,-0.309582837119612,0.0853301645093998,0.0714291603440328,-0.0796003780378803,-0.0670804325811615,-0.114029188019729
"1433G_HUMAN---DYR1A_HUMAN",-40.4078865235931,-12.2154500266598,11.4269697406001,2.43370119362994,-0.309582837119612,0.0853301645093998,0.0714291603440328,-0.0796003780378803,-0.0670804325811615,-0.114029188019729
"1433G_HUMAN---E41L2_HUMAN",-39.1233716439301,18.1956200929582,-6.63315124961885,1.56857703428075,0.8182114885845,0.482046746319296,0.190506741642296,0.937313923459402,0.0657738923987374,0.793611232950291
"1433G_HUMAN---EDC3_HUMAN",-40.4078865235931,-12.2154500266598,11.4269697406001,2.43370119362994,-0.309582837119612,0.0853301645093998,0.0714291603440328,-0.0796003780378803,-0.0670804325811615,-0.114029188019729
"1433G_HUMAN---FA53C_HUMAN",-39.1233716439301,18.1956200929582,-6.63315124961885,1.56857703428075,0.8182114885845,0.482046746319296,0.190506741642296,0.937313923459402,0.0657738923987374,0.793611232950291
"1433G_HUMAN---GSK3A_HUMAN",-40.43400488049,-2.63252859075288,6.16014918724107,2.55347400195148,0.902373466180345,0.324574849243784,3.21496709234637,-7.5288253995038,-1.41064971584199,-6.53770169351177
"1433G_HUMAN---HDAC4_HUMAN",-27.6952134347889,-27.4245789403217,-11.3685332284529,-15.0425116387285,-1.31766383518798,3.69485846171447,1.03661248489626,-0.994529630209571,1.30060729985591,0.728900456006741
"1433G_HUMAN---LARP1_HUMAN",9.71832218676364,33.160458196037,21.7623069065944,-10.1654845220559,-4.26132747359133,8.8132515372427,-0.0662005662078754,-2.28689910280938,0.823876299065184,1.25474198625435
"1433G_HUMAN---LSR_HUMAN",-39.1233716439301,18.1956200929582,-6.63315124961885,1.56857703428075,0.8182114885845,0.482046746319296,0.190506741642296,0.937313923459402,0.0657738923987374,0.793611232950291
"1433G_HUMAN---MARK2_HUMAN",-37.4309824691371,19.0542179567313,-5.25408091393332,-0.437489726624252,1.91359384968507,-1.92209418866188,-0.848533608391536,2.00161145645188,-1.26648052517693,1.10492218234606
"1433G_HUMAN---MFAP1_HUMAN",-40.4078865235931,-12.2154500266598,11.4269697406001,2.43370119362994,-0.309582837119612,0.0853301645093998,0.0714291603440328,-0.0796003780378803,-0.0670804325811615,-0.114029188019729
"1433G_HUMAN---PANK2_HUMAN",-39.1233716439301,18.1956200929582,-6.63315124961885,1.56857703428075,0.8182114885845,0.482046746319296,0.190506741642296,0.937313923459402,0.0657738923987374,0.793611232950291
"1433G_HUMAN---PPIG_HUMAN",-39.1233716439301,18.1956200929582,-6.63315124961885,1.56857703428075,0.8182114885845,0.482046746319296,0.190506741642296,0.937313923459402,0.0657738923987374,0.793611232950291
"1433G_HUMAN---PRP4B_HUMAN",-39.1233716439301,18.1956200929582,-6.63315124961885,1.56857703428075,0.8182114885845,0.482046746319296,0.190506741642296,0.937313923459402,0.0657738923987374,0.793611232950291
"1433G_HUMAN---SMAG2_HUMAN",-39.1233716439301,18.1956200929582,-6.63315124961885,1.56857703428075,0.8182114885845,0.482046746319296,0.190506741642296,0.937313923459402,0.0657738923987374,0.793611232950291
"1433G_HUMAN---SON_HUMAN",-40.4078865235931,-12.2154500266598,11.4269697406001,2.43370119362994,-0.309582837119612,0.0853301645093998,0.0714291603440328,-0.0796003780378803,-0.0670804325811615,-0.114029188019729
"1433G_HUMAN---SRPK1_HUMAN",-27.6952134347889,-27.4245789403217,-11.3685332284529,-15.0425116387285,-1.31766383518798,3.69485846171447,1.03661248489626,-0.994529630209571,1.30060729985591,0.728900456006741
"1433G_HUMAN---SRRM2_HUMAN",-35.2681733350815,19.5314750166386,-3.74568690674225,1.00189692925339,2.35524293662642,2.28314712039593,0.484061352968767,1.14096377125339,-5.78591550543057,3.73088320338562
"1433G_HUMAN---TR150_HUMAN",-40.4078865235931,-12.2154500266598,11.4269697406001,2.43370119362994,-0.309582837119612,0.0853301645093998,0.0714291603440328,-0.0796003780378803,-0.0670804325811615,-0.114029188019729
"1433G_HUMAN---TRA2A_HUMAN",-39.1233716439301,18.1956200929582,-6.63315124961885,1.56857703428075,0.8182114885845,0.482046746319296,0.190506741642296,0.937313923459402,0.0657738923987374,0.793611232950291
"1433G_HUMAN---ZCH18_HUMAN",9.71832218676364,33.160458196037,21.7623069065944,-10.1654845220559,-4.26132747359133,8.8132515372427,-0.0662005662078754,-2.28689910280938,0.823876299065184,1.25474198625435
"1433G_HUMAN---ZN638_HUMAN",-39.1233716439301,18.1956200929582,-6.63315124961885,1.56857703428075,0.8182114885845,0.482046746319296,0.190506741642296,0.937313923459402,0.0657738923987374,0.793611232950291
"1433G_HUMAN---ZO2_HUMAN",-39.1233716439301,18.1956200929582,-6.63315124961885,1.56857703428075,0.8182114885845,0.482046746319296,0.190506741642296,0.937313923459402,0.0657738923987374,0.793611232950291
"3BP5L_HUMAN---EYA4_HUMAN",-40.4078865235931,-12.2154500266598,11.4269697406001,2.43370119362994,-0.309582837119612,0.0853301645093998,0.0714291603440328,-0.0796003780378803,-0.0670804325811615,-0.114029188019729
"4ET_HUMAN---ATX1_HUMAN",-40.4078865235931,-12.2154500266598,11.4269697406001,2.43370119362994,-0.309582837119612,0.0853301645093998,0.0714291603440328,-0.0796003780378803,-0.0670804325811615,-0.114029188019729
"A8K015_HUMAN---STAT3_HUMAN",-23.2162108741294,-20.3425102963743,-1.44305433064678,-8.90541278980604,-20.0093201097792,2.83775636763383,3.92730205755121,1.82164723325494,-13.7724965801367,-3.59671220325012
"A8K015_HUMAN---TMX1_HUMAN",-23.2162108741294,-20.3425102963743,-1.44305433064678,-8.90541278980604,-20.0093201097792,2.83775636763383,3.92730205755121,1.82164723325494,-13.7724965801367,-3.59671220325012
"AAGAB_HUMAN---EIF3C_HUMAN",-40.4078865235931,-12.2154500266598,11.4269697406001,2.43370119362994,-0.309582837119612,0.0853301645093998,0.0714291603440328,-0.0796003780378803,-0.0670804325811615,-0.114029188019729
"AAPK2_HUMAN-->ACACA_HUMAN",-40.4078865235931,-12.2154500266598,11.4269697406001,2.43370119362994,-0.309582837119612,0.0853301645093998,0.0714291603440328,-0.0796003780378803,-0.0670804325811615,-0.114029188019729
"AAPK2_HUMAN---AMOT_HUMAN",-40.4078865235931,-12.2154500266598,11.4269697406001,2.43370119362994,-0.309582837119612,0.0853301645093998,0.0714291603440328,-0.0796003780378803,-0.0670804325811615,-0.114029188019729
"AAPK2_HUMAN---C170B_HUMAN",-40.4078865235931,-12.2154500266598,11.4269697406001,2.43370119362994,-0.309582837119612,0.0853301645093998,0.0714291603440328,-0.0796003780378803,-0.0670804325811615,-0.114029188019729
"ABI2_HUMAN---PCM1_HUMAN",-15.2236744246479,-22.0312012501106,-1.72628354005627,-27.3126463674337,8.64397572197717,-3.67285947906456,-12.4785626326115,-1.8321588304639,1.13056817727973,-3.45103226678394
"ABI2_HUMAN---VINC_HUMAN",8.51666262462731,-17.1529401940633,9.52833321671455,-24.9435470429255,11.0867826868242,18.7299020881999,-5.68493493706271,-2.67395193187054,-5.08743456094061,-3.01345792144471
"ABLM1_HUMAN---T22D4_HUMAN",-39.1233716439301,18.1956200929582,-6.63315124961885,1.56857703428075,0.8182114885845,0.482046746319296,0.190506741642296,0.937313923459402,0.0657738923987374,0.793611232950291
"ACAP2_HUMAN---CBX1_HUMAN",-27.6952134347889,-27.4245789403217,-11.3685332284529,-15.0425116387285,-1.31766383518798,3.69485846171447,1.03661248489626,-0.994529630209571,1.30060729985591,0.728900456006741
"ACK1_HUMAN---CDC42_HUMAN",-39.149019452096,-14.0737149383238,9.40536304835545,1.03616334759632,0.396681746186949,0.00537498366459109,0.707551679951077,-2.76703177616083,4.77076058891077,0.90218250557865
"ACLY_HUMAN---HGS_HUMAN",-40.4078865235931,-12.2154500266598,11.4269697406001,2.43370119362994,-0.309582837119612,0.0853301645093998,0.0714291603440328,-0.0796003780378803,-0.0670804325811615,-0.114029188019729
"ACTB_HUMAN---KHDR1_HUMAN",-38.1622384854993,-15.4559229587259,5.6486765059118,-3.16242443275327,-2.666266080726,1.99627275393966,1.2060831172674,4.58517267604146,-1.97856351843198,-3.74310682860129
"ACTB_HUMAN---MIPT3_HUMAN",-39.1233716439301,18.1956200929582,-6.63315124961885,1.56857703428075,0.8182114885845,0.482046746319296,0.190506741642296,0.937313923459402,0.0657738923987374,0.793611232950291
"ACTB_HUMAN---PRSR2_HUMAN",-40.4078865235931,-12.2154500266598,11.4269697406001,2.43370119362994,-0.309582837119612,0.0853301645093998,0.0714291603440328,-0.0796003780378803,-0.0670804325811615,-0.114029188019729
"ACTB_HUMAN---SVIL_HUMAN",11.4353905384698,32.9141528597851,21.2378218343217,-7.84281310660009,-7.38226544506098,9.27512920535897,0.208491301834823,2.61877126675529,0.798950971220662,-0.950126758104381
"ADCY6_HUMAN---ATX1_HUMAN",-27.6952134347889,-27.4245789403217,-11.3685332284529,-15.0425116387285,-1.31766383518798,3.69485846171447,1.03661248489626,-0.994529630209571,1.30060729985591,0.728900456006741
"ADNP_HUMAN---SUMO2_HUMAN",-39.5391423030462,15.7151675810913,-5.37388191853687,2.09487798190377,0.929095108937752,0.207257891738002,3.85023416369123,-4.96905834023914,-0.215678725965235,-2.32784915548639
"ADT1_HUMAN---B2L13_HUMAN",-40.4078865235931,-12.2154500266598,11.4269697406001,2.43370119362994,-0.309582837119612,0.0853301645093998,0.0714291603440328,-0.0796003780378803,-0.0670804325811615,-0.114029188019729
"AFAD_HUMAN---DREB_HUMAN",-39.1233716439301,18.1956200929582,-6.63315124961885,1.56857703428075,0.8182114885845,0.482046746319296,0.190506741642296,0.937313923459402,0.0657738923987374,0.793611232950291
"AFAD_HUMAN---ZO1_HUMAN",-39.1233716439301,18.1956200929582,-6.63315124961885,1.56857703428075,0.8182114885845,0.482046746319296,0.190506741642296,0.937313923459402,0.0657738923987374,0.793611232950291
"AFTIN_HUMAN---GGA3_HUMAN",-40.4078865235931,-12.2154500266598,11.4269697406001,2.43370119362994,-0.309582837119612,0.0853301645093998,0.0714291603440328,-0.0796003780378803,-0.0670804325811615,-0.114029188019729
"AHNK_HUMAN---SUMO2_HUMAN",-40.4078865235931,-12.2154500266598,11.4269697406001,2.43370119362994,-0.309582837119612,0.0853301645093998,0.0714291603440328,-0.0796003780378803,-0.0670804325811615,-0.114029188019729
"AKA10_HUMAN---NHRF1_HUMAN",10.1508756588069,2.50308274016705,39.2979428245407,-6.9776889472509,-8.5100597707651,8.87841262354907,0.0894137205365572,1.601856965258,0.666096646240764,-1.8577671790744
"AKA11_HUMAN---KAP2_HUMAN",-39.1233716439301,18.1956200929582,-6.63315124961885,1.56857703428075,0.8182114885845,0.482046746319296,0.190506741642296,0.937313923459402,0.0657738923987374,0.793611232950291
"AKA11_HUMAN---PP1A_HUMAN",-1.47191404944005,-2.79125187363812,31.9867903329837,-3.91337668394706,7.44240768560307,-11.5240885687334,9.8205730729292,2.62214282193476,-0.719353481467814,-5.63737795842609
"AKA12_HUMAN---KAP2_HUMAN",-39.1233716439301,18.1956200929582,-6.63315124961885,1.56857703428075,0.8182114885845,0.482046746319296,0.190506741642296,0.937313923459402,0.0657738923987374,0.793611232950291
"AKAP1_HUMAN---KAP2_HUMAN",-39.1233716439301,18.1956200929582,-6.63315124961885,1.56857703428075,0.8182114885845,0.482046746319296,0.190506741642296,0.937313923459402,0.0657738923987374,0.793611232950291
"AKAP2_HUMAN---KAP2_HUMAN",-39.1233716439301,18.1956200929582,-6.63315124961885,1.56857703428075,0.8182114885845,0.482046746319296,0.190506741642296,0.937313923459402,0.0657738923987374,0.793611232950291
"AKT1_HUMAN-->1433Z_HUMAN",-40.7234007307122,-8.69280576041889,9.56409061533782,2.71879046808809,0.901294300358402,0.2269079425419,2.01300779406,-1.38693551852148,-2.13472988934886,-2.71989101516187
"AKT1_HUMAN-->ATX1_HUMAN",-40.4078865235931,-12.2154500266598,11.4269697406001,2.43370119362994,-0.309582837119612,0.0853301645093998,0.0714291603440328,-0.0796003780378803,-0.0670804325811615,-0.114029188019729
"AKT1_HUMAN-->HJURP_HUMAN",-40.7234007307122,-8.69280576041889,9.56409061533782,2.71879046808809,0.901294300358402,0.2269079425419,2.01300779406,-1.38693551852148,-2.13472988934886,-2.71989101516187
"AKT1_HUMAN-->PALLD_HUMAN",-40.7234007307122,-8.69280576041889,9.56409061533782,2.71879046808809,0.901294300358402,0.2269079425419,2.01300779406,-1.38693551852148,-2.13472988934886,-2.71989101516187
"AKT1_HUMAN-->PDCD4_HUMAN",-40.7234007307122,-8.69280576041889,9.56409061533782,2.71879046808809,0.901294300358402,0.2269079425419,2.01300779406,-1.38693551852148,-2.13472988934886,-2.71989101516187
"AKT1_HUMAN-->RANB3_HUMAN",-40.7234007307122,-8.69280576041889,9.56409061533782,2.71879046808809,0.901294300358402,0.2269079425419,2.01300779406,-1.38693551852148,-2.13472988934886,-2.71989101516187
"AKT1_HUMAN-->SRPK2_HUMAN",-40.4078865235931,-12.2154500266598,11.4269697406001,2.43370119362994,-0.309582837119612,0.0853301645093998,0.0714291603440328,-0.0796003780378803,-0.0670804325811615,-0.114029188019729
"AKT1_HUMAN-->TBCD1_HUMAN",-40.4078865235931,-12.2154500266598,11.4269697406001,2.43370119362994,-0.309582837119612,0.0853301645093998,0.0714291603440328,-0.0796003780378803,-0.0670804325811615,-0.114029188019729
"AKT1_HUMAN-->TBCD4_HUMAN",-40.4078865235931,-12.2154500266598,11.4269697406001,2.43370119362994,-0.309582837119612,0.0853301645093998,0.0714291603440328,-0.0796003780378803,-0.0670804325811615,-0.114029188019729
"AKT1_HUMAN-->WNK1_HUMAN",-40.7234007307122,-8.69280576041889,9.56409061533782,2.71879046808809,0.901294300358402,0.2269079425419,2.01300779406,-1.38693551852148,-2.13472988934886,-2.71989101516187
"AKT1_HUMAN-->YAP1_HUMAN",-40.7234007307122,-8.69280576041889,9.56409061533782,2.71879046808809,0.901294300358402,0.2269079425419,2.01300779406,-1.38693551852148,-2.13472988934886,-2.71989101516187
"AKT1_HUMAN-->YBOX1_HUMAN",15.3889039132994,0.695181588229119,37.3982840389837,1.23084442661315,-0.223695293829339,7.38190146919871,2.80672689041248,4.0837358183682,1.0991544768292,-0.292970390737935
"AKT1_HUMAN-->ZYX_HUMAN",-40.7234007307122,-8.69280576041889,9.56409061533782,2.71879046808809,0.901294300358402,0.2269079425419,2.01300779406,-1.38693551852148,-2.13472988934886,-2.71989101516187
"AMOT_HUMAN---FOXK1_HUMAN",-40.4078865235931,-12.2154500266598,11.4269697406001,2.43370119362994,-0.309582837119612,0.0853301645093998,0.0714291603440328,-0.0796003780378803,-0.0670804325811615,-0.114029188019729
"AMOT_HUMAN---MPP5_HUMAN",-40.4078865235931,-12.2154500266598,11.4269697406001,2.43370119362994,-0.309582837119612,0.0853301645093998,0.0714291603440328,-0.0796003780378803,-0.0670804325811615,-0.114029188019729
"AMOT_HUMAN---RHG17_HUMAN",-40.4078865235931,-12.2154500266598,11.4269697406001,2.43370119362994,-0.309582837119612,0.0853301645093998,0.0714291603440328,-0.0796003780378803,-0.0670804325811615,-0.114029188019729
"ANXA2_HUMAN---TRM7_HUMAN",-40.4078865235931,-12.2154500266598,11.4269697406001,2.43370119362994,-0.309582837119612,0.0853301645093998,0.0714291603440328,-0.0796003780378803,-0.0670804325811615,-0.114029188019729
"AP3D1_HUMAN---CTNB1_HUMAN",-11.6106407060806,-20.5439850813574,0.727442619476621,-29.016106120637,1.41316473318035,-13.9651355685272,-4.51156235599703,1.8192798799981,7.54561137143512,-4.69255843822383
"AR6P4_HUMAN---ARL6_HUMAN",-39.1233716439301,18.1956200929582,-6.63315124961885,1.56857703428075,0.8182114885845,0.482046746319296,0.190506741642296,0.937313923459402,0.0657738923987374,0.793611232950291
"AR6P4_HUMAN---SRPK2_HUMAN",-40.4078865235931,-12.2154500266598,11.4269697406001,2.43370119362994,-0.309582837119612,0.0853301645093998,0.0714291603440328,-0.0796003780378803,-0.0670804325811615,-0.114029188019729
"AR6P6_HUMAN---ARL6_HUMAN",-39.1233716439301,18.1956200929582,-6.63315124961885,1.56857703428075,0.8182114885845,0.482046746319296,0.190506741642296,0.937313923459402,0.0657738923987374,0.793611232950291
"ARHG5_HUMAN---CRKL_HUMAN",-39.1233716439301,18.1956200929582,-6.63315124961885,1.56857703428075,0.8182114885845,0.482046746319296,0.190506741642296,0.937313923459402,0.0657738923987374,0.793611232950291
"ARHG7_HUMAN---CBL_HUMAN",33.8428445809699,-6.66245029385264,3.19041226397827,-1.25081292739447,-0.819317419784799,1.9198383486903,0.374410560471296,-7.51415678588742,1.13280684864887,-7.88569226123721
"ARHG7_HUMAN---GIT1_HUMAN",-40.4078865235931,-12.2154500266598,11.4269697406001,2.43370119362994,-0.309582837119612,0.0853301645093998,0.0714291603440328,-0.0796003780378803,-0.0670804325811615,-0.114029188019729
"ARHG7_HUMAN---NAA10_HUMAN",-14.3160693532295,-25.707080876625,-8.39953271414789,-7.38340903185748,-3.76555710180857,21.7860797049624,2.16876114482473,6.50947112154449,7.62200422791428,-7.60754316537957
"ARHG7_HUMAN---SCRIB_HUMAN",-39.1233716439301,18.1956200929582,-6.63315124961885,1.56857703428075,0.8182114885845,0.482046746319296,0.190506741642296,0.937313923459402,0.0657738923987374,0.793611232950291
"ARHGB_HUMAN---CDC42_HUMAN",-39.149019452096,-14.0737149383238,9.40536304835545,1.03616334759632,0.396681746186949,0.00537498366459109,0.707551679951077,-2.76703177616083,4.77076058891077,0.90218250557865
"ARIP4_HUMAN---SUMO2_HUMAN",-40.4078865235931,-12.2154500266598,11.4269697406001,2.43370119362994,-0.309582837119612,0.0853301645093998,0.0714291603440328,-0.0796003780378803,-0.0670804325811615,-0.114029188019729
"ARL4D_HUMAN---EMAL4_HUMAN",-40.4078865235931,-12.2154500266598,11.4269697406001,2.43370119362994,-0.309582837119612,0.0853301645093998,0.0714291603440328,-0.0796003780378803,-0.0670804325811615,-0.114029188019729
"ARL4D_HUMAN---PGAM1_HUMAN",-40.4078865235931,-12.2154500266598,11.4269697406001,2.43370119362994,-0.309582837119612,0.0853301645093998,0.0714291603440328,-0.0796003780378803,-0.0670804325811615,-0.114029188019729
"ARP8_HUMAN---TFPT_HUMAN",-40.4078865235931,-12.2154500266598,11.4269697406001,2.43370119362994,-0.309582837119612,0.0853301645093998,0.0714291603440328,-0.0796003780378803,-0.0670804325811615,-0.114029188019729
"ARPC3_HUMAN---BAG6_HUMAN",-30.3783793752314,-23.8168797363989,-7.17735218462974,-12.7119685230965,-3.76778518454137,3.64380821488125,0.429657678253129,1.94684009473808,-6.69110522157857,-3.70391394596144
"ARPC3_HUMAN---OTUD5_HUMAN",-40.4078865235931,-12.2154500266598,11.4269697406001,2.43370119362994,-0.309582837119612,0.0853301645093998,0.0714291603440328,-0.0796003780378803,-0.0670804325811615,-0.114029188019729
"ASPM_HUMAN---SUMO2_HUMAN",-7.05762460100451,0.455775979561756,34.9896912081221,-17.2030341426837,-0.390624533803644,-13.1062091515284,0.820285321336185,-3.6243965072363,-5.05495164003991,4.82659146702158
"AT133_HUMAN---MD2L1_HUMAN",-40.4078865235931,-12.2154500266598,11.4269697406001,2.43370119362994,-0.309582837119612,0.0853301645093998,0.0714291603440328,-0.0796003780378803,-0.0670804325811615,-0.114029188019729
"AT1A1_HUMAN---MK01_HUMAN",9.71832218676364,33.160458196037,21.7623069065944,-10.1654845220559,-4.26132747359133,8.8132515372427,-0.0662005662078754,-2.28689910280938,0.823876299065184,1.25474198625435
"AT2B1_HUMAN---CSK21_HUMAN",-39.1233716439301,18.1956200929582,-6.63315124961885,1.56857703428075,0.8182114885845,0.482046746319296,0.190506741642296,0.937313923459402,0.0657738923987374,0.793611232950291
"ATM_HUMAN-->BAG6_HUMAN",-28.6733628644969,-23.0819010682496,-6.20419567084802,-13.5144319951207,-7.0797042778143,3.53782800090463,2.23279641960647,0.438620552606217,-6.56271243668367,-6.10088299306588
"ATM_HUMAN-->CCDC6_HUMAN",22.863548747611,-12.7060461734948,16.5024398554876,-24.4539017796093,-9.51814076883347,12.4879409207541,1.05459704508879,0.686927713086316,2.03378437867784,-1.01483753504793
"ATM_HUMAN-->FACD2_HUMAN",-40.4078865235931,-12.2154500266598,11.4269697406001,2.43370119362994,-0.309582837119612,0.0853301645093998,0.0714291603440328,-0.0796003780378803,-0.0670804325811615,-0.114029188019729
"ATM_HUMAN-->FUBP2_HUMAN",-40.4078865235931,-12.2154500266598,11.4269697406001,2.43370119362994,-0.309582837119612,0.0853301645093998,0.0714291603440328,-0.0796003780378803,-0.0670804325811615,-0.114029188019729
"ATM_HUMAN-->HUWE1_HUMAN",-40.4078865235931,-12.2154500266598,11.4269697406001,2.43370119362994,-0.309582837119612,0.0853301645093998,0.0714291603440328,-0.0796003780378803,-0.0670804325811615,-0.114029188019729
"ATM_HUMAN-->SMC3_HUMAN",-40.4078865235931,-12.2154500266598,11.4269697406001,2.43370119362994,-0.309582837119612,0.0853301645093998,0.0714291603440328,-0.0796003780378803,-0.0670804325811615,-0.114029188019729
"ATM_HUMAN-->TAOK1_HUMAN",-40.4078865235931,-12.2154500266598,11.4269697406001,2.43370119362994,-0.309582837119612,0.0853301645093998,0.0714291603440328,-0.0796003780378803,-0.0670804325811615,-0.114029188019729
"ATM_HUMAN-->TOPB1_HUMAN",-40.4078865235931,-12.2154500266598,11.4269697406001,2.43370119362994,-0.309582837119612,0.0853301645093998,0.0714291603440328,-0.0796003780378803,-0.0670804325811615,-0.114029188019729
"ATM_HUMAN-->TP53B_HUMAN",-7.05762460100451,0.455775979561756,34.9896912081221,-17.2030341426837,-0.390624533803644,-13.1062091515284,0.820285321336185,-3.6243965072363,-5.05495164003991,4.82659146702158
"ATM_HUMAN-->ZN148_HUMAN",-40.4078865235931,-12.2154500266598,11.4269697406001,2.43370119362994,-0.309582837119612,0.0853301645093998,0.0714291603440328,-0.0796003780378803,-0.0670804325811615,-0.114029188019729
"ATRX_HUMAN---DAXX_HUMAN",-27.936347513452,-6.82207233644873,21.0692194289968,-9.83643353507533,9.65205672004554,-7.28238777626963,-13.4437459571638,-0.917229578292208,-0.237119555157343,-4.29396191081041
"ATX1_HUMAN---BACH_HUMAN",-40.4078865235931,-12.2154500266598,11.4269697406001,2.43370119362994,-0.309582837119612,0.0853301645093998,0.0714291603440328,-0.0796003780378803,-0.0670804325811615,-0.114029188019729
"ATX1_HUMAN---CCNK_HUMAN",-40.4078865235931,-12.2154500266598,11.4269697406001,2.43370119362994,-0.309582837119612,0.0853301645093998,0.0714291603440328,-0.0796003780378803,-0.0670804325811615,-0.114029188019729
"ATX1_HUMAN---CLASR_HUMAN",-40.4078865235931,-12.2154500266598,11.4269697406001,2.43370119362994,-0.309582837119612,0.0853301645093998,0.0714291603440328,-0.0796003780378803,-0.0670804325811615,-0.114029188019729
"ATX1_HUMAN---CPSF7_HUMAN",-40.4078865235931,-12.2154500266598,11.4269697406001,2.43370119362994,-0.309582837119612,0.0853301645093998,0.0714291603440328,-0.0796003780378803,-0.0670804325811615,-0.114029188019729
"ATX1_HUMAN---FA21C_HUMAN",-40.4078865235931,-12.2154500266598,11.4269697406001,2.43370119362994,-0.309582837119612,0.0853301645093998,0.0714291603440328,-0.0796003780378803,-0.0670804325811615,-0.114029188019729
"ATX1_HUMAN---PUM1_HUMAN",-40.4078865235931,-12.2154500266598,11.4269697406001,2.43370119362994,-0.309582837119612,0.0853301645093998,0.0714291603440328,-0.0796003780378803,-0.0670804325811615,-0.114029188019729
"ATX1_HUMAN---UNK_HUMAN",-40.4078865235931,-12.2154500266598,11.4269697406001,2.43370119362994,-0.309582837119612,0.0853301645093998,0.0714291603440328,-0.0796003780378803,-0.0670804325811615,-0.114029188019729
"ATX1_HUMAN---ZN609_HUMAN",8.43380730710069,2.74938807641899,39.8224278968134,-9.30036036270671,-5.38912179929544,8.4165349554328,-0.185278147506141,-3.30381340430666,0.691021974085287,0.347101565284331
"ATX2L_HUMAN---SUMO2_HUMAN",-39.5391423030462,15.7151675810913,-5.37388191853687,2.09487798190377,0.929095108937752,0.207257891738002,3.85023416369123,-4.96905834023914,-0.215678725965235,-2.32784915548639
"AURKB_HUMAN-->CCD86_HUMAN",-40.4078865235931,-12.2154500266598,11.4269697406001,2.43370119362994,-0.309582837119612,0.0853301645093998,0.0714291603440328,-0.0796003780378803,-0.0670804325811615,-0.114029188019729
"AURKB_HUMAN---H31T_HUMAN",-40.4078865235931,-12.2154500266598,11.4269697406001,2.43370119362994,-0.309582837119612,0.0853301645093998,0.0714291603440328,-0.0796003780378803,-0.0670804325811615,-0.114029188019729
"AURKB_HUMAN-->KI67_HUMAN",-40.4078865235931,-12.2154500266598,11.4269697406001,2.43370119362994,-0.309582837119612,0.0853301645093998,0.0714291603440328,-0.0796003780378803,-0.0670804325811615,-0.114029188019729
"AURKB_HUMAN-->LMO7_HUMAN",-40.4078865235931,-12.2154500266598,11.4269697406001,2.43370119362994,-0.309582837119612,0.0853301645093998,0.0714291603440328,-0.0796003780378803,-0.0670804325811615,-0.114029188019729
"AURKB_HUMAN-->MBB1A_HUMAN",-40.4078865235931,-12.2154500266598,11.4269697406001,2.43370119362994,-0.309582837119612,0.0853301645093998,0.0714291603440328,-0.0796003780378803,-0.0670804325811615,-0.114029188019729
"AURKB_HUMAN-->NELFE_HUMAN",-40.4078865235931,-12.2154500266598,11.4269697406001,2.43370119362994,-0.309582837119612,0.0853301645093998,0.0714291603440328,-0.0796003780378803,-0.0670804325811615,-0.114029188019729
"AURKB_HUMAN-->NSUN2_HUMAN",-40.4078865235931,-12.2154500266598,11.4269697406001,2.43370119362994,-0.309582837119612,0.0853301645093998,0.0714291603440328,-0.0796003780378803,-0.0670804325811615,-0.114029188019729
"AURKB_HUMAN-->PARD3_HUMAN",-40.4078865235931,-12.2154500266598,11.4269697406001,2.43370119362994,-0.309582837119612,0.0853301645093998,0.0714291603440328,-0.0796003780378803,-0.0670804325811615,-0.114029188019729
"AURKB_HUMAN-->PLEC_HUMAN",-27.6952134347889,-27.4245789403217,-11.3685332284529,-15.0425116387285,-1.31766383518798,3.69485846171447,1.03661248489626,-0.994529630209571,1.30060729985591,0.728900456006741
"AURKB_HUMAN-->PPHLN_HUMAN",-40.4078865235931,-12.2154500266598,11.4269697406001,2.43370119362994,-0.309582837119612,0.0853301645093998,0.0714291603440328,-0.0796003780378803,-0.0670804325811615,-0.114029188019729
"AURKB_HUMAN---PSA3_HUMAN",-4.78357582570824,-19.379051930441,4.96817472944233,-31.0651827345825,2.73211980773518,-8.65936497902728,7.44242860887466,-0.515907438264805,-3.10115406217244,2.10636807559675
"AURKB_HUMAN---SKA1_HUMAN",-40.4078865235931,-12.2154500266598,11.4269697406001,2.43370119362994,-0.309582837119612,0.0853301645093998,0.0714291603440328,-0.0796003780378803,-0.0670804325811615,-0.114029188019729
"AURKB_HUMAN---SUMO2_HUMAN",-10.6460152631458,-10.210784954237,16.5471146060984,22.2945675710464,-6.23822763113831,15.9869982373319,8.29559671610067,7.65208983830712,8.73667138216018,-5.48577521391117
"AZI1_HUMAN---PCM1_HUMAN",-40.4078865235931,-12.2154500266598,11.4269697406001,2.43370119362994,-0.309582837119612,0.0853301645093998,0.0714291603440328,-0.0796003780378803,-0.0670804325811615,-0.114029188019729
"B2R9N9_HUMAN---GRM1A_HUMAN",-40.4078865235931,-12.2154500266598,11.4269697406001,2.43370119362994,-0.309582837119612,0.0853301645093998,0.0714291603440328,-0.0796003780378803,-0.0670804325811615,-0.114029188019729
"B2R9N9_HUMAN---MYD88_HUMAN",-40.4078865235931,-12.2154500266598,11.4269697406001,2.43370119362994,-0.309582837119612,0.0853301645093998,0.0714291603440328,-0.0796003780378803,-0.0670804325811615,-0.114029188019729
"BACH2_HUMAN---JUN_HUMAN",-40.4078865235931,-12.2154500266598,11.4269697406001,2.43370119362994,-0.309582837119612,0.0853301645093998,0.0714291603440328,-0.0796003780378803,-0.0670804325811615,-0.114029188019729
"BACH_HUMAN---NHLC2_HUMAN",-40.4078865235931,-12.2154500266598,11.4269697406001,2.43370119362994,-0.309582837119612,0.0853301645093998,0.0714291603440328,-0.0796003780378803,-0.0670804325811615,-0.114029188019729
"BAG6_HUMAN---SGTA_HUMAN",-30.3783793752314,-23.8168797363989,-7.17735218462974,-12.7119685230965,-3.76778518454137,3.64380821488125,0.429657678253129,1.94684009473808,-6.69110522157857,-3.70391394596144
"BAG6_HUMAN---UBL7_HUMAN",-30.3783793752314,-23.8168797363989,-7.17735218462974,-12.7119685230965,-3.76778518454137,3.64380821488125,0.429657678253129,1.94684009473808,-6.69110522157857,-3.70391394596144
"BAP18_HUMAN---WDR82_HUMAN",8.43380730710069,2.74938807641899,39.8224278968134,-9.30036036270671,-5.38912179929544,8.4165349554328,-0.185278147506141,-3.30381340430666,0.691021974085287,0.347101565284331
"BAZ1B_HUMAN---SUMO2_HUMAN",-40.4078865235931,-12.2154500266598,11.4269697406001,2.43370119362994,-0.309582837119612,0.0853301645093998,0.0714291603440328,-0.0796003780378803,-0.0670804325811615,-0.114029188019729
"BAZ2A_HUMAN---SUMO2_HUMAN",9.30255152764757,30.6800056841701,23.0215762376764,-9.63918357443288,-4.15044385323807,8.5384626826614,3.59352685584106,-8.19327136650792,0.542423680701212,-1.86671840218233
"BBX_HUMAN---HS90B_HUMAN",-40.4078865235931,-12.2154500266598,11.4269697406001,2.43370119362994,-0.309582837119612,0.0853301645093998,0.0714291603440328,-0.0796003780378803,-0.0670804325811615,-0.114029188019729
"BCAR1_HUMAN---CRKL_HUMAN",-37.6296938025925,15.0256008754868,-5.45751188649837,4.11496443013908,-2.21486750363711,0.835588392634069,-0.440221659879853,9.20776317071962,-0.353492685877117,0.65702565922016
"BCOR_HUMAN---KDM2B_HUMAN",-40.4078865235931,-12.2154500266598,11.4269697406001,2.43370119362994,-0.309582837119612,0.0853301645093998,0.0714291603440328,-0.0796003780378803,-0.0670804325811615,-0.114029188019729
"BCOR_HUMAN---SUMO2_HUMAN",-40.4078865235931,-12.2154500266598,11.4269697406001,2.43370119362994,-0.309582837119612,0.0853301645093998,0.0714291603440328,-0.0796003780378803,-0.0670804325811615,-0.114029188019729
"BCS1_HUMAN---DDX24_HUMAN",-40.4078865235931,-12.2154500266598,11.4269697406001,2.43370119362994,-0.309582837119612,0.0853301645093998,0.0714291603440328,-0.0796003780378803,-0.0670804325811615,-0.114029188019729
"BIG3_HUMAN---PP1A_HUMAN",-40.4078865235931,-12.2154500266598,11.4269697406001,2.43370119362994,-0.309582837119612,0.0853301645093998,0.0714291603440328,-0.0796003780378803,-0.0670804325811615,-0.114029188019729
"BMS1_HUMAN---SUMO2_HUMAN",-39.5391423030462,15.7151675810913,-5.37388191853687,2.09487798190377,0.929095108937752,0.207257891738002,3.85023416369123,-4.96905834023914,-0.215678725965235,-2.32784915548639
"BORG1_HUMAN---CDC42_HUMAN",-39.149019452096,-14.0737149383238,9.40536304835545,1.03616334759632,0.396681746186949,0.00537498366459109,0.707551679951077,-2.76703177616083,4.77076058891077,0.90218250557865
"BRAP_HUMAN---KSR1_HUMAN",-40.4078865235931,-12.2154500266598,11.4269697406001,2.43370119362994,-0.309582837119612,0.0853301645093998,0.0714291603440328,-0.0796003780378803,-0.0670804325811615,-0.114029188019729
"BRD2_HUMAN---E2F2_HUMAN",-27.6952134347889,-27.4245789403217,-11.3685332284529,-15.0425116387285,-1.31766383518798,3.69485846171447,1.03661248489626,-0.994529630209571,1.30060729985591,0.728900456006741
"BRD3_HUMAN---SRPK2_HUMAN",-24.3233137948847,-5.33485616769559,23.5229455885297,-11.5398932882786,2.42124573124872,-17.5746638657323,-5.47674568054926,2.73420913216979,6.17792363899804,-5.5354880822503
"BRF2_HUMAN---HACD3_HUMAN",-12.3738592207275,-1.44697620845038,31.8748566126119,-16.3893153365484,0.961775489676109,-17.6779869982083,6.52962867011711,1.4926362868517,1.37215026669437,-3.57678666726512
"BRF2_HUMAN---NOC2L_HUMAN",-12.3738592207275,-1.44697620845038,31.8748566126119,-16.3893153365484,0.961775489676109,-17.6779869982083,6.52962867011711,1.4926362868517,1.37215026669437,-3.57678666726512
"BRF2_HUMAN---OTUD4_HUMAN",-12.3738592207275,-1.44697620845038,31.8748566126119,-16.3893153365484,0.961775489676109,-17.6779869982083,6.52962867011711,1.4926362868517,1.37215026669437,-3.57678666726512
"BRF2_HUMAN---SF3B1_HUMAN",-10.585376850846,-0.909597875247005,33.147611491878,-16.1641000763041,1.9246798629883,-16.0504595660036,5.52083254916693,1.41453118322714,-2.13607075146897,-1.10086932590489
"BUD13_HUMAN---RBMX2_HUMAN",-40.4078865235931,-12.2154500266598,11.4269697406001,2.43370119362994,-0.309582837119612,0.0853301645093998,0.0714291603440328,-0.0796003780378803,-0.0670804325811615,-0.114029188019729
"BZW2_HUMAN---EGFR_HUMAN",-30.3783793752314,-23.8168797363989,-7.17735218462974,-12.7119685230965,-3.76778518454137,3.64380821488125,0.429657678253129,1.94684009473808,-6.69110522157857,-3.70391394596144
"C2CD5_HUMAN---CDK5_HUMAN",-40.4078865235931,-12.2154500266598,11.4269697406001,2.43370119362994,-0.309582837119612,0.0853301645093998,0.0714291603440328,-0.0796003780378803,-0.0670804325811615,-0.114029188019729
"CA052_HUMAN---ETS1_HUMAN",-40.4078865235931,-12.2154500266598,11.4269697406001,2.43370119362994,-0.309582837119612,0.0853301645093998,0.0714291603440328,-0.0796003780378803,-0.0670804325811615,-0.114029188019729
"CAAP1_HUMAN---KAT7_HUMAN",-40.4078865235931,-12.2154500266598,11.4269697406001,2.43370119362994,-0.309582837119612,0.0853301645093998,0.0714291603440328,-0.0796003780378803,-0.0670804325811615,-0.114029188019729
"CAF1B_HUMAN---SUMO2_HUMAN",-27.6952134347889,-27.4245789403217,-11.3685332284529,-15.0425116387285,-1.31766383518798,3.69485846171447,1.03661248489626,-0.994529630209571,1.30060729985591,0.728900456006741
"CALX_HUMAN---PGRC1_HUMAN",-40.4078865235931,-12.2154500266598,11.4269697406001,2.43370119362994,-0.309582837119612,0.0853301645093998,0.0714291603440328,-0.0796003780378803,-0.0670804325811615,-0.114029188019729
"CALX_HUMAN---SUMO2_HUMAN",-40.4078865235931,-12.2154500266598,11.4269697406001,2.43370119362994,-0.309582837119612,0.0853301645093998,0.0714291603440328,-0.0796003780378803,-0.0670804325811615,-0.114029188019729
"CBLB_HUMAN---EGFR_HUMAN",-19.7382842539504,17.1899458860184,-8.43676899839322,2.85817568641902,-19.2449677028457,-2.48219978156802,-4.93772479765968,-11.3861068214863,-10.6930334425393,9.67709758853963
"CBLB_HUMAN---MYD88_HUMAN",-32.8694166320402,-14.5045895901761,7.13358618467913,0.258738819473032,-10.5256830353897,1.74423324874185,1.53799728480363,13.0676024882141,4.00652879540666,-5.7803611813042
"CBL_HUMAN---CD2AP_HUMAN",-39.1233716439301,18.1956200929582,-6.63315124961885,1.56857703428075,0.8182114885845,0.482046746319296,0.190506741642296,0.937313923459402,0.0657738923987374,0.793611232950291
"CBL_HUMAN---CRKL_HUMAN",-39.1233716439301,18.1956200929582,-6.63315124961885,1.56857703428075,0.8182114885845,0.482046746319296,0.190506741642296,0.937313923459402,0.0657738923987374,0.793611232950291
"CBL_HUMAN---EGFR_HUMAN",14.735886236244,-4.8717804163045,5.02799390822535,2.13968109549441,-22.6589008978857,-1.91058977523503,-14.0243314892637,-0.802601904938958,-6.9434831143826,-6.63607595572061
"CBL_HUMAN---EPHA2_HUMAN",-28.0115942382045,17.4725841959249,-8.95909487295128,-2.51152919322839,-14.4865730069965,-0.3407830900725,3.64946102359325,12.5838767474084,8.12698958845156,-8.6671831629368
"CBL_HUMAN---ITSN1_HUMAN",-40.4078865235931,-12.2154500266598,11.4269697406001,2.43370119362994,-0.309582837119612,0.0853301645093998,0.0714291603440328,-0.0796003780378803,-0.0670804325811615,-0.114029188019729
"CBL_HUMAN---PLCG1_HUMAN",-39.1233716439301,18.1956200929582,-6.63315124961885,1.56857703428075,0.8182114885845,0.482046746319296,0.190506741642296,0.937313923459402,0.0657738923987374,0.793611232950291
"CBL_HUMAN---SHIP2_HUMAN",-39.5130080026094,14.6217436370186,-4.52867659711327,1.1124509638925,0.11133916311513,1.33879552605799,-0.300664862697159,-0.0798788598724736,0.588101931583987,0.841448816882759
"CBL_HUMAN---SPY1_HUMAN",-39.1233716439301,18.1956200929582,-6.63315124961885,1.56857703428075,0.8182114885845,0.482046746319296,0.190506741642296,0.937313923459402,0.0657738923987374,0.793611232950291
"CBX1_HUMAN---TIF1B_HUMAN",-27.6952134347889,-27.4245789403217,-11.3685332284529,-15.0425116387285,-1.31766383518798,3.69485846171447,1.03661248489626,-0.994529630209571,1.30060729985591,0.728900456006741
"CCD25_HUMAN---SMAD2_HUMAN",-40.4078865235931,-12.2154500266598,11.4269697406001,2.43370119362994,-0.309582837119612,0.0853301645093998,0.0714291603440328,-0.0796003780378803,-0.0670804325811615,-0.114029188019729
"CCD97_HUMAN---SRPK2_HUMAN",-40.4078865235931,-12.2154500266598,11.4269697406001,2.43370119362994,-0.309582837119612,0.0853301645093998,0.0714291603440328,-0.0796003780378803,-0.0670804325811615,-0.114029188019729
"CCNK_HUMAN---STX11_HUMAN",-40.4078865235931,-12.2154500266598,11.4269697406001,2.43370119362994,-0.309582837119612,0.0853301645093998,0.0714291603440328,-0.0796003780378803,-0.0670804325811615,-0.114029188019729
"CD2AP_HUMAN---CD2_HUMAN",-29.2961091178674,-12.9384859236932,9.10102611726769,-1.6464050338792,-15.6143673327006,-0.737499671882397,3.53038344229498,11.5669624459111,7.99413526347167,-9.57482358390682
"CD2B2_HUMAN---CD2_HUMAN",-29.2961091178674,-12.9384859236932,9.10102611726769,-1.6464050338792,-15.6143673327006,-0.737499671882397,3.53038344229498,11.5669624459111,7.99413526347167,-9.57482358390682
"CD2B2_HUMAN---SF01_HUMAN",-40.4078865235931,-12.2154500266598,11.4269697406001,2.43370119362994,-0.309582837119612,0.0853301645093998,0.0714291603440328,-0.0796003780378803,-0.0670804325811615,-0.114029188019729
"CD2B2_HUMAN---SNUT2_HUMAN",-40.4078865235931,-12.2154500266598,11.4269697406001,2.43370119362994,-0.309582837119612,0.0853301645093998,0.0714291603440328,-0.0796003780378803,-0.0670804325811615,-0.114029188019729
"CDC20_HUMAN---MD2L1_HUMAN",-40.4078865235931,-12.2154500266598,11.4269697406001,2.43370119362994,-0.309582837119612,0.0853301645093998,0.0714291603440328,-0.0796003780378803,-0.0670804325811615,-0.114029188019729
"CDC20_HUMAN---MDC1_HUMAN",-26.458495552664,-10.156519164196,16.9431889057031,8.03652827585594,4.90100912694228,3.14876010495002,-11.0988551926046,0.120337154624048,-3.60996014842845,0.228185969580653
"CDC42_HUMAN---FETUA_HUMAN",-27.6952134347889,-27.4245789403217,-11.3685332284529,-15.0425116387285,-1.31766383518798,3.69485846171447,1.03661248489626,-0.994529630209571,1.30060729985591,0.728900456006741
"CDC42_HUMAN---IQGA1_HUMAN",-39.149019452096,-14.0737149383238,9.40536304835545,1.03616334759632,0.396681746186949,0.00537498366459109,0.707551679951077,-2.76703177616083,4.77076058891077,0.90218250557865
"CDC42_HUMAN---PAK4_HUMAN",-39.149019452096,-14.0737149383238,9.40536304835545,1.03616334759632,0.396681746186949,0.00537498366459109,0.707551679951077,-2.76703177616083,4.77076058891077,0.90218250557865
"CDCA3_HUMAN---TRAF2_HUMAN",-40.4078865235931,-12.2154500266598,11.4269697406001,2.43370119362994,-0.309582837119612,0.0853301645093998,0.0714291603440328,-0.0796003780378803,-0.0670804325811615,-0.114029188019729
"CDK12_HUMAN---PR40A_HUMAN",-40.4078865235931,-12.2154500266598,11.4269697406001,2.43370119362994,-0.309582837119612,0.0853301645093998,0.0714291603440328,-0.0796003780378803,-0.0670804325811615,-0.114029188019729
"CDK13_HUMAN---PR40A_HUMAN",-40.4078865235931,-12.2154500266598,11.4269697406001,2.43370119362994,-0.309582837119612,0.0853301645093998,0.0714291603440328,-0.0796003780378803,-0.0670804325811615,-0.114029188019729
"CDK1_HUMAN-->41_HUMAN",-39.1233716439301,18.1956200929582,-6.63315124961885,1.56857703428075,0.8182114885845,0.482046746319296,0.190506741642296,0.937313923459402,0.0657738923987374,0.793611232950291
"CDK1_HUMAN-->APC1_HUMAN",-38.8137322926903,-12.7747904949007,10.7997187874385,5.25769300638924,3.21077740612817,-0.424455892831207,1.83208340208752,0.54312842972495,0.172691559967083,1.88357810233399
"CDK1_HUMAN-->DDX3X_HUMAN",-39.1233716439301,18.1956200929582,-6.63315124961885,1.56857703428075,0.8182114885845,0.482046746319296,0.190506741642296,0.937313923459402,0.0657738923987374,0.793611232950291
"CDK1_HUMAN-->DLG1_HUMAN",-37.1748141684814,-10.4886718878841,13.7478202136693,-0.21854901389027,2.21628903482936,1.25838114635764,-11.0031023752669,-3.64040905655277,-0.81449841566882,-0.359210096020397
"CDK1_HUMAN-->DNLI3_HUMAN",9.71832218676364,33.160458196037,21.7623069065944,-10.1654845220559,-4.26132747359133,8.8132515372427,-0.0662005662078754,-2.28689910280938,0.823876299065184,1.25474198625435
"CDK1_HUMAN-->DNM1L_HUMAN",9.71832218676364,33.160458196037,21.7623069065944,-10.1654845220559,-4.26132747359133,8.8132515372427,-0.0662005662078754,-2.28689910280938,0.823876299065184,1.25474198625435
"CDK1_HUMAN-->EZH2_HUMAN",-40.4078865235931,-12.2154500266598,11.4269697406001,2.43370119362994,-0.309582837119612,0.0853301645093998,0.0714291603440328,-0.0796003780378803,-0.0670804325811615,-0.114029188019729
"CDK1_HUMAN-->FOXM1_HUMAN",-27.6952134347889,-27.4245789403217,-11.3685332284529,-15.0425116387285,-1.31766383518798,3.69485846171447,1.03661248489626,-0.994529630209571,1.30060729985591,0.728900456006741
"CDK1_HUMAN-->GUAA_HUMAN",9.71832218676364,33.160458196037,21.7623069065944,-10.1654845220559,-4.26132747359133,8.8132515372427,-0.0662005662078754,-2.28689910280938,0.823876299065184,1.25474198625435
"CDK1_HUMAN-->H14_HUMAN",-40.4078865235931,-12.2154500266598,11.4269697406001,2.43370119362994,-0.309582837119612,0.0853301645093998,0.0714291603440328,-0.0796003780378803,-0.0670804325811615,-0.114029188019729
"CDK1_HUMAN-->KAT7_HUMAN",-7.05762460100451,0.455775979561756,34.9896912081221,-17.2030341426837,-0.390624533803644,-13.1062091515284,0.820285321336185,-3.6243965072363,-5.05495164003991,4.82659146702158
"CDK1_HUMAN-->LAP2A_HUMAN",-40.4078865235931,-12.2154500266598,11.4269697406001,2.43370119362994,-0.309582837119612,0.0853301645093998,0.0714291603440328,-0.0796003780378803,-0.0670804325811615,-0.114029188019729
"CDK1_HUMAN-->MP2K1_HUMAN",-36.5761851248796,3.1767083117262,5.89544351203074,0.768731901430687,4.50708795312818,0.0183962838851868,-7.55064320663057,-6.24024546116438,-3.55971508026981,-4.99463893196987
"CDK1_HUMAN-->NIPA_HUMAN",8.43380730710069,2.74938807641899,39.8224278968134,-9.30036036270671,-5.38912179929544,8.4165349554328,-0.185278147506141,-3.30381340430666,0.691021974085287,0.347101565284331
"CDK1_HUMAN-->NPM_HUMAN",-40.4078865235931,-12.2154500266598,11.4269697406001,2.43370119362994,-0.309582837119612,0.0853301645093998,0.0714291603440328,-0.0796003780378803,-0.0670804325811615,-0.114029188019729
"CDK1_HUMAN-->NSF1C_HUMAN",-39.1233716439301,18.1956200929582,-6.63315124961885,1.56857703428075,0.8182114885845,0.482046746319296,0.190506741642296,0.937313923459402,0.0657738923987374,0.793611232950291
"CDK1_HUMAN-->NUCKS_HUMAN",9.71832218676364,33.160458196037,21.7623069065944,-10.1654845220559,-4.26132747359133,8.8132515372427,-0.0662005662078754,-2.28689910280938,0.823876299065184,1.25474198625435
"CDK1_HUMAN-->NUP98_HUMAN",-35.8902992888185,19.9223982317339,-4.31230077654967,-1.08367317323946,3.34408336053348,1.65509772816753,-10.8840247939686,-2.62349475505549,-0.681644090688921,0.548430324949623
"CDK1_HUMAN-->P3C2A_HUMAN",-39.1233716439301,18.1956200929582,-6.63315124961885,1.56857703428075,0.8182114885845,0.482046746319296,0.190506741642296,0.937313923459402,0.0657738923987374,0.793611232950291
"CDK1_HUMAN-->PKN2_HUMAN",-39.149019452096,-14.0737149383238,9.40536304835545,1.03616334759632,0.396681746186949,0.00537498366459109,0.707551679951077,-2.76703177616083,4.77076058891077,0.90218250557865
"CDK1_HUMAN-->PTN2_HUMAN",-39.1233716439301,18.1956200929582,-6.63315124961885,1.56857703428075,0.8182114885845,0.482046746319296,0.190506741642296,0.937313923459402,0.0657738923987374,0.793611232950291
"CDK1_HUMAN-->PUR6_HUMAN",9.71832218676364,33.160458196037,21.7623069065944,-10.1654845220559,-4.26132747359133,8.8132515372427,-0.0662005662078754,-2.28689910280938,0.823876299065184,1.25474198625435
"CDK1_HUMAN-->RFC1_HUMAN",-37.1748141684814,-10.4886718878841,13.7478202136693,-0.21854901389027,2.21628903482936,1.25838114635764,-11.0031023752669,-3.64040905655277,-0.81449841566882,-0.359210096020397
"CDK1_HUMAN-->STMN1_HUMAN",11.4006694480572,-1.14104901009088,35.049312388136,-4.51896704882384,5.02331947068076,10.473441610906,0.868197740255047,-3.68863682985388,1.83288997912298,6.69870191427781
"CDK1_HUMAN-->TCOF_HUMAN",9.71832218676364,33.160458196037,21.7623069065944,-10.1654845220559,-4.26132747359133,8.8132515372427,-0.0662005662078754,-2.28689910280938,0.823876299065184,1.25474198625435
"CDK1_HUMAN-->TFPT_HUMAN",-40.4078865235931,-12.2154500266598,11.4269697406001,2.43370119362994,-0.309582837119612,0.0853301645093998,0.0714291603440328,-0.0796003780378803,-0.0670804325811615,-0.114029188019729
"CDK1_HUMAN-->UBP2L_HUMAN",-40.4078865235931,-12.2154500266598,11.4269697406001,2.43370119362994,-0.309582837119612,0.0853301645093998,0.0714291603440328,-0.0796003780378803,-0.0670804325811615,-0.114029188019729
"CDK1_HUMAN-->UNG_HUMAN",-40.4078865235931,-12.2154500266598,11.4269697406001,2.43370119362994,-0.309582837119612,0.0853301645093998,0.0714291603440328,-0.0796003780378803,-0.0670804325811615,-0.114029188019729
"CDK5_HUMAN-->ATM_HUMAN",-29.9919912267654,-12.8710341386494,10.4524393060131,9.63571020605581,-15.3474040268799,-7.34708905994646,-0.441023139122812,1.13989460459492,-7.34948869770121,-1.99754435491383
"CDK5_HUMAN-->HD_HUMAN",-17.2793181379613,-28.0801630523112,-12.34306366304,-7.84050262630259,-16.3554850249483,-3.73756076274139,0.524160185429418,0.224965352423234,-5.98180096526413,-1.15461471088736
"CDK5_HUMAN---IRS4_HUMAN",29.1979881433344,-0.16113328881545,13.8948645115283,5.5985012541449,3.64994079968748,-1.76194558651901,-5.06424242635224,16.4664705603045,1.09012421185148,-2.10539252918033
"CDK5_HUMAN---K0195_HUMAN",-27.6952134347889,-27.4245789403217,-11.3685332284529,-15.0425116387285,-1.31766383518798,3.69485846171447,1.03661248489626,-0.994529630209571,1.30060729985591,0.728900456006741
"CDK5_HUMAN-->LMTK2_HUMAN",-27.6952134347889,-27.4245789403217,-11.3685332284529,-15.0425116387285,-1.31766383518798,3.69485846171447,1.03661248489626,-0.994529630209571,1.30060729985591,0.728900456006741
"CDK5_HUMAN-->PP1A_HUMAN",25.3751475397992,-11.9273721918959,15.3549961030632,-6.77701194895698,-0.325836548683435,-0.400371985857594,3.58293886275955,4.91202079635048,-16.0535148390017,-5.16738118430868
"CDKL5_HUMAN---FYN_HUMAN",-40.4078865235931,-12.2154500266598,11.4269697406001,2.43370119362994,-0.309582837119612,0.0853301645093998,0.0714291603440328,-0.0796003780378803,-0.0670804325811615,-0.114029188019729
"CDS2_HUMAN---TS101_HUMAN",-27.6952134347889,-27.4245789403217,-11.3685332284529,-15.0425116387285,-1.31766383518798,3.69485846171447,1.03661248489626,-0.994529630209571,1.30060729985591,0.728900456006741
"CEBPZ_HUMAN---DDX55_HUMAN",5.57317719247925,14.3921132140127,-8.28119975597784,-34.6846686469375,3.04937746623212,-6.5581627768596,11.1365745311651,3.36848387155491,4.62052830262633,-1.56138913252117
"CEBPZ_HUMAN---PHS_HUMAN",-7.05762460100451,0.455775979561756,34.9896912081221,-17.2030341426837,-0.390624533803644,-13.1062091515284,0.820285321336185,-3.6243965072363,-5.05495164003991,4.82659146702158
"CEBPZ_HUMAN---RBM34_HUMAN",22.863548747611,-12.7060461734948,16.5024398554876,-24.4539017796093,-9.51814076883347,12.4879409207541,1.05459704508879,0.686927713086316,2.03378437867784,-1.01483753504793
"CFDP1_HUMAN---CSK21_HUMAN",-39.1233716439301,18.1956200929582,-6.63315124961885,1.56857703428075,0.8182114885845,0.482046746319296,0.190506741642296,0.937313923459402,0.0657738923987374,0.793611232950291
"CG050_HUMAN---HDGF_HUMAN",-40.4078865235931,-12.2154500266598,11.4269697406001,2.43370119362994,-0.309582837119612,0.0853301645093998,0.0714291603440328,-0.0796003780378803,-0.0670804325811615,-0.114029188019729
"CH10_HUMAN---SAT1_HUMAN",-37.5821359706297,19.2941472806206,-5.56669859352779,-0.143237055245238,3.00670904867607,-0.231467057336012,-5.17536035958439,-0.75878959332251,0.379073271394012,-0.934811126597362
"CHAP1_HUMAN---SUMO2_HUMAN",-39.5391423030462,15.7151675810913,-5.37388191853687,2.09487798190377,0.929095108937752,0.207257891738002,3.85023416369123,-4.96905834023914,-0.215678725965235,-2.32784915548639
"CHD3_HUMAN---F134A_HUMAN",-40.4078865235931,-12.2154500266598,11.4269697406001,2.43370119362994,-0.309582837119612,0.0853301645093998,0.0714291603440328,-0.0796003780378803,-0.0670804325811615,-0.114029188019729
"CHD3_HUMAN---PAIRB_HUMAN",-40.4078865235931,-12.2154500266598,11.4269697406001,2.43370119362994,-0.309582837119612,0.0853301645093998,0.0714291603440328,-0.0796003780378803,-0.0670804325811615,-0.114029188019729
"CHD3_HUMAN---SUMO2_HUMAN",-40.4078865235931,-12.2154500266598,11.4269697406001,2.43370119362994,-0.309582837119612,0.0853301645093998,0.0714291603440328,-0.0796003780378803,-0.0670804325811615,-0.114029188019729
"CHD4_HUMAN---HDAC2_HUMAN",10.5666463179229,4.98353525203402,38.0386734934587,-7.50398989487391,-8.62094339111835,9.15320147813037,-3.57031370151237,7.50822922895655,0.947549264604736,1.26369320936228
"CHIP_HUMAN---HS90A_HUMAN",-24.1746141135179,-26.2623998630459,-9.28651930801412,-16.1832725150551,-6.87690878200716,1.2205846444189,2.47121665367035,-4.06437643414522,-2.07722649554237,5.82109019075218
"CHIP_HUMAN---UBE2N_HUMAN",-15.266895601431,-27.7612373248084,-11.6788637271063,-6.73794947374848,-18.4470783718761,-1.6148482518047,-1.14907406911688,-1.29963755755643,-4.02279362036362,-0.0611959069277352
"CI078_HUMAN---TE2IP_HUMAN",-27.6952134347889,-27.4245789403217,-11.3685332284529,-15.0425116387285,-1.31766383518798,3.69485846171447,1.03661248489626,-0.994529630209571,1.30060729985591,0.728900456006741
"CK052_HUMAN---SRPK1_HUMAN",-27.6952134347889,-27.4245789403217,-11.3685332284529,-15.0425116387285,-1.31766383518798,3.69485846171447,1.03661248489626,-0.994529630209571,1.30060729985591,0.728900456006741
"CLSPN_HUMAN---SUMO2_HUMAN",-39.5391423030462,15.7151675810913,-5.37388191853687,2.09487798190377,0.929095108937752,0.207257891738002,3.85023416369123,-4.96905834023914,-0.215678725965235,-2.32784915548639
"CPSF4_HUMAN---CSTFT_HUMAN",-40.4078865235931,-12.2154500266598,11.4269697406001,2.43370119362994,-0.309582837119612,0.0853301645093998,0.0714291603440328,-0.0796003780378803,-0.0670804325811615,-0.114029188019729
"CPSF4_HUMAN---FIP1_HUMAN",-40.4078865235931,-12.2154500266598,11.4269697406001,2.43370119362994,-0.309582837119612,0.0853301645093998,0.0714291603440328,-0.0796003780378803,-0.0670804325811615,-0.114029188019729
"CRKL_HUMAN---M4K5_HUMAN",-39.1233716439301,18.1956200929582,-6.63315124961885,1.56857703428075,0.8182114885845,0.482046746319296,0.190506741642296,0.937313923459402,0.0657738923987374,0.793611232950291
"CRKL_HUMAN---STA5A_HUMAN",-39.1233716439301,18.1956200929582,-6.63315124961885,1.56857703428075,0.8182114885845,0.482046746319296,0.190506741642296,0.937313923459402,0.0657738923987374,0.793611232950291
"CRKL_HUMAN---TENC1_HUMAN",-39.1233716439301,18.1956200929582,-6.63315124961885,1.56857703428075,0.8182114885845,0.482046746319296,0.190506741642296,0.937313923459402,0.0657738923987374,0.793611232950291
"CRKL_HUMAN---WAC_HUMAN",-40.4078865235931,-12.2154500266598,11.4269697406001,2.43370119362994,-0.309582837119612,0.0853301645093998,0.0714291603440328,-0.0796003780378803,-0.0670804325811615,-0.114029188019729
"CRK_HUMAN---ZAP70_HUMAN",-40.4078865235931,-12.2154500266598,11.4269697406001,2.43370119362994,-0.309582837119612,0.0853301645093998,0.0714291603440328,-0.0796003780378803,-0.0670804325811615,-0.114029188019729
"CSK21_HUMAN-->ABCF1_HUMAN",-39.1233716439301,18.1956200929582,-6.63315124961885,1.56857703428075,0.8182114885845,0.482046746319296,0.190506741642296,0.937313923459402,0.0657738923987374,0.793611232950291
"CSK21_HUMAN-->AKT1_HUMAN",-8.34088084954793,1.24902428893077,29.1217059583918,-9.74848752467072,18.9772827927114,11.3685510371978,-2.84551936717088,-0.788610540922696,-7.9224231083677,-8.11433436790366
"CSK21_HUMAN-->CALM_HUMAN",-39.1233716439301,18.1956200929582,-6.63315124961885,1.56857703428075,0.8182114885845,0.482046746319296,0.190506741642296,0.937313923459402,0.0657738923987374,0.793611232950291
"CSK21_HUMAN-->CDK1_HUMAN",-39.1233716439301,18.1956200929582,-6.63315124961885,1.56857703428075,0.8182114885845,0.482046746319296,0.190506741642296,0.937313923459402,0.0657738923987374,0.793611232950291
"CSK21_HUMAN-->CTNA1_HUMAN",11.811121540338,-18.4346570403619,8.14430059614708,-19.7281010213723,17.5452619560219,18.1578041649508,-2.95968987246595,-1.13005870648775,-4.08465563803286,0.912777961418272
"CSK21_HUMAN-->DAXX_HUMAN",-27.936347513452,-6.82207233644873,21.0692194289968,-9.83643353507533,9.65205672004554,-7.28238777626963,-13.4437459571638,-0.917229578292208,-0.237119555157343,-4.29396191081041
"CSK21_HUMAN---DDX54_HUMAN",-39.1233716439301,18.1956200929582,-6.63315124961885,1.56857703428075,0.8182114885845,0.482046746319296,0.190506741642296,0.937313923459402,0.0657738923987374,0.793611232950291
"CSK21_HUMAN-->DDX58_HUMAN",2.31942879632381,-19.782699795567,-1.48196961382467,-14.374390041874,25.3825150880342,7.20199032424934,15.0171719914348,6.75930025854616,-9.93283121105629,-0.961250963245254
"CSK21_HUMAN-->DNLI1_HUMAN",8.43380730710069,2.74938807641899,39.8224278968134,-9.30036036270671,-5.38912179929544,8.4165349554328,-0.185278147506141,-3.30381340430666,0.691021974085287,0.347101565284331
"CSK21_HUMAN---EF1B_HUMAN",-40.4078865235931,-12.2154500266598,11.4269697406001,2.43370119362994,-0.309582837119612,0.0853301645093998,0.0714291603440328,-0.0796003780378803,-0.0670804325811615,-0.114029188019729
"CSK21_HUMAN-->EF1D_HUMAN",-40.4078865235931,-12.2154500266598,11.4269697406001,2.43370119362994,-0.309582837119612,0.0853301645093998,0.0714291603440328,-0.0796003780378803,-0.0670804325811615,-0.114029188019729
"CSK21_HUMAN---ENPL_HUMAN",-35.4577458167753,-10.7349772241361,13.2233351413966,2.10412240156554,-0.904648936640291,1.72025881447391,-10.7284105072242,1.26526131301189,-0.839423743513342,-2.56407884037913
"CSK21_HUMAN---FIP1_HUMAN",-40.4078865235931,-12.2154500266598,11.4269697406001,2.43370119362994,-0.309582837119612,0.0853301645093998,0.0714291603440328,-0.0796003780378803,-0.0670804325811615,-0.114029188019729
"CSK21_HUMAN---GPN1_HUMAN",-40.4078865235931,-12.2154500266598,11.4269697406001,2.43370119362994,-0.309582837119612,0.0853301645093998,0.0714291603440328,-0.0796003780378803,-0.0670804325811615,-0.114029188019729
"CSK21_HUMAN---HAP28_HUMAN",-40.4078865235931,-12.2154500266598,11.4269697406001,2.43370119362994,-0.309582837119612,0.0853301645093998,0.0714291603440328,-0.0796003780378803,-0.0670804325811615,-0.114029188019729
"CSK21_HUMAN---HIRP3_HUMAN",-39.1233716439301,18.1956200929582,-6.63315124961885,1.56857703428075,0.8182114885845,0.482046746319296,0.190506741642296,0.937313923459402,0.0657738923987374,0.793611232950291
"CSK21_HUMAN-->HNRPC_HUMAN",-40.4078865235931,-12.2154500266598,11.4269697406001,2.43370119362994,-0.309582837119612,0.0853301645093998,0.0714291603440328,-0.0796003780378803,-0.0670804325811615,-0.114029188019729
"CSK21_HUMAN---ICLN_HUMAN",-39.1233716439301,18.1956200929582,-6.63315124961885,1.56857703428075,0.8182114885845,0.482046746319296,0.190506741642296,0.937313923459402,0.0657738923987374,0.793611232950291
"CSK21_HUMAN---IMA3_HUMAN",-7.05762460100451,0.455775979561756,34.9896912081221,-17.2030341426837,-0.390624533803644,-13.1062091515284,0.820285321336185,-3.6243965072363,-5.05495164003991,4.82659146702158
"CSK21_HUMAN-->JUN_HUMAN",-40.4078865235931,-12.2154500266598,11.4269697406001,2.43370119362994,-0.309582837119612,0.0853301645093998,0.0714291603440328,-0.0796003780378803,-0.0670804325811615,-0.114029188019729
"CSK21_HUMAN---KRI1_HUMAN",-27.6952134347889,-27.4245789403217,-11.3685332284529,-15.0425116387285,-1.31766383518798,3.69485846171447,1.03661248489626,-0.994529630209571,1.30060729985591,0.728900456006741
"CSK21_HUMAN-->LA_HUMAN",-39.1233716439301,18.1956200929582,-6.63315124961885,1.56857703428075,0.8182114885845,0.482046746319296,0.190506741642296,0.937313923459402,0.0657738923987374,0.793611232950291
"CSK21_HUMAN---LYRIC_HUMAN",-39.1233716439301,18.1956200929582,-6.63315124961885,1.56857703428075,0.8182114885845,0.482046746319296,0.190506741642296,0.937313923459402,0.0657738923987374,0.793611232950291
"CSK21_HUMAN-->MCM2_HUMAN",-40.4078865235931,-12.2154500266598,11.4269697406001,2.43370119362994,-0.309582837119612,0.0853301645093998,0.0714291603440328,-0.0796003780378803,-0.0670804325811615,-0.114029188019729
"CSK21_HUMAN-->MDC1_HUMAN",-40.4078865235931,-12.2154500266598,11.4269697406001,2.43370119362994,-0.309582837119612,0.0853301645093998,0.0714291603440328,-0.0796003780378803,-0.0670804325811615,-0.114029188019729
"CSK21_HUMAN---MGMT_HUMAN",-40.4078865235931,-12.2154500266598,11.4269697406001,2.43370119362994,-0.309582837119612,0.0853301645093998,0.0714291603440328,-0.0796003780378803,-0.0670804325811615,-0.114029188019729
"CSK21_HUMAN-->MPRI_HUMAN",-39.1233716439301,18.1956200929582,-6.63315124961885,1.56857703428075,0.8182114885845,0.482046746319296,0.190506741642296,0.937313923459402,0.0657738923987374,0.793611232950291
"CSK21_HUMAN-->MYH10_HUMAN",-39.1233716439301,18.1956200929582,-6.63315124961885,1.56857703428075,0.8182114885845,0.482046746319296,0.190506741642296,0.937313923459402,0.0657738923987374,0.793611232950291
"CSK21_HUMAN-->NCOR2_HUMAN",-40.4078865235931,-12.2154500266598,11.4269697406001,2.43370119362994,-0.309582837119612,0.0853301645093998,0.0714291603440328,-0.0796003780378803,-0.0670804325811615,-0.114029188019729
"CSK21_HUMAN---NMD3_HUMAN",-40.4078865235931,-12.2154500266598,11.4269697406001,2.43370119362994,-0.309582837119612,0.0853301645093998,0.0714291603440328,-0.0796003780378803,-0.0670804325811615,-0.114029188019729
"CSK21_HUMAN---OSBP1_HUMAN",-6.74085176276581,28.1374501423079,12.9244640934351,-10.8987009584781,18.8941999809375,11.6236898409752,-4.66802041958859,1.53563890105819,-5.7219193266201,-4.60083211979149
"CSK21_HUMAN-->PDIA6_HUMAN",-39.1233716439301,18.1956200929582,-6.63315124961885,1.56857703428075,0.8182114885845,0.482046746319296,0.190506741642296,0.937313923459402,0.0657738923987374,0.793611232950291
"CSK21_HUMAN-->PIAS1_HUMAN",-34.9705611394839,-7.47084104281379,13.7613057618534,-0.519634701269049,3.0683097877883,3.16069743314367,-15.671625918266,2.18785810352121,-4.04126681546819,5.23816763377652
"CSK21_HUMAN---PSIP1_HUMAN",-39.1233716439301,18.1956200929582,-6.63315124961885,1.56857703428075,0.8182114885845,0.482046746319296,0.190506741642296,0.937313923459402,0.0657738923987374,0.793611232950291
"CSK21_HUMAN---PURB_HUMAN",-40.4078865235931,-12.2154500266598,11.4269697406001,2.43370119362994,-0.309582837119612,0.0853301645093998,0.0714291603440328,-0.0796003780378803,-0.0670804325811615,-0.114029188019729
"CSK21_HUMAN---RBM10_HUMAN",15.4906121385168,-19.5296626225233,4.807185238056,-14.4245703523937,24.7391131893069,12.7966429590904,-0.701122281721012,-2.04726487715873,-6.88660614380886,-0.257910071910077
"CSK21_HUMAN---RBM33_HUMAN",-39.1233716439301,18.1956200929582,-6.63315124961885,1.56857703428075,0.8182114885845,0.482046746319296,0.190506741642296,0.937313923459402,0.0657738923987374,0.793611232950291
"CSK21_HUMAN---RL1D1_HUMAN",-39.1233716439301,18.1956200929582,-6.63315124961885,1.56857703428075,0.8182114885845,0.482046746319296,0.190506741642296,0.937313923459402,0.0657738923987374,0.793611232950291
"CSK21_HUMAN---RPRD2_HUMAN",-39.1233716439301,18.1956200929582,-6.63315124961885,1.56857703428075,0.8182114885845,0.482046746319296,0.190506741642296,0.937313923459402,0.0657738923987374,0.793611232950291
"CSK21_HUMAN-->SAT1_HUMAN",-37.5821359706297,19.2941472806206,-5.56669859352779,-0.143237055245238,3.00670904867607,-0.231467057336012,-5.17536035958439,-0.75878959332251,0.379073271394012,-0.934811126597362
"CSK21_HUMAN-->SEPT2_HUMAN",-40.4078865235931,-12.2154500266598,11.4269697406001,2.43370119362994,-0.309582837119612,0.0853301645093998,0.0714291603440328,-0.0796003780378803,-0.0670804325811615,-0.114029188019729
"CSK21_HUMAN-->SIR1_HUMAN",-40.4078865235931,-12.2154500266598,11.4269697406001,2.43370119362994,-0.309582837119612,0.0853301645093998,0.0714291603440328,-0.0796003780378803,-0.0670804325811615,-0.114029188019729
"CSK21_HUMAN-->SPTB2_HUMAN",-40.4078865235931,-12.2154500266598,11.4269697406001,2.43370119362994,-0.309582837119612,0.0853301645093998,0.0714291603440328,-0.0796003780378803,-0.0670804325811615,-0.114029188019729
"CSK21_HUMAN---T2FA_HUMAN",8.43380730710069,2.74938807641899,39.8224278968134,-9.30036036270671,-5.38912179929544,8.4165349554328,-0.185278147506141,-3.30381340430666,0.691021974085287,0.347101565284331
"CSK21_HUMAN---TB182_HUMAN",8.43380730710069,2.74938807641899,39.8224278968134,-9.30036036270671,-5.38912179929544,8.4165349554328,-0.185278147506141,-3.30381340430666,0.691021974085287,0.347101565284331
"CSK21_HUMAN---TCP4_HUMAN",-39.1233716439301,18.1956200929582,-6.63315124961885,1.56857703428075,0.8182114885845,0.482046746319296,0.190506741642296,0.937313923459402,0.0657738923987374,0.793611232950291
"CSK21_HUMAN-->TELO2_HUMAN",-39.1233716439301,18.1956200929582,-6.63315124961885,1.56857703428075,0.8182114885845,0.482046746319296,0.190506741642296,0.937313923459402,0.0657738923987374,0.793611232950291
"CSK21_HUMAN---UBP24_HUMAN",-39.1233716439301,18.1956200929582,-6.63315124961885,1.56857703428075,0.8182114885845,0.482046746319296,0.190506741642296,0.937313923459402,0.0657738923987374,0.793611232950291
"CSK21_HUMAN---VAMP4_HUMAN",-39.1233716439301,18.1956200929582,-6.63315124961885,1.56857703428075,0.8182114885845,0.482046746319296,0.190506741642296,0.937313923459402,0.0657738923987374,0.793611232950291
"CSK21_HUMAN-->XRCC1_HUMAN",-39.1233716439301,18.1956200929582,-6.63315124961885,1.56857703428075,0.8182114885845,0.482046746319296,0.190506741642296,0.937313923459402,0.0657738923987374,0.793611232950291
"CTNA1_HUMAN---CTNB1_HUMAN",-27.6952134347889,-27.4245789403217,-11.3685332284529,-15.0425116387285,-1.31766383518798,3.69485846171447,1.03661248489626,-0.994529630209571,1.30060729985591,0.728900456006741
"CTNA1_HUMAN---LIMA1_HUMAN",-27.6952134347889,-27.4245789403217,-11.3685332284529,-15.0425116387285,-1.31766383518798,3.69485846171447,1.03661248489626,-0.994529630209571,1.30060729985591,0.728900456006741
"CTNA1_HUMAN---VINC_HUMAN",-27.6952134347889,-27.4245789403217,-11.3685332284529,-15.0425116387285,-1.31766383518798,3.69485846171447,1.03661248489626,-0.994529630209571,1.30060729985591,0.728900456006741
"CTNB1_HUMAN---GLIS2_HUMAN",-27.6952134347889,-27.4245789403217,-11.3685332284529,-15.0425116387285,-1.31766383518798,3.69485846171447,1.03661248489626,-0.994529630209571,1.30060729985591,0.728900456006741
"CTNB1_HUMAN---IQGA1_HUMAN",-27.6952134347889,-27.4245789403217,-11.3685332284529,-15.0425116387285,-1.31766383518798,3.69485846171447,1.03661248489626,-0.994529630209571,1.30060729985591,0.728900456006741
"CTNB1_HUMAN---KMT2D_HUMAN",-27.6952134347889,-27.4245789403217,-11.3685332284529,-15.0425116387285,-1.31766383518798,3.69485846171447,1.03661248489626,-0.994529630209571,1.30060729985591,0.728900456006741
"CTND1_HUMAN---SUMO2_HUMAN",-39.5391423030462,15.7151675810913,-5.37388191853687,2.09487798190377,0.929095108937752,0.207257891738002,3.85023416369123,-4.96905834023914,-0.215678725965235,-2.32784915548639
"CTR9_HUMAN---SSRP1_HUMAN",-27.6952134347889,-27.4245789403217,-11.3685332284529,-15.0425116387285,-1.31766383518798,3.69485846171447,1.03661248489626,-0.994529630209571,1.30060729985591,0.728900456006741
"CUL4B_HUMAN---DDA1_HUMAN",-22.1564937105002,-25.52262299043,-8.84582465135284,-15.8015410430256,-6.44064204454193,3.64791882065619,3.47320272275827,-3.36617765727324,5.75586474563399,-5.90058018305517
"CUL4B_HUMAN---HS90A_HUMAN",-20.895986494075,-24.3348919125961,-6.84030861860048,-19.7017325095481,-7.12441681057716,-3.03234770883228,-1.91038149661844,-4.08689746449963,4.08184287800593,-4.14601391277757
"CUL4B_HUMAN---RL35A_HUMAN",-9.29246528349284,-25.4017909199802,-7.34381400430957,-5.55199735157295,2.36933123833031,10.7605668455183,-13.8633209115673,-2.10967341221112,9.67564802460553,-5.39915038608914
"CYTSA_HUMAN---GLIS2_HUMAN",-26.7000944053482,-3.07378599036961,-26.0247127905752,-15.742319331941,-0.190948675305813,3.99390813682249,-0.0462692320918398,6.16427455227003,0.709381451328942,5.45435155532665
"CYTSB_HUMAN---TRAF2_HUMAN",-40.4078865235931,-12.2154500266598,11.4269697406001,2.43370119362994,-0.309582837119612,0.0853301645093998,0.0714291603440328,-0.0796003780378803,-0.0670804325811615,-0.114029188019729
"DAXX_HUMAN---ETS1_HUMAN",-27.936347513452,-6.82207233644873,21.0692194289968,-9.83643353507533,9.65205672004554,-7.28238777626963,-13.4437459571638,-0.917229578292208,-0.237119555157343,-4.29396191081041
"DAXX_HUMAN---FRIH_HUMAN",-27.936347513452,-6.82207233644873,21.0692194289968,-9.83643353507533,9.65205672004554,-7.28238777626963,-13.4437459571638,-0.917229578292208,-0.237119555157343,-4.29396191081041
"DAXX_HUMAN---MCRS1_HUMAN",-27.936347513452,-6.82207233644873,21.0692194289968,-9.83643353507533,9.65205672004554,-7.28238777626963,-13.4437459571638,-0.917229578292208,-0.237119555157343,-4.29396191081041
"DBNL_HUMAN---SH24A_HUMAN",-36.611813521482,-10.7110492147042,13.4543947468445,2.44958998601343,-5.05983880263279,0.109100869152855,4.06017385524732,-3.80488622774551,-1.39889000595609,7.06833756031662
"DC1L1_HUMAN---DC1L2_HUMAN",-40.4078865235931,-12.2154500266598,11.4269697406001,2.43370119362994,-0.309582837119612,0.0853301645093998,0.0714291603440328,-0.0796003780378803,-0.0670804325811615,-0.114029188019729
"DC1L2_HUMAN---YBOX1_HUMAN",15.3889039132994,0.695181588229119,37.3982840389837,1.23084442661315,-0.223695293829339,7.38190146919871,2.80672689041248,4.0837358183682,1.0991544768292,-0.292970390737935
"DCAF8_HUMAN---SUV91_HUMAN",-27.6952134347889,-27.4245789403217,-11.3685332284529,-15.0425116387285,-1.31766383518798,3.69485846171447,1.03661248489626,-0.994529630209571,1.30060729985591,0.728900456006741
"DDA1_HUMAN---VPRBP_HUMAN",-40.4078865235931,-12.2154500266598,11.4269697406001,2.43370119362994,-0.309582837119612,0.0853301645093998,0.0714291603440328,-0.0796003780378803,-0.0670804325811615,-0.114029188019729
"DDX21_HUMAN---JUN_HUMAN",-40.4078865235931,-12.2154500266598,11.4269697406001,2.43370119362994,-0.309582837119612,0.0853301645093998,0.0714291603440328,-0.0796003780378803,-0.0670804325811615,-0.114029188019729
"DDX21_HUMAN---LYAR_HUMAN",26.3470009499801,-15.8582362591406,12.41919188183,-14.9965427920645,6.52487859104001,7.21450785798363,2.76493730769855,7.5042358939513,5.86447826448411,-6.03752702964531
"DDX24_HUMAN---EIF3E_HUMAN",-15.0166578621947,-26.5919674692784,-12.1423047115304,-8.05696409783884,-3.04741329949967,-0.190918094944151,-12.8961230363633,-4.82570031298596,4.4187985784821,-3.57800082697847
"DDX24_HUMAN---HS90B_HUMAN",-27.9091821878249,-8.5009466852603,18.2952976304436,1.61733075391847,-16.7250197704268,0.787042299526054,-2.61991116076917,-7.12534084099282,-1.96280502913254,6.70775616869789
"DDX24_HUMAN---SPTN1_HUMAN",-13.211119995045,-23.8173539780273,-4.83934512088182,-12.4813878042211,-23.288990308686,1.93796855501569,7.30925595455979,-1.82095788284404,0.967028690656032,6.6007230237755
"DDX3Y_HUMAN---SMAD2_HUMAN",-40.4078865235931,-12.2154500266598,11.4269697406001,2.43370119362994,-0.309582837119612,0.0853301645093998,0.0714291603440328,-0.0796003780378803,-0.0670804325811615,-0.114029188019729
"DDX41_HUMAN---NKAP_HUMAN",-40.4078865235931,-12.2154500266598,11.4269697406001,2.43370119362994,-0.309582837119612,0.0853301645093998,0.0714291603440328,-0.0796003780378803,-0.0670804325811615,-0.114029188019729
"DDX42_HUMAN---MEPCE_HUMAN",-40.4078865235931,-12.2154500266598,11.4269697406001,2.43370119362994,-0.309582837119612,0.0853301645093998,0.0714291603440328,-0.0796003780378803,-0.0670804325811615,-0.114029188019729
"DDX46_HUMAN---SUMO2_HUMAN",-39.5391423030462,15.7151675810913,-5.37388191853687,2.09487798190377,0.929095108937752,0.207257891738002,3.85023416369123,-4.96905834023914,-0.215678725965235,-2.32784915548639
"DDX54_HUMAN---WDHD1_HUMAN",-39.1233716439301,18.1956200929582,-6.63315124961885,1.56857703428075,0.8182114885845,0.482046746319296,0.190506741642296,0.937313923459402,0.0657738923987374,0.793611232950291
"DDX58_HUMAN---TRI25_HUMAN",2.31942879632381,-19.782699795567,-1.48196961382467,-14.374390041874,25.3825150880342,7.20199032424934,15.0171719914348,6.75930025854616,-9.93283121105629,-0.961250963245254
"DDX58_HUMAN---WRIP1_HUMAN",2.63494300344298,-23.3053440618079,0.380909511437638,-14.6594793163322,24.1716379505562,7.06041254621684,13.0755933577188,8.06663539902976,-7.86518175428859,1.64461086389689
"DENR_HUMAN---PP1B_HUMAN",-39.1233716439301,18.1956200929582,-6.63315124961885,1.56857703428075,0.8182114885845,0.482046746319296,0.190506741642296,0.937313923459402,0.0657738923987374,0.793611232950291
"DEP1B_HUMAN---MDC1_HUMAN",-40.4078865235931,-12.2154500266598,11.4269697406001,2.43370119362994,-0.309582837119612,0.0853301645093998,0.0714291603440328,-0.0796003780378803,-0.0670804325811615,-0.114029188019729
"DESP_HUMAN---PKP2_HUMAN",-40.4078865235931,-12.2154500266598,11.4269697406001,2.43370119362994,-0.309582837119612,0.0853301645093998,0.0714291603440328,-0.0796003780378803,-0.0670804325811615,-0.114029188019729
"DESP_HUMAN---PKP4_HUMAN",-39.3467621542987,15.2719062117387,-4.93302681422569,1.79229301468326,0.906070467832547,0.373710724517796,-0.714913527922551,4.30209280115496,-0.328567358032595,2.86189440357889
"DHX29_HUMAN---FOXM1_HUMAN",-27.6952134347889,-27.4245789403217,-11.3685332284529,-15.0425116387285,-1.31766383518798,3.69485846171447,1.03661248489626,-0.994529630209571,1.30060729985591,0.728900456006741
"DHX57_HUMAN---LYAR_HUMAN",0.338813868076573,-16.6561051221122,9.07935364355885,-33.8655281689068,-0.0463055083922603,-14.0684587010033,7.49481199466934,0.577707034680009,2.73983799913145,-2.73385702323865
"DIDO1_HUMAN---HNRPK_HUMAN",-40.4078865235931,-12.2154500266598,11.4269697406001,2.43370119362994,-0.309582837119612,0.0853301645093998,0.0714291603440328,-0.0796003780378803,-0.0670804325811615,-0.114029188019729
"DLG1_HUMAN---IRK12_HUMAN",-40.4078865235931,-12.2154500266598,11.4269697406001,2.43370119362994,-0.309582837119612,0.0853301645093998,0.0714291603440328,-0.0796003780378803,-0.0670804325811615,-0.114029188019729
"DLG1_HUMAN---TJAP1_HUMAN",-40.4078865235931,-12.2154500266598,11.4269697406001,2.43370119362994,-0.309582837119612,0.0853301645093998,0.0714291603440328,-0.0796003780378803,-0.0670804325811615,-0.114029188019729
"DLG3_HUMAN---PP1A_HUMAN",-40.4078865235931,-12.2154500266598,11.4269697406001,2.43370119362994,-0.309582837119612,0.0853301645093998,0.0714291603440328,-0.0796003780378803,-0.0670804325811615,-0.114029188019729
"DNMT1_HUMAN---HDAC2_HUMAN",10.5666463179229,4.98353525203402,38.0386734934587,-7.50398989487391,-8.62094339111835,9.15320147813037,-3.57031370151237,7.50822922895655,0.947549264604736,1.26369320936228
"DOCK1_HUMAN---FYN_HUMAN",-40.4078865235931,-12.2154500266598,11.4269697406001,2.43370119362994,-0.309582837119612,0.0853301645093998,0.0714291603440328,-0.0796003780378803,-0.0670804325811615,-0.114029188019729
"DOCK4_HUMAN---GRB2_HUMAN",-39.1233716439301,18.1956200929582,-6.63315124961885,1.56857703428075,0.8182114885845,0.482046746319296,0.190506741642296,0.937313923459402,0.0657738923987374,0.793611232950291
"DREB_HUMAN---NIPBL_HUMAN",-39.1233716439301,18.1956200929582,-6.63315124961885,1.56857703428075,0.8182114885845,0.482046746319296,0.190506741642296,0.937313923459402,0.0657738923987374,0.793611232950291
"DREB_HUMAN---ZC3H4_HUMAN",-39.1233716439301,18.1956200929582,-6.63315124961885,1.56857703428075,0.8182114885845,0.482046746319296,0.190506741642296,0.937313923459402,0.0657738923987374,0.793611232950291
"DYR1A_HUMAN-->CCNL2_HUMAN",-40.4078865235931,-12.2154500266598,11.4269697406001,2.43370119362994,-0.309582837119612,0.0853301645093998,0.0714291603440328,-0.0796003780378803,-0.0670804325811615,-0.114029188019729
"DYR1A_HUMAN-->SF3B1_HUMAN",-40.4078865235931,-12.2154500266598,11.4269697406001,2.43370119362994,-0.309582837119612,0.0853301645093998,0.0714291603440328,-0.0796003780378803,-0.0670804325811615,-0.114029188019729
"DYR1B_HUMAN---MK01_HUMAN",-39.1233716439301,18.1956200929582,-6.63315124961885,1.56857703428075,0.8182114885845,0.482046746319296,0.190506741642296,0.937313923459402,0.0657738923987374,0.793611232950291
"DYRK4_HUMAN---HS90B_HUMAN",-40.4078865235931,-12.2154500266598,11.4269697406001,2.43370119362994,-0.309582837119612,0.0853301645093998,0.0714291603440328,-0.0796003780378803,-0.0670804325811615,-0.114029188019729
"E2F2_HUMAN---RB_HUMAN",-27.6952134347889,-27.4245789403217,-11.3685332284529,-15.0425116387285,-1.31766383518798,3.69485846171447,1.03661248489626,-0.994529630209571,1.30060729985591,0.728900456006741
"E7ETM7_HUMAN---PTSS2_HUMAN",-27.6952134347889,-27.4245789403217,-11.3685332284529,-15.0425116387285,-1.31766383518798,3.69485846171447,1.03661248489626,-0.994529630209571,1.30060729985591,0.728900456006741
"E7ETM7_HUMAN---SUMO2_HUMAN",-27.6952134347889,-27.4245789403217,-11.3685332284529,-15.0425116387285,-1.31766383518798,3.69485846171447,1.03661248489626,-0.994529630209571,1.30060729985591,0.728900456006741
"E9PAU2_HUMAN---SUMO2_HUMAN",-39.5391423030462,15.7151675810913,-5.37388191853687,2.09487798190377,0.929095108937752,0.207257891738002,3.85023416369123,-4.96905834023914,-0.215678725965235,-2.32784915548639
"EDC3_HUMAN---EDC4_HUMAN",-40.4078865235931,-12.2154500266598,11.4269697406001,2.43370119362994,-0.309582837119612,0.0853301645093998,0.0714291603440328,-0.0796003780378803,-0.0670804325811615,-0.114029188019729
"EF1A1_HUMAN---MAGD2_HUMAN",-40.4078865235931,-12.2154500266598,11.4269697406001,2.43370119362994,-0.309582837119612,0.0853301645093998,0.0714291603440328,-0.0796003780378803,-0.0670804325811615,-0.114029188019729
"EF1A1_HUMAN---SUMO2_HUMAN",-40.4078865235931,-12.2154500266598,11.4269697406001,2.43370119362994,-0.309582837119612,0.0853301645093998,0.0714291603440328,-0.0796003780378803,-0.0670804325811615,-0.114029188019729
"EF1A1_HUMAN---XRN2_HUMAN",-10.0777300853611,-8.09621514814604,23.1764124804907,2.8167335160262,25.1797189486246,3.45088424901177,12.1104100331666,8.98156465120145,-9.23286948672566,0.801681219870425
"EFNA5_HUMAN---EPHA2_HUMAN",-39.1233716439301,18.1956200929582,-6.63315124961885,1.56857703428075,0.8182114885845,0.482046746319296,0.190506741642296,0.937313923459402,0.0657738923987374,0.793611232950291
"EFNA5_HUMAN---EPHA3_HUMAN",-39.1233716439301,18.1956200929582,-6.63315124961885,1.56857703428075,0.8182114885845,0.482046746319296,0.190506741642296,0.937313923459402,0.0657738923987374,0.793611232950291
"EFNA5_HUMAN---EPHA7_HUMAN",-39.1233716439301,18.1956200929582,-6.63315124961885,1.56857703428075,0.8182114885845,0.482046746319296,0.190506741642296,0.937313923459402,0.0657738923987374,0.793611232950291
"EFNB2_HUMAN---EPHA3_HUMAN",-39.1233716439301,18.1956200929582,-6.63315124961885,1.56857703428075,0.8182114885845,0.482046746319296,0.190506741642296,0.937313923459402,0.0657738923987374,0.793611232950291
"EGFR_HUMAN-->CCD50_HUMAN",-39.1233716439301,18.1956200929582,-6.63315124961885,1.56857703428075,0.8182114885845,0.482046746319296,0.190506741642296,0.937313923459402,0.0657738923987374,0.793611232950291
"EGFR_HUMAN---EGF_HUMAN",-39.1233716439301,18.1956200929582,-6.63315124961885,1.56857703428075,0.8182114885845,0.482046746319296,0.190506741642296,0.937313923459402,0.0657738923987374,0.793611232950291
"EGFR_HUMAN---ENPL_HUMAN",-40.4078865235931,-12.2154500266598,11.4269697406001,2.43370119362994,-0.309582837119612,0.0853301645093998,0.0714291603440328,-0.0796003780378803,-0.0670804325811615,-0.114029188019729
"EGFR_HUMAN---EPN1_HUMAN",-19.2317799061412,14.9063427201296,-13.0455759237881,3.36929986765374,-23.6131769888814,-5.10588164762958,2.43345031014157,7.6500904125286,-6.08493595284177,3.7863550778112
"EGFR_HUMAN-->FAK1_HUMAN",-38.7214719557183,9.32776818552894,-5.24584603373432,-2.24539745808782,-1.96868534776555,2.98070944902133,0.130676559560844,1.0245449136999,0.232708700903908,-0.559362279725942
"EGFR_HUMAN---GRB2_HUMAN",16.6841950928634,-3.60784791130214,-4.20671111250459,1.05491782986867,-19.6564782952023,0.882895605213375,-20.0328803795144,5.21264060791413,-10.8509814919483,-4.53378210885511
"EGFR_HUMAN-->GSTP1_HUMAN",-30.6043553089357,-15.2548426620781,6.57721486713281,7.55010680697679,-13.6546010098882,-6.23234480557426,-1.69853179720214,4.80762275053483,-8.38285513235557,-0.914832658664345
"EGFR_HUMAN---HS90A_HUMAN",-8.0397176097507,-24.6456804181633,-6.77161854544871,-9.36505265016807,-20.66276380589,-4.50067263370654,-4.0685714361133,-2.64233316976739,-4.86118534047943,12.3039305316951
"EGFR_HUMAN---TPPC3_HUMAN",23.0684795199428,-14.3955937067988,11.303268704645,-16.2358835644789,-12.5906666156183,-4.70056747584708,-5.024297227177,2.26817696460994,-5.43457197721413,4.51239980728829
"EGFR_HUMAN---UBP8_HUMAN",-10.6017895181926,-14.8306876204616,10.0518093807455,4.14610204766148,-6.68318838199082,-6.09025605500499,4.04378055942674,9.37828022980712,-19.3841544776819,-5.51757789554349
"EGLN1_HUMAN---ING4_HUMAN",-27.0287424420336,-10.4979519629632,14.3959702549052,10.0928038005009,-2.7574761037402,18.1765514077573,1.2035778202725,7.42440037371618,6.2543164954772,-8.45047280940604
"EIF3B_HUMAN---EIF3E_HUMAN",-24.2030203953643,-29.0047755271947,-14.9611182919017,-9.78213707780047,-3.43611309862287,-2.33218679150675,-1.79037138000545,-2.52371683052428,-2.00624216672605,2.24058651587916
"EIF3B_HUMAN---EIF3G_HUMAN",-40.4078865235931,-12.2154500266598,11.4269697406001,2.43370119362994,-0.309582837119612,0.0853301645093998,0.0714291603440328,-0.0796003780378803,-0.0670804325811615,-0.114029188019729
"EIF3C_HUMAN---EIF3E_HUMAN",-24.2030203953643,-29.0047755271947,-14.9611182919017,-9.78213707780047,-3.43611309862287,-2.33218679150675,-1.79037138000545,-2.52371683052428,-2.00624216672605,2.24058651587916
"EIF3E_HUMAN---GPBL1_HUMAN",-24.2030203953643,-29.0047755271947,-14.9611182919017,-9.78213707780047,-3.43611309862287,-2.33218679150675,-1.79037138000545,-2.52371683052428,-2.00624216672605,2.24058651587916
"ELF2_HUMAN---SUMO2_HUMAN",-39.5391423030462,15.7151675810913,-5.37388191853687,2.09487798190377,0.929095108937752,0.207257891738002,3.85023416369123,-4.96905834023914,-0.215678725965235,-2.32784915548639
"EP15R_HUMAN---EPN1_HUMAN",-40.4078865235931,-12.2154500266598,11.4269697406001,2.43370119362994,-0.309582837119612,0.0853301645093998,0.0714291603440328,-0.0796003780378803,-0.0670804325811615,-0.114029188019729
"EPN1_HUMAN---EPS15_HUMAN",-39.1233716439301,18.1956200929582,-6.63315124961885,1.56857703428075,0.8182114885845,0.482046746319296,0.190506741642296,0.937313923459402,0.0657738923987374,0.793611232950291
"EPS15_HUMAN---LAPM5_HUMAN",-10.0777300853611,-8.09621514814604,23.1764124804907,2.8167335160262,25.1797189486246,3.45088424901177,12.1104100331666,8.98156465120145,-9.23286948672566,0.801681219870425
"ESF1_HUMAN---SUMO2_HUMAN",-27.6952134347889,-27.4245789403217,-11.3685332284529,-15.0425116387285,-1.31766383518798,3.69485846171447,1.03661248489626,-0.994529630209571,1.30060729985591,0.728900456006741
"ETS1_HUMAN---IF2P_HUMAN",-40.4078865235931,-12.2154500266598,11.4269697406001,2.43370119362994,-0.309582837119612,0.0853301645093998,0.0714291603440328,-0.0796003780378803,-0.0670804325811615,-0.114029188019729
"ETS1_HUMAN---SRS11_HUMAN",8.43380730710069,2.74938807641899,39.8224278968134,-9.30036036270671,-5.38912179929544,8.4165349554328,-0.185278147506141,-3.30381340430666,0.691021974085287,0.347101565284331
"ETS1_HUMAN---TCAL3_HUMAN",-40.4078865235931,-12.2154500266598,11.4269697406001,2.43370119362994,-0.309582837119612,0.0853301645093998,0.0714291603440328,-0.0796003780378803,-0.0670804325811615,-0.114029188019729
"F122A_HUMAN---TE2IP_HUMAN",21.1464803959048,-12.4597408372429,17.0269249277603,-26.7765731950651,-6.39720279736381,12.0260632526379,0.77990517704609,-4.21874265647835,2.05870970652236,1.1900312093108
"F122B_HUMAN---RAE1L_HUMAN",-27.6952134347889,-27.4245789403217,-11.3685332284529,-15.0425116387285,-1.31766383518798,3.69485846171447,1.03661248489626,-0.994529630209571,1.30060729985591,0.728900456006741
"F208A_HUMAN---TM1L1_HUMAN",-39.1233716439301,18.1956200929582,-6.63315124961885,1.56857703428075,0.8182114885845,0.482046746319296,0.190506741642296,0.937313923459402,0.0657738923987374,0.793611232950291
"FA21A_HUMAN---ROCK1_HUMAN",-40.4078865235931,-12.2154500266598,11.4269697406001,2.43370119362994,-0.309582837119612,0.0853301645093998,0.0714291603440328,-0.0796003780378803,-0.0670804325811615,-0.114029188019729
"FACD2_HUMAN---WDR48_HUMAN",-28.9862973091654,9.14180311281409,-21.7357553352118,-12.416136924292,-6.62139424237328,3.47618107773013,2.52686960821447,1.7558823384033,-7.67752714523582,-6.13505894399752
"FAK1_HUMAN---PAXI_HUMAN",-40.4078865235931,-12.2154500266598,11.4269697406001,2.43370119362994,-0.309582837119612,0.0853301645093998,0.0714291603440328,-0.0796003780378803,-0.0670804325811615,-0.114029188019729
"FARP1_HUMAN---PP1A_HUMAN",-40.4078865235931,-12.2154500266598,11.4269697406001,2.43370119362994,-0.309582837119612,0.0853301645093998,0.0714291603440328,-0.0796003780378803,-0.0670804325811615,-0.114029188019729
"FBX4_HUMAN---HS90B_HUMAN",-40.4078865235931,-12.2154500266598,11.4269697406001,2.43370119362994,-0.309582837119612,0.0853301645093998,0.0714291603440328,-0.0796003780378803,-0.0670804325811615,-0.114029188019729
"FGR_HUMAN---KSYK_HUMAN",-27.6952134347889,-27.4245789403217,-11.3685332284529,-15.0425116387285,-1.31766383518798,3.69485846171447,1.03661248489626,-0.994529630209571,1.30060729985591,0.728900456006741
"FKB15_HUMAN---PP1A_HUMAN",-40.4078865235931,-12.2154500266598,11.4269697406001,2.43370119362994,-0.309582837119612,0.0853301645093998,0.0714291603440328,-0.0796003780378803,-0.0670804325811615,-0.114029188019729
"FNBP4_HUMAN---KHDR1_HUMAN",-38.1622384854993,-15.4559229587259,5.6486765059118,-3.16242443275327,-2.666266080726,1.99627275393966,1.2060831172674,4.58517267604146,-1.97856351843198,-3.74310682860129
"FUBP1_HUMAN---MK14_HUMAN",-40.4078865235931,-12.2154500266598,11.4269697406001,2.43370119362994,-0.309582837119612,0.0853301645093998,0.0714291603440328,-0.0796003780378803,-0.0670804325811615,-0.114029188019729
"FUBP2_HUMAN---HNRH1_HUMAN",-36.8921919837285,-11.2488463186974,13.4712537720869,3.09070947433432,-2.50058227372464,3.75597692774316,-7.2226144384183,-0.0423244212681931,1.86743742920645,0.545588412943771
"FUND2_HUMAN---SAT1_HUMAN",-37.5821359706297,19.2941472806206,-5.56669859352779,-0.143237055245238,3.00670904867607,-0.231467057336012,-5.17536035958439,-0.75878959332251,0.379073271394012,-0.934811126597362
"FYN_HUMAN---KHDR1_HUMAN",-38.1622384854993,-15.4559229587259,5.6486765059118,-3.16242443275327,-2.666266080726,1.99627275393966,1.2060831172674,4.58517267604146,-1.97856351843198,-3.74310682860129
"FYN_HUMAN---SPN90_HUMAN",-40.4078865235931,-12.2154500266598,11.4269697406001,2.43370119362994,-0.309582837119612,0.0853301645093998,0.0714291603440328,-0.0796003780378803,-0.0670804325811615,-0.114029188019729
"FYN_HUMAN---TM1L1_HUMAN",-15.2387050667723,-11.8790342408295,16.1141003320913,10.7945597145599,-3.99523747954141,0.505669801940579,-6.89750187216731,6.68348947263231,-16.7497095504968,-0.71209050925585
"G3BP1_HUMAN---RL14_HUMAN",-40.4078865235931,-12.2154500266598,11.4269697406001,2.43370119362994,-0.309582837119612,0.0853301645093998,0.0714291603440328,-0.0796003780378803,-0.0670804325811615,-0.114029188019729
"G3BP1_HUMAN---UBP10_HUMAN",-40.4078865235931,-12.2154500266598,11.4269697406001,2.43370119362994,-0.309582837119612,0.0853301645093998,0.0714291603440328,-0.0796003780378803,-0.0670804325811615,-0.114029188019729
"GAB1_HUMAN---PTN11_HUMAN",-39.1233716439301,18.1956200929582,-6.63315124961885,1.56857703428075,0.8182114885845,0.482046746319296,0.190506741642296,0.937313923459402,0.0657738923987374,0.793611232950291
"GAREM_HUMAN---GRB2_HUMAN",-39.1233716439301,18.1956200929582,-6.63315124961885,1.56857703428075,0.8182114885845,0.482046746319296,0.190506741642296,0.937313923459402,0.0657738923987374,0.793611232950291
"GBRL1_HUMAN---TB10B_HUMAN",-40.4078865235931,-12.2154500266598,11.4269697406001,2.43370119362994,-0.309582837119612,0.0853301645093998,0.0714291603440328,-0.0796003780378803,-0.0670804325811615,-0.114029188019729
"GBRL1_HUMAN---TBCD1_HUMAN",-40.4078865235931,-12.2154500266598,11.4269697406001,2.43370119362994,-0.309582837119612,0.0853301645093998,0.0714291603440328,-0.0796003780378803,-0.0670804325811615,-0.114029188019729
"GGA3_HUMAN---MPRI_HUMAN",-39.1233716439301,18.1956200929582,-6.63315124961885,1.56857703428075,0.8182114885845,0.482046746319296,0.190506741642296,0.937313923459402,0.0657738923987374,0.793611232950291
"GLCI1_HUMAN---Q548N1_HUMAN",-40.4078865235931,-12.2154500266598,11.4269697406001,2.43370119362994,-0.309582837119612,0.0853301645093998,0.0714291603440328,-0.0796003780378803,-0.0670804325811615,-0.114029188019729
"GRB2_HUMAN---IRS4_HUMAN",-37.2874560758998,18.9327429966537,-6.04546935035287,1.47007908589543,-1.83446722006485,1.53973237529092,1.19862394819576,-2.23690860527106,-1.79238963408927,5.23783057432978
"GRB2_HUMAN---MEP50_HUMAN",-10.1115468721045,-23.6310706577524,-6.47237171682913,-12.0310098306376,-13.7995657702924,-0.34112901693832,-6.62900014262002,-10.474502049678,-7.00987152532264,10.8066250640406
"GRB2_HUMAN---PTN11_HUMAN",-36.8777236058364,14.9551471608922,-12.4114444843072,-4.02754859210246,-1.53847175502189,2.39298933574955,1.32516069856566,5.60208697753874,-1.84570919345208,-2.83546640763127
"GRB2_HUMAN---PTN18_HUMAN",-29.0938644955684,6.59419038321914,-25.2374731748487,-13.5770926824457,-2.63999085883725,4.04052479669115,0.548735259551392,2.96375439623536,-6.55825089659868,-2.79627352499142
"GRB2_HUMAN---PTPRA_HUMAN",-39.1233716439301,18.1956200929582,-6.63315124961885,1.56857703428075,0.8182114885845,0.482046746319296,0.190506741642296,0.937313923459402,0.0657738923987374,0.793611232950291
"GRB2_HUMAN---RHG17_HUMAN",19.9373869627917,-6.98708741950133,25.2211716770652,-11.4109163215608,-2.81821058448521,10.7860220323342,3.93418120669908,4.33796883709733,6.24247122704922,1.63059193041515
"GRB2_HUMAN---SHC1_HUMAN",-34.3265126438973,18.1150381397079,-7.9532538566446,-2.52066816653581,-5.23034850038404,0.172743709038861,1.93350144760779,-0.069820501634105,1.16185039932139,2.52607986797664
"GRB2_HUMAN---ST32C_HUMAN",-40.4078865235931,-12.2154500266598,11.4269697406001,2.43370119362994,-0.309582837119612,0.0853301645093998,0.0714291603440328,-0.0796003780378803,-0.0670804325811615,-0.114029188019729
"GRB2_HUMAN---WDR44_HUMAN",-27.6952134347889,-27.4245789403217,-11.3685332284529,-15.0425116387285,-1.31766383518798,3.69485846171447,1.03661248489626,-0.994529630209571,1.30060729985591,0.728900456006741
"GRB2_HUMAN---WIPF2_HUMAN",-29.0938644955684,6.59419038321914,-25.2374731748487,-13.5770926824457,-2.63999085883725,4.04052479669115,0.548735259551392,2.96375439623536,-6.55825089659868,-2.79627352499142
"GSTP1_HUMAN---SFR19_HUMAN",-40.4078865235931,-12.2154500266598,11.4269697406001,2.43370119362994,-0.309582837119612,0.0853301645093998,0.0714291603440328,-0.0796003780378803,-0.0670804325811615,-0.114029188019729
"H1X_HUMAN---HDGF_HUMAN",8.43380730710069,2.74938807641899,39.8224278968134,-9.30036036270671,-5.38912179929544,8.4165349554328,-0.185278147506141,-3.30381340430666,0.691021974085287,0.347101565284331
"H2AY_HUMAN---HDAC2_HUMAN",10.5666463179229,4.98353525203402,38.0386734934587,-7.50398989487391,-8.62094339111835,9.15320147813037,-3.57031370151237,7.50822922895655,0.947549264604736,1.26369320936228
"HAUS6_HUMAN---YBOX3_HUMAN",-27.6952134347889,-27.4245789403217,-11.3685332284529,-15.0425116387285,-1.31766383518798,3.69485846171447,1.03661248489626,-0.994529630209571,1.30060729985591,0.728900456006741
"HDAC2_HUMAN---KDM5C_HUMAN",-27.6952134347889,-27.4245789403217,-11.3685332284529,-15.0425116387285,-1.31766383518798,3.69485846171447,1.03661248489626,-0.994529630209571,1.30060729985591,0.728900456006741
"HDAC2_HUMAN---P66B_HUMAN",10.1508756588069,2.50308274016705,39.2979428245407,-6.9776889472509,-8.5100597707651,8.87841262354907,0.0894137205365572,1.601856965258,0.666096646240764,-1.8577671790744
"HDAC2_HUMAN---PP6R3_HUMAN",-40.4078865235931,-12.2154500266598,11.4269697406001,2.43370119362994,-0.309582837119612,0.0853301645093998,0.0714291603440328,-0.0796003780378803,-0.0670804325811615,-0.114029188019729
"HDAC2_HUMAN---RB_HUMAN",22.863548747611,-12.7060461734948,16.5024398554876,-24.4539017796093,-9.51814076883347,12.4879409207541,1.05459704508879,0.686927713086316,2.03378437867784,-1.01483753504793
"HDAC2_HUMAN---RCOR1_HUMAN",-40.4078865235931,-12.2154500266598,11.4269697406001,2.43370119362994,-0.309582837119612,0.0853301645093998,0.0714291603440328,-0.0796003780378803,-0.0670804325811615,-0.114029188019729
"HDAC2_HUMAN---SIN3A_HUMAN",6.71966304284968,4.53079273468969,36.7021321537098,-10.3077057376035,-10.3951597335226,3.27347991519792,-4.33373094063033,8.10745717770359,0.912754856677156,5.44774746019043
"HDAC2_HUMAN---SUV91_HUMAN",22.863548747611,-12.7060461734948,16.5024398554876,-24.4539017796093,-9.51814076883347,12.4879409207541,1.05459704508879,0.686927713086316,2.03378437867784,-1.01483753504793
"HDGF_HUMAN---RBMX_HUMAN",-34.8599178777825,-9.85176326675171,14.6739032833758,1.95063742408532,-7.26994403736439,-2.38889828189143,5.70277531911899,-2.13010790364021,1.61589241185653,8.05957580255593
"HD_HUMAN---OPTN_HUMAN",-27.6952134347889,-27.4245789403217,-11.3685332284529,-15.0425116387285,-1.31766383518798,3.69485846171447,1.03661248489626,-0.994529630209571,1.30060729985591,0.728900456006741
"HD_HUMAN---PR40A_HUMAN",-27.6952134347889,-27.4245789403217,-11.3685332284529,-15.0425116387285,-1.31766383518798,3.69485846171447,1.03661248489626,-0.994529630209571,1.30060729985591,0.728900456006741
"HD_HUMAN---TRAD1_HUMAN",-27.6952134347889,-27.4245789403217,-11.3685332284529,-15.0425116387285,-1.31766383518798,3.69485846171447,1.03661248489626,-0.994529630209571,1.30060729985591,0.728900456006741
"HD_HUMAN---ZFY19_HUMAN",-27.6952134347889,-27.4245789403217,-11.3685332284529,-15.0425116387285,-1.31766383518798,3.69485846171447,1.03661248489626,-0.994529630209571,1.30060729985591,0.728900456006741
"HERC2_HUMAN---MDC1_HUMAN",-40.4078865235931,-12.2154500266598,11.4269697406001,2.43370119362994,-0.309582837119612,0.0853301645093998,0.0714291603440328,-0.0796003780378803,-0.0670804325811615,-0.114029188019729
"HERC2_HUMAN---UBP16_HUMAN",-40.4078865235931,-12.2154500266598,11.4269697406001,2.43370119362994,-0.309582837119612,0.0853301645093998,0.0714291603440328,-0.0796003780378803,-0.0670804325811615,-0.114029188019729
"HEXI2_HUMAN---MEPCE_HUMAN",-40.4078865235931,-12.2154500266598,11.4269697406001,2.43370119362994,-0.309582837119612,0.0853301645093998,0.0714291603440328,-0.0796003780378803,-0.0670804325811615,-0.114029188019729
"HGS_HUMAN---STAM2_HUMAN",-39.1233716439301,18.1956200929582,-6.63315124961885,1.56857703428075,0.8182114885845,0.482046746319296,0.190506741642296,0.937313923459402,0.0657738923987374,0.793611232950291
"HGS_HUMAN---TS101_HUMAN",-40.4078865235931,-12.2154500266598,11.4269697406001,2.43370119362994,-0.309582837119612,0.0853301645093998,0.0714291603440328,-0.0796003780378803,-0.0670804325811615,-0.114029188019729
"HIPK2_HUMAN---SUMO2_HUMAN",-39.5391423030462,15.7151675810913,-5.37388191853687,2.09487798190377,0.929095108937752,0.207257891738002,3.85023416369123,-4.96905834023914,-0.215678725965235,-2.32784915548639
"HIPK3_HUMAN---ZYX_HUMAN",-39.1233716439301,18.1956200929582,-6.63315124961885,1.56857703428075,0.8182114885845,0.482046746319296,0.190506741642296,0.937313923459402,0.0657738923987374,0.793611232950291
"HN1_HUMAN---IMA1_HUMAN",-40.4078865235931,-12.2154500266598,11.4269697406001,2.43370119362994,-0.309582837119612,0.0853301645093998,0.0714291603440328,-0.0796003780378803,-0.0670804325811615,-0.114029188019729
"HNRL1_HUMAN---PR40A_HUMAN",8.43380730710069,2.74938807641899,39.8224278968134,-9.30036036270671,-5.38912179929544,8.4165349554328,-0.185278147506141,-3.30381340430666,0.691021974085287,0.347101565284331
"HNRPK_HUMAN---KHDR1_HUMAN",-38.1622384854993,-15.4559229587259,5.6486765059118,-3.16242443275327,-2.666266080726,1.99627275393966,1.2060831172674,4.58517267604146,-1.97856351843198,-3.74310682860129
"HNRPK_HUMAN---RBMX_HUMAN",-38.6908181718869,-12.4617553629118,10.9024846683274,4.75637260908575,-3.43052080858927,0.547207832625673,0.346121028386731,4.82606999152678,-0.0920057604256836,-2.31889793237846
"HNRPU_HUMAN---PLCG1_HUMAN",-40.4078865235931,-12.2154500266598,11.4269697406001,2.43370119362994,-0.309582837119612,0.0853301645093998,0.0714291603440328,-0.0796003780378803,-0.0670804325811615,-0.114029188019729
"HNRPU_HUMAN---SMN_HUMAN",-22.4023915813299,-26.4732455717719,-9.8836235496856,-11.6213483865021,-9.17708078985168,3.44281895651667,1.3685266524325,7.48790018196306,7.28569961369455,-1.30835389669617
"HOIL1_HUMAN---RNF31_HUMAN",-39.1233716439301,18.1956200929582,-6.63315124961885,1.56857703428075,0.8182114885845,0.482046746319296,0.190506741642296,0.937313923459402,0.0657738923987374,0.793611232950291
"HS90A_HUMAN---HS90B_HUMAN",15.1785082752985,-19.1818291337149,5.58903090295378,-15.4198815618799,19.4349072823383,13.043403042814,0.557232828016045,4.1163460492603,-3.9050917023221,-7.71936643452909
"HS90A_HUMAN---KKCC1_HUMAN",-26.0105296815482,-26.9995227667414,-9.8742012072801,-16.0847745666698,-4.22423007335781,0.162899015447276,1.46309944711689,-0.890153905414762,-0.219062969054357,1.3768708493727
"HS90A_HUMAN---MP2K7_HUMAN",-6.3175025936519,-25.1465067599601,-8.56590516809434,-8.26419551909583,-22.0017970811123,-5.53240682815598,-7.91901288412527,-2.23282534448884,-2.66401876823065,1.69501628336104
"HS90A_HUMAN---STIP1_HUMAN",-27.6952134347889,-27.4245789403217,-11.3685332284529,-15.0425116387285,-1.31766383518798,3.69485846171447,1.03661248489626,-0.994529630209571,1.30060729985591,0.728900456006741
"HS90A_HUMAN---TBA1A_HUMAN",-27.6952134347889,-27.4245789403217,-11.3685332284529,-15.0425116387285,-1.31766383518798,3.69485846171447,1.03661248489626,-0.994529630209571,1.30060729985591,0.728900456006741
"HS90A_HUMAN---TEBP_HUMAN",-27.6952134347889,-27.4245789403217,-11.3685332284529,-15.0425116387285,-1.31766383518798,3.69485846171447,1.03661248489626,-0.994529630209571,1.30060729985591,0.728900456006741
"HS90B_HUMAN---KSR1_HUMAN",-37.1748141684814,-10.4886718878841,13.7478202136693,-0.21854901389027,2.21628903482936,1.25838114635764,-11.0031023752669,-3.64040905655277,-0.81449841566882,-0.359210096020397
"HS90B_HUMAN---LAR4B_HUMAN",-40.4078865235931,-12.2154500266598,11.4269697406001,2.43370119362994,-0.309582837119612,0.0853301645093998,0.0714291603440328,-0.0796003780378803,-0.0670804325811615,-0.114029188019729
"HS90B_HUMAN---MKX_HUMAN",10.1508756588069,2.50308274016705,39.2979428245407,-6.9776889472509,-8.5100597707651,8.87841262354907,0.0894137205365572,1.601856965258,0.666096646240764,-1.8577671790744
"HS90B_HUMAN---SG223_HUMAN",-40.4078865235931,-12.2154500266598,11.4269697406001,2.43370119362994,-0.309582837119612,0.0853301645093998,0.0714291603440328,-0.0796003780378803,-0.0670804325811615,-0.114029188019729
"HTSF1_HUMAN---SRSF4_HUMAN",-12.9149044093803,15.9156692547423,-9.35853818408585,-26.5277040521705,-0.241272268874611,-12.1912679530314,-10.5331084084164,4.21320622900985,-2.62163322063446,-7.67630733957667
"I2BP1_HUMAN---SUMO2_HUMAN",-39.5391423030462,15.7151675810913,-5.37388191853687,2.09487798190377,0.929095108937752,0.207257891738002,3.85023416369123,-4.96905834023914,-0.215678725965235,-2.32784915548639
"I2BP2_HUMAN---SUMO2_HUMAN",-39.5391423030462,15.7151675810913,-5.37388191853687,2.09487798190377,0.929095108937752,0.207257891738002,3.85023416369123,-4.96905834023914,-0.215678725965235,-2.32784915548639
"ICK_HUMAN---MK01_HUMAN",-39.1233716439301,18.1956200929582,-6.63315124961885,1.56857703428075,0.8182114885845,0.482046746319296,0.190506741642296,0.937313923459402,0.0657738923987374,0.793611232950291
"ICLN_HUMAN---PDLI1_HUMAN",-39.1233716439301,18.1956200929582,-6.63315124961885,1.56857703428075,0.8182114885845,0.482046746319296,0.190506741642296,0.937313923459402,0.0657738923987374,0.793611232950291
"IF2B1_HUMAN---LYAR_HUMAN",0.338813868076573,-16.6561051221122,9.07935364355885,-33.8655281689068,-0.0463055083922603,-14.0684587010033,7.49481199466934,0.577707034680009,2.73983799913145,-2.73385702323865
"IF4G1_HUMAN---TRAF2_HUMAN",-40.4078865235931,-12.2154500266598,11.4269697406001,2.43370119362994,-0.309582837119612,0.0853301645093998,0.0714291603440328,-0.0796003780378803,-0.0670804325811615,-0.114029188019729
"IGF1R_HUMAN---SHC1_HUMAN",-21.3139251860922,17.1865739664587,-10.1908678937938,2.98237480186975,1.1990231525251,1.62417808324402,-8.20361646710887,-1.3516925584305,0.657875079239727,-18.0870542394493
"IMA1_HUMAN---JUN_HUMAN",-40.4078865235931,-12.2154500266598,11.4269697406001,2.43370119362994,-0.309582837119612,0.0853301645093998,0.0714291603440328,-0.0796003780378803,-0.0670804325811615,-0.114029188019729
"IMA1_HUMAN---KLC4_HUMAN",-37.1748141684814,-10.4886718878841,13.7478202136693,-0.21854901389027,2.21628903482936,1.25838114635764,-11.0031023752669,-3.64040905655277,-0.81449841566882,-0.359210096020397
"IMA1_HUMAN---MEPCE_HUMAN",-0.663076459521251,-5.06453197299523,28.38183452986,-21.3525148587898,7.34954846338246,-6.54090168634866,3.76681226931358,-1.91802865237568,7.79042941992963,6.0218303692594
"INADL_HUMAN---MPP5_HUMAN",-40.4078865235931,-12.2154500266598,11.4269697406001,2.43370119362994,-0.309582837119612,0.0853301645093998,0.0714291603440328,-0.0796003780378803,-0.0670804325811615,-0.114029188019729
"ING4_HUMAN---KAT7_HUMAN",-27.0287424420336,-10.4979519629632,14.3959702549052,10.0928038005009,-2.7574761037402,18.1765514077573,1.2035778202725,7.42440037371618,6.2543164954772,-8.45047280940604
"IQGA1_HUMAN---KPRB_HUMAN",-27.6952134347889,-27.4245789403217,-11.3685332284529,-15.0425116387285,-1.31766383518798,3.69485846171447,1.03661248489626,-0.994529630209571,1.30060729985591,0.728900456006741
"IQGA1_HUMAN---PODXL_HUMAN",-40.4078865235931,-12.2154500266598,11.4269697406001,2.43370119362994,-0.309582837119612,0.0853301645093998,0.0714291603440328,-0.0796003780378803,-0.0670804325811615,-0.114029188019729
"IRK12_HUMAN---SNTB1_HUMAN",-40.4078865235931,-12.2154500266598,11.4269697406001,2.43370119362994,-0.309582837119612,0.0853301645093998,0.0714291603440328,-0.0796003780378803,-0.0670804325811615,-0.114029188019729
"ITSN1_HUMAN---WASL_HUMAN",-40.4078865235931,-12.2154500266598,11.4269697406001,2.43370119362994,-0.309582837119612,0.0853301645093998,0.0714291603440328,-0.0796003780378803,-0.0670804325811615,-0.114029188019729
"ITSN2_HUMAN---MCRS1_HUMAN",-39.1233716439301,18.1956200929582,-6.63315124961885,1.56857703428075,0.8182114885845,0.482046746319296,0.190506741642296,0.937313923459402,0.0657738923987374,0.793611232950291
"IWS1_HUMAN---SUMO2_HUMAN",-39.5391423030462,15.7151675810913,-5.37388191853687,2.09487798190377,0.929095108937752,0.207257891738002,3.85023416369123,-4.96905834023914,-0.215678725965235,-2.32784915548639
"JIP4_HUMAN---MK14_HUMAN",8.43380730710069,2.74938807641899,39.8224278968134,-9.30036036270671,-5.38912179929544,8.4165349554328,-0.185278147506141,-3.30381340430666,0.691021974085287,0.347101565284331
"JUN_HUMAN---PEBB_HUMAN",-40.4078865235931,-12.2154500266598,11.4269697406001,2.43370119362994,-0.309582837119612,0.0853301645093998,0.0714291603440328,-0.0796003780378803,-0.0670804325811615,-0.114029188019729
"JUN_HUMAN---PRC2A_HUMAN",-32.574194985247,-10.9205961857523,13.0536443863054,5.37579701697307,-1.67260019655338,3.27874319793378,-5.75631048495534,-4.11206437219997,5.00843305466168,-2.2871515167866
"JUN_HUMAN---RB_HUMAN",15.2688138493343,-13.652579230843,14.9053483356802,-30.3658580149864,-1.23654916396054,5.26730807183575,5.88178483402205,-4.11783554205751,-4.46398950783847,2.30896050129808
"JUN_HUMAN---STRN4_HUMAN",-40.4078865235931,-12.2154500266598,11.4269697406001,2.43370119362994,-0.309582837119612,0.0853301645093998,0.0714291603440328,-0.0796003780378803,-0.0670804325811615,-0.114029188019729
"KCD12_HUMAN---OSBP1_HUMAN",-40.4078865235931,-12.2154500266598,11.4269697406001,2.43370119362994,-0.309582837119612,0.0853301645093998,0.0714291603440328,-0.0796003780378803,-0.0670804325811615,-0.114029188019729
"KCRB_HUMAN---SUMO2_HUMAN",-27.6952134347889,-27.4245789403217,-11.3685332284529,-15.0425116387285,-1.31766383518798,3.69485846171447,1.03661248489626,-0.994529630209571,1.30060729985591,0.728900456006741
"KCRB_HUMAN---TBCB_HUMAN",-24.4007545190782,-28.7062957866202,-12.7525658490204,-9.82706561717533,5.1408154340098,3.12276053846535,3.76185754949303,0.549363595173214,2.30338622276367,4.65513633886973
"KHDR1_HUMAN---LCK_HUMAN",-38.1622384854993,-15.4559229587259,5.6486765059118,-3.16242443275327,-2.666266080726,1.99627275393966,1.2060831172674,4.58517267604146,-1.97856351843198,-3.74310682860129
"KHDR1_HUMAN---PLCG1_HUMAN",31.8391922210763,-19.8634541517712,4.30493178636135,-2.09250896149825,6.06188769472537,5.13571447024257,-5.94017902104396,2.33988502246156,-5.6139136111007,0.348553461923528
"KI21A_HUMAN---SRP72_HUMAN",-40.4078865235931,-12.2154500266598,11.4269697406001,2.43370119362994,-0.309582837119612,0.0853301645093998,0.0714291603440328,-0.0796003780378803,-0.0670804325811615,-0.114029188019729
"KI67_HUMAN---KIF15_HUMAN",-39.1233716439301,18.1956200929582,-6.63315124961885,1.56857703428075,0.8182114885845,0.482046746319296,0.190506741642296,0.937313923459402,0.0657738923987374,0.793611232950291
"KIF4A_HUMAN---SUMO2_HUMAN",-39.5391423030462,15.7151675810913,-5.37388191853687,2.09487798190377,0.929095108937752,0.207257891738002,3.85023416369123,-4.96905834023914,-0.215678725965235,-2.32784915548639
"KKCC1_HUMAN-->KCC1A_HUMAN",-39.1233716439301,18.1956200929582,-6.63315124961885,1.56857703428075,0.8182114885845,0.482046746319296,0.190506741642296,0.937313923459402,0.0657738923987374,0.793611232950291
"KLC4_HUMAN---LR16A_HUMAN",-40.4078865235931,-12.2154500266598,11.4269697406001,2.43370119362994,-0.309582837119612,0.0853301645093998,0.0714291603440328,-0.0796003780378803,-0.0670804325811615,-0.114029188019729
"KPRA_HUMAN---MK01_HUMAN",-39.1233716439301,18.1956200929582,-6.63315124961885,1.56857703428075,0.8182114885845,0.482046746319296,0.190506741642296,0.937313923459402,0.0657738923987374,0.793611232950291
"KPRB_HUMAN---LRC47_HUMAN",-27.6952134347889,-27.4245789403217,-11.3685332284529,-15.0425116387285,-1.31766383518798,3.69485846171447,1.03661248489626,-0.994529630209571,1.30060729985591,0.728900456006741
"KS6A1_HUMAN-->BAD_HUMAN",-3.30660885777271,-5.30477111586751,27.4309781115081,-5.75113604717411,25.968741690478,10.7858807635942,-2.091020649254,1.80867949811899,-1.69812322874968,1.83436605047127
"KS6A1_HUMAN-->IF4B_HUMAN",-40.4078865235931,-12.2154500266598,11.4269697406001,2.43370119362994,-0.309582837119612,0.0853301645093998,0.0714291603440328,-0.0796003780378803,-0.0670804325811615,-0.114029188019729
"KS6A1_HUMAN---MK01_HUMAN",-40.4078865235931,-12.2154500266598,11.4269697406001,2.43370119362994,-0.309582837119612,0.0853301645093998,0.0714291603440328,-0.0796003780378803,-0.0670804325811615,-0.114029188019729
"KSYK_HUMAN---LCK_HUMAN",-27.6952134347889,-27.4245789403217,-11.3685332284529,-15.0425116387285,-1.31766383518798,3.69485846171447,1.03661248489626,-0.994529630209571,1.30060729985591,0.728900456006741
"LAP2B_HUMAN---SUMO2_HUMAN",-39.5391423030462,15.7151675810913,-5.37388191853687,2.09487798190377,0.929095108937752,0.207257891738002,3.85023416369123,-4.96905834023914,-0.215678725965235,-2.32784915548639
"LAP2_HUMAN---PKP4_HUMAN",-40.4078865235931,-12.2154500266598,11.4269697406001,2.43370119362994,-0.309582837119612,0.0853301645093998,0.0714291603440328,-0.0796003780378803,-0.0670804325811615,-0.114029188019729
"LAPM5_HUMAN---TM1L2_HUMAN",-10.0777300853611,-8.09621514814604,23.1764124804907,2.8167335160262,25.1797189486246,3.45088424901177,12.1104100331666,8.98156465120145,-9.23286948672566,0.801681219870425
"LARP4_HUMAN---SUMO2_HUMAN",-27.6952134347889,-27.4245789403217,-11.3685332284529,-15.0425116387285,-1.31766383518798,3.69485846171447,1.03661248489626,-0.994529630209571,1.30060729985591,0.728900456006741
"LAS1L_HUMAN---PELP1_HUMAN",-40.4078865235931,-12.2154500266598,11.4269697406001,2.43370119362994,-0.309582837119612,0.0853301645093998,0.0714291603440328,-0.0796003780378803,-0.0670804325811615,-0.114029188019729
"LCK_HUMAN-->ADT1_HUMAN",-40.4078865235931,-12.2154500266598,11.4269697406001,2.43370119362994,-0.309582837119612,0.0853301645093998,0.0714291603440328,-0.0796003780378803,-0.0670804325811615,-0.114029188019729
"LCK_HUMAN-->G3BP1_HUMAN",-40.4078865235931,-12.2154500266598,11.4269697406001,2.43370119362994,-0.309582837119612,0.0853301645093998,0.0714291603440328,-0.0796003780378803,-0.0670804325811615,-0.114029188019729
"LCK_HUMAN---PSRC1_HUMAN",-27.6952134347889,-27.4245789403217,-11.3685332284529,-15.0425116387285,-1.31766383518798,3.69485846171447,1.03661248489626,-0.994529630209571,1.30060729985591,0.728900456006741
"LCK_HUMAN-->ZAP70_HUMAN",-40.4078865235931,-12.2154500266598,11.4269697406001,2.43370119362994,-0.309582837119612,0.0853301645093998,0.0714291603440328,-0.0796003780378803,-0.0670804325811615,-0.114029188019729
"LHX4_HUMAN---RFC1_HUMAN",-40.4078865235931,-12.2154500266598,11.4269697406001,2.43370119362994,-0.309582837119612,0.0853301645093998,0.0714291603440328,-0.0796003780378803,-0.0670804325811615,-0.114029188019729
"LHX4_HUMAN---RRP36_HUMAN",-40.4078865235931,-12.2154500266598,11.4269697406001,2.43370119362994,-0.309582837119612,0.0853301645093998,0.0714291603440328,-0.0796003780378803,-0.0670804325811615,-0.114029188019729
"LMNB2_HUMAN---SVIL_HUMAN",9.30255152764757,30.6800056841701,23.0215762376764,-9.63918357443288,-4.15044385323807,8.5384626826614,3.59352685584106,-8.19327136650792,0.542423680701212,-1.86671840218233
"LMTK2_HUMAN---MYO6_HUMAN",-27.6952134347889,-27.4245789403217,-11.3685332284529,-15.0425116387285,-1.31766383518798,3.69485846171447,1.03661248489626,-0.994529630209571,1.30060729985591,0.728900456006741
"LNX1_HUMAN---PHS_HUMAN",-27.6952134347889,-27.4245789403217,-11.3685332284529,-15.0425116387285,-1.31766383518798,3.69485846171447,1.03661248489626,-0.994529630209571,1.30060729985591,0.728900456006741
"LNX1_HUMAN---PKP4_HUMAN",9.99418789861634,-18.4455400097678,7.46924942996717,-21.19179045738,21.1252105794349,16.3871161440579,-2.76990386628416,-0.37691433720766,-1.52529965135466,0.354111790087564
"LNX1_HUMAN---S6A15_HUMAN",-27.6952134347889,-27.4245789403217,-11.3685332284529,-15.0425116387285,-1.31766383518798,3.69485846171447,1.03661248489626,-0.994529630209571,1.30060729985591,0.728900456006741
"LNX1_HUMAN---SAT1_HUMAN",-10.8189580755492,-21.9603268192623,-1.23160826544052,-26.4580274316624,11.8736528634079,7.81383282648062,-1.43515363537131,-0.517314258437948,1.45230946475247,-0.613193129996533
"LNX1_HUMAN---STRN_HUMAN",21.1464803959048,-12.4597408372429,17.0269249277603,-26.7765731950651,-6.39720279736381,12.0260632526379,0.77990517704609,-4.21874265647835,2.05870970652236,1.1900312093108
"LYAR_HUMAN---PWP1_HUMAN",0.338813868076573,-16.6561051221122,9.07935364355885,-33.8655281689068,-0.0463055083922603,-14.0684587010033,7.49481199466934,0.577707034680009,2.73983799913145,-2.73385702323865
"LYAR_HUMAN---SRP14_HUMAN",0.338813868076573,-16.6561051221122,9.07935364355885,-33.8655281689068,-0.0463055083922603,-14.0684587010033,7.49481199466934,0.577707034680009,2.73983799913145,-2.73385702323865
"MA7D1_HUMAN---RBM48_HUMAN",-24.3233137948847,-5.33485616769559,23.5229455885297,-11.5398932882786,2.42124573124872,-17.5746638657323,-5.47674568054926,2.73420913216979,6.17792363899804,-5.5354880822503
"MA7D3_HUMAN---TRM7_HUMAN",-40.4078865235931,-12.2154500266598,11.4269697406001,2.43370119362994,-0.309582837119612,0.0853301645093998,0.0714291603440328,-0.0796003780378803,-0.0670804325811615,-0.114029188019729
"MAGG1_HUMAN---TIF1B_HUMAN",-27.6952134347889,-27.4245789403217,-11.3685332284529,-15.0425116387285,-1.31766383518798,3.69485846171447,1.03661248489626,-0.994529630209571,1.30060729985591,0.728900456006741
"MAP1B_HUMAN---PP1A_HUMAN",-40.4078865235931,-12.2154500266598,11.4269697406001,2.43370119362994,-0.309582837119612,0.0853301645093998,0.0714291603440328,-0.0796003780378803,-0.0670804325811615,-0.114029188019729
"MBD1_HUMAN---MCAF1_HUMAN",-27.6952134347889,-27.4245789403217,-11.3685332284529,-15.0425116387285,-1.31766383518798,3.69485846171447,1.03661248489626,-0.994529630209571,1.30060729985591,0.728900456006741
"MCAF1_HUMAN---SUMO2_HUMAN",-40.4078865235931,-12.2154500266598,11.4269697406001,2.43370119362994,-0.309582837119612,0.0853301645093998,0.0714291603440328,-0.0796003780378803,-0.0670804325811615,-0.114029188019729
"MCM2_HUMAN---MCM6_HUMAN",-40.4078865235931,-12.2154500266598,11.4269697406001,2.43370119362994,-0.309582837119612,0.0853301645093998,0.0714291603440328,-0.0796003780378803,-0.0670804325811615,-0.114029188019729
"MCM6_HUMAN---MCMBP_HUMAN",-40.4078865235931,-12.2154500266598,11.4269697406001,2.43370119362994,-0.309582837119612,0.0853301645093998,0.0714291603440328,-0.0796003780378803,-0.0670804325811615,-0.114029188019729
"MCM6_HUMAN---SCNM1_HUMAN",-40.4078865235931,-12.2154500266598,11.4269697406001,2.43370119362994,-0.309582837119612,0.0853301645093998,0.0714291603440328,-0.0796003780378803,-0.0670804325811615,-0.114029188019729
"MCRS1_HUMAN---RN213_HUMAN",-39.1233716439301,18.1956200929582,-6.63315124961885,1.56857703428075,0.8182114885845,0.482046746319296,0.190506741642296,0.937313923459402,0.0657738923987374,0.793611232950291
"MDC1_HUMAN---ML12A_HUMAN",-27.6952134347889,-27.4245789403217,-11.3685332284529,-15.0425116387285,-1.31766383518798,3.69485846171447,1.03661248489626,-0.994529630209571,1.30060729985591,0.728900456006741
"MDC1_HUMAN---RAD50_HUMAN",-37.1748141684814,-10.4886718878841,13.7478202136693,-0.21854901389027,2.21628903482936,1.25838114635764,-11.0031023752669,-3.64040905655277,-0.81449841566882,-0.359210096020397
"MDN1_HUMAN---PELP1_HUMAN",-40.4078865235931,-12.2154500266598,11.4269697406001,2.43370119362994,-0.309582837119612,0.0853301645093998,0.0714291603440328,-0.0796003780378803,-0.0670804325811615,-0.114029188019729
"MED12_HUMAN---MED13_HUMAN",-40.4078865235931,-12.2154500266598,11.4269697406001,2.43370119362994,-0.309582837119612,0.0853301645093998,0.0714291603440328,-0.0796003780378803,-0.0670804325811615,-0.114029188019729
"MED12_HUMAN---MED8_HUMAN",-40.4078865235931,-12.2154500266598,11.4269697406001,2.43370119362994,-0.309582837119612,0.0853301645093998,0.0714291603440328,-0.0796003780378803,-0.0670804325811615,-0.114029188019729
"MED8_HUMAN---SUMO2_HUMAN",-40.4078865235931,-12.2154500266598,11.4269697406001,2.43370119362994,-0.309582837119612,0.0853301645093998,0.0714291603440328,-0.0796003780378803,-0.0670804325811615,-0.114029188019729
"MEP50_HUMAN---RBM5_HUMAN",-40.4078865235931,-12.2154500266598,11.4269697406001,2.43370119362994,-0.309582837119612,0.0853301645093998,0.0714291603440328,-0.0796003780378803,-0.0670804325811615,-0.114029188019729
"MEP50_HUMAN---SMYD1_HUMAN",-27.6952134347889,-27.4245789403217,-11.3685332284529,-15.0425116387285,-1.31766383518798,3.69485846171447,1.03661248489626,-0.994529630209571,1.30060729985591,0.728900456006741
"MEPCE_HUMAN---SDE2_HUMAN",-40.4078865235931,-12.2154500266598,11.4269697406001,2.43370119362994,-0.309582837119612,0.0853301645093998,0.0714291603440328,-0.0796003780378803,-0.0670804325811615,-0.114029188019729
"MEPCE_HUMAN---SRP72_HUMAN",-12.3738592207275,-1.44697620845038,31.8748566126119,-16.3893153365484,0.961775489676109,-17.6779869982083,6.52962867011711,1.4926362868517,1.37215026669437,-3.57678666726512
"MEPCE_HUMAN---YRDC_HUMAN",-40.4078865235931,-12.2154500266598,11.4269697406001,2.43370119362994,-0.309582837119612,0.0853301645093998,0.0714291603440328,-0.0796003780378803,-0.0670804325811615,-0.114029188019729
"MK01_HUMAN-->ABI1_HUMAN",-39.1233716439301,18.1956200929582,-6.63315124961885,1.56857703428075,0.8182114885845,0.482046746319296,0.190506741642296,0.937313923459402,0.0657738923987374,0.793611232950291
"MK01_HUMAN-->ERF_HUMAN",-39.1233716439301,18.1956200929582,-6.63315124961885,1.56857703428075,0.8182114885845,0.482046746319296,0.190506741642296,0.937313923459402,0.0657738923987374,0.793611232950291
"MK01_HUMAN-->MKL1_HUMAN",-39.1233716439301,18.1956200929582,-6.63315124961885,1.56857703428075,0.8182114885845,0.482046746319296,0.190506741642296,0.937313923459402,0.0657738923987374,0.793611232950291
"MK01_HUMAN-->TFE2_HUMAN",-40.4078865235931,-12.2154500266598,11.4269697406001,2.43370119362994,-0.309582837119612,0.0853301645093998,0.0714291603440328,-0.0796003780378803,-0.0670804325811615,-0.114029188019729
"MK01_HUMAN---YBOX3_HUMAN",-27.6952134347889,-27.4245789403217,-11.3685332284529,-15.0425116387285,-1.31766383518798,3.69485846171447,1.03661248489626,-0.994529630209571,1.30060729985591,0.728900456006741
"MK03_HUMAN-->NUP50_HUMAN",-39.7880060273856,1.39367660490143,2.92304244472329,0.522896604693888,-1.56152557478431,1.73270072389136,-3.55849145571551,6.31426133135777,2.48125163392419,7.17856757662106
"MK03_HUMAN-->SMAD2_HUMAN",-40.4078865235931,-12.2154500266598,11.4269697406001,2.43370119362994,-0.309582837119612,0.0853301645093998,0.0714291603440328,-0.0796003780378803,-0.0670804325811615,-0.114029188019729
"MK09_HUMAN-->STAT3_HUMAN",-35.8545691148741,13.6917096248657,-8.52561187767451,7.05266757561124,-1.21237879560234,-5.65333452870342,-3.54189739282426,2.77290560084025,-3.63541682461456,4.37358046345131
"MK09_HUMAN---WDR62_HUMAN",-40.4078865235931,-12.2154500266598,11.4269697406001,2.43370119362994,-0.309582837119612,0.0853301645093998,0.0714291603440328,-0.0796003780378803,-0.0670804325811615,-0.114029188019729
"MK14_HUMAN---PLSL_HUMAN",-40.4078865235931,-12.2154500266598,11.4269697406001,2.43370119362994,-0.309582837119612,0.0853301645093998,0.0714291603440328,-0.0796003780378803,-0.0670804325811615,-0.114029188019729
"MMTA2_HUMAN---SRPK2_HUMAN",-40.4078865235931,-12.2154500266598,11.4269697406001,2.43370119362994,-0.309582837119612,0.0853301645093998,0.0714291603440328,-0.0796003780378803,-0.0670804325811615,-0.114029188019729
"MP2K1_HUMAN-->MK01_HUMAN",-36.4889283324204,6.25701803212357,3.54007592508888,-2.07095408856041,1.05328444223466,2.89508259063999,-14.3364839626049,-0.0236583504438755,2.06357257391207,5.1838591608991
"MP2K1_HUMAN-->MK03_HUMAN",-35.8902992888185,19.9223982317339,-4.31230077654967,-1.08367317323946,3.34408336053348,1.65509772816753,-10.8840247939686,-2.62349475505549,-0.681644090688921,0.548430324949623
"MP2K7_HUMAN-->MK09_HUMAN",-40.4078865235931,-12.2154500266598,11.4269697406001,2.43370119362994,-0.309582837119612,0.0853301645093998,0.0714291603440328,-0.0796003780378803,-0.0670804325811615,-0.114029188019729
"MPZL1_HUMAN---PTN11_HUMAN",-39.1233716439301,18.1956200929582,-6.63315124961885,1.56857703428075,0.8182114885845,0.482046746319296,0.190506741642296,0.937313923459402,0.0657738923987374,0.793611232950291
"MRE11_HUMAN---RAD50_HUMAN",-39.1233716439301,18.1956200929582,-6.63315124961885,1.56857703428075,0.8182114885845,0.482046746319296,0.190506741642296,0.937313923459402,0.0657738923987374,0.793611232950291
"NADAP_HUMAN---SUMO2_HUMAN",-40.4078865235931,-12.2154500266598,11.4269697406001,2.43370119362994,-0.309582837119612,0.0853301645093998,0.0714291603440328,-0.0796003780378803,-0.0670804325811615,-0.114029188019729
"NASP_HUMAN---TRM7_HUMAN",-40.4078865235931,-12.2154500266598,11.4269697406001,2.43370119362994,-0.309582837119612,0.0853301645093998,0.0714291603440328,-0.0796003780378803,-0.0670804325811615,-0.114029188019729
"NHRF1_HUMAN---PHAG1_HUMAN",-40.4078865235931,-12.2154500266598,11.4269697406001,2.43370119362994,-0.309582837119612,0.0853301645093998,0.0714291603440328,-0.0796003780378803,-0.0670804325811615,-0.114029188019729
"NHRF1_HUMAN---YAP1_HUMAN",-40.4078865235931,-12.2154500266598,11.4269697406001,2.43370119362994,-0.309582837119612,0.0853301645093998,0.0714291603440328,-0.0796003780378803,-0.0670804325811615,-0.114029188019729
"NKAP_HUMAN---PPIG_HUMAN",16.7751270181797,10.8814074970948,-13.252935752163,-15.2896945117428,25.866907515011,13.1933595409002,-0.582044700422747,-1.03035057566145,-6.75375181882896,0.649730349059946
"NKAP_HUMAN---RBMX2_HUMAN",-40.4078865235931,-12.2154500266598,11.4269697406001,2.43370119362994,-0.309582837119612,0.0853301645093998,0.0714291603440328,-0.0796003780378803,-0.0670804325811615,-0.114029188019729
"NOP2_HUMAN---SUMO2_HUMAN",-40.4078865235931,-12.2154500266598,11.4269697406001,2.43370119362994,-0.309582837119612,0.0853301645093998,0.0714291603440328,-0.0796003780378803,-0.0670804325811615,-0.114029188019729
"NOVA1_HUMAN---SRPK1_HUMAN",-27.6952134347889,-27.4245789403217,-11.3685332284529,-15.0425116387285,-1.31766383518798,3.69485846171447,1.03661248489626,-0.994529630209571,1.30060729985591,0.728900456006741
"NP1L1_HUMAN---TRAF2_HUMAN",-40.4078865235931,-12.2154500266598,11.4269697406001,2.43370119362994,-0.309582837119612,0.0853301645093998,0.0714291603440328,-0.0796003780378803,-0.0670804325811615,-0.114029188019729
"NPM_HUMAN---NUCL_HUMAN",-40.4078865235931,-12.2154500266598,11.4269697406001,2.43370119362994,-0.309582837119612,0.0853301645093998,0.0714291603440328,-0.0796003780378803,-0.0670804325811615,-0.114029188019729
"NRBP_HUMAN---T22D4_HUMAN",-39.1233716439301,18.1956200929582,-6.63315124961885,1.56857703428075,0.8182114885845,0.482046746319296,0.190506741642296,0.937313923459402,0.0657738923987374,0.793611232950291
"NSD1_HUMAN---ZN496_HUMAN",-40.4078865235931,-12.2154500266598,11.4269697406001,2.43370119362994,-0.309582837119612,0.0853301645093998,0.0714291603440328,-0.0796003780378803,-0.0670804325811615,-0.114029188019729
"NUCL_HUMAN---NUP62_HUMAN",-13.9391595449849,8.37986886950747,-19.7864045302752,-28.1777705267829,9.77177004768128,-3.27614289725466,-12.3594850513133,-0.815244528966619,1.26342250225963,-2.54339184581392
"NUMA1_HUMAN---SUMO2_HUMAN",-40.4078865235931,-12.2154500266598,11.4269697406001,2.43370119362994,-0.309582837119612,0.0853301645093998,0.0714291603440328,-0.0796003780378803,-0.0670804325811615,-0.114029188019729
"NUP98_HUMAN---RAE1L_HUMAN",-27.6952134347889,-27.4245789403217,-11.3685332284529,-15.0425116387285,-1.31766383518798,3.69485846171447,1.03661248489626,-0.994529630209571,1.30060729985591,0.728900456006741
"ODPA_HUMAN---STIP1_HUMAN",-27.6952134347889,-27.4245789403217,-11.3685332284529,-15.0425116387285,-1.31766383518798,3.69485846171447,1.03661248489626,-0.994529630209571,1.30060729985591,0.728900456006741
"OTUL_HUMAN---RNF31_HUMAN",-39.1233716439301,18.1956200929582,-6.63315124961885,1.56857703428075,0.8182114885845,0.482046746319296,0.190506741642296,0.937313923459402,0.0657738923987374,0.793611232950291
"PARD3_HUMAN---PSME3_HUMAN",-5.77310972134156,30.8668460991798,16.9295702179031,-18.0681583020329,0.737169791900465,-12.7094925697185,0.939362902634449,-2.60748220573902,-4.92209731506001,5.7342318879916
"PCBP1_HUMAN---T22D4_HUMAN",-40.4078865235931,-12.2154500266598,11.4269697406001,2.43370119362994,-0.309582837119612,0.0853301645093998,0.0714291603440328,-0.0796003780378803,-0.0670804325811615,-0.114029188019729
"PCBP1_HUMAN---ZN830_HUMAN",-40.4078865235931,-12.2154500266598,11.4269697406001,2.43370119362994,-0.309582837119612,0.0853301645093998,0.0714291603440328,-0.0796003780378803,-0.0670804325811615,-0.114029188019729
"PCNP_HUMAN---TE2IP_HUMAN",-12.3738592207275,-1.44697620845038,31.8748566126119,-16.3893153365484,0.961775489676109,-17.6779869982083,6.52962867011711,1.4926362868517,1.37215026669437,-3.57678666726512
"PDS5A_HUMAN---SMC3_HUMAN",-39.1233716439301,18.1956200929582,-6.63315124961885,1.56857703428075,0.8182114885845,0.482046746319296,0.190506741642296,0.937313923459402,0.0657738923987374,0.793611232950291
"PDS5B_HUMAN---SMC3_HUMAN",-39.1233716439301,18.1956200929582,-6.63315124961885,1.56857703428075,0.8182114885845,0.482046746319296,0.190506741642296,0.937313923459402,0.0657738923987374,0.793611232950291
"PELP1_HUMAN---SUMO2_HUMAN",8.43380730710069,2.74938807641899,39.8224278968134,-9.30036036270671,-5.38912179929544,8.4165349554328,-0.185278147506141,-3.30381340430666,0.691021974085287,0.347101565284331
"PGAM1_HUMAN---XRCC6_HUMAN",-35.689128738937,-15.2466011652172,7.87336276845414,6.7161419455847,7.89275319812499,-0.355762331061694,2.76750651197689,1.2103545205202,4.08956999026915,7.22880940321306
"PHIP_HUMAN---SUMO2_HUMAN",-39.5391423030462,15.7151675810913,-5.37388191853687,2.09487798190377,0.929095108937752,0.207257891738002,3.85023416369123,-4.96905834023914,-0.215678725965235,-2.32784915548639
"PHS_HUMAN---PRC2C_HUMAN",-40.4078865235931,-12.2154500266598,11.4269697406001,2.43370119362994,-0.309582837119612,0.0853301645093998,0.0714291603440328,-0.0796003780378803,-0.0670804325811615,-0.114029188019729
"PHS_HUMAN---TIM_HUMAN",-40.4078865235931,-12.2154500266598,11.4269697406001,2.43370119362994,-0.309582837119612,0.0853301645093998,0.0714291603440328,-0.0796003780378803,-0.0670804325811615,-0.114029188019729
"PI4KA_HUMAN---STRN4_HUMAN",-39.1233716439301,18.1956200929582,-6.63315124961885,1.56857703428075,0.8182114885845,0.482046746319296,0.190506741642296,0.937313923459402,0.0657738923987374,0.793611232950291
"PIAS1_HUMAN---SUMO2_HUMAN",-39.5391423030462,15.7151675810913,-5.37388191853687,2.09487798190377,0.929095108937752,0.207257891738002,3.85023416369123,-4.96905834023914,-0.215678725965235,-2.32784915548639
"PININ_HUMAN---SRRM2_HUMAN",-39.1233716439301,18.1956200929582,-6.63315124961885,1.56857703428075,0.8182114885845,0.482046746319296,0.190506741642296,0.937313923459402,0.0657738923987374,0.793611232950291
"PININ_HUMAN---SRSF4_HUMAN",-39.1233716439301,18.1956200929582,-6.63315124961885,1.56857703428075,0.8182114885845,0.482046746319296,0.190506741642296,0.937313923459402,0.0657738923987374,0.793611232950291
"PNKP_HUMAN---XRCC1_HUMAN",-39.1233716439301,18.1956200929582,-6.63315124961885,1.56857703428075,0.8182114885845,0.482046746319296,0.190506741642296,0.937313923459402,0.0657738923987374,0.793611232950291
"PO2F1_HUMAN---XRCC6_HUMAN",-40.4078865235931,-12.2154500266598,11.4269697406001,2.43370119362994,-0.309582837119612,0.0853301645093998,0.0714291603440328,-0.0796003780378803,-0.0670804325811615,-0.114029188019729
"POGZ_HUMAN---SUMO2_HUMAN",-39.5391423030462,15.7151675810913,-5.37388191853687,2.09487798190377,0.929095108937752,0.207257891738002,3.85023416369123,-4.96905834023914,-0.215678725965235,-2.32784915548639
"PP1A_HUMAN---PPR3D_HUMAN",-40.4078865235931,-12.2154500266598,11.4269697406001,2.43370119362994,-0.309582837119612,0.0853301645093998,0.0714291603440328,-0.0796003780378803,-0.0670804325811615,-0.114029188019729
"PP1A_HUMAN---TOIP1_HUMAN",-40.4078865235931,-12.2154500266598,11.4269697406001,2.43370119362994,-0.309582837119612,0.0853301645093998,0.0714291603440328,-0.0796003780378803,-0.0670804325811615,-0.114029188019729
"PP1A_HUMAN---WDR82_HUMAN",8.43380730710069,2.74938807641899,39.8224278968134,-9.30036036270671,-5.38912179929544,8.4165349554328,-0.185278147506141,-3.30381340430666,0.691021974085287,0.347101565284331
"PP1A_HUMAN---ZFY16_HUMAN",-40.4078865235931,-12.2154500266598,11.4269697406001,2.43370119362994,-0.309582837119612,0.0853301645093998,0.0714291603440328,-0.0796003780378803,-0.0670804325811615,-0.114029188019729
"PP1B_HUMAN---TIF1B_HUMAN",-27.6952134347889,-27.4245789403217,-11.3685332284529,-15.0425116387285,-1.31766383518798,3.69485846171447,1.03661248489626,-0.994529630209571,1.30060729985591,0.728900456006741
"PR38A_HUMAN---SRPK1_HUMAN",-27.6952134347889,-27.4245789403217,-11.3685332284529,-15.0425116387285,-1.31766383518798,3.69485846171447,1.03661248489626,-0.994529630209571,1.30060729985591,0.728900456006741
"PR40A_HUMAN---SF3A1_HUMAN",-40.4078865235931,-12.2154500266598,11.4269697406001,2.43370119362994,-0.309582837119612,0.0853301645093998,0.0714291603440328,-0.0796003780378803,-0.0670804325811615,-0.114029188019729
"PRR12_HUMAN---PUM1_HUMAN",-40.4078865235931,-12.2154500266598,11.4269697406001,2.43370119362994,-0.309582837119612,0.0853301645093998,0.0714291603440328,-0.0796003780378803,-0.0670804325811615,-0.114029188019729
"PSA3_HUMAN---PSA5_HUMAN",22.863548747611,-12.7060461734948,16.5024398554876,-24.4539017796093,-9.51814076883347,12.4879409207541,1.05459704508879,0.686927713086316,2.03378437867784,-1.01483753504793
"PSMD1_HUMAN---SUMO2_HUMAN",-40.4078865235931,-12.2154500266598,11.4269697406001,2.43370119362994,-0.309582837119612,0.0853301645093998,0.0714291603440328,-0.0796003780378803,-0.0670804325811615,-0.114029188019729
"PUR6_HUMAN---TRM7_HUMAN",-40.4078865235931,-12.2154500266598,11.4269697406001,2.43370119362994,-0.309582837119612,0.0853301645093998,0.0714291603440328,-0.0796003780378803,-0.0670804325811615,-0.114029188019729
"Q548N1_HUMAN---TS101_HUMAN",-40.4078865235931,-12.2154500266598,11.4269697406001,2.43370119362994,-0.309582837119612,0.0853301645093998,0.0714291603440328,-0.0796003780378803,-0.0670804325811615,-0.114029188019729
"RAD50_HUMAN---TERF2_HUMAN",-40.4078865235931,-12.2154500266598,11.4269697406001,2.43370119362994,-0.309582837119612,0.0853301645093998,0.0714291603440328,-0.0796003780378803,-0.0670804325811615,-0.114029188019729
"RAE1L_HUMAN---WDR75_HUMAN",-27.6952134347889,-27.4245789403217,-11.3685332284529,-15.0425116387285,-1.31766383518798,3.69485846171447,1.03661248489626,-0.994529630209571,1.30060729985591,0.728900456006741
"RAM_HUMAN---RBMX_HUMAN",-40.4078865235931,-12.2154500266598,11.4269697406001,2.43370119362994,-0.309582837119612,0.0853301645093998,0.0714291603440328,-0.0796003780378803,-0.0670804325811615,-0.114029188019729
"RBM10_HUMAN---SUGP1_HUMAN",-40.4078865235931,-12.2154500266598,11.4269697406001,2.43370119362994,-0.309582837119612,0.0853301645093998,0.0714291603440328,-0.0796003780378803,-0.0670804325811615,-0.114029188019729
"RBM15_HUMAN---SUMO2_HUMAN",-39.5391423030462,15.7151675810913,-5.37388191853687,2.09487798190377,0.929095108937752,0.207257891738002,3.85023416369123,-4.96905834023914,-0.215678725965235,-2.32784915548639
"RBM39_HUMAN---SRPK2_HUMAN",-27.6952134347889,-27.4245789403217,-11.3685332284529,-15.0425116387285,-1.31766383518798,3.69485846171447,1.03661248489626,-0.994529630209571,1.30060729985591,0.728900456006741
"RBM48_HUMAN---SAT1_HUMAN",-24.3233137948847,-5.33485616769559,23.5229455885297,-11.5398932882786,2.42124573124872,-17.5746638657323,-5.47674568054926,2.73420913216979,6.17792363899804,-5.5354880822503
"RBP2_HUMAN---SUMO2_HUMAN",-39.5391423030462,15.7151675810913,-5.37388191853687,2.09487798190377,0.929095108937752,0.207257891738002,3.85023416369123,-4.96905834023914,-0.215678725965235,-2.32784915548639
"RB_HUMAN---SMCA4_HUMAN",-27.6952134347889,-27.4245789403217,-11.3685332284529,-15.0425116387285,-1.31766383518798,3.69485846171447,1.03661248489626,-0.994529630209571,1.30060729985591,0.728900456006741
"REC8_HUMAN---SMC3_HUMAN",-39.1233716439301,18.1956200929582,-6.63315124961885,1.56857703428075,0.8182114885845,0.482046746319296,0.190506741642296,0.937313923459402,0.0657738923987374,0.793611232950291
"RECQ4_HUMAN---TE2IP_HUMAN",-40.4078865235931,-12.2154500266598,11.4269697406001,2.43370119362994,-0.309582837119612,0.0853301645093998,0.0714291603440328,-0.0796003780378803,-0.0670804325811615,-0.114029188019729
"RGPA1_HUMAN---TFE2_HUMAN",-40.4078865235931,-12.2154500266598,11.4269697406001,2.43370119362994,-0.309582837119612,0.0853301645093998,0.0714291603440328,-0.0796003780378803,-0.0670804325811615,-0.114029188019729
"RL15_HUMAN---SUMO2_HUMAN",-40.4078865235931,-12.2154500266598,11.4269697406001,2.43370119362994,-0.309582837119612,0.0853301645093998,0.0714291603440328,-0.0796003780378803,-0.0670804325811615,-0.114029188019729
"RLA1_HUMAN---SMAP_HUMAN",-40.4078865235931,-12.2154500266598,11.4269697406001,2.43370119362994,-0.309582837119612,0.0853301645093998,0.0714291603440329,-0.0796003780378798,-0.0670804325811615,-0.11402918801973
"RLA1_HUMAN---XRCC6_HUMAN",-35.0741819830214,-12.6357109338059,11.8720265143259,5.33502858891137,-8.32760790353463,-4.84367395140226,-1.15345767593544,-1.48757949378429,-5.72249501577177,1.57150544182192
"RNF31_HUMAN---TNFA_HUMAN",-40.4078865235931,-12.2154500266598,11.4269697406001,2.43370119362994,-0.309582837119612,0.0853301645093998,0.0714291603440328,-0.0796003780378803,-0.0670804325811615,-0.114029188019729
"ROCK1_HUMAN-->ADDA_HUMAN",-40.4078865235931,-12.2154500266598,11.4269697406001,2.43370119362994,-0.309582837119612,0.0853301645093998,0.0714291603440328,-0.0796003780378803,-0.0670804325811615,-0.114029188019729
"ROCK1_HUMAN-->MARCS_HUMAN",8.43380730710069,2.74938807641899,39.8224278968134,-9.30036036270671,-5.38912179929544,8.4165349554328,-0.185278147506141,-3.30381340430666,0.691021974085287,0.347101565284331
"ROCK1_HUMAN---TS101_HUMAN",-40.4078865235931,-12.2154500266598,11.4269697406001,2.43370119362994,-0.309582837119612,0.0853301645093998,0.0714291603440328,-0.0796003780378803,-0.0670804325811615,-0.114029188019729
"RRAS2_HUMAN---XRCC6_HUMAN",-40.4078865235931,-12.2154500266598,11.4269697406001,2.43370119362994,-0.309582837119612,0.0853301645093998,0.0714291603440328,-0.0796003780378803,-0.0670804325811615,-0.114029188019729
"RREB1_HUMAN---SUMO2_HUMAN",-39.5391423030462,15.7151675810913,-5.37388191853687,2.09487798190377,0.929095108937752,0.207257891738002,3.85023416369123,-4.96905834023914,-0.215678725965235,-2.32784915548639
"RSF1_HUMAN---SUMO2_HUMAN",-40.4078865235931,-12.2154500266598,11.4269697406001,2.43370119362994,-0.309582837119612,0.0853301645093998,0.0714291603440328,-0.0796003780378803,-0.0670804325811615,-0.114029188019729
"RU17_HUMAN---SRPK1_HUMAN",-27.6952134347889,-27.4245789403217,-11.3685332284529,-15.0425116387285,-1.31766383518798,3.69485846171447,1.03661248489626,-0.994529630209571,1.30060729985591,0.728900456006741
"RU17_HUMAN---ZRAB2_HUMAN",-27.6952134347889,-27.4245789403217,-11.3685332284529,-15.0425116387285,-1.31766383518798,3.69485846171447,1.03661248489626,-0.994529630209571,1.30060729985591,0.728900456006741
"RUSD2_HUMAN---WRIP1_HUMAN",-5.15091142542449,-19.1081995340714,5.48548274253197,-31.2487764242038,13.5569062038535,-1.00876004103109,-6.26475063259852,-1.09255391629751,-7.83817295119526,0.64240812970905
"S38A2_HUMAN---STX11_HUMAN",-40.4078865235931,-12.2154500266598,11.4269697406001,2.43370119362994,-0.309582837119612,0.0853301645093998,0.0714291603440328,-0.0796003780378803,-0.0670804325811615,-0.114029188019729
"SAT1_HUMAN---SPB1_HUMAN",-37.5821359706297,19.2941472806206,-5.56669859352779,-0.143237055245238,3.00670904867607,-0.231467057336012,-5.17536035958439,-0.75878959332251,0.379073271394012,-0.934811126597362
"SAT1_HUMAN---T22D4_HUMAN",-31.1715415041624,16.8912470931765,-7.86590774869566,3.19876757871531,11.5464193957781,1.21400523259644,-8.18794744233574,-1.3335398564974,3.47500633216139,7.89126891618241
"SC16A_HUMAN---TNFA_HUMAN",-40.4078865235931,-12.2154500266598,11.4269697406001,2.43370119362994,-0.309582837119612,0.0853301645093998,0.0714291603440328,-0.0796003780378803,-0.0670804325811615,-0.114029188019729
"SCAFB_HUMAN---SUMO2_HUMAN",-40.4078865235931,-12.2154500266598,11.4269697406001,2.43370119362994,-0.309582837119612,0.0853301645093998,0.0714291603440328,-0.0796003780378803,-0.0670804325811615,-0.114029188019729
"SCAM3_HUMAN---TS101_HUMAN",-40.4078865235931,-12.2154500266598,11.4269697406001,2.43370119362994,-0.309582837119612,0.0853301645093998,0.0714291603440328,-0.0796003780378803,-0.0670804325811615,-0.114029188019729
"SCFD1_HUMAN---VINC_HUMAN",-7.05762460100451,0.455775979561756,34.9896912081221,-17.2030341426837,-0.390624533803644,-13.1062091515284,0.820285321336185,-3.6243965072363,-5.05495164003991,4.82659146702158
"SENP3_HUMAN---SUMO2_HUMAN",-39.5391423030462,15.7151675810913,-5.37388191853687,2.09487798190377,0.929095108937752,0.207257891738002,3.85023416369123,-4.96905834023914,-0.215678725965235,-2.32784915548639
"SF3A1_HUMAN---SF3A3_HUMAN",-40.4078865235931,-12.2154500266598,11.4269697406001,2.43370119362994,-0.309582837119612,0.0853301645093998,0.0714291603440328,-0.0796003780378803,-0.0670804325811615,-0.114029188019729
"SIN3A_HUMAN---SMRC1_HUMAN",-40.4078865235931,-12.2154500266598,11.4269697406001,2.43370119362994,-0.309582837119612,0.0853301645093998,0.0714291603440328,-0.0796003780378803,-0.0670804325811615,-0.114029188019729
"SIR1_HUMAN---XRCC6_HUMAN",-30.6675740139439,-12.9824446932381,11.4669681207894,4.28910699830873,11.3815294433862,2.44481608299128,-9.31582114458419,-2.42855926161925,-0.166069010981845,9.45954583657262
"SKA1_HUMAN---SKA3_HUMAN",-40.4078865235931,-12.2154500266598,11.4269697406001,2.43370119362994,-0.309582837119612,0.0853301645093998,0.0714291603440328,-0.0796003780378803,-0.0670804325811615,-0.114029188019729
"SMC3_HUMAN---WAPL_HUMAN",-39.1233716439301,18.1956200929582,-6.63315124961885,1.56857703428075,0.8182114885845,0.482046746319296,0.190506741642296,0.937313923459402,0.0657738923987374,0.793611232950291
"SMN_HUMAN---WAP53_HUMAN",-27.6952134347889,-27.4245789403217,-11.3685332284529,-15.0425116387285,-1.31766383518798,3.69485846171447,1.03661248489626,-0.994529630209571,1.30060729985591,0.728900456006741
"SMRCD_HUMAN---SUMO2_HUMAN",-40.4078865235931,-12.2154500266598,11.4269697406001,2.43370119362994,-0.309582837119612,0.0853301645093998,0.0714291603440328,-0.0796003780378803,-0.0670804325811615,-0.114029188019729
"SMYD1_HUMAN---TTC33_HUMAN",-27.6952134347889,-27.4245789403217,-11.3685332284529,-15.0425116387285,-1.31766383518798,3.69485846171447,1.03661248489626,-0.994529630209571,1.30060729985591,0.728900456006741
"SNUT1_HUMAN---SUMO2_HUMAN",-27.6952134347889,-27.4245789403217,-11.3685332284529,-15.0425116387285,-1.31766383518798,3.69485846171447,1.03661248489626,-0.994529630209571,1.30060729985591,0.728900456006741
"SRPK1_HUMAN-->RBM8A_HUMAN",-27.6952134347889,-27.4245789403217,-11.3685332284529,-15.0425116387285,-1.31766383518798,3.69485846171447,1.03661248489626,-0.994529630209571,1.30060729985591,0.728900456006741
"SRPK1_HUMAN---WDR55_HUMAN",-27.6952134347889,-27.4245789403217,-11.3685332284529,-15.0425116387285,-1.31766383518798,3.69485846171447,1.03661248489626,-0.994529630209571,1.30060729985591,0.728900456006741
"SRPK2_HUMAN-->ACINU_HUMAN",-40.4078865235931,-12.2154500266598,11.4269697406001,2.43370119362994,-0.309582837119612,0.0853301645093998,0.0714291603440328,-0.0796003780378803,-0.0670804325811615,-0.114029188019729
"SRRM1_HUMAN---SRRM2_HUMAN",-39.1233716439301,18.1956200929582,-6.63315124961885,1.56857703428075,0.8182114885845,0.482046746319296,0.190506741642296,0.937313923459402,0.0657738923987374,0.793611232950291
"SRSF4_HUMAN---SRSF6_HUMAN",-35.57108896181,19.8354571954881,-3.70240202395222,-2.49630724839838,3.45320411084048,-3.75336100247615,-0.929379147800169,3.11876917894804,-1.68132774591493,-0.0933626830131673
"SSRP1_HUMAN---SUMO2_HUMAN",-40.4078865235931,-12.2154500266598,11.4269697406001,2.43370119362994,-0.309582837119612,0.0853301645093998,0.0714291603440328,-0.0796003780378803,-0.0670804325811615,-0.114029188019729
"STAM2_HUMAN---UBP8_HUMAN",-6.4362551380368,-12.4297643915242,14.1848752813716,-1.08100721175316,17.3030084239164,11.4620863680826,-4.61209623424546,-8.75547094988764,11.7501927537152,11.0146602757076
"STML2_HUMAN---TRM7_HUMAN",-40.4078865235931,-12.2154500266598,11.4269697406001,2.43370119362994,-0.309582837119612,0.0853301645093998,0.0714291603440328,-0.0796003780378803,-0.0670804325811615,-0.114029188019729
"STRN3_HUMAN---STRN_HUMAN",21.1464803959048,-12.4597408372429,17.0269249277603,-26.7765731950651,-6.39720279736381,12.0260632526379,0.77990517704609,-4.21874265647835,2.05870970652236,1.1900312093108
"STRN4_HUMAN---WIPI2_HUMAN",-40.4078865235931,-12.2154500266598,11.4269697406001,2.43370119362994,-0.309582837119612,0.0853301645093998,0.0714291603440328,-0.0796003780378803,-0.0670804325811615,-0.114029188019729
"SUMO2_HUMAN---TF3C1_HUMAN",-39.5391423030462,15.7151675810913,-5.37388191853687,2.09487798190377,0.929095108937752,0.207257891738002,3.85023416369123,-4.96905834023914,-0.215678725965235,-2.32784915548639
"SUMO2_HUMAN---TFP11_HUMAN",-39.5391423030462,15.7151675810913,-5.37388191853687,2.09487798190377,0.929095108937752,0.207257891738002,3.85023416369123,-4.96905834023914,-0.215678725965235,-2.32784915548639
"SUMO2_HUMAN---TIF1B_HUMAN",-27.6952134347889,-27.4245789403217,-11.3685332284529,-15.0425116387285,-1.31766383518798,3.69485846171447,1.03661248489626,-0.994529630209571,1.30060729985591,0.728900456006741
"SUMO2_HUMAN---TOP2A_HUMAN",-40.4078865235931,-12.2154500266598,11.4269697406001,2.43370119362994,-0.309582837119612,0.0853301645093998,0.0714291603440328,-0.0796003780378803,-0.0670804325811615,-0.114029188019729
"SUMO2_HUMAN---TOP2B_HUMAN",-39.5391423030462,15.7151675810913,-5.37388191853687,2.09487798190377,0.929095108937752,0.207257891738002,3.85023416369123,-4.96905834023914,-0.215678725965235,-2.32784915548639
"SUMO2_HUMAN---TPR_HUMAN",-39.5391423030462,15.7151675810913,-5.37388191853687,2.09487798190377,0.929095108937752,0.207257891738002,3.85023416369123,-4.96905834023914,-0.215678725965235,-2.32784915548639
"SUMO2_HUMAN---U520_HUMAN",-40.4078865235931,-12.2154500266598,11.4269697406001,2.43370119362994,-0.309582837119612,0.0853301645093998,0.0714291603440328,-0.0796003780378803,-0.0670804325811615,-0.114029188019729
"SUMO2_HUMAN---UIMC1_HUMAN",-40.4078865235931,-12.2154500266598,11.4269697406001,2.43370119362994,-0.309582837119612,0.0853301645093998,0.0714291603440328,-0.0796003780378803,-0.0670804325811615,-0.114029188019729
"SUMO2_HUMAN---WIZ_HUMAN",-39.5391423030462,15.7151675810913,-5.37388191853687,2.09487798190377,0.929095108937752,0.207257891738002,3.85023416369123,-4.96905834023914,-0.215678725965235,-2.32784915548639
"SUMO2_HUMAN---XPC_HUMAN",-27.6952134347889,-27.4245789403217,-11.3685332284529,-15.0425116387285,-1.31766383518798,3.69485846171447,1.03661248489626,-0.994529630209571,1.30060729985591,0.728900456006741
"SUMO2_HUMAN---Z280C_HUMAN",-39.5391423030462,15.7151675810913,-5.37388191853687,2.09487798190377,0.929095108937752,0.207257891738002,3.85023416369123,-4.96905834023914,-0.215678725965235,-2.32784915548639
"SUMO2_HUMAN---ZBT7A_HUMAN",-40.4078865235931,-12.2154500266598,11.4269697406001,2.43370119362994,-0.309582837119612,0.0853301645093998,0.0714291603440328,-0.0796003780378803,-0.0670804325811615,-0.114029188019729
"SUMO2_HUMAN---ZC11A_HUMAN",-27.6952134347889,-27.4245789403217,-11.3685332284529,-15.0425116387285,-1.31766383518798,3.69485846171447,1.03661248489626,-0.994529630209571,1.30060729985591,0.728900456006741
"SUMO2_HUMAN---ZKSC1_HUMAN",-39.5391423030462,15.7151675810913,-5.37388191853687,2.09487798190377,0.929095108937752,0.207257891738002,3.85023416369123,-4.96905834023914,-0.215678725965235,-2.32784915548639
"SUMO2_HUMAN---ZMYM4_HUMAN",-39.5391423030462,15.7151675810913,-5.37388191853687,2.09487798190377,0.929095108937752,0.207257891738002,3.85023416369123,-4.96905834023914,-0.215678725965235,-2.32784915548639
"SUMO2_HUMAN---ZN318_HUMAN",-39.5391423030462,15.7151675810913,-5.37388191853687,2.09487798190377,0.929095108937752,0.207257891738002,3.85023416369123,-4.96905834023914,-0.215678725965235,-2.32784915548639
"TE2IP_HUMAN---TERF2_HUMAN",-40.4078865235931,-12.2154500266598,11.4269697406001,2.43370119362994,-0.309582837119612,0.0853301645093998,0.0714291603440328,-0.0796003780378803,-0.0670804325811615,-0.114029188019729
"TERF2_HUMAN---ZN703_HUMAN",-40.4078865235931,-12.2154500266598,11.4269697406001,2.43370119362994,-0.309582837119612,0.0853301645093998,0.0714291603440328,-0.0796003780378803,-0.0670804325811615,-0.114029188019729
"TF3C1_HUMAN---TF3C4_HUMAN",-40.4078865235931,-12.2154500266598,11.4269697406001,2.43370119362994,-0.309582837119612,0.0853301645093998,0.0714291603440328,-0.0796003780378803,-0.0670804325811615,-0.114029188019729
"TICRR_HUMAN---TOPB1_HUMAN",-40.4078865235931,-12.2154500266598,11.4269697406001,2.43370119362994,-0.309582837119612,0.0853301645093998,0.0714291603440328,-0.0796003780378803,-0.0670804325811615,-0.114029188019729
"TIF1B_HUMAN---ZN496_HUMAN",-27.6952134347889,-27.4245789403217,-11.3685332284529,-15.0425116387285,-1.31766383518798,3.69485846171447,1.03661248489626,-0.994529630209571,1.30060729985591,0.728900456006741
"TNFA_HUMAN---TRAF2_HUMAN",-33.1752341245417,-9.42670709317146,16.1682353045487,0.908374496143942,-10.1765102755342,-5.92085772815862,6.12926228133961,-2.0257321788454,0.0962221429462606,8.70754619592188
"TNIK_HUMAN---TRAF2_HUMAN",-40.4078865235931,-12.2154500266598,11.4269697406001,2.43370119362994,-0.309582837119612,0.0853301645093998,0.0714291603440328,-0.0796003780378803,-0.0670804325811615,-0.114029188019729
"TPC12_HUMAN---TPPC3_HUMAN",23.0684795199428,-14.3955937067988,11.303268704645,-16.2358835644789,-12.5906666156183,-4.70056747584708,-5.024297227177,2.26817696460994,-5.43457197721413,4.51239980728829
"TRAF2_HUMAN---UBE2N_HUMAN",-40.4078865235931,-12.2154500266598,11.4269697406001,2.43370119362994,-0.309582837119612,0.0853301645093998,0.0714291603440328,-0.0796003780378803,-0.0670804325811615,-0.114029188019729
"TRAF2_HUMAN---UBE2O_HUMAN",8.43380730710069,2.74938807641899,39.8224278968134,-9.30036036270671,-5.38912179929544,8.4165349554328,-0.185278147506141,-3.30381340430666,0.691021974085287,0.347101565284331
"TRI18_HUMAN---UBE2N_HUMAN",-40.4078865235931,-12.2154500266598,11.4269697406001,2.43370119362994,-0.309582837119612,0.0853301645093998,0.0714291603440328,-0.0796003780378803,-0.0670804325811615,-0.114029188019729
"TS101_HUMAN---VRK3_HUMAN",-40.4078865235931,-12.2154500266598,11.4269697406001,2.43370119362994,-0.309582837119612,0.0853301645093998,0.0714291603440328,-0.0796003780378803,-0.0670804325811615,-0.114029188019729
"TXLNA_HUMAN---XRN2_HUMAN",-40.4078865235931,-12.2154500266598,11.4269697406001,2.43370119362994,-0.309582837119612,0.0853301645093998,0.0714291603440328,-0.0796003780378803,-0.0670804325811615,-0.114029188019729
"UBE2N_HUMAN---ZNRF2_HUMAN",-40.4078865235931,-12.2154500266598,11.4269697406001,2.43370119362994,-0.309582837119612,0.0853301645093998,0.0714291603440328,-0.0796003780378803,-0.0670804325811615,-0.114029188019729
"WDR48_HUMAN---WDR70_HUMAN",-39.5391423030462,15.7151675810913,-5.37388191853687,2.09487798190377,0.929095108937752,0.207257891738002,3.85023416369123,-4.96905834023914,-0.215678725965235,-2.32784915548639
"WNK1_HUMAN-->STK39_HUMAN",-39.4127674941524,12.1353429232922,-3.2292098215221,1.73389350041736,0.817132322762556,0.384379839617412,-1.01145255664407,7.07920380444171,-0.658306281108135,4.61142191130019
"ZAP70_HUMAN-->DBNL_HUMAN",-40.4078865235931,-12.2154500266598,11.4269697406001,2.43370119362994,-0.309582837119612,0.0853301645093998,0.0714291603440328,-0.0796003780378803,-0.0670804325811615,-0.114029188019729
"ZAP70_HUMAN-->MK14_HUMAN",-36.611813521482,-10.7110492147042,13.4543947468445,2.44958998601343,-5.05983880263279,0.109100869152855,4.06017385524732,-3.80488622774551,-1.39889000595609,7.06833756031662
"1433G_HUMAN---PININ_HUMAN",37.154585896918,-19.0047476777357,5.0325842016084,-0.755441176123858,-1.43497786433733,-0.652541648507868,-1.51071284252201,-1.21855199991444,2.28816806679864,-1.23740501322607
"1433G_HUMAN---UBP8_HUMAN",8.64253346393006,-17.1592242260654,3.14818644232392,2.67521982567817,-22.7311922836193,-6.3489627167248,-14.1875359623959,-1.78172450957261,-4.56645065658845,-14.7992010059922
"AKA10_HUMAN---MYH9_HUMAN",-11.3374603465148,-32.9248038540856,-21.2236794187217,7.86405359948538,7.33962614403788,-9.27205116567565,-0.226346670437885,-2.61825439179177,-0.78847739168925,0.967687606903705
"AKT1_HUMAN-->CDK2_HUMAN",-5.67054355006888,-32.5339609738307,-21.0485969003121,10.2327086962596,6.1865768214885,-1.69659415522559,3.57103015280229,4.0612785131505,0.934433258981212,-0.972353667707556
"ARMX3_HUMAN---CSK21_HUMAN",-11.3374603465148,-32.9248038540856,-21.2236794187217,7.86405359948538,7.33962614403788,-9.27205116567565,-0.226346670437885,-2.61825439179177,-0.78847739168925,0.967687606903705
"ASCC1_HUMAN---JUN_HUMAN",-11.3374603465148,-32.9248038540856,-21.2236794187217,7.86405359948538,7.33962614403788,-9.27205116567565,-0.226346670437885,-2.61825439179177,-0.78847739168925,0.967687606903705
"ASCC1_HUMAN---TM87A_HUMAN",-11.3374603465148,-32.9248038540856,-21.2236794187217,7.86405359948538,7.33962614403788,-9.27205116567565,-0.226346670437885,-2.61825439179177,-0.78847739168925,0.967687606903705
"ASPM_HUMAN---P53_HUMAN",5.8710399132966,-30.8774970934803,-16.9154278023031,18.0893987949181,-0.779809092923566,12.7125706094019,-0.957218271237512,2.60799908070253,4.93257089459142,-5.71667103919227
"AT1A1_HUMAN---CDK2_HUMAN",-9.6203919948086,-33.1711091903376,-21.7481644909944,10.1867250149412,4.21868817256823,-8.81017349755937,0.048345197604813,2.28741597777289,-0.813402719533772,-1.23718113745503
"ATM_HUMAN-->RIF1_HUMAN",-11.3374603465148,-32.9248038540856,-21.2236794187217,7.86405359948538,7.33962614403788,-9.27205116567565,-0.226346670437885,-2.61825439179177,-0.78847739168925,0.967687606903705
"CAND1_HUMAN---CUL4B_HUMAN",11.1872745330196,-28.9747449054682,-13.8005932067929,17.2756799887828,-2.13220911640332,17.2843484560818,-6.66656162001844,-2.50903371338546,-1.49453101214286,2.68670709509443
"CAND1_HUMAN---DDX55_HUMAN",11.1872745330196,-28.9747449054682,-13.8005932067929,17.2756799887828,-2.13220911640332,17.2843484560818,-6.66656162001844,-2.50903371338546,-1.49453101214286,2.68670709509443
"CAND1_HUMAN---DHX57_HUMAN",11.1872745330196,-28.9747449054682,-13.8005932067929,17.2756799887828,-2.13220911640332,17.2843484560818,-6.66656162001844,-2.50903371338546,-1.49453101214286,2.68670709509443
"CAND1_HUMAN---HACD3_HUMAN",11.1872745330196,-28.9747449054682,-13.8005932067929,17.2756799887828,-2.13220911640332,17.2843484560818,-6.66656162001844,-2.50903371338546,-1.49453101214286,2.68670709509443
"CAND1_HUMAN---MCM9_HUMAN",11.1872745330196,-28.9747449054682,-13.8005932067929,17.2756799887828,-2.13220911640332,17.2843484560818,-6.66656162001844,-2.50903371338546,-1.49453101214286,2.68670709509443
"CAND1_HUMAN---MEPCE_HUMAN",11.1872745330196,-28.9747449054682,-13.8005932067929,17.2756799887828,-2.13220911640332,17.2843484560818,-6.66656162001844,-2.50903371338546,-1.49453101214286,2.68670709509443
"CAND1_HUMAN---PCNP_HUMAN",11.1872745330196,-28.9747449054682,-13.8005932067929,17.2756799887828,-2.13220911640332,17.2843484560818,-6.66656162001844,-2.50903371338546,-1.49453101214286,2.68670709509443
"CAND1_HUMAN---PWP1_HUMAN",11.1872745330196,-28.9747449054682,-13.8005932067929,17.2756799887828,-2.13220911640332,17.2843484560818,-6.66656162001844,-2.50903371338546,-1.49453101214286,2.68670709509443
"CAND1_HUMAN---SRP72_HUMAN",11.1872745330196,-28.9747449054682,-13.8005932067929,17.2756799887828,-2.13220911640332,17.2843484560818,-6.66656162001844,-2.50903371338546,-1.49453101214286,2.68670709509443
"CBLB_HUMAN---GRB2_HUMAN",12.4860319102589,-15.298485523347,2.88283682457795,-3.24058608319865,16.0114413240535,4.10123411021865,6.71584171702028,11.9204586554894,19.1717963122858,-11.6864510531621
"CBL_HUMAN---GRB2_HUMAN",-19.1538865503364,-0.291796800751281,4.99463753405514,-1.60469295473466,13.0857857514904,-3.19572004766587,17.1069498870797,-9.00071711498337,14.4935358599654,-0.648040727896383
"CBL_HUMAN---MYH9_HUMAN",-11.3374603465148,-32.9248038540856,-21.2236794187217,7.86405359948538,7.33962614403788,-9.27205116567565,-0.226346670437885,-2.61825439179177,-0.78847739168925,0.967687606903705
"CCDC6_HUMAN---HDAC1_HUMAN",-11.3374603465148,-32.9248038540856,-21.2236794187217,7.86405359948538,7.33962614403788,-9.27205116567565,-0.226346670437885,-2.61825439179177,-0.78847739168925,0.967687606903705
"CDCA5_HUMAN---SMC3_HUMAN",-11.3374603465148,-32.9248038540856,-21.2236794187217,7.86405359948538,7.33962614403788,-9.27205116567565,-0.226346670437885,-2.61825439179177,-0.78847739168925,0.967687606903705
"CDK2_HUMAN-->AMOT_HUMAN",-9.6203919948086,-33.1711091903376,-21.7481644909944,10.1867250149412,4.21868817256823,-8.81017349755937,0.048345197604813,2.28741597777289,-0.813402719533772,-1.23718113745503
"CDK2_HUMAN-->BAP18_HUMAN",-9.6203919948086,-33.1711091903376,-21.7481644909944,10.1867250149412,4.21868817256823,-8.81017349755937,0.048345197604813,2.28741597777289,-0.813402719533772,-1.23718113745503
"CDK2_HUMAN-->BAZ2A_HUMAN",-9.6203919948086,-33.1711091903376,-21.7481644909944,10.1867250149412,4.21868817256823,-8.81017349755937,0.048345197604813,2.28741597777289,-0.813402719533772,-1.23718113745503
"CDK2_HUMAN-->CT2NL_HUMAN",-9.6203919948086,-33.1711091903376,-21.7481644909944,10.1867250149412,4.21868817256823,-8.81017349755937,0.048345197604813,2.28741597777289,-0.813402719533772,-1.23718113745503
"CDK2_HUMAN-->DNLI1_HUMAN",-9.6203919948086,-33.1711091903376,-21.7481644909944,10.1867250149412,4.21868817256823,-8.81017349755937,0.048345197604813,2.28741597777289,-0.813402719533772,-1.23718113745503
"CDK2_HUMAN-->DNLI3_HUMAN",-9.6203919948086,-33.1711091903376,-21.7481644909944,10.1867250149412,4.21868817256823,-8.81017349755937,0.048345197604813,2.28741597777289,-0.813402719533772,-1.23718113745503
"CDK2_HUMAN-->DNM1L_HUMAN",-9.6203919948086,-33.1711091903376,-21.7481644909944,10.1867250149412,4.21868817256823,-8.81017349755937,0.048345197604813,2.28741597777289,-0.813402719533772,-1.23718113745503
"CDK2_HUMAN-->F122A_HUMAN",-9.6203919948086,-33.1711091903376,-21.7481644909944,10.1867250149412,4.21868817256823,-8.81017349755937,0.048345197604813,2.28741597777289,-0.813402719533772,-1.23718113745503
"CDK2_HUMAN-->GUAA_HUMAN",-9.6203919948086,-33.1711091903376,-21.7481644909944,10.1867250149412,4.21868817256823,-8.81017349755937,0.048345197604813,2.28741597777289,-0.813402719533772,-1.23718113745503
"CDK2_HUMAN---H1X_HUMAN",-9.6203919948086,-33.1711091903376,-21.7481644909944,10.1867250149412,4.21868817256823,-8.81017349755937,0.048345197604813,2.28741597777289,-0.813402719533772,-1.23718113745503
"CDK2_HUMAN-->HNRL1_HUMAN",-9.6203919948086,-33.1711091903376,-21.7481644909944,10.1867250149412,4.21868817256823,-8.81017349755937,0.048345197604813,2.28741597777289,-0.813402719533772,-1.23718113745503
"CDK2_HUMAN-->JIP4_HUMAN",-9.6203919948086,-33.1711091903376,-21.7481644909944,10.1867250149412,4.21868817256823,-8.81017349755937,0.048345197604813,2.28741597777289,-0.813402719533772,-1.23718113745503
"CDK2_HUMAN-->LARP1_HUMAN",-9.6203919948086,-33.1711091903376,-21.7481644909944,10.1867250149412,4.21868817256823,-8.81017349755937,0.048345197604813,2.28741597777289,-0.813402719533772,-1.23718113745503
"CDK2_HUMAN-->LMNB2_HUMAN",-9.6203919948086,-33.1711091903376,-21.7481644909944,10.1867250149412,4.21868817256823,-8.81017349755937,0.048345197604813,2.28741597777289,-0.813402719533772,-1.23718113745503
"CDK2_HUMAN-->MARCS_HUMAN",-9.6203919948086,-33.1711091903376,-21.7481644909944,10.1867250149412,4.21868817256823,-8.81017349755937,0.048345197604813,2.28741597777289,-0.813402719533772,-1.23718113745503
"CDK2_HUMAN-->NIPA_HUMAN",-9.6203919948086,-33.1711091903376,-21.7481644909944,10.1867250149412,4.21868817256823,-8.81017349755937,0.048345197604813,2.28741597777289,-0.813402719533772,-1.23718113745503
"CDK2_HUMAN-->NUCKS_HUMAN",-9.6203919948086,-33.1711091903376,-21.7481644909944,10.1867250149412,4.21868817256823,-8.81017349755937,0.048345197604813,2.28741597777289,-0.813402719533772,-1.23718113745503
"CDK2_HUMAN-->NUFP2_HUMAN",-9.6203919948086,-33.1711091903376,-21.7481644909944,10.1867250149412,4.21868817256823,-8.81017349755937,0.048345197604813,2.28741597777289,-0.813402719533772,-1.23718113745503
"CDK2_HUMAN-->PELP1_HUMAN",-9.6203919948086,-33.1711091903376,-21.7481644909944,10.1867250149412,4.21868817256823,-8.81017349755937,0.048345197604813,2.28741597777289,-0.813402719533772,-1.23718113745503
"CDK2_HUMAN-->PUR6_HUMAN",-9.6203919948086,-33.1711091903376,-21.7481644909944,10.1867250149412,4.21868817256823,-8.81017349755937,0.048345197604813,2.28741597777289,-0.813402719533772,-1.23718113745503
"CDK2_HUMAN-->SRS11_HUMAN",-9.6203919948086,-33.1711091903376,-21.7481644909944,10.1867250149412,4.21868817256823,-8.81017349755937,0.048345197604813,2.28741597777289,-0.813402719533772,-1.23718113745503
"CDK2_HUMAN-->T2FA_HUMAN",-9.6203919948086,-33.1711091903376,-21.7481644909944,10.1867250149412,4.21868817256823,-8.81017349755937,0.048345197604813,2.28741597777289,-0.813402719533772,-1.23718113745503
"CDK2_HUMAN-->TB182_HUMAN",-9.6203919948086,-33.1711091903376,-21.7481644909944,10.1867250149412,4.21868817256823,-8.81017349755937,0.048345197604813,2.28741597777289,-0.813402719533772,-1.23718113745503
"CDK2_HUMAN-->TCOF_HUMAN",-9.6203919948086,-33.1711091903376,-21.7481644909944,10.1867250149412,4.21868817256823,-8.81017349755937,0.048345197604813,2.28741597777289,-0.813402719533772,-1.23718113745503
"CDK2_HUMAN-->UBE2O_HUMAN",-9.6203919948086,-33.1711091903376,-21.7481644909944,10.1867250149412,4.21868817256823,-8.81017349755937,0.048345197604813,2.28741597777289,-0.813402719533772,-1.23718113745503
"CDK2_HUMAN-->ZCH18_HUMAN",-9.6203919948086,-33.1711091903376,-21.7481644909944,10.1867250149412,4.21868817256823,-8.81017349755937,0.048345197604813,2.28741597777289,-0.813402719533772,-1.23718113745503
"CDK2_HUMAN-->ZN609_HUMAN",-9.6203919948086,-33.1711091903376,-21.7481644909944,10.1867250149412,4.21868817256823,-8.81017349755937,0.048345197604813,2.28741597777289,-0.813402719533772,-1.23718113745503
"CDK5_HUMAN---HS90A_HUMAN",-4.46885792709657,-25.8227052701908,-9.63072632880374,-5.92826598640961,-21.7382740112705,-7.6314421600821,-7.16020961916784,-3.45780405216616,-1.61936589117538,1.6267274329323
"CEBPZ_HUMAN---P53_HUMAN",5.8710399132966,-30.8774970934803,-16.9154278023031,18.0893987949181,-0.779809092923566,12.7125706094019,-0.957218271237512,2.60799908070253,4.93257089459142,-5.71667103919227
"CHD4_HUMAN---HDAC1_HUMAN",-11.3374603465148,-32.9248038540856,-21.2236794187217,7.86405359948538,7.33962614403788,-9.27205116567565,-0.226346670437885,-2.61825439179177,-0.78847739168925,0.967687606903705
"CHIP_HUMAN---P53_HUMAN",11.3715753609584,-28.7135549040644,-12.9834212795273,17.9300482340031,-4.1245872112068,10.8081839662342,2.65721456003379,3.6536089802061,4.96548624735379,0.488631951364129
"CHIP_HUMAN---PSA3_HUMAN",-7.90578250368468,-28.1729598089054,-13.9947931283338,-0.496617818940171,-7.77446958032257,0.328864861229186,-16.4266741826658,-6.51918636648074,-5.08256473520252,2.66544425308205
"CSK21_HUMAN---DKC1_HUMAN",-11.3374603465148,-32.9248038540856,-21.2236794187217,7.86405359948538,7.33962614403788,-9.27205116567565,-0.226346670437885,-2.61825439179177,-0.78847739168925,0.967687606903705
"CSK21_HUMAN---PRCC_HUMAN",-11.3374603465148,-32.9248038540856,-21.2236794187217,7.86405359948538,7.33962614403788,-9.27205116567565,-0.226346670437885,-2.61825439179177,-0.78847739168925,0.967687606903705
"CSK21_HUMAN---ROA2_HUMAN",-11.3374603465148,-32.9248038540856,-21.2236794187217,7.86405359948538,7.33962614403788,-9.27205116567565,-0.226346670437885,-2.61825439179177,-0.78847739168925,0.967687606903705
"CSK21_HUMAN---ZC3HD_HUMAN",5.8710399132966,-30.8774970934803,-16.9154278023031,18.0893987949181,-0.779809092923566,12.7125706094019,-0.957218271237512,2.60799908070253,4.93257089459142,-5.71667103919227
"CT2NL_HUMAN---STRN3_HUMAN",-9.6203919948086,-33.1711091903376,-21.7481644909944,10.1867250149412,4.21868817256823,-8.81017349755937,0.048345197604813,2.28741597777289,-0.813402719533772,-1.23718113745503
"CTF18_HUMAN---SUMO2_HUMAN",5.8710399132966,-30.8774970934803,-16.9154278023031,18.0893987949181,-0.779809092923566,12.7125706094019,-0.957218271237512,2.60799908070253,4.93257089459142,-5.71667103919227
"CTNB1_HUMAN---DLG5_HUMAN",-11.3374603465148,-32.9248038540856,-21.2236794187217,7.86405359948538,7.33962614403788,-9.27205116567565,-0.226346670437885,-2.61825439179177,-0.78847739168925,0.967687606903705
"CTNB1_HUMAN---LAP2_HUMAN",1.53190050247987,-27.1853100178127,-12.1904889932012,4.60194227725612,-23.3037252042305,-13.1712263889794,3.59815424093506,-1.5544123414978,2.77060663834325,-0.401261718231794
"DC1L1_HUMAN---EIF3E_HUMAN",1.40063652639144,-29.0691340965798,-13.6519568573774,4.93778958734068,16.6154884442576,-1.86253954105064,-8.93591548804501,-6.34167934204834,-5.54696880683536,-1.11622058010377
"DKC1_HUMAN---RBM34_HUMAN",-11.3374603465148,-32.9248038540856,-21.2236794187217,7.86405359948538,7.33962614403788,-9.27205116567565,-0.226346670437885,-2.61825439179177,-0.78847739168925,0.967687606903705
"DNMT1_HUMAN---HDAC1_HUMAN",-11.3374603465148,-32.9248038540856,-21.2236794187217,7.86405359948538,7.33962614403788,-9.27205116567565,-0.226346670437885,-2.61825439179177,-0.78847739168925,0.967687606903705
"EGFR_HUMAN---HGS_HUMAN",3.92963280242632,13.1700451358051,-16.9977963397238,0.352354873613897,-28.3076699772211,-6.39201324071204,-13.0044286814737,-4.86832258222977,-0.463689466422536,-3.32373290848165
"EGFR_HUMAN---HS90B_HUMAN",-8.27526845676528,-21.7182259720551,-5.02556512746536,4.04060308037142,-26.8641860298335,-9.6057429453059,1.94752174737214,0.441319894588854,-8.95930517131861,-4.38890910514709
"EGFR_HUMAN---TM1L1_HUMAN",16.054181633351,-6.692863176182,-8.99495799791773,-13.5705728945278,1.90722011108844,0.664732784620524,3.59879372807684,-1.54638404546576,17.4606147392997,7.73598576143119
"FYN_HUMAN-->CAV1_HUMAN",-11.3374603465148,-32.9248038540856,-21.2236794187217,7.86405359948538,7.33962614403788,-9.27205116567565,-0.226346670437885,-2.61825439179177,-0.78847739168925,0.967687606903705
"GCP60_HUMAN---PI4KB_HUMAN",16.6769998265207,-26.522650493509,-10.206722305766,14.6589282440799,-15.7354208286491,4.2246497961096,7.09300100724942,-0.838772762407944,9.08347993818385,-0.689558057853277
"GCP60_HUMAN---RUSD2_HUMAN",5.8710399132966,-30.8774970934803,-16.9154278023031,18.0893987949181,-0.779809092923566,12.7125706094019,-0.957218271237512,2.60799908070253,4.93257089459142,-5.71667103919227
"GNL1_HUMAN---TP4A1_HUMAN",-4.29157506293227,-30.7484317000951,-17.814847668231,7.02358126065581,12.9644718860511,-1.09797182106823,-9.47215731925913,-5.20261687941407,-1.20240495817294,-0.713632990182777
"GRB2_HUMAN---KHDR1_HUMAN",-29.0161813860192,-13.9207379506622,7.71290533524628,0.0089303129014664,-11.6081286779873,-5.54855169189028,7.05205461862702,9.39715884088585,6.44151408487458,-3.68437212969077
"H2AY_HUMAN---HDAC1_HUMAN",-11.3374603465148,-32.9248038540856,-21.2236794187217,7.86405359948538,7.33962614403788,-9.27205116567565,-0.226346670437885,-2.61825439179177,-0.78847739168925,0.967687606903705
"HDAC1_HUMAN---HDAC2_HUMAN",-7.49047707144152,-32.4720613367413,-19.8871380789728,10.667769442215,9.1138424864421,-3.3923296027432,0.537070568680067,-3.21748234053882,-0.753682983761671,-3.21636664392444
"HDAC1_HUMAN---MKX_HUMAN",-11.3374603465148,-32.9248038540856,-21.2236794187217,7.86405359948538,7.33962614403788,-9.27205116567565,-0.226346670437885,-2.61825439179177,-0.78847739168925,0.967687606903705
"HDAC1_HUMAN---MTG8_HUMAN",11.1872745330196,-28.9747449054682,-13.8005932067929,17.2756799887828,-2.13220911640332,17.2843484560818,-6.66656162001844,-2.50903371338546,-1.49453101214286,2.68670709509443
"HDAC1_HUMAN---P53_HUMAN",5.8710399132966,-30.8774970934803,-16.9154278023031,18.0893987949181,-0.779809092923566,12.7125706094019,-0.957218271237512,2.60799908070253,4.93257089459142,-5.71667103919227
"HDAC1_HUMAN---P66B_HUMAN",-11.3374603465148,-32.9248038540856,-21.2236794187217,7.86405359948538,7.33962614403788,-9.27205116567565,-0.226346670437885,-2.61825439179177,-0.78847739168925,0.967687606903705
"HDAC1_HUMAN---RB_HUMAN",-5.67354342971984,-32.4611783673354,-19.2120869127928,12.1314588782226,5.53389386302908,-1.6216415818503,0.347284562498278,-3.97062670981891,-3.31303897043987,-2.65770047259373
"HDAC1_HUMAN---SIN3A_HUMAN",-11.3374603465148,-32.9248038540856,-21.2236794187217,7.86405359948538,7.33962614403788,-9.27205116567565,-0.226346670437885,-2.61825439179177,-0.78847739168925,0.967687606903705
"HDAC1_HUMAN---SUV91_HUMAN",-11.3374603465148,-32.9248038540856,-21.2236794187217,7.86405359948538,7.33962614403788,-9.27205116567565,-0.226346670437885,-2.61825439179177,-0.78847739168925,0.967687606903705
"HNRL1_HUMAN---PCM1_HUMAN",23.5268644483407,-21.3348392218258,-1.28952934551758,-6.47879504122869,1.46758906060366,-14.9279542596384,1.10713596363197,1.6213413753625,6.65476986280063,0.074491003997239
"HS90A_HUMAN---HSF1_HUMAN",-11.3374603465148,-32.9248038540856,-21.2236794187217,7.86405359948538,7.33962614403788,-9.27205116567565,-0.226346670437885,-2.61825439179177,-0.78847739168925,0.967687606903705
"HS90B_HUMAN---KPCD1_HUMAN",6.83878195472085,-28.1481011366084,-12.9103216778351,10.9199414513634,-18.9368392819606,-11.6206118012919,4.65016505098552,-1.53512202609467,5.73239290615151,4.61839296859082
"IF2B1_HUMAN---TRM7_HUMAN",-1.52539855578449,-13.7656159918064,8.99490976226016,34.7518928211412,-1.12412811833495,13.6748201588767,-7.63174494457067,-1.59410446121377,-2.86221874457993,1.84377745106796
"IMA3_HUMAN---P53_HUMAN",5.8710399132966,-30.8774970934803,-16.9154278023031,18.0893987949181,-0.779809092923566,12.7125706094019,-0.957218271237512,2.60799908070253,4.93257089459142,-5.71667103919227
"ING4_HUMAN---P53_HUMAN",5.8710399132966,-30.8774970934803,-16.9154278023031,18.0893987949181,-0.779809092923566,12.7125706094019,-0.957218271237512,2.60799908070253,4.93257089459142,-5.71667103919227
"KAP2_HUMAN---MTG8_HUMAN",11.1872745330196,-28.9747449054682,-13.8005932067929,17.2756799887828,-2.13220911640332,17.2843484560818,-6.66656162001844,-2.50903371338546,-1.49453101214286,2.68670709509443
"KIF4A_HUMAN---MMS19_HUMAN",-11.3374603465148,-32.9248038540856,-21.2236794187217,7.86405359948538,7.33962614403788,-9.27205116567565,-0.226346670437885,-2.61825439179177,-0.78847739168925,0.967687606903705
"KPCD1_HUMAN-->AKT1_HUMAN",6.83878195472085,-28.1481011366084,-12.9103216778351,10.9199414513634,-18.9368392819606,-11.6206118012919,4.65016505098552,-1.53512202609467,5.73239290615151,4.61839296859082
"KPCD1_HUMAN-->BAD_HUMAN",6.83878195472085,-28.1481011366084,-12.9103216778351,10.9199414513634,-18.9368392819606,-11.6206118012919,4.65016505098552,-1.53512202609467,5.73239290615151,4.61839296859082
"KPCD1_HUMAN-->COF1_HUMAN",6.83878195472085,-28.1481011366084,-12.9103216778351,10.9199414513634,-18.9368392819606,-11.6206118012919,4.65016505098552,-1.53512202609467,5.73239290615151,4.61839296859082
"KPCD1_HUMAN-->CTNB1_HUMAN",6.83878195472085,-28.1481011366084,-12.9103216778351,10.9199414513634,-18.9368392819606,-11.6206118012919,4.65016505098552,-1.53512202609467,5.73239290615151,4.61839296859082
"KPCD1_HUMAN---MK13_HUMAN",6.83878195472085,-28.1481011366084,-12.9103216778351,10.9199414513634,-18.9368392819606,-11.6206118012919,4.65016505098552,-1.53512202609467,5.73239290615151,4.61839296859082
"KPCD1_HUMAN-->OSBP1_HUMAN",6.83878195472085,-28.1481011366084,-12.9103216778351,10.9199414513634,-18.9368392819606,-11.6206118012919,4.65016505098552,-1.53512202609467,5.73239290615151,4.61839296859082
"KPCD1_HUMAN-->PI4KB_HUMAN",16.6769998265207,-26.522650493509,-10.206722305766,14.6589282440799,-15.7354208286491,4.2246497961096,7.09300100724942,-0.838772762407944,9.08347993818385,-0.689558057853277
"KS6A1_HUMAN-->YBOX1_HUMAN",-16.5754886010073,-31.1169027021477,-19.3240206331646,-0.344479774378666,-0.946738332897873,-7.77554001132528,-2.94365984031381,-5.10013324490197,-1.22153522227768,-0.597109181432761
"MK13_HUMAN-->STMN1_HUMAN",-7.86849635110909,-32.311823242385,-20.528655954463,9.68777245301308,2.00858293783663,-11.3081726486037,1.69094666147648,3.96219430187819,2.20137969827885,-0.24594289521572
"MMS19_HUMAN---NUP53_HUMAN",-11.3374603465148,-32.9248038540856,-21.2236794187217,7.86405359948538,7.33962614403788,-9.27205116567565,-0.226346670437885,-2.61825439179177,-0.78847739168925,0.967687606903705
"MTG8_HUMAN---OTUD4_HUMAN",11.1872745330196,-28.9747449054682,-13.8005932067929,17.2756799887828,-2.13220911640332,17.2843484560818,-6.66656162001844,-2.50903371338546,-1.49453101214286,2.68670709509443
"MYH9_HUMAN---SVIL_HUMAN",-9.6203919948086,-33.1711091903376,-21.7481644909944,10.1867250149412,4.21868817256823,-8.81017349755937,0.048345197604813,2.28741597777289,-0.813402719533772,-1.23718113745503
"NKAP_HUMAN---PR40A_HUMAN",-16.6771968262247,-10.8920584913953,13.267078167763,15.3109350046281,-25.9095468160341,-13.1902815012169,0.564189331819683,1.03086745062496,6.76422539836037,-0.632169500260621
"NOC2L_HUMAN---PWP1_HUMAN",27.271847261728,-22.094151046504,-1.70461735886334,3.30208550687431,0.598619451965008,-0.375645574159918,-12.2147364609117,0.304775796822204,4.75047305943634,-2.73475179913615
"NSF1C_HUMAN---SRP14_HUMAN",-1.52539855578449,-13.7656159918064,8.99490976226016,34.7518928211412,-1.12412811833495,13.6748201588767,-7.63174494457067,-1.59410446121377,-2.86221874457993,1.84377745106796
"OXSR1_HUMAN---SCFD1_HUMAN",5.8710399132966,-30.8774970934803,-16.9154278023031,18.0893987949181,-0.779809092923566,12.7125706094019,-0.957218271237512,2.60799908070253,4.93257089459142,-5.71667103919227
"P53_HUMAN---PSME3_HUMAN",5.8710399132966,-30.8774970934803,-16.9154278023031,18.0893987949181,-0.779809092923566,12.7125706094019,-0.957218271237512,2.60799908070253,4.93257089459142,-5.71667103919227
"P53_HUMAN---TP53B_HUMAN",5.8710399132966,-30.8774970934803,-16.9154278023031,18.0893987949181,-0.779809092923566,12.7125706094019,-0.957218271237512,2.60799908070253,4.93257089459142,-5.71667103919227
"P53_HUMAN---TPC11_HUMAN",5.8710399132966,-30.8774970934803,-16.9154278023031,18.0893987949181,-0.779809092923566,12.7125706094019,-0.957218271237512,2.60799908070253,4.93257089459142,-5.71667103919227
"PP1A_HUMAN---RB_HUMAN",-3.66451908300759,-28.2676174567873,-14.612094517847,4.75375765486313,-10.5807299612506,4.01687068427302,-13.480190978028,-5.41240278384614,-1.15086324249566,4.48247091650793
"PSA3_HUMAN---PSA7_HUMAN",-11.3374603465148,-32.9248038540856,-21.2236794187217,7.86405359948538,7.33962614403788,-9.27205116567565,-0.226346670437885,-2.61825439179177,-0.78847739168925,0.967687606903705
"PSA5_HUMAN---PSA7_HUMAN",-11.3374603465148,-32.9248038540856,-21.2236794187217,7.86405359948538,7.33962614403788,-9.27205116567565,-0.226346670437885,-2.61825439179177,-0.78847739168925,0.967687606903705
"PSA7_HUMAN---SAMD1_HUMAN",-11.3374603465148,-32.9248038540856,-21.2236794187217,7.86405359948538,7.33962614403788,-9.27205116567565,-0.226346670437885,-2.61825439179177,-0.78847739168925,0.967687606903705
"Q6FIE9_HUMAN---TM1L1_HUMAN",9.7598896182001,5.60511164197854,-21.9030007338087,-2.26919207551789,-25.1114746292944,-3.72259506390974,-8.46853797972072,-14.8874200399365,8.96189044789311,-3.90558075950778
"Q6FIE9_HUMAN---TM1L2_HUMAN",9.7598896182001,5.60511164197854,-21.9030007338087,-2.26919207551789,-25.1114746292944,-3.72259506390974,-8.46853797972072,-14.8874200399365,8.96189044789311,-3.90558075950778
"Q6FIE9_HUMAN---WRIP1_HUMAN",8.89114539765322,-22.3255059657725,-5.10214907467168,-1.93036886379172,-26.3501525753518,-3.84452279113834,-12.2473429830679,-9.99796207773522,9.11048874127718,-1.69176079204112
"Q6FIE9_HUMAN---XRN2_HUMAN",9.7598896182001,5.60511164197854,-21.9030007338087,-2.26919207551789,-25.1114746292944,-3.72259506390974,-8.46853797972072,-14.8874200399365,8.96189044789311,-3.90558075950778
"RBM10_HUMAN---SF3A1_HUMAN",-16.6771968262247,-10.8920584913953,13.267078167763,15.3109350046281,-25.9095468160341,-13.1902815012169,0.564189331819683,1.03086745062496,6.76422539836037,-0.632169500260621
"RB_HUMAN---TFDP1_HUMAN",5.8710399132966,-30.8774970934803,-16.9154278023031,18.0893987949181,-0.779809092923566,12.7125706094019,-0.957218271237512,2.60799908070253,4.93257089459142,-5.71667103919227
"RNF31_HUMAN---TRI25_HUMAN",-9.76966521053927,20.505950134019,-5.10803265978614,16.2060465067035,-14.3473498131647,-1.0511466138655,-19.1512818473175,-6.11998672325872,7.71235275829258,-10.4486253990392
"SPTN1_HUMAN---TP4A1_HUMAN",-4.29157506293227,-30.7484317000951,-17.814847668231,7.02358126065581,12.9644718860511,-1.09797182106823,-9.47215731925913,-5.20261687941407,-1.20240495817294,-0.713632990182777
"SUMO2_HUMAN---ZEB1_HUMAN",-11.3374603465148,-32.9248038540856,-21.2236794187217,7.86405359948538,7.33962614403788,-9.27205116567565,-0.226346670437885,-2.61825439179177,-0.78847739168925,0.967687606903705
"TPC11_HUMAN---TPC12_HUMAN",5.8710399132966,-30.8774970934803,-16.9154278023031,18.0893987949181,-0.779809092923566,12.7125706094019,-0.957218271237512,2.60799908070253,4.93257089459142,-5.71667103919227
"WNK1_HUMAN-->OXSR1_HUMAN",5.8710399132966,-30.8774970934803,-16.9154278023031,18.0893987949181,-0.779809092923566,12.7125706094019,-0.957218271237512,2.60799908070253,4.93257089459142,-5.71667103919227
"1433G_HUMAN---IGF1R_HUMAN",0.759080141948543,-14.7497540772915,13.2572739125948,1.91335953136022,17.4057635485725,0.222532068008411,15.3031945006904,2.70024451251884,6.19194996906628,15.795493191799
"D0VY79_HUMAN---EGLN1_HUMAN",25.8421577543257,-19.9237691509554,3.67829315091384,-9.20643914826643,1.58704247701299,-18.5701899498839,-1.34051077017383,-8.44079780024994,-6.37669724092569,7.56039323723534
"D0VY79_HUMAN---NAA10_HUMAN",25.8421577543257,-19.9237691509554,3.67829315091384,-9.20643914826643,1.58704247701299,-18.5701899498839,-1.34051077017383,-8.44079780024994,-6.37669724092569,7.56039323723534
"D0VY79_HUMAN---PSA7_HUMAN",25.8421577543257,-19.9237691509554,3.67829315091384,-9.20643914826643,1.58704247701299,-18.5701899498839,-1.34051077017383,-8.44079780024994,-6.37669724092569,7.56039323723534
"EGFR_HUMAN---PTN11_HUMAN",22.5648509875768,-18.7888680375459,7.32878499980403,-5.66919306426442,-1.97922962087339,-0.718921494526018,8.77478497215515,3.85747388366531,-1.65391093579969,15.789794798522
"EIF3E_HUMAN---PRC2A_HUMAN",31.3876102975391,-19.5011249281663,5.02061901951361,-4.48943236473859,0.502166569826172,-3.67238174006035,5.61937753505401,3.0956669456662,-5.13081380011017,1.3970719446159
"GRB2_HUMAN---PRC2A_HUMAN",31.3876102975391,-19.5011249281663,5.02061901951361,-4.48943236473859,0.502166569826172,-3.67238174006035,5.61937753505401,3.0956669456662,-5.13081380011017,1.3970719446159
"HDGF_HUMAN---RL35A_HUMAN",18.1353877441466,-16.6213599036775,6.81375548489871,-8.70730771291897,-6.99796721247927,-7.59572733727301,14.0846164795751,3.11971645845332,-16.4220535590514,0.919186055976735
"IGF1R_HUMAN---PTN11_HUMAN",22.5648509875768,-18.7888680375459,7.32878499980403,-5.66919306426442,-1.97922962087339,-0.718921494526018,8.77478497215515,3.85747388366531,-1.65391093579969,15.789794798522
"IQGA1_HUMAN---TS101_HUMAN",28.7267595829203,-19.7494905779803,3.57231137108985,1.92152244112699,-1.90689467244927,-5.4179623544094,15.6417902761366,7.97712804363213,-9.17576790931243,0.609258624350861
"LMTK2_HUMAN-->PP1A_HUMAN",29.9654079065467,-20.0483001239126,3.78582475072555,-4.23692210523187,-0.491791778990213,-6.95415898689547,7.53288918348158,4.25045863879172,5.82322840622555,-6.2061035028506
"LYAR_HUMAN---MBB1A_HUMAN",13.2131147539816,-19.0041399502304,3.30745542694776,-20.4163219182378,-7.43203488903987,-21.7619352656229,4.52151257672543,-7.86332590776717,-3.17994057821999,2.52761962225569
"TFP11_HUMAN---TPPC4_HUMAN",9.09519771493789,-3.35490140089822,30.333716168696,-2.51448711960028,11.3391912922071,-8.88461038231734,5.63622043826782,-6.82937052034212,0.324320024306892,-0.461858724417675
"TPC12_HUMAN---TPPC4_HUMAN",9.09519771493789,-3.35490140089822,30.333716168696,-2.51448711960028,11.3391912922071,-8.88461038231734,5.63622043826782,-6.82937052034212,0.324320024306892,-0.461858724417675
"ANKL2_HUMAN---MK13_HUMAN",22.7621278863557,-23.2292791409879,-2.1905491479404,-2.28055297781762,22.2946766649212,2.33146959709651,-4.81018196362607,2.88574095537168,-6.60109593855261,-6.63162449019681
"ATX1_HUMAN---COF1_HUMAN",21.0450595346495,-22.982973804736,-1.66606407566772,-4.60322439327344,25.4156146363909,1.86959192898024,-5.08487383166877,-2.01992941419299,-6.57617061070809,-4.42675574583808
"AURKB_HUMAN-->SH24A_HUMAN",35.4252288337741,-19.7106718992143,4.61986865897452,-1.56322533377895,3.88940517590558,-0.502739411279427,-4.19710680514865,2.78848880121175,1.2765092605076,-7.95841713248732
"CBL_HUMAN---SHC1_HUMAN",38.4919096673233,-9.24391942693742,0.510969293887836,-1.04923191936783,2.84872505875735,-2.75176414333275,-4.2707464734923,10.2160753575007,1.01240737372004,-2.0600931752725
"CDK1_HUMAN-->CEP55_HUMAN",37.3853862678548,-18.9433939909543,6.0596117659529,-1.44883859301014,1.79182791904175,-1.53665433560759,-1.21647931679883,2.23742548023457,1.80286321362068,-5.22026972553045
"CDK1_HUMAN-->EPN1_HUMAN",19.3297100980962,-14.9169937144301,13.0597183393882,-3.34805937476845,23.5705376878583,5.10895968731291,-2.45130567874463,-7.64957353756508,6.09540953237318,-3.76879422901187
"CDK2_HUMAN-->ANKL2_HUMAN",28.0669982867342,-21.1138120211215,1.51757482857061,-4.92444884901511,15.4012399879818,-6.0742417068626,-2.55184612139577,4.6724745041007,-1.24677010648016,-6.38990921008972
"CDK5_HUMAN-->P53_HUMAN",37.3853862678548,-18.9433939909543,6.0596117659529,-1.44883859301014,1.79182791904175,-1.53665433560759,-1.21647931679883,2.23742548023457,1.80286321362068,-5.22026972553045
"CEP55_HUMAN---TS101_HUMAN",37.3853862678548,-18.9433939909543,6.0596117659529,-1.44883859301014,1.79182791904175,-1.53665433560759,-1.21647931679883,2.23742548023457,1.80286321362068,-5.22026972553045
"EGFR_HUMAN---IRS4_HUMAN",37.3853862678548,-18.9433939909543,6.0596117659529,-1.44883859301014,1.79182791904175,-1.53665433560759,-1.21647931679883,2.23742548023457,1.80286321362068,-5.22026972553045
"EGFR_HUMAN-->SHC1_HUMAN",22.1454884588198,-15.2238663012862,10.7267510861283,3.59101119263091,16.2052475021989,-0.00472574076486051,7.10291762057331,6.43406612268978,6.34427860732475,-6.48832589031858
"EIF3E_HUMAN---NPM_HUMAN",28.602998860405,-21.3119505068914,0.907677313778433,-2.1662934658227,16.3287408570916,1.0445144770574,-3.31354131368454,0.817654224243752,-0.256520957368906,-4.1975516347785
"HDAC1_HUMAN---SPI1_HUMAN",30.4616840104518,-19.8680064658377,3.44155713709112,-3.39047304450802,14.7111998453672,-0.131280364372951,-3.5310108822337,-0.511256702712942,5.77842201215877,-1.82506849876394
"HDGF_HUMAN---TCP4_HUMAN",33.6733331900745,-20.5699578471669,3.40036012244318,-1.06427277185084,6.09951041063717,1.99525973976486,-5.83970826902032,1.11371047710644,-1.73827315730502,-8.94965537472662
"HS90A_HUMAN---P53_HUMAN",30.2001670669523,-21.5323923539505,0.63327322200424,-0.247225104153697,8.04317227549481,3.89969175382732,-5.25739911029076,1.0874398559362,3.28961812976859,-12.0735431094528
"JUN_HUMAN---MP2K7_HUMAN",18.5374331469969,-8.49901423067125,23.1099027999146,4.53140288111254,20.9573357464869,2.79565034346082,-1.23725114255082,-1.30885745947399,16.9569653012702,1.19494657120701
"MEP50_HUMAN---TBCD4_HUMAN",30.4362810739962,-18.9574620201831,7.45953177908866,-5.40779711998577,9.43230151048116,7.09437028263453,-1.83523565712212,3.60005389857584,1.96653747749512,-5.32622498053773
"MK01_HUMAN---MK14_HUMAN",35.4252288337741,-19.7106718992143,4.61986865897452,-1.56322533377895,3.88940517590558,-0.502739411279427,-4.19710680514865,2.78848880121175,1.2765092605076,-7.95841713248732
"SPI1_HUMAN---TMX1_HUMAN",30.4616840104518,-19.8680064658377,3.44155713709112,-3.39047304450802,14.7111998453672,-0.131280364372951,-3.5310108822337,-0.511256702712942,5.77842201215877,-1.82506849876394
"SPTB2_HUMAN---SPTN1_HUMAN",24.7372083961412,-21.8134960495531,0.118105557647777,-4.10846037590284,21.1104756838904,1.27792120006281,-6.48100557990889,-0.110368795861412,0.278278296332558,-6.64787295191973
"AKT1_HUMAN-->HD_HUMAN",28.8054065390575,-17.5506869752692,7.62182409980592,-8.74934555382132,14.1769704001527,6.95345051781989,0.304090189221483,-2.15629203112869,7.22710795225272,1.10746478274313
"AKT1_HUMAN-->PP1A_HUMAN",25.5799826207241,-6.59097351584033,26.8401244003151,4.05186796876928,8.50622308298179,1.98608433308153,1.81070576139482,-6.6400681748216,11.1481683040886,4.44883343017871
"ATM_HUMAN---TELO2_HUMAN",30.510423049792,-16.8157083071199,8.59498061358764,-9.55180902584556,10.8650513068798,6.84747030384327,2.10722893057482,-3.66451157326055,7.35550073714763,-1.28950426436132
"CDK16_HUMAN---CDK5_HUMAN",28.983398019252,3.16090858033199,-4.88965441834799,-10.0140763868128,14.2478675861412,8.56527690735494,3.47743492721321,-9.1180276068975,8.15041811713327,-1.1450713465448
"CSK21_HUMAN-->TEBP_HUMAN",19.4824337142286,-1.1815232198778,32.8848156038135,6.88214087857145,8.96656606677832,-0.294017439628999,1.56853256824321,-2.64520659629405,4.46814273580028,-1.48446351502183
"DAXX_HUMAN---STAT3_HUMAN",35.7291087964606,-16.6260745003857,10.2398787286677,-6.80771110232344,1.25759847382729,5.54807654658524,2.61862175465635,0.592390151818823,3.25154915371463,-2.28773644402339
"DDX3X_HUMAN---EIF3B_HUMAN",25.6996016480989,-5.02464479064663,28.8442006538976,8.33795861440297,4.71580082124904,1.9895984962134,2.26039323674726,-1.43405032095714,9.87557394271205,1.30214831391832
"EIF3B_HUMAN---EIF3C_HUMAN",23.0164357076564,-1.41694558672389,33.0353816977208,10.668501730035,2.26567947189566,1.93854824938017,1.65343843010412,1.50731940399052,1.88386142127756,-3.13066608804985
"GSTP1_HUMAN---TRAF2_HUMAN",25.1371553564539,-9.74654518647209,18.2167909083646,-2.36977980893246,9.36456174354449,5.32929251163007,1.12963964796742,-2.58230296782115,-0.97890716805947,-5.34987768737619
"JUN_HUMAN---TRAF2_HUMAN",32.2071586440044,-17.3719361379409,8.59167104870608,-7.46893706630689,8.14946619051323,3.88336873966896,1.0052690194848,2.85375406323078,5.68251235549793,-0.44943356824965
"JUN_HUMAN---TS101_HUMAN",31.7418145472352,-14.2883489423888,13.180066364634,0.288479710258197,9.05484686847044,3.84790317262206,-0.582607105113738,-9.85240572567357,4.97716669734043,3.93102754227838
"RLA1_HUMAN---SAT1_HUMAN",35.1721121749764,12.6250599395054,-11.8578840987259,-5.31378809602608,8.28496860251152,4.84675199108558,1.13560230733238,1.48809636874781,5.73296859530318,-1.5539445930226
"1433G_HUMAN---PR40A_HUMAN",26.508628747081,-2.99714217359692,29.4427966342719,15.9288762909629,0.147230208460769,-4.08849700384105,-1.17354543479759,-0.0218677963241956,-1.4229880453044,-1.61898002817744
"ABI2_HUMAN---CCD53_HUMAN",14.9058339574869,19.5400977439431,2.99969528673828,27.860187807942,-8.57573140264702,3.40114866416659,16.1204346860574,-4.07369655827113,-1.4015472161123,0.347132727146585
"ACAP2_HUMAN---LMNB1_HUMAN",26.508628747081,-2.99714217359692,29.4427966342719,15.9288762909629,0.147230208460769,-4.08849700384105,-1.17354543479759,-0.0218677963241956,-1.4229880453044,-1.61898002817744
"ACINU_HUMAN---PHS_HUMAN",26.508628747081,-2.99714217359692,29.4427966342719,15.9288762909629,0.147230208460769,-4.08849700384105,-1.17354543479759,-0.0218677963241956,-1.4229880453044,-1.61898002817744
"AKT1_HUMAN-->DNMT1_HUMAN",26.1931145399619,0.525502092644003,27.5799175090096,16.2139655654211,1.35810734593878,-3.94691922580854,0.76803319891838,-1.3292029368078,-3.49063750207211,-4.22484185531958
"AP3D1_HUMAN---HTSF1_HUMAN",27.793143626744,27.4139279460211,11.382675644053,15.0637521316137,1.27502453416488,-3.69178042203115,-1.05446785349933,0.995046505173086,-1.29013372032451,-0.711339607207415
"ARPC3_HUMAN---WASP_HUMAN",29.1917946875235,-6.60484137751967,25.2516155904488,13.5983331753309,2.59735155781415,-4.03744675700782,-0.566590628154458,-2.96323752127185,6.56872447613009,2.81383437379074
"AURKB_HUMAN-->DDA1_HUMAN",26.508628747081,-2.99714217359692,29.4427966342719,15.9288762909629,0.147230208460769,-4.08849700384105,-1.17354543479759,-0.0218677963241956,-1.4229880453044,-1.61898002817744
"BRD2_HUMAN---BRD7_HUMAN",26.508628747081,-2.99714217359692,29.4427966342719,15.9288762909629,0.147230208460769,-4.08849700384105,-1.17354543479759,-0.0218677963241956,-1.4229880453044,-1.61898002817744
"BRD7_HUMAN---HNRL1_HUMAN",26.508628747081,-2.99714217359692,29.4427966342719,15.9288762909629,0.147230208460769,-4.08849700384105,-1.17354543479759,-0.0218677963241956,-1.4229880453044,-1.61898002817744
"BZW2_HUMAN---PPIP1_HUMAN",29.1917946875235,-6.60484137751967,25.2516155904488,13.5983331753309,2.59735155781415,-4.03744675700782,-0.566590628154458,-2.96323752127185,6.56872447613009,2.81383437379074
"CBL_HUMAN---TBA1A_HUMAN",27.793143626744,27.4139279460211,11.382675644053,15.0637521316137,1.27502453416488,-3.69178042203115,-1.05446785349933,0.995046505173086,-1.29013372032451,-0.711339607207415
"CCD53_HUMAN---MCRS1_HUMAN",14.9058339574869,19.5400977439431,2.99969528673828,27.860187807942,-8.57573140264702,3.40114866416659,16.1204346860574,-4.07369655827113,-1.4015472161123,0.347132727146585
"CCD53_HUMAN---NUP62_HUMAN",14.9058339574869,19.5400977439431,2.99969528673828,27.860187807942,-8.57573140264702,3.40114866416659,16.1204346860574,-4.07369655827113,-1.4015472161123,0.347132727146585
"CCD53_HUMAN---OPTN_HUMAN",14.9058339574869,19.5400977439431,2.99969528673828,27.860187807942,-8.57573140264702,3.40114866416659,16.1204346860574,-4.07369655827113,-1.4015472161123,0.347132727146585
"CCD53_HUMAN---PCM1_HUMAN",14.03708973694,-8.390519863808,19.8005469458753,28.1990110196682,-9.81440934870438,3.27922093693799,12.3416296827102,0.815761403930133,-1.25294892272822,2.56095269461325
"CDC42_HUMAN---WASP_HUMAN",29.1917946875235,-6.60484137751967,25.2516155904488,13.5983331753309,2.59735155781415,-4.03744675700782,-0.566590628154458,-2.96323752127185,6.56872447613009,2.81383437379074
"CDK1_HUMAN-->LMNB1_HUMAN",26.508628747081,-2.99714217359692,29.4427966342719,15.9288762909629,0.147230208460769,-4.08849700384105,-1.17354543479759,-0.0218677963241956,-1.4229880453044,-1.61898002817744
"CHD4_HUMAN---SMCA4_HUMAN",27.793143626744,27.4139279460211,11.382675644053,15.0637521316137,1.27502453416488,-3.69178042203115,-1.05446785349933,0.995046505173086,-1.29013372032451,-0.711339607207415
"CSK21_HUMAN-->HS90B_HUMAN",30.4543564182279,-9.93047303736749,20.7963455610976,7.56066928643095,6.72213281548584,-4.12429035083398,-0.548132681636503,-8.40961423083163,6.12627270525268,6.58189754975638
"CSK21_HUMAN---HTSF1_HUMAN",30.7892440118549,-8.41747543896531,22.7230542645936,11.6349139451531,3.26683584807725,-3.57908325202342,-0.741586235464201,-3.26358500557165,7.81639350966214,3.7556507456924
"CSK21_HUMAN-->WASP_HUMAN",29.1917946875235,-6.60484137751967,25.2516155904488,13.5983331753309,2.59735155781415,-4.03744675700782,-0.566590628154458,-2.96323752127185,6.56872447613009,2.81383437379074
"CYTSA_HUMAN---RIPK3_HUMAN",26.508628747081,-2.99714217359692,29.4427966342719,15.9288762909629,0.147230208460769,-4.08849700384105,-1.17354543479759,-0.0218677963241956,-1.4229880453044,-1.61898002817744
"DDA1_HUMAN---PWP1_HUMAN",26.508628747081,-2.99714217359692,29.4427966342719,15.9288762909629,0.147230208460769,-4.08849700384105,-1.17354543479759,-0.0218677963241956,-1.4229880453044,-1.61898002817744
"DDX54_HUMAN---DDX55_HUMAN",22.5587803023413,-3.63429039010382,28.7432290435897,15.8828926096445,-1.8206584404595,-11.2020763461748,-4.69623038999507,-1.79573033170181,-3.17082402381939,-1.88380749792491
"DESP_HUMAN---PPIP1_HUMAN",32.1714247699341,-10.1767783736194,20.271860488825,9.88334070188676,3.60119484401618,-3.66241268271771,-0.273440813593805,-3.50394386126697,6.10134737740816,4.37702880539765
"F122B_HUMAN---WDR48_HUMAN",26.508628747081,-2.99714217359692,29.4427966342719,15.9288762909629,0.147230208460769,-4.08849700384105,-1.17354543479759,-0.0218677963241956,-1.4229880453044,-1.61898002817744
"FGR_HUMAN---WASP_HUMAN",29.1917946875235,-6.60484137751967,25.2516155904488,13.5983331753309,2.59735155781415,-4.03744675700782,-0.566590628154458,-2.96323752127185,6.56872447613009,2.81383437379074
"HS90B_HUMAN---KKCC1_HUMAN",24.8239449938403,-3.42219834717717,27.9484646130991,16.9711392189043,3.0537964466306,-0.556537557573849,-1.60003239701821,-0.126243521119004,0.0966822236058693,-2.26695042154339
"HS90B_HUMAN---STIP1_HUMAN",26.508628747081,-2.99714217359692,29.4427966342719,15.9288762909629,0.147230208460769,-4.08849700384105,-1.17354543479759,-0.0218677963241956,-1.4229880453044,-1.61898002817744
"HS90B_HUMAN---TRAF2_HUMAN",30.4543564182279,-9.93047303736749,20.7963455610976,7.56066928643095,6.72213281548584,-4.12429035083398,-0.548132681636503,-8.40961423083163,6.12627270525268,6.58189754975638
"IQGA1_HUMAN---LRC47_HUMAN",26.508628747081,-2.99714217359692,29.4427966342719,15.9288762909629,0.147230208460769,-4.08849700384105,-1.17354543479759,-0.0218677963241956,-1.4229880453044,-1.61898002817744
"KAP2_HUMAN---RBM34_HUMAN",26.508628747081,-2.99714217359692,29.4427966342719,15.9288762909629,0.147230208460769,-4.08849700384105,-1.17354543479759,-0.0218677963241956,-1.4229880453044,-1.61898002817744
"KMT2D_HUMAN---WDR82_HUMAN",26.508628747081,-2.99714217359692,29.4427966342719,15.9288762909629,0.147230208460769,-4.08849700384105,-1.17354543479759,-0.0218677963241956,-1.4229880453044,-1.61898002817744
"LIMA1_HUMAN---RIPK3_HUMAN",26.508628747081,-2.99714217359692,29.4427966342719,15.9288762909629,0.147230208460769,-4.08849700384105,-1.17354543479759,-0.0218677963241956,-1.4229880453044,-1.61898002817744
"MAGG1_HUMAN---NSE1_HUMAN",26.508628747081,-2.99714217359692,29.4427966342719,15.9288762909629,0.147230208460769,-4.08849700384105,-1.17354543479759,-0.0218677963241956,-1.4229880453044,-1.61898002817744
"MYO6_HUMAN---RIPK3_HUMAN",26.508628747081,-2.99714217359692,29.4427966342719,15.9288762909629,0.147230208460769,-4.08849700384105,-1.17354543479759,-0.0218677963241956,-1.4229880453044,-1.61898002817744
"NOVA1_HUMAN---PCBP1_HUMAN",26.508628747081,-2.99714217359692,29.4427966342719,15.9288762909629,0.147230208460769,-4.08849700384105,-1.17354543479759,-0.0218677963241956,-1.4229880453044,-1.61898002817744
"NSE1_HUMAN---SUMO2_HUMAN",26.508628747081,-2.99714217359692,29.4427966342719,15.9288762909629,0.147230208460769,-4.08849700384105,-1.17354543479759,-0.0218677963241956,-1.4229880453044,-1.61898002817744
"NUCL_HUMAN---PP1B_HUMAN",27.793143626744,27.4139279460211,11.382675644053,15.0637521316137,1.27502453416488,-3.69178042203115,-1.05446785349933,0.995046505173086,-1.29013372032451,-0.711339607207415
"PIAS1_HUMAN---SGTA_HUMAN",27.486778176789,-7.33982004566898,24.278459076667,14.4007966473552,5.90927065108708,-3.9314665430312,-2.3697293695078,-1.45501797913998,6.44033169123518,5.21080342089519
"PP1A_HUMAN---TBCB_HUMAN",27.9329276160264,-4.7465764658557,27.2732222826934,14.9958710213646,1.89108697450759,-3.95749157616301,-1.2027131477615,-0.275806123148896,1.73088345463816,1.79762268019236
"PPIP1_HUMAN---PTN18_HUMAN",29.1917946875235,-6.60484137751967,25.2516155904488,13.5983331753309,2.59735155781415,-4.03744675700782,-0.566590628154458,-2.96323752127185,6.56872447613009,2.81383437379074
"PPIP1_HUMAN---RL35A_HUMAN",29.1917946875235,-6.60484137751967,25.2516155904488,13.5983331753309,2.59735155781415,-4.03744675700782,-0.566590628154458,-2.96323752127185,6.56872447613009,2.81383437379074
"PPIP1_HUMAN---WASP_HUMAN",29.1917946875235,-6.60484137751967,25.2516155904488,13.5983331753309,2.59735155781415,-4.03744675700782,-0.566590628154458,-2.96323752127185,6.56872447613009,2.81383437379074
"PR38A_HUMAN---SRPK2_HUMAN",26.508628747081,-2.99714217359692,29.4427966342719,15.9288762909629,0.147230208460769,-4.08849700384105,-1.17354543479759,-0.0218677963241956,-1.4229880453044,-1.61898002817744
"PR40A_HUMAN---VINC_HUMAN",26.508628747081,-2.99714217359692,29.4427966342719,15.9288762909629,0.147230208460769,-4.08849700384105,-1.17354543479759,-0.0218677963241956,-1.4229880453044,-1.61898002817744
"RBM5_HUMAN---U520_HUMAN",26.508628747081,-2.99714217359692,29.4427966342719,15.9288762909629,0.147230208460769,-4.08849700384105,-1.17354543479759,-0.0218677963241956,-1.4229880453044,-1.61898002817744
"RBM8A_HUMAN---SRRM2_HUMAN",27.793143626744,27.4139279460211,11.382675644053,15.0637521316137,1.27502453416488,-3.69178042203115,-1.05446785349933,0.995046505173086,-1.29013372032451,-0.711339607207415
"RIPK3_HUMAN---SPTN1_HUMAN",26.508628747081,-2.99714217359692,29.4427966342719,15.9288762909629,0.147230208460769,-4.08849700384105,-1.17354543479759,-0.0218677963241956,-1.4229880453044,-1.61898002817744
"RIPK3_HUMAN---TRAF2_HUMAN",26.508628747081,-2.99714217359692,29.4427966342719,15.9288762909629,0.147230208460769,-4.08849700384105,-1.17354543479759,-0.0218677963241956,-1.4229880453044,-1.61898002817744
"RU17_HUMAN---SRPK2_HUMAN",26.508628747081,-2.99714217359692,29.4427966342719,15.9288762909629,0.147230208460769,-4.08849700384105,-1.17354543479759,-0.0218677963241956,-1.4229880453044,-1.61898002817744
"SGTA_HUMAN---UBL7_HUMAN",29.1917946875235,-6.60484137751967,25.2516155904488,13.5983331753309,2.59735155781415,-4.03744675700782,-0.566590628154458,-2.96323752127185,6.56872447613009,2.81383437379074
"STK24_HUMAN---STRN3_HUMAN",26.508628747081,-2.99714217359692,29.4427966342719,15.9288762909629,0.147230208460769,-4.08849700384105,-1.17354543479759,-0.0218677963241956,-1.4229880453044,-1.61898002817744
"STK24_HUMAN---STRN4_HUMAN",26.508628747081,-2.99714217359692,29.4427966342719,15.9288762909629,0.147230208460769,-4.08849700384105,-1.17354543479759,-0.0218677963241956,-1.4229880453044,-1.61898002817744
"SUMO2_HUMAN---ZN496_HUMAN",26.508628747081,-2.99714217359692,29.4427966342719,15.9288762909629,0.147230208460769,-4.08849700384105,-1.17354543479759,-0.0218677963241956,-1.4229880453044,-1.61898002817744
"TEBP_HUMAN---WAP53_HUMAN",26.508628747081,-2.99714217359692,29.4427966342719,15.9288762909629,0.147230208460769,-4.08849700384105,-1.17354543479759,-0.0218677963241956,-1.4229880453044,-1.61898002817744
"UIMC1_HUMAN---WDR48_HUMAN",29.0842275011204,-9.15245410711462,21.7498977508118,12.4373774171773,6.57875494135018,-3.4731030380468,-2.54472497681754,-1.75536546343978,7.68800072476724,6.15261979279684
"UNK_HUMAN---ZFY19_HUMAN",26.508628747081,-2.99714217359692,29.4427966342719,15.9288762909629,0.147230208460769,-4.08849700384105,-1.17354543479759,-0.0218677963241956,-1.4229880453044,-1.61898002817744
"WASP_HUMAN---WIPF2_HUMAN",29.1917946875235,-6.60484137751967,25.2516155904488,13.5983331753309,2.59735155781415,-4.03744675700782,-0.566590628154458,-2.96323752127185,6.56872447613009,2.81383437379074
"1433G_HUMAN---ACINU_HUMAN",40.8213309226673,8.68215476611835,-9.54994819973778,-2.69754997520279,-0.943933601381501,-0.223829902858576,-2.03086316266307,1.387452393485,2.14520346888028,2.7374518639612
"1433G_HUMAN---PPR3D_HUMAN",40.5058167155481,12.2047990323593,-11.4128273250001,-2.41246070074464,0.266943536096511,-0.0822521248260764,-0.089284528947097,0.0801172530013947,0.0775540121125721,0.131590036819054
"1433G_HUMAN---SPN90_HUMAN",40.5058167155481,12.2047990323593,-11.4128273250001,-2.41246070074464,0.266943536096511,-0.0822521248260764,-0.089284528947097,0.0801172530013947,0.0775540121125721,0.131590036819054
"1433G_HUMAN---TNAP3_HUMAN",39.6370724950012,-15.7258185753918,5.38802433413691,-2.07363748901847,-0.971734409960853,-0.204179852054679,-3.86808953229429,4.96957521520266,0.226152305496647,2.34541000428571
"1433G_HUMAN---YAP1_HUMAN",40.8213309226673,8.68215476611835,-9.54994819973778,-2.69754997520279,-0.943933601381501,-0.223829902858576,-2.03086316266307,1.387452393485,2.14520346888028,2.7374518639612
"ABI2_HUMAN---MIPT3_HUMAN",31.5911728332705,-17.475511496872,2.07023058810256,0.488721686306508,-5.7429812250191,-8.15795586631676,-11.9772153017205,3.25322989275091,-0.265915131950965,1.05729427079828
"ABL2_HUMAN-->CRK_HUMAN",40.5058167155481,12.2047990323593,-11.4128273250001,-2.41246070074464,0.266943536096511,-0.0822521248260764,-0.089284528947097,0.0801172530013947,0.0775540121125721,0.131590036819054
"ABL2_HUMAN---PLCG1_HUMAN",40.5058167155481,12.2047990323593,-11.4128273250001,-2.41246070074464,0.266943536096511,-0.0822521248260764,-0.089284528947097,0.0801172530013947,0.0775540121125721,0.131590036819054
"ACK1_HUMAN---BCAR1_HUMAN",39.246949644051,14.0630639440232,-9.39122063275541,-1.01492285471102,-0.43932104721005,-0.00229694398126753,-0.725407048554141,2.76754865112435,-4.76028700937936,-0.884621656779326
"ACTB_HUMAN---CBL_HUMAN",39.6370724950012,-15.7258185753918,5.38802433413691,-2.07363748901847,-0.971734409960853,-0.204179852054679,-3.86808953229429,4.96957521520266,0.226152305496647,2.34541000428571
"ADDA_HUMAN---AT1A1_HUMAN",40.4398113756945,9.06823574391282,-9.7090103322965,-2.47086021501055,0.17800539102652,-0.0715830097264608,-0.385823557668616,2.85722825628815,-0.252184910962968,1.88111754454035
"ADNP_HUMAN---PLCG1_HUMAN",39.6370724950012,-15.7258185753918,5.38802433413691,-2.07363748901847,-0.971734409960853,-0.204179852054679,-3.86808953229429,4.96957521520266,0.226152305496647,2.34541000428571
"AFAD_HUMAN---RRAS2_HUMAN",40.5058167155481,12.2047990323593,-11.4128273250001,-2.41246070074464,0.266943536096511,-0.0822521248260764,-0.089284528947097,0.0801172530013947,0.0775540121125721,0.131590036819054
"AKA12_HUMAN---EGFR_HUMAN",30.7561708025268,-3.24198582110392,-1.29351618484984,-14.4703903469251,-12.1733743466123,-3.21480855583609,-7.31901313529878,3.57441375653661,2.02517951512201,9.1358038429815
"AMOT_HUMAN---PARD3_HUMAN",40.5058167155481,12.2047990323593,-11.4128273250001,-2.41246070074464,0.266943536096511,-0.0822521248260764,-0.089284528947097,0.0801172530013947,0.0775540121125721,0.131590036819054
"ANS1A_HUMAN---EGFR_HUMAN",39.6370724950012,-15.7258185753918,5.38802433413691,-2.07363748901847,-0.971734409960853,-0.204179852054679,-3.86808953229429,4.96957521520266,0.226152305496647,2.34541000428571
"AR6P4_HUMAN---CSK21_HUMAN",40.5058167155481,12.2047990323593,-11.4128273250001,-2.41246070074464,0.266943536096511,-0.0822521248260764,-0.089284528947097,0.0801172530013947,0.0775540121125721,0.131590036819054
"ARHG7_HUMAN---PAK1_HUMAN",35.7870589308921,15.2359501709166,-7.8592203528541,-6.69490145269941,-7.93539249914809,0.358840370745017,-2.78536188057995,-1.20983764555669,-4.07909641073774,-7.21124855441373
"ARHGB_HUMAN---GSK3A_HUMAN",39.246949644051,14.0630639440232,-9.39122063275541,-1.01492285471102,-0.43932104721005,-0.00229694398126753,-0.725407048554141,2.76754865112435,-4.76028700937936,-0.884621656779326
"AT2B4_HUMAN---DLG3_HUMAN",40.2164208653259,6.14452186269328,-8.00888589690334,-2.24714423460804,0.265864370274568,-0.179919031527961,-1.29124382723346,6.22200713398371,-0.6465261613943,3.94940071516895
"ATX2L_HUMAN---CDK5_HUMAN",39.6370724950012,-15.7258185753918,5.38802433413691,-2.07363748901847,-0.971734409960853,-0.204179852054679,-3.86808953229429,4.96957521520266,0.226152305496647,2.34541000428571
"B2L11_HUMAN---KAPCA_HUMAN",40.3278252353537,-8.50679652324192,1.09865119315382,-1.14772986775315,0.196046350108,-1.69407851436113,-3.26262926693883,7.0418528287702,-0.845756152767971,2.38412616610699
"BAZ2A_HUMAN---DNMT1_HUMAN",39.6370724950012,-15.7258185753918,5.38802433413691,-2.07363748901847,-0.971734409960853,-0.204179852054679,-3.86808953229429,4.96957521520266,0.226152305496647,2.34541000428571
"BCAR1_HUMAN---DOCK1_HUMAN",40.5058167155481,12.2047990323593,-11.4128273250001,-2.41246070074464,0.266943536096511,-0.0822521248260764,-0.089284528947097,0.0801172530013947,0.0775540121125721,0.131590036819054
"BCAR1_HUMAN---ZYX_HUMAN",40.8213309226673,8.68215476611835,-9.54994819973778,-2.69754997520279,-0.943933601381501,-0.223829902858576,-2.03086316266307,1.387452393485,2.14520346888028,2.7374518639612
"BMS1_HUMAN---CSK21_HUMAN",39.6370724950012,-15.7258185753918,5.38802433413691,-2.07363748901847,-0.971734409960853,-0.204179852054679,-3.86808953229429,4.96957521520266,0.226152305496647,2.34541000428571
"C2TA_HUMAN---IRF2_HUMAN",39.6370724950012,-15.7258185753918,5.38802433413691,-2.07363748901847,-0.971734409960853,-0.204179852054679,-3.86808953229429,4.96957521520266,0.226152305496647,2.34541000428571
"CBL_HUMAN---FGR_HUMAN",40.5058167155481,12.2047990323593,-11.4128273250001,-2.41246070074464,0.266943536096511,-0.0822521248260764,-0.089284528947097,0.0801172530013947,0.0775540121125721,0.131590036819054
"CCNK_HUMAN---T22D4_HUMAN",40.5058167155481,12.2047990323593,-11.4128273250001,-2.41246070074464,0.266943536096511,-0.0822521248260764,-0.089284528947097,0.0801172530013947,0.0775540121125721,0.131590036819054
"CDK1_HUMAN-->KI67_HUMAN",40.5058167155481,12.2047990323593,-11.4128273250001,-2.41246070074464,0.266943536096511,-0.0822521248260764,-0.089284528947097,0.0801172530013947,0.0775540121125721,0.131590036819054
"CDK1_HUMAN-->LMNA_HUMAN",39.6370724950012,-15.7258185753918,5.38802433413691,-2.07363748901847,-0.971734409960853,-0.204179852054679,-3.86808953229429,4.96957521520266,0.226152305496647,2.34541000428571
"CDK1_HUMAN-->TOP2B_HUMAN",39.6370724950012,-15.7258185753918,5.38802433413691,-2.07363748901847,-0.971734409960853,-0.204179852054679,-3.86808953229429,4.96957521520266,0.226152305496647,2.34541000428571
"CEBPZ_HUMAN---PEBB_HUMAN",40.5058167155481,12.2047990323593,-11.4128273250001,-2.41246070074464,0.266943536096511,-0.0822521248260764,-0.089284528947097,0.0801172530013947,0.0775540121125721,0.131590036819054
"CP3A4_HUMAN---PGRC1_HUMAN",40.531935072445,2.62187759645235,-6.14600677164104,-2.53223350906619,-0.945012767203444,-0.321496809560461,-3.23282246094944,7.52934227446731,1.4211232953734,6.5552625423111
"CSK21_HUMAN---CXCL7_HUMAN",39.6370724950012,-15.7258185753918,5.38802433413691,-2.07363748901847,-0.971734409960853,-0.204179852054679,-3.86808953229429,4.96957521520266,0.226152305496647,2.34541000428571
"CSK21_HUMAN---DDX21_HUMAN",39.6370724950012,-15.7258185753918,5.38802433413691,-2.07363748901847,-0.971734409960853,-0.204179852054679,-3.86808953229429,4.96957521520266,0.226152305496647,2.34541000428571
"CSK21_HUMAN---FNBP4_HUMAN",39.6370724950012,-15.7258185753918,5.38802433413691,-2.07363748901847,-0.971734409960853,-0.204179852054679,-3.86808953229429,4.96957521520266,0.226152305496647,2.34541000428571
"CSK21_HUMAN-->HDAC2_HUMAN",35.790089219928,-16.1785610927361,4.05148299438798,-4.87735333174805,-2.74595075236507,-6.08390141498712,-4.63150677141225,5.5688031639497,0.191357897569067,6.52946425511386
"CSK21_HUMAN---IF2P_HUMAN",40.5058167155481,12.2047990323593,-11.4128273250001,-2.41246070074464,0.266943536096511,-0.0822521248260764,-0.089284528947097,0.0801172530013947,0.0775540121125721,0.131590036819054
"CSK21_HUMAN---IF4B_HUMAN",40.5058167155481,12.2047990323593,-11.4128273250001,-2.41246070074464,0.266943536096511,-0.0822521248260764,-0.089284528947097,0.0801172530013947,0.0775540121125721,0.131590036819054
"CSK21_HUMAN---IWS1_HUMAN",39.6370724950012,-15.7258185753918,5.38802433413691,-2.07363748901847,-0.971734409960853,-0.204179852054679,-3.86808953229429,4.96957521520266,0.226152305496647,2.34541000428571
"CSK21_HUMAN-->MRE11_HUMAN",39.6370724950012,-15.7258185753918,5.38802433413691,-2.07363748901847,-0.971734409960853,-0.204179852054679,-3.86808953229429,4.96957521520266,0.226152305496647,2.34541000428571
"CSK21_HUMAN---NUCL_HUMAN",39.7030778348549,-12.5892552869453,3.68420734143332,-2.01523797475257,-0.882796264890862,-0.214848967154295,-3.57155050357277,2.1924642119159,0.555891228572187,0.595882496564421
"CSK21_HUMAN---PAIRB_HUMAN",39.6370724950012,-15.7258185753918,5.38802433413691,-2.07363748901847,-0.971734409960853,-0.204179852054679,-3.86808953229429,4.96957521520266,0.226152305496647,2.34541000428571
"CSK21_HUMAN-->SMC3_HUMAN",40.5058167155481,12.2047990323593,-11.4128273250001,-2.41246070074464,0.266943536096511,-0.0822521248260764,-0.089284528947097,0.0801172530013947,0.0775540121125721,0.131590036819054
"CTND1_HUMAN---EGFR_HUMAN",40.5058167155481,12.2047990323593,-11.4128273250001,-2.41246070074464,0.266943536096511,-0.0822521248260764,-0.089284528947097,0.0801172530013947,0.0775540121125721,0.131590036819054
"CXCL7_HUMAN---SCFD1_HUMAN",39.6370724950012,-15.7258185753918,5.38802433413691,-2.07363748901847,-0.971734409960853,-0.204179852054679,-3.86808953229429,4.96957521520266,0.226152305496647,2.34541000428571
"CXCL7_HUMAN---STRN4_HUMAN",39.6370724950012,-15.7258185753918,5.38802433413691,-2.07363748901847,-0.971734409960853,-0.204179852054679,-3.86808953229429,4.96957521520266,0.226152305496647,2.34541000428571
"DDX3X_HUMAN---IF4G1_HUMAN",40.5058167155481,12.2047990323593,-11.4128273250001,-2.41246070074464,0.266943536096511,-0.0822521248260764,-0.089284528947097,0.0801172530013947,0.0775540121125721,0.131590036819054
"DDX46_HUMAN---LMNA_HUMAN",39.6370724950012,-15.7258185753918,5.38802433413691,-2.07363748901847,-0.971734409960853,-0.204179852054679,-3.86808953229429,4.96957521520266,0.226152305496647,2.34541000428571
"DREB_HUMAN---MARCS_HUMAN",40.5058167155481,12.2047990323593,-11.4128273250001,-2.41246070074464,0.266943536096511,-0.0822521248260764,-0.089284528947097,0.0801172530013947,0.0775540121125721,0.131590036819054
"DYR1B_HUMAN---HIPK2_HUMAN",39.6370724950012,-15.7258185753918,5.38802433413691,-2.07363748901847,-0.971734409960853,-0.204179852054679,-3.86808953229429,4.96957521520266,0.226152305496647,2.34541000428571
"EGFR_HUMAN---PAK1_HUMAN",39.8411823320926,-4.59714445569753,-1.85663363065794,-3.45814113033151,-2.1127935272723,1.16840185274599,-3.8382827263049,5.45706466089976,2.49303175363802,6.51654638048982
"EGFR_HUMAN---RN213_HUMAN",39.6370724950012,-15.7258185753918,5.38802433413691,-2.07363748901847,-0.971734409960853,-0.204179852054679,-3.86808953229429,4.96957521520266,0.226152305496647,2.34541000428571
"ELF2_HUMAN---RUNX1_HUMAN",39.6370724950012,-15.7258185753918,5.38802433413691,-2.07363748901847,-0.971734409960853,-0.204179852054679,-3.86808953229429,4.96957521520266,0.226152305496647,2.34541000428571
"EMAL4_HUMAN---NEK6_HUMAN",40.5058167155481,12.2047990323593,-11.4128273250001,-2.41246070074464,0.266943536096511,-0.0822521248260764,-0.089284528947097,0.0801172530013947,0.0775540121125721,0.131590036819054
"FA53C_HUMAN---WNK1_HUMAN",39.6370724950012,-15.7258185753918,5.38802433413691,-2.07363748901847,-0.971734409960853,-0.204179852054679,-3.86808953229429,4.96957521520266,0.226152305496647,2.34541000428571
"FACD2_HUMAN---MRE11_HUMAN",39.6370724950012,-15.7258185753918,5.38802433413691,-2.07363748901847,-0.971734409960853,-0.204179852054679,-3.86808953229429,4.96957521520266,0.226152305496647,2.34541000428571
"FAK1_HUMAN-->AT2B4_HUMAN",40.2164208653259,6.14452186269328,-8.00888589690334,-2.24714423460804,0.265864370274568,-0.179919031527961,-1.29124382723346,6.22200713398371,-0.6465261613943,3.94940071516895
"GLIS2_HUMAN---WNK1_HUMAN",40.2164208653259,6.14452186269328,-8.00888589690334,-2.24714423460804,0.265864370274568,-0.179919031527961,-1.29124382723346,6.22200713398371,-0.6465261613943,3.94940071516895
"GRB2_HUMAN---MK09_HUMAN",40.2824262051795,9.28108515113974,-9.71270288960693,-2.18874472034213,0.354802515344559,-0.190588146627577,-0.994704798511943,3.44489613069695,-0.31678723831876,2.19987320744766
"GRB2_HUMAN---PHAG1_HUMAN",40.5058167155481,12.2047990323593,-11.4128273250001,-2.41246070074464,0.266943536096511,-0.0822521248260764,-0.089284528947097,0.0801172530013947,0.0775540121125721,0.131590036819054
"GRB2_HUMAN---WASL_HUMAN",40.5058167155481,12.2047990323593,-11.4128273250001,-2.41246070074464,0.266943536096511,-0.0822521248260764,-0.089284528947097,0.0801172530013947,0.0775540121125721,0.131590036819054
"HACD3_HUMAN---NEK6_HUMAN",40.5058167155481,12.2047990323593,-11.4128273250001,-2.41246070074464,0.266943536096511,-0.0822521248260764,-0.089284528947097,0.0801172530013947,0.0775540121125721,0.131590036819054
"HDAC2_HUMAN---HM20B_HUMAN",39.6370724950012,-15.7258185753918,5.38802433413691,-2.07363748901847,-0.971734409960853,-0.204179852054679,-3.86808953229429,4.96957521520266,0.226152305496647,2.34541000428571
"HDAC2_HUMAN---RREB1_HUMAN",39.6370724950012,-15.7258185753918,5.38802433413691,-2.07363748901847,-0.971734409960853,-0.204179852054679,-3.86808953229429,4.96957521520266,0.226152305496647,2.34541000428571
"HDAC2_HUMAN---WIZ_HUMAN",39.6370724950012,-15.7258185753918,5.38802433413691,-2.07363748901847,-0.971734409960853,-0.204179852054679,-3.86808953229429,4.96957521520266,0.226152305496647,2.34541000428571
"HDAC2_HUMAN---ZN318_HUMAN",39.6370724950012,-15.7258185753918,5.38802433413691,-2.07363748901847,-0.971734409960853,-0.204179852054679,-3.86808953229429,4.96957521520266,0.226152305496647,2.34541000428571
"HGS_HUMAN---SCAM3_HUMAN",40.5058167155481,12.2047990323593,-11.4128273250001,-2.41246070074464,0.266943536096511,-0.0822521248260764,-0.089284528947097,0.0801172530013947,0.0775540121125721,0.131590036819054
"HM20B_HUMAN---KIF4A_HUMAN",39.6370724950012,-15.7258185753918,5.38802433413691,-2.07363748901847,-0.971734409960853,-0.204179852054679,-3.86808953229429,4.96957521520266,0.226152305496647,2.34541000428571
"HNRL1_HUMAN---NUP98_HUMAN",39.6370724950012,-15.7258185753918,5.38802433413691,-2.07363748901847,-0.971734409960853,-0.204179852054679,-3.86808953229429,4.96957521520266,0.226152305496647,2.34541000428571
"I2BP1_HUMAN---IRF2_HUMAN",39.6370724950012,-15.7258185753918,5.38802433413691,-2.07363748901847,-0.971734409960853,-0.204179852054679,-3.86808953229429,4.96957521520266,0.226152305496647,2.34541000428571
"I2BP2_HUMAN---IRF2_HUMAN",39.6370724950012,-15.7258185753918,5.38802433413691,-2.07363748901847,-0.971734409960853,-0.204179852054679,-3.86808953229429,4.96957521520266,0.226152305496647,2.34541000428571
"KAPCA_HUMAN-->1433Z_HUMAN",40.531935072445,2.62187759645235,-6.14600677164104,-2.53223350906619,-0.945012767203444,-0.321496809560461,-3.23282246094944,7.52934227446731,1.4211232953734,6.5552625423111
"KAPCA_HUMAN-->CDK16_HUMAN",40.531935072445,2.62187759645235,-6.14600677164104,-2.53223350906619,-0.945012767203444,-0.321496809560461,-3.23282246094944,7.52934227446731,1.4211232953734,6.5552625423111
"KAPCA_HUMAN-->CP3A4_HUMAN",40.531935072445,2.62187759645235,-6.14600677164104,-2.53223350906619,-0.945012767203444,-0.321496809560461,-3.23282246094944,7.52934227446731,1.4211232953734,6.5552625423111
"KAPCA_HUMAN-->DESP_HUMAN",40.531935072445,2.62187759645235,-6.14600677164104,-2.53223350906619,-0.945012767203444,-0.321496809560461,-3.23282246094944,7.52934227446731,1.4211232953734,6.5552625423111
"KAPCA_HUMAN-->GSK3A_HUMAN",40.531935072445,2.62187759645235,-6.14600677164104,-2.53223350906619,-0.945012767203444,-0.321496809560461,-3.23282246094944,7.52934227446731,1.4211232953734,6.5552625423111
"KAPCA_HUMAN-->KKCC1_HUMAN",40.531935072445,2.62187759645235,-6.14600677164104,-2.53223350906619,-0.945012767203444,-0.321496809560461,-3.23282246094944,7.52934227446731,1.4211232953734,6.5552625423111
"KAPCA_HUMAN-->PLSL_HUMAN",40.531935072445,2.62187759645235,-6.14600677164104,-2.53223350906619,-0.945012767203444,-0.321496809560461,-3.23282246094944,7.52934227446731,1.4211232953734,6.5552625423111
"LAP2B_HUMAN---LMNA_HUMAN",39.6370724950012,-15.7258185753918,5.38802433413691,-2.07363748901847,-0.971734409960853,-0.204179852054679,-3.86808953229429,4.96957521520266,0.226152305496647,2.34541000428571
"LAS1L_HUMAN---PNKP_HUMAN",40.5058167155481,12.2047990323593,-11.4128273250001,-2.41246070074464,0.266943536096511,-0.0822521248260764,-0.089284528947097,0.0801172530013947,0.0775540121125721,0.131590036819054
"LMNA_HUMAN---LMNB2_HUMAN",39.6370724950012,-15.7258185753918,5.38802433413691,-2.07363748901847,-0.971734409960853,-0.204179852054679,-3.86808953229429,4.96957521520266,0.226152305496647,2.34541000428571
"LMNA_HUMAN---NELFE_HUMAN",39.6370724950012,-15.7258185753918,5.38802433413691,-2.07363748901847,-0.971734409960853,-0.204179852054679,-3.86808953229429,4.96957521520266,0.226152305496647,2.34541000428571
"LMNA_HUMAN---TFP11_HUMAN",39.6370724950012,-15.7258185753918,5.38802433413691,-2.07363748901847,-0.971734409960853,-0.204179852054679,-3.86808953229429,4.96957521520266,0.226152305496647,2.34541000428571
"LMNA_HUMAN---TOIP1_HUMAN",39.6370724950012,-15.7258185753918,5.38802433413691,-2.07363748901847,-0.971734409960853,-0.204179852054679,-3.86808953229429,4.96957521520266,0.226152305496647,2.34541000428571
"LMNA_HUMAN---WDR70_HUMAN",39.6370724950012,-15.7258185753918,5.38802433413691,-2.07363748901847,-0.971734409960853,-0.204179852054679,-3.86808953229429,4.96957521520266,0.226152305496647,2.34541000428571
"LMNA_HUMAN---Z280C_HUMAN",39.6370724950012,-15.7258185753918,5.38802433413691,-2.07363748901847,-0.971734409960853,-0.204179852054679,-3.86808953229429,4.96957521520266,0.226152305496647,2.34541000428571
"LRC47_HUMAN---TNAP3_HUMAN",39.6370724950012,-15.7258185753918,5.38802433413691,-2.07363748901847,-0.971734409960853,-0.204179852054679,-3.86808953229429,4.96957521520266,0.226152305496647,2.34541000428571
"MARK2_HUMAN-->PARD3_HUMAN",40.5058167155481,12.2047990323593,-11.4128273250001,-2.41246070074464,0.266943536096511,-0.0822521248260764,-0.089284528947097,0.0801172530013947,0.0775540121125721,0.131590036819054
"MARK2_HUMAN---TAOK1_HUMAN",40.5058167155481,12.2047990323593,-11.4128273250001,-2.41246070074464,0.266943536096511,-0.0822521248260764,-0.089284528947097,0.0801172530013947,0.0775540121125721,0.131590036819054
"MBB1A_HUMAN---NUCL_HUMAN",39.6370724950012,-15.7258185753918,5.38802433413691,-2.07363748901847,-0.971734409960853,-0.204179852054679,-3.86808953229429,4.96957521520266,0.226152305496647,2.34541000428571
"MCMBP_HUMAN---SMC3_HUMAN",39.6370724950012,-15.7258185753918,5.38802433413691,-2.07363748901847,-0.971734409960853,-0.204179852054679,-3.86808953229429,4.96957521520266,0.226152305496647,2.34541000428571
"MK01_HUMAN-->CSK21_HUMAN",37.2067390205828,7.34145760513714,-12.0298608053657,0.181389992509658,-2.34786648092246,-1.2446339915747,10.6887079779423,6.41803693480304,0.49523307212469,2.12629845254102
"MK03_HUMAN-->B2L11_HUMAN",39.6370724950012,-15.7258185753918,5.38802433413691,-2.07363748901847,-0.971734409960853,-0.204179852054679,-3.86808953229429,4.96957521520266,0.226152305496647,2.34541000428571
"MK03_HUMAN-->C2TA_HUMAN",39.6370724950012,-15.7258185753918,5.38802433413691,-2.07363748901847,-0.971734409960853,-0.204179852054679,-3.86808953229429,4.96957521520266,0.226152305496647,2.34541000428571
"MK03_HUMAN-->RUNX1_HUMAN",39.6370724950012,-15.7258185753918,5.38802433413691,-2.07363748901847,-0.971734409960853,-0.204179852054679,-3.86808953229429,4.96957521520266,0.226152305496647,2.34541000428571
"MKX_HUMAN---SIN3A_HUMAN",39.6370724950012,-15.7258185753918,5.38802433413691,-2.07363748901847,-0.971734409960853,-0.204179852054679,-3.86808953229429,4.96957521520266,0.226152305496647,2.34541000428571
"MYO6_HUMAN---RNF11_HUMAN",39.6370724950012,-15.7258185753918,5.38802433413691,-2.07363748901847,-0.971734409960853,-0.204179852054679,-3.86808953229429,4.96957521520266,0.226152305496647,2.34541000428571
"NEK6_HUMAN---SMC3_HUMAN",40.5058167155481,12.2047990323593,-11.4128273250001,-2.41246070074464,0.266943536096511,-0.0822521248260764,-0.089284528947097,0.0801172530013947,0.0775540121125721,0.131590036819054
"NUP98_HUMAN---TPR_HUMAN",36.4040001398896,-17.4525967141675,3.06717386106773,0.578612718501734,-3.49760628190983,-1.37723083390291,7.20644200331659,8.53038389371754,0.973570288584305,2.59059091228638
"OPTN_HUMAN---RNF11_HUMAN",39.6370724950012,-15.7258185753918,5.38802433413691,-2.07363748901847,-0.971734409960853,-0.204179852054679,-3.86808953229429,4.96957521520266,0.226152305496647,2.34541000428571
"PAK1_HUMAN-->MP2K1_HUMAN",39.9071876719462,-1.46058116725106,-3.56045062336153,-3.3997416160656,-2.02385538220231,1.15773273764637,-3.54174369758338,2.67995365761301,2.82277067671356,4.76701887276853
"PAK1_HUMAN-->PGAM1_HUMAN",35.7870589308921,15.2359501709166,-7.8592203528541,-6.69490145269941,-7.93539249914809,0.358840370745017,-2.78536188057995,-1.20983764555669,-4.07909641073774,-7.21124855441373
"PAK1_HUMAN-->STMN1_HUMAN",35.7870589308921,15.2359501709166,-7.8592203528541,-6.69490145269941,-7.93539249914809,0.358840370745017,-2.78536188057995,-1.20983764555669,-4.07909641073774,-7.21124855441373
"PAK1_HUMAN-->TBCB_HUMAN",35.7870589308921,15.2359501709166,-7.8592203528541,-6.69490145269941,-7.93539249914809,0.358840370745017,-2.78536188057995,-1.20983764555669,-4.07909641073774,-7.21124855441373
"PEBB_HUMAN---RUNX1_HUMAN",39.6370724950012,-15.7258185753918,5.38802433413691,-2.07363748901847,-0.971734409960853,-0.204179852054679,-3.86808953229429,4.96957521520266,0.226152305496647,2.34541000428571
"PEBB_HUMAN---SCG1_HUMAN",40.5058167155481,12.2047990323593,-11.4128273250001,-2.41246070074464,0.266943536096511,-0.0822521248260764,-0.089284528947097,0.0801172530013947,0.0775540121125721,0.131590036819054
"RNF11_HUMAN---RU17_HUMAN",39.6370724950012,-15.7258185753918,5.38802433413691,-2.07363748901847,-0.971734409960853,-0.204179852054679,-3.86808953229429,4.96957521520266,0.226152305496647,2.34541000428571
"RNF11_HUMAN---TM1L2_HUMAN",39.6370724950012,-15.7258185753918,5.38802433413691,-2.07363748901847,-0.971734409960853,-0.204179852054679,-3.86808953229429,4.96957521520266,0.226152305496647,2.34541000428571
"RNF11_HUMAN---TNAP3_HUMAN",39.6370724950012,-15.7258185753918,5.38802433413691,-2.07363748901847,-0.971734409960853,-0.204179852054679,-3.86808953229429,4.96957521520266,0.226152305496647,2.34541000428571
"RNF11_HUMAN---UBE2O_HUMAN",39.6370724950012,-15.7258185753918,5.38802433413691,-2.07363748901847,-0.971734409960853,-0.204179852054679,-3.86808953229429,4.96957521520266,0.226152305496647,2.34541000428571
"RNF11_HUMAN---ZFY16_HUMAN",39.6370724950012,-15.7258185753918,5.38802433413691,-2.07363748901847,-0.971734409960853,-0.204179852054679,-3.86808953229429,4.96957521520266,0.226152305496647,2.34541000428571
"RNF31_HUMAN---TNAP3_HUMAN",39.6370724950012,-15.7258185753918,5.38802433413691,-2.07363748901847,-0.971734409960853,-0.204179852054679,-3.86808953229429,4.96957521520266,0.226152305496647,2.34541000428571
"SCG1_HUMAN---SG223_HUMAN",40.5058167155481,12.2047990323593,-11.4128273250001,-2.41246070074464,0.266943536096511,-0.0822521248260764,-0.089284528947097,0.0801172530013947,0.0775540121125721,0.131590036819054
"SNUT2_HUMAN---TRI25_HUMAN",40.8213309226673,8.68215476611835,-9.54994819973778,-2.69754997520279,-0.943933601381501,-0.223829902858576,-2.03086316266307,1.387452393485,2.14520346888028,2.7374518639612
"TCP4_HUMAN---TF3C1_HUMAN",39.6370724950012,-15.7258185753918,5.38802433413691,-2.07363748901847,-0.971734409960853,-0.204179852054679,-3.86808953229429,4.96957521520266,0.226152305496647,2.34541000428571
"UBL7_HUMAN---ZYX_HUMAN",40.5058167155481,12.2047990323593,-11.4128273250001,-2.41246070074464,0.266943536096511,-0.0822521248260764,-0.089284528947097,0.0801172530013947,0.0775540121125721,0.131590036819054
"WAP53_HUMAN---WAPL_HUMAN",40.5058167155481,12.2047990323593,-11.4128273250001,-2.41246070074464,0.266943536096511,-0.0822521248260764,-0.089284528947097,0.0801172530013947,0.0775540121125721,0.131590036819054
"BRF2_HUMAN---MMS19_HUMAN",37.4328194660037,-18.7436494204621,5.37453878595278,-1.77255180163969,-1.82375516291979,-2.10649613884071,0.800434010704824,-0.858691944871325,3.45292070529601,-3.2519677255112
"DC1L1_HUMAN---PAIRB_HUMAN",34.199747110892,-20.4704275592378,3.0536883128836,0.879698405880514,-4.34962703486877,-3.27954712068894,11.8749655463157,2.70211673364357,4.20033868838367,-3.00678681751053
"MD2L1_HUMAN---T22D4_HUMAN",35.7481357127629,-19.1687055940424,3.88020676477995,-0.730288873698316,1.08281107525004,1.42546330742649,0.3739470484842,-0.963067669666133,4.97259097420629,-3.89993811887715
"MEPCE_HUMAN---U520_HUMAN",35.7409827841925,-19.3719003715754,4.12014096897466,-0.832115683645475,-2.1611294747772,-3.99306092434425,6.50909844508903,1.00601321686165,4.51363806737895,-4.73520917705818
"P53_HUMAN---SUMO2_HUMAN",37.4328194660037,-18.7436494204621,5.37453878595278,-1.77255180163969,-1.82375516291979,-2.10649613884071,0.800434010704824,-0.858691944871325,3.45292070529601,-3.2519677255112
"RBM5_HUMAN---SUMO2_HUMAN",34.199747110892,-20.4704275592378,3.0536883128836,0.879698405880514,-4.34962703486877,-3.27954712068894,11.8749655463157,2.70211673364357,4.20033868838367,-3.00678681751053
"SRRM2_HUMAN---SUMO2_HUMAN",38.3015636865505,9.18696818728893,-11.4263128731842,-2.11137501336587,-0.585077216862425,-1.98456841161211,4.57923901405202,-5.74814990707259,3.30432241191194,-5.46578769297786
"SUMO2_HUMAN---XRCC6_HUMAN",29.480989326236,-17.4392764206805,6.60729528502958,-3.40274234607425,-12.5519630701134,-2.83845462511785,9.17888819468286,1.41216183508548,0.0436882655333584,-10.3496254087433
"1433G_HUMAN---GRB2_HUMAN",37.5611959420699,-17.4822745505179,8.51555231504076,-4.32781021510832,-0.273911731004889,2.38034385604788,1.15703396233805,-0.166820319442304,1.67516082611249,-1.8088383788784
"CD2AP_HUMAN---TS101_HUMAN",37.5611959420699,-17.4822745505179,8.51555231504076,-4.32781021510832,-0.273911731004889,2.38034385604788,1.15703396233805,-0.166820319442304,1.67516082611249,-1.8088383788784
"EGFR_HUMAN---I6S2Y9_HUMAN",37.5611959420699,-17.4822745505179,8.51555231504076,-4.32781021510832,-0.273911731004889,2.38034385604788,1.15703396233805,-0.166820319442304,1.67516082611249,-1.8088383788784
"GRB2_HUMAN---I6S2Y9_HUMAN",37.5611959420699,-17.4822745505179,8.51555231504076,-4.32781021510832,-0.273911731004889,2.38034385604788,1.15703396233805,-0.166820319442304,1.67516082611249,-1.8088383788784
"1433G_HUMAN---NELFE_HUMAN",40.090046056432,9.72434652049231,-10.1535579939181,-1.88615975312163,0.377827156449763,-0.357040979407371,3.57044289310183,-5.82625501069715,-0.2038986062514,-2.98987035161763
"1433G_HUMAN---WNK1_HUMAN",40.116164413329,0.14142508458538,-4.88673744055906,-2.00593256144317,-0.834129146850191,-0.596285664141756,0.426904961099497,1.62297001076877,1.13967067700943,3.43380215387441
"ACTB_HUMAN---SUMO2_HUMAN",37.8443980183383,12.9648194525584,-4.37526475922979,3.70996587326158,2.73451040005615,-2.26798356883763,2.43578893617847,-10.4910280647765,1.70758447959942,0.639207288963935
"AKA11_HUMAN---PP1B_HUMAN",40.2014504264598,-4.92697186544288,-1.04602090386095,-0.786745386266746,0.308009136283195,-1.87120046224054,1.59905745339647,-5.00640931591065,-0.403128597625072,-4.55514490067959
"AT1A1_HUMAN---HGS_HUMAN",39.5224182175583,-14.5611254910485,4.46239517674138,-1.0775549905184,-0.399942355008117,-1.11211858920373,-0.0940734492293518,0.118287781739786,-0.604880731946694,-0.689496638397229
"CDK1_HUMAN-->GAPD1_HUMAN",40.090046056432,9.72434652049231,-10.1535579939181,-1.88615975312163,0.377827156449763,-0.357040979407371,3.57044289310183,-5.82625501069715,-0.2038986062514,-2.98987035161763
"CDK5_HUMAN-->DNMT1_HUMAN",40.4055602635512,6.20170225425138,-8.29067886865581,-2.17124902757978,-0.833049981028249,-0.498618757439871,1.62886425938586,-4.51891987021355,1.8637508505163,-0.384008524475482
"CEBPZ_HUMAN---SUMO2_HUMAN",40.090046056432,9.72434652049231,-10.1535579939181,-1.88615975312163,0.377827156449763,-0.357040979407371,3.57044289310183,-5.82625501069715,-0.2038986062514,-2.98987035161763
"CHD4_HUMAN---SUMO2_HUMAN",40.090046056432,9.72434652049231,-10.1535579939181,-1.88615975312163,0.377827156449763,-0.357040979407371,3.57044289310183,-5.82625501069715,-0.2038986062514,-2.98987035161763
"CSK21_HUMAN---RU17_HUMAN",40.090046056432,9.72434652049231,-10.1535579939181,-1.88615975312163,0.377827156449763,-0.357040979407371,3.57044289310183,-5.82625501069715,-0.2038986062514,-2.98987035161763
"DDX21_HUMAN---SUMO2_HUMAN",40.090046056432,9.72434652049231,-10.1535579939181,-1.88615975312163,0.377827156449763,-0.357040979407371,3.57044289310183,-5.82625501069715,-0.2038986062514,-2.98987035161763
"F208A_HUMAN---SUMO2_HUMAN",39.745808727927,-11.6374116098289,2.76227074134822,-1.30127097092091,-0.487801334256165,-1.00378256740223,0.811346820335495,-3.24649109595577,-0.210539481515362,-2.75777980902583
"FACD2_HUMAN---SUMO2_HUMAN",40.090046056432,9.72434652049231,-10.1535579939181,-1.88615975312163,0.377827156449763,-0.357040979407371,3.57044289310183,-5.82625501069715,-0.2038986062514,-2.98987035161763
"FGR_HUMAN-->FAK1_HUMAN",38.8194021476734,-9.33841917982947,5.25998844933436,2.26663795097311,1.92604604674244,-2.977631409338,-0.148531928163907,-1.02402803873638,-0.222235121372497,0.576923128525268
"FNBP4_HUMAN---SUMO2_HUMAN",37.8443980183383,12.9648194525584,-4.37526475922979,3.70996587326158,2.73451040005615,-2.26798356883763,2.43578893617847,-10.4910280647765,1.70758447959942,0.639207288963935
"GAPD1_HUMAN---LRC47_HUMAN",40.090046056432,9.72434652049231,-10.1535579939181,-1.88615975312163,0.377827156449763,-0.357040979407371,3.57044289310183,-5.82625501069715,-0.2038986062514,-2.98987035161763
"H2AY_HUMAN---SUMO2_HUMAN",40.090046056432,9.72434652049231,-10.1535579939181,-1.88615975312163,0.377827156449763,-0.357040979407371,3.57044289310183,-5.82625501069715,-0.2038986062514,-2.98987035161763
"HNRL1_HUMAN---SUMO2_HUMAN",40.090046056432,9.72434652049231,-10.1535579939181,-1.88615975312163,0.377827156449763,-0.357040979407371,3.57044289310183,-5.82625501069715,-0.2038986062514,-2.98987035161763
"MBB1A_HUMAN---SUMO2_HUMAN",40.090046056432,9.72434652049231,-10.1535579939181,-1.88615975312163,0.377827156449763,-0.357040979407371,3.57044289310183,-5.82625501069715,-0.2038986062514,-2.98987035161763
"MCMBP_HUMAN---SUMO2_HUMAN",40.090046056432,9.72434652049231,-10.1535579939181,-1.88615975312163,0.377827156449763,-0.357040979407371,3.57044289310183,-5.82625501069715,-0.2038986062514,-2.98987035161763
"MK01_HUMAN-->B2L11_HUMAN",39.9120545762376,-10.9872490351089,2.3579205242358,-0.62142892013014,0.306929970461252,-1.96886736894242,0.397098155110104,1.13548056507166,-1.12720877113194,-0.737334222329695
"MK01_HUMAN-->NUP50_HUMAN",39.819930879487,-4.54089088764843,-1.20508303641967,-0.560055626074501,1.42994812869122,-1.71895356910842,3.24409705839092,-3.5366334531075,-2.80051697746831,-5.41147922010044
"MYO6_HUMAN---TOM1_HUMAN",40.090046056432,9.72434652049231,-10.1535579939181,-1.88615975312163,0.377827156449763,-0.357040979407371,3.57044289310183,-5.82625501069715,-0.2038986062514,-2.98987035161763
"NUCL_HUMAN---SUMO2_HUMAN",40.090046056432,9.72434652049231,-10.1535579939181,-1.88615975312163,0.377827156449763,-0.357040979407371,3.57044289310183,-5.82625501069715,-0.2038986062514,-2.98987035161763
"NUP50_HUMAN---TOIP1_HUMAN",40.090046056432,9.72434652049231,-10.1535579939181,-1.88615975312163,0.377827156449763,-0.357040979407371,3.57044289310183,-5.82625501069715,-0.2038986062514,-2.98987035161763
"OSBP1_HUMAN---PI4KA_HUMAN",40.090046056432,9.72434652049231,-10.1535579939181,-1.88615975312163,0.377827156449763,-0.357040979407371,3.57044289310183,-5.82625501069715,-0.2038986062514,-2.98987035161763
"PAIRB_HUMAN---SUMO2_HUMAN",40.090046056432,9.72434652049231,-10.1535579939181,-1.88615975312163,0.377827156449763,-0.357040979407371,3.57044289310183,-5.82625501069715,-0.2038986062514,-2.98987035161763
"PNKP_HUMAN---UBE2O_HUMAN",40.090046056432,9.72434652049231,-10.1535579939181,-1.88615975312163,0.377827156449763,-0.357040979407371,3.57044289310183,-5.82625501069715,-0.2038986062514,-2.98987035161763
"Q6FIE9_HUMAN---TOM1_HUMAN",40.090046056432,9.72434652049231,-10.1535579939181,-1.88615975312163,0.377827156449763,-0.357040979407371,3.57044289310183,-5.82625501069715,-0.2038986062514,-2.98987035161763
"RAD50_HUMAN---SUMO2_HUMAN",40.090046056432,9.72434652049231,-10.1535579939181,-1.88615975312163,0.377827156449763,-0.357040979407371,3.57044289310183,-5.82625501069715,-0.2038986062514,-2.98987035161763
"SCFD1_HUMAN---XRN2_HUMAN",40.090046056432,9.72434652049231,-10.1535579939181,-1.88615975312163,0.377827156449763,-0.357040979407371,3.57044289310183,-5.82625501069715,-0.2038986062514,-2.98987035161763
"SNUT2_HUMAN---SUMO2_HUMAN",40.090046056432,9.72434652049231,-10.1535579939181,-1.88615975312163,0.377827156449763,-0.357040979407371,3.57044289310183,-5.82625501069715,-0.2038986062514,-2.98987035161763
"TOM1_HUMAN---ZFY16_HUMAN",40.090046056432,9.72434652049231,-10.1535579939181,-1.88615975312163,0.377827156449763,-0.357040979407371,3.57044289310183,-5.82625501069715,-0.2038986062514,-2.98987035161763
"ARHG7_HUMAN---LAP2_HUMAN",34.9828046819775,-12.776069179495,13.6486554590873,3.56519377808235,-2.57095865911619,-0.774047600081279,-1.13763444441306,2.29134068962219,-4.42576423563732,-3.35545650935625
"GRB2_HUMAN---TM1L1_HUMAN",37.9792485692197,-6.21388414197766,3.42731667051601,1.00385156098317,0.811477822470835,-1.1214793927475,2.05278173466119,-3.76369155323904,-0.600492753490757,-5.80065536265212
"HGS_HUMAN---TM1L1_HUMAN",37.839121077806,-16.4469681526046,9.09848744098749,0.204236701870861,-1.19520978554654,-0.395639275941685,-0.676507532115756,-0.696438192800563,1.65974581938666,-1.39742844385621
"HS90B_HUMAN---TEBP_HUMAN",37.839121077806,-16.4469681526046,9.09848744098749,0.204236701870861,-1.19520978554654,-0.395639275941685,-0.676507532115756,-0.696438192800563,1.65974581938666,-1.39742844385621
"M4K5_HUMAN---TRAF2_HUMAN",37.839121077806,-16.4469681526046,9.09848744098749,0.204236701870861,-1.19520978554654,-0.395639275941685,-0.676507532115756,-0.696438192800563,1.65974581938666,-1.39742844385621
"1433G_HUMAN---KLC4_HUMAN",35.9882294807735,-19.9330492260344,4.32644319214971,1.10491366612475,-3.38672266155658,-1.65201968848421,10.8661694253655,2.624011630019,0.692117670220333,-0.530869476150301
"ATRX_HUMAN---Z512B_HUMAN",26.7497628257441,-23.5996487774698,-2.99495602317778,10.7227981873098,-10.8224903467727,6.88874923414306,13.3068130072624,-0.0991678482415599,0.114738809708856,3.40388233863971
"CDC20_HUMAN---HSF1_HUMAN",35.9882294807735,-19.9330492260344,4.32644319214971,1.10491366612475,-3.38672266155658,-1.65201968848421,10.8661694253655,2.624011630019,0.692117670220333,-0.530869476150301
"CDK2_HUMAN-->DLG1_HUMAN",35.9882294807735,-19.9330492260344,4.32644319214971,1.10491366612475,-3.38672266155658,-1.65201968848421,10.8661694253655,2.624011630019,0.692117670220333,-0.530869476150301
"CDK5_HUMAN---HS90B_HUMAN",24.8280056282355,-13.6002631901438,13.9342459816613,7.27040852917191,2.07612474520355,-0.12674853434245,8.31243752921308,-5.76371612326911,-7.72130348401261,0.0891965232902242
"CHIP_HUMAN---HS90B_HUMAN",35.837075979281,-19.6931199021451,4.01382551255523,1.39916633750376,-2.29360746256558,0.0386074428416589,6.53934267417268,-0.136389419755384,2.33767146679128,-2.57060278509373
"DUS6_HUMAN---ZN212_HUMAN",35.9882294807735,-19.9330492260344,4.32644319214971,1.10491366612475,-3.38672266155658,-1.65201968848421,10.8661694253655,2.624011630019,0.692117670220333,-0.530869476150301
"EIF3E_HUMAN---SUMO2_HUMAN",35.9882294807735,-19.9330492260344,4.32644319214971,1.10491366612475,-3.38672266155658,-1.65201968848421,10.8661694253655,2.624011630019,0.692117670220333,-0.530869476150301
"ETS1_HUMAN---SUMO2_HUMAN",26.7497628257441,-23.5996487774698,-2.99495602317778,10.7227981873098,-10.8224903467727,6.88874923414306,13.3068130072624,-0.0991678482415599,0.114738809708856,3.40388233863971
"FRIH_HUMAN---IMA1_HUMAN",26.7497628257441,-23.5996487774698,-2.99495602317778,10.7227981873098,-10.8224903467727,6.88874923414306,13.3068130072624,-0.0991678482415599,0.114738809708856,3.40388233863971
"GNL1_HUMAN---ZN212_HUMAN",35.9882294807735,-19.9330492260344,4.32644319214971,1.10491366612475,-3.38672266155658,-1.65201968848421,10.8661694253655,2.624011630019,0.692117670220333,-0.530869476150301
"HDAC1_HUMAN---RFC1_HUMAN",35.9882294807735,-19.9330492260344,4.32644319214971,1.10491366612475,-3.38672266155658,-1.65201968848421,10.8661694253655,2.624011630019,0.692117670220333,-0.530869476150301
"HNRH1_HUMAN---SUMO2_HUMAN",37.529465154074,-18.834522038372,5.39289584824076,-0.606900423401239,-1.19822510146501,-2.36553349213952,5.50030232413885,0.927908113237091,1.00541704921561,-2.25929183569795
"HNRH1_HUMAN---TM1L1_HUMAN",35.7056072960206,-19.1728747952212,4.6030096337321,-2.20434482209984,1.33014864699743,-4.14961546986973,7.08568148851697,-0.974073005265575,-1.98981817465493,-1.43566798511447
"HS90B_HUMAN---KS6A1_HUMAN",37.529465154074,-18.834522038372,5.39289584824076,-0.606900423401239,-1.19822510146501,-2.36553349213952,5.50030232413885,0.927908113237091,1.00541704921561,-2.25929183569795
"HS90B_HUMAN---MP2K7_HUMAN",25.8147865948322,-14.982471210546,10.1775594392176,3.07182074882232,-0.986823081709399,1.86414923593261,8.8109689665294,1.58848832893318,-14.4706275913554,-4.55609281088972
"HTSF1_HUMAN---Z512B_HUMAN",21.4448924253656,-25.7151158973362,-6.70307999968879,13.3666940585073,-3.92905366983334,15.2944605381022,11.0484771650321,-1.88590139697058,-5.2395870223636,3.16216705853262
"KSR1_HUMAN---MP2K2_HUMAN",35.9882294807735,-19.9330492260344,4.32644319214971,1.10491366612475,-3.38672266155658,-1.65201968848421,10.8661694253655,2.624011630019,0.692117670220333,-0.530869476150301
"LNX1_HUMAN---TRAF2_HUMAN",35.9882294807735,-19.9330492260344,4.32644319214971,1.10491366612475,-3.38672266155658,-1.65201968848421,10.8661694253655,2.624011630019,0.692117670220333,-0.530869476150301
"MK01_HUMAN-->DUS6_HUMAN",35.9882294807735,-19.9330492260344,4.32644319214971,1.10491366612475,-3.38672266155658,-1.65201968848421,10.8661694253655,2.624011630019,0.692117670220333,-0.530869476150301
"MK01_HUMAN---MP2K2_HUMAN",35.9882294807735,-19.9330492260344,4.32644319214971,1.10491366612475,-3.38672266155658,-1.65201968848421,10.8661694253655,2.624011630019,0.692117670220333,-0.530869476150301
"MP2K2_HUMAN-->MK03_HUMAN",35.9882294807735,-19.9330492260344,4.32644319214971,1.10491366612475,-3.38672266155658,-1.65201968848421,10.8661694253655,2.624011630019,0.692117670220333,-0.530869476150301
"MYH10_HUMAN---Z512B_HUMAN",23.1967880690651,-24.8558299493837,-5.48357146315745,12.8677414965792,-6.13915890456494,12.7964613870579,12.6910786289038,-0.211123072865277,-2.22480460455098,4.15340530077193
"PCBP1_HUMAN---PPIG_HUMAN",35.9882294807735,-19.9330492260344,4.32644319214971,1.10491366612475,-3.38672266155658,-1.65201968848421,10.8661694253655,2.624011630019,0.692117670220333,-0.530869476150301
"TERF2_HUMAN---XRCC6_HUMAN",35.9882294807735,-19.9330492260344,4.32644319214971,1.10491366612475,-3.38672266155658,-1.65201968848421,10.8661694253655,2.624011630019,0.692117670220333,-0.530869476150301
"APC_HUMAN---CYTSA_HUMAN",39.5106976861074,-12.1459939175928,3.24335223712214,-1.71265300753206,-0.859771623785658,-0.381301799934088,0.993597188041007,-7.0786869294782,0.668779860639547,-4.59386106250086
"APC_HUMAN---DLG3_HUMAN",39.5106976861074,-12.1459939175928,3.24335223712214,-1.71265300753206,-0.859771623785658,-0.381301799934088,0.993597188041007,-7.0786869294782,0.668779860639547,-4.59386106250086
"APC_HUMAN---SCRIB_HUMAN",39.5106976861074,-12.1459939175928,3.24335223712214,-1.71265300753206,-0.859771623785658,-0.381301799934088,0.993597188041007,-7.0786869294782,0.668779860639547,-4.59386106250086
"ATX2_HUMAN---PLSL_HUMAN",39.1951834789882,-8.62334965135183,1.38047311185984,-1.42756373307391,0.351105513692354,-0.239724021901587,2.93517582175698,-8.38602206996181,-1.39886959612816,-7.19972288964301
"ATX2_HUMAN---SCG1_HUMAN",39.1951834789882,-8.62334965135183,1.38047311185984,-1.42756373307391,0.351105513692354,-0.239724021901587,2.93517582175698,-8.38602206996181,-1.39886959612816,-7.19972288964301
"CDK1_HUMAN-->NUP50_HUMAN",39.2873071757388,-15.0697077988123,4.9434766725153,-1.48893702712955,-0.77191264453761,-0.489637821735588,0.0881769184761598,-3.71390805178264,0.274438610208215,-2.52557789187226
"CSK21_HUMAN---Q8IZH9_HUMAN",39.1951834789882,-8.62334965135183,1.38047311185984,-1.42756373307391,0.351105513692354,-0.239724021901587,2.93517582175698,-8.38602206996181,-1.39886959612816,-7.19972288964301
"EGFR_HUMAN---SHIP2_HUMAN",39.3614293272989,-7.97318707663178,0.976122894747414,-0.747721682283145,1.14583681840977,-1.20480882344178,2.52092715653159,-4.00405040893437,-2.31553888574474,-5.17927730294687
"KKCC1_HUMAN---Q8IZH9_HUMAN",39.1951834789882,-8.62334965135183,1.38047311185984,-1.42756373307391,0.351105513692354,-0.239724021901587,2.93517582175698,-8.38602206996181,-1.39886959612816,-7.19972288964301
"PGAM1_HUMAN---PKP4_HUMAN",37.7708846100429,-6.87391535909305,3.55004746343835,-0.494558463475554,-1.39275125235447,-0.370729449579619,2.96434353472089,-8.13208374313711,-4.55274109607072,-10.6163255980128
"HNRL1_HUMAN---MEPCE_HUMAN",30.9908381263715,-13.4230860383973,12.667468444215,2.70064212309598,-5.94834507814435,-8.10196180078738,-4.16300626477622,0.531057625373949,-11.0425178463489,-6.41550862776827
"AKT1_HUMAN-->EPHA2_HUMAN",28.1095244301595,-17.4832351902254,8.97323728855132,2.53276968611368,14.4439337059734,0.343861129755824,-3.66731639219631,-12.5833598724449,-8.11651600892015,8.68474401173612
"ANKL2_HUMAN---Z512B_HUMAN",33.9164314355066,-20.3217382071252,2.93916968870788,1.09655932980203,6.03258588733181,7.92674259732314,-2.46669795247566,-2.72353059722491,-5.40962614493978,-1.01776566425806
"AP3D1_HUMAN---MYC_HUMAN",23.1367291071768,-25.086864946223,-5.44868218271067,12.4262579405131,-3.59167935797593,17.1810253236057,5.33981273064794,-3.75060655870356,-6.30030438444653,4.64540851007961
"BRD3_HUMAN---MYC_HUMAN",23.1367291071768,-25.086864946223,-5.44868218271067,12.4262579405131,-3.59167935797593,17.1810253236057,5.33981273064794,-3.75060655870356,-6.30030438444653,4.64540851007961
"CAND1_HUMAN---SRPK2_HUMAN",35.8117751591464,-20.1359232732548,4.586557590321,1.26715792945853,-1.27258314566118,2.61029780366697,4.96825757484331,0.751726968457116,-4.22781337503271,2.34986533089485
"CD2B2_HUMAN---U520_HUMAN",28.1095244301595,-17.4832351902254,8.97323728855132,2.53276968611368,14.4439337059734,0.343861129755824,-3.66731639219631,-12.5833598724449,-8.11651600892015,8.68474401173612
"CHIP_HUMAN---KHDR1_HUMAN",35.5291529743935,-19.3757488424416,4.86312403190339,-2.04210055876606,3.44428816289283,0.112702022281453,1.18776963799476,-2.84635766682746,-6.90974921990797,1.44506682193069
"CUL4B_HUMAN---VPRBP_HUMAN",33.6825821115964,-20.1082270371505,4.1245850881188,-0.788307137098265,4.26212741974635,-0.432029065577683,-2.64495234810737,1.43485097856778,-4.51055775864541,5.85343025491094
"EGFR_HUMAN-->GAB1_HUMAN",37.3530108324469,-19.0373960855924,5.65301024641205,-0.444656160067462,0.91591441443039,1.89678400001166,-0.397609526383372,-0.944376548324796,-3.91451399603743,0.621442971347202
"HDAC1_HUMAN---MYC_HUMAN",23.1367291071768,-25.086864946223,-5.44868218271067,12.4262579405131,-3.59167935797593,17.1810253236057,5.33981273064794,-3.75060655870356,-6.30030438444653,4.64540851007961
"MA7D1_HUMAN---MYC_HUMAN",23.1367291071768,-25.086864946223,-5.44868218271067,12.4262579405131,-3.59167935797593,17.1810253236057,5.33981273064794,-3.75060655870356,-6.30030438444653,4.64540851007961
"MARK2_HUMAN-->RFIP2_HUMAN",23.1367291071768,-25.086864946223,-5.44868218271067,12.4262579405131,-3.59167935797593,17.1810253236057,5.33981273064794,-3.75060655870356,-6.30030438444653,4.64540851007961
"MYC_HUMAN---NOC2L_HUMAN",23.1367291071768,-25.086864946223,-5.44868218271067,12.4262579405131,-3.59167935797593,17.1810253236057,5.33981273064794,-3.75060655870356,-6.30030438444653,4.64540851007961
"MYC_HUMAN---NOL9_HUMAN",23.1367291071768,-25.086864946223,-5.44868218271067,12.4262579405131,-3.59167935797593,17.1810253236057,5.33981273064794,-3.75060655870356,-6.30030438444653,4.64540851007961
"NPM_HUMAN---PPIL4_HUMAN",23.1367291071768,-25.086864946223,-5.44868218271067,12.4262579405131,-3.59167935797593,17.1810253236057,5.33981273064794,-3.75060655870356,-6.30030438444653,4.64540851007961
"PSMG1_HUMAN---PSMG2_HUMAN",23.1367291071768,-25.086864946223,-5.44868218271067,12.4262579405131,-3.59167935797593,17.1810253236057,5.33981273064794,-3.75060655870356,-6.30030438444653,4.64540851007961
"PSMG2_HUMAN---S35F6_HUMAN",24.6779647804772,-23.9883377585606,-4.38222952661961,10.7144438509871,-1.40318179788436,16.4675115199504,-0.0260543705787453,-5.44671007548547,-5.98700500545125,2.91698615053195
"RFIP1_HUMAN---RFIP2_HUMAN",23.1367291071768,-25.086864946223,-5.44868218271067,12.4262579405131,-3.59167935797593,17.1810253236057,5.33981273064794,-3.75060655870356,-6.30030438444653,4.64540851007961
"S35F6_HUMAN---SPS1_HUMAN",24.6779647804772,-23.9883377585606,-4.38222952661961,10.7144438509871,-1.40318179788436,16.4675115199504,-0.0260543705787453,-5.44671007548547,-5.98700500545125,2.91698615053195
"SAT1_HUMAN---SPS1_HUMAN",24.6779647804772,-23.9883377585606,-4.38222952661961,10.7144438509871,-1.40318179788436,16.4675115199504,-0.0260543705787453,-5.44671007548547,-5.98700500545125,2.91698615053195
"SEPT2_HUMAN---SEPT9_HUMAN",23.1367291071768,-25.086864946223,-5.44868218271067,12.4262579405131,-3.59167935797593,17.1810253236057,5.33981273064794,-3.75060655870356,-6.30030438444653,4.64540851007961
"TERF2_HUMAN---WDR4_HUMAN",23.1367291071768,-25.086864946223,-5.44868218271067,12.4262579405131,-3.59167935797593,17.1810253236057,5.33981273064794,-3.75060655870356,-6.30030438444653,4.64540851007961
"CDC42_HUMAN---PAK1_HUMAN",34.5025440512291,-15.1751199487014,10.2009006373649,-5.82977729335022,-9.06318682485221,-0.0378762110648781,-2.90443946187821,-2.22675194705397,-4.21195073571764,-8.11888897538375
"EGFR_HUMAN---IQGA1_HUMAN",34.5025440512291,-15.1751199487014,10.2009006373649,-5.82977729335022,-9.06318682485221,-0.0378762110648781,-2.90443946187821,-2.22675194705397,-4.21195073571764,-8.11888897538375
"EIF3G_HUMAN---PKN2_HUMAN",36.5381358954427,-14.598571883336,10.8384747090421,0.783206574236526,-3.31097213896098,-0.530018953469195,-0.815316916888493,2.00457267645177,-8.04701283430182,-5.20886478611915
"FGR_HUMAN---KHDR1_HUMAN",36.5381358954427,-14.598571883336,10.8384747090421,0.783206574236526,-3.31097213896098,-0.530018953469195,-0.815316916888493,2.00457267645177,-8.04701283430182,-5.20886478611915
"LCK_HUMAN---RHG17_HUMAN",33.243676979732,-13.3168550370374,12.2225073296095,-4.4322394473166,-9.76945140815877,0.0420789697799306,-3.54056198148526,0.46067945106898,-9.04979175720957,-9.13510066898214
"PAK1_HUMAN-->BAD_HUMAN",34.5025440512291,-15.1751199487014,10.2009006373649,-5.82977729335022,-9.06318682485221,-0.0378762110648781,-2.90443946187821,-2.22675194705397,-4.21195073571764,-8.11888897538375
"PAK1_HUMAN-->PCBP1_HUMAN",34.5025440512291,-15.1751199487014,10.2009006373649,-5.82977729335022,-9.06318682485221,-0.0378762110648781,-2.90443946187821,-2.22675194705397,-4.21195073571764,-8.11888897538375
"EGFR_HUMAN---KAPCA_HUMAN",39.4254116729765,-7.0775969675645,-0.597364299575967,-2.93184018270849,-2.00190990691904,0.893612998164696,-0.178555304255967,-0.449307602798782,2.21157913527405,3.39508599205314
"AMOT_HUMAN---DLG1_HUMAN",33.6953470363472,-13.3592116415598,15.6733362205764,3.44812232337982,5.47683861413333,-3.36950345995323,-0.995621593210687,-9.97605578946474,3.38774187851098,6.29950953554938
"CAND1_HUMAN---PDIA6_HUMAN",37.5366180826444,-18.631327260839,5.15296164404605,-0.50507361345408,2.04571544856223,3.05299073963122,-0.634849072465984,-1.0411727732907,1.46436995604295,-1.42402077751692
"CSK21_HUMAN-->P53_HUMAN",37.5366180826444,-18.631327260839,5.15296164404605,-0.50507361345408,2.04571544856223,3.05299073963122,-0.634849072465984,-1.0411727732907,1.46436995604295,-1.42402077751692
"P53_HUMAN---UBE2N_HUMAN",37.5366180826444,-18.631327260839,5.15296164404605,-0.50507361345408,2.04571544856223,3.05299073963122,-0.634849072465984,-1.0411727732907,1.46436995604295,-1.42402077751692
"KPCD1_HUMAN-->MARK2_HUMAN",37.5289126610922,-19.0648689510318,5.26822332953335,0.458730219509546,-1.95623315070817,1.9251722283452,0.830678239788472,-2.00109458148836,1.27695410470835,-1.08736133354674
"SRPK1_HUMAN---SRSF6_HUMAN",35.669019153765,-19.8461081897887,3.71654443955226,2.51754774128367,-3.49584341186358,3.75643904215947,0.911523779197105,-3.11825230398453,1.69180132544634,0.110923531812491
"AURKB_HUMAN-->ATM_HUMAN",37.5162853251507,-18.9412497554081,5.67413715143717,-0.744873069371218,2.45106830366533,-0.372988492659356,-2.0115008515987,0.571422493635976,-0.18369309776223,1.62091866295348
"AURKB_HUMAN-->HS90B_HUMAN",37.5162853251507,-18.9412497554081,5.67413715143717,-0.744873069371218,2.45106830366533,-0.372988492659356,-2.0115008515987,0.571422493635976,-0.18369309776223,1.62091866295348
"CUL4B_HUMAN---ROA2_HUMAN",37.5162853251507,-18.9412497554081,5.67413715143717,-0.744873069371218,2.45106830366533,-0.372988492659356,-2.0115008515987,0.571422493635976,-0.18369309776223,1.62091866295348
"ALDOC_HUMAN---GNL1_HUMAN",33.5774001954243,-18.2760126797713,6.70837625539659,-5.72028116239784,-4.7828998726519,-6.82751225604953,-1.62108672211371,-0.546464260716567,-0.434259658673297,0.676871839602176
"ALDOC_HUMAN---NSF1C_HUMAN",33.5774001954243,-18.2760126797713,6.70837625539659,-5.72028116239784,-4.7828998726519,-6.82751225604953,-1.62108672211371,-0.546464260716567,-0.434259658673297,0.676871839602176
"EGFR_HUMAN---STAM2_HUMAN",37.3902131238952,-17.8264186645564,7.79635753281814,-3.9085032937072,-1.6839260025877,0.173516106709645,0.207634164675936,0.429981930176025,-0.100769242069331,-0.759267849483638
"CH10_HUMAN---EF1A1_HUMAN",37.6800661625847,-19.3047982749212,5.58084100912783,0.164477548130531,-3.04934834969917,0.234545097019336,5.15750499098132,0.759306468286024,-0.3685996918626,0.952371975396684
"CSK21_HUMAN---SPB1_HUMAN",37.6800661625847,-19.3047982749212,5.58084100912783,0.164477548130531,-3.04934834969917,0.234545097019336,5.15750499098132,0.759306468286024,-0.3685996918626,0.952371975396684
"FBLN2_HUMAN---PSMG2_HUMAN",37.6800661625847,-19.3047982749212,5.58084100912783,0.164477548130531,-3.04934834969917,0.234545097019336,5.15750499098132,0.759306468286024,-0.3685996918626,0.952371975396684
"FBLN2_HUMAN---ZYX_HUMAN",37.6800661625847,-19.3047982749212,5.58084100912783,0.164477548130531,-3.04934834969917,0.234545097019336,5.15750499098132,0.759306468286024,-0.3685996918626,0.952371975396684
"FUND2_HUMAN---UBP13_HUMAN",37.6800661625847,-19.3047982749212,5.58084100912783,0.164477548130531,-3.04934834969917,0.234545097019336,5.15750499098132,0.759306468286024,-0.3685996918626,0.952371975396684
"HSF1_HUMAN---MK01_HUMAN",37.6800661625847,-19.3047982749212,5.58084100912783,0.164477548130531,-3.04934834969917,0.234545097019336,5.15750499098132,0.759306468286024,-0.3685996918626,0.952371975396684
"HSF1_HUMAN---SUMO2_HUMAN",37.6800661625847,-19.3047982749212,5.58084100912783,0.164477548130531,-3.04934834969917,0.234545097019336,5.15750499098132,0.759306468286024,-0.3685996918626,0.952371975396684
"LAPM5_HUMAN---UBP13_HUMAN",37.6800661625847,-19.3047982749212,5.58084100912783,0.164477548130531,-3.04934834969917,0.234545097019336,5.15750499098132,0.759306468286024,-0.3685996918626,0.952371975396684
"1433G_HUMAN---HNRH1_HUMAN",37.3974439778318,-18.544623844108,5.85740745071022,-3.14478094009406,1.66752295885484,-2.26305068436618,1.37701705413277,-2.83877816699855,-3.05053553673786,0.0475734664325164
"APC1_HUMAN---CDC20_HUMAN",33.5723035740926,-18.1353297724042,5.5917609204624,-7.79546968607951,-1.96887250333038,-4.78356573663142,1.06573579010631,-4.04854383073963,-2.04795787463306,3.75804857532789
"BAG6_HUMAN---SMN_HUMAN",33.9284799824261,-19.1576044558085,5.16238398645156,-4.96849979362176,6.9985661650561,-0.226929201438171,-0.540276277781595,-9.41922686066852,-6.04039262670596,1.26120396855194
"DAXX_HUMAN---SPOP_HUMAN",33.4347275880318,-15.0578455757899,12.1601857576712,0.128673270833338,7.14514417393089,-4.63587094191271,-0.0323287708332938,-12.4092215906426,-1.11412712304252,5.88151985137281
"MYD88_HUMAN---SPOP_HUMAN",33.4347275880318,-15.0578455757899,12.1601857576712,0.128673270833338,7.14514417393089,-4.63587094191271,-0.0323287708332938,-12.4092215906426,-1.11412712304252,5.88151985137281
"AKA12_HUMAN---DC1L1_HUMAN",30.1362903063194,-16.8511124526652,7.21041111102699,-12.5595857579891,-10.9214316089476,-4.86217911521805,-3.68909251923924,-2.81944795285904,-0.52315255138334,1.84320707834071
"APC1_HUMAN---B4DL80_HUMAN",37.6271476049824,-17.6469306190179,7.27454461838047,-4.37132835415476,-4.38121103285538,0.0308173507046345,-1.96901635198885,-1.55952585625872,-0.29507230541557,-2.77365767450469
"B4DL80_HUMAN---MD2L1_HUMAN",37.6271476049824,-17.6469306190179,7.27454461838047,-4.37132835415476,-4.38121103285538,0.0308173507046345,-1.96901635198885,-1.55952585625872,-0.29507230541557,-2.77365767450469
"B4DL80_HUMAN---MDC1_HUMAN",37.6271476049824,-17.6469306190179,7.27454461838047,-4.37132835415476,-4.38121103285538,0.0308173507046345,-1.96901635198885,-1.55952585625872,-0.29507230541557,-2.77365767450469
"CBL_HUMAN---PTN11_HUMAN",36.9756537977914,-14.9657981551927,12.4255868999072,4.04878908498775,1.49583245399879,-2.38991129606623,-1.34301606716872,-5.60157010257523,1.85618277298349,2.85302725643059
"EGFR_HUMAN---GRB10_HUMAN",38.0683062263556,-16.6146280104721,9.52351897480865,1.1607222138845,-0.123283622282405,-1.38114725567065,-0.797385983894713,-3.44206149876719,0.951209123224046,1.53876990557563
"FYN_HUMAN-->CBL_HUMAN",36.9756537977914,-14.9657981551927,12.4255868999072,4.04878908498775,1.49583245399879,-2.38991129606623,-1.34301606716872,-5.60157010257523,1.85618277298349,2.85302725643059
"FYN_HUMAN---WASP_HUMAN",36.9756537977914,-14.9657981551927,12.4255868999072,4.04878908498775,1.49583245399879,-2.38991129606623,-1.34301606716872,-5.60157010257523,1.85618277298349,2.85302725643059
"GRB10_HUMAN---IGF1R_HUMAN",38.0683062263556,-16.6146280104721,9.52351897480865,1.1607222138845,-0.123283622282405,-1.38114725567065,-0.797385983894713,-3.44206149876719,0.951209123224046,1.53876990557563
"HS90B_HUMAN---LCK_HUMAN",35.2585854460852,-14.7194928189408,12.9500719721799,1.72611766953194,4.61677042546844,-2.8517889641825,-1.61770793521142,-10.5072404721399,1.88110810082802,5.05789600078933
"RBMX_HUMAN---SRRM2_HUMAN",36.9756537977914,-14.9657981551927,12.4255868999072,4.04878908498775,1.49583245399879,-2.38991129606623,-1.34301606716872,-5.60157010257523,1.85618277298349,2.85302725643059
"1433G_HUMAN---PAK4_HUMAN",37.9624347643881,-16.3480061755948,8.66890035746356,-0.149798695361835,-1.56711537291416,-0.399013525791163,-0.844484629852404,1.75063434962706,-4.89314133435925,-1.79226207774935
"BORG1_HUMAN---RHOQ_HUMAN",37.9624347643881,-16.3480061755948,8.66890035746356,-0.149798695361835,-1.56711537291416,-0.399013525791163,-0.844484629852404,1.75063434962706,-4.89314133435925,-1.79226207774935
"PKN2_HUMAN---PLCG1_HUMAN",37.9624347643881,-16.3480061755948,8.66890035746356,-0.149798695361835,-1.56711537291416,-0.399013525791163,-0.844484629852404,1.75063434962706,-4.89314133435925,-1.79226207774935
"RHOQ_HUMAN---WASL_HUMAN",37.9624347643881,-16.3480061755948,8.66890035746356,-0.149798695361835,-1.56711537291416,-0.399013525791163,-0.844484629852404,1.75063434962706,-4.89314133435925,-1.79226207774935
"AKA11_HUMAN---NPM_HUMAN",37.4043681941635,-18.2171540566646,5.97224249903898,-3.01102597740315,2.71909783380541,-2.24965672752887,-0.0185761040635711,-0.183652679215794,2.50405567381087,-1.33471655548168
"CDK2_HUMAN-->RB_HUMAN",29.6075364743505,-19.3070447905158,3.93613356860777,-5.86072550145113,-1.02300715751908,-15.2429576327951,-4.304678298379,-1.35828726584636,0.721425287368309,2.584510225599
"CSK21_HUMAN-->HDAC1_HUMAN",37.4043681941635,-18.2171540566646,5.97224249903898,-3.01102597740315,2.71909783380541,-2.24965672752887,-0.0185761040635711,-0.183652679215794,2.50405567381087,-1.33471655548168
"CTNB1_HUMAN---HDAC1_HUMAN",37.4043681941635,-18.2171540566646,5.97224249903898,-3.01102597740315,2.71909783380541,-2.24965672752887,-0.0185761040635711,-0.183652679215794,2.50405567381087,-1.33471655548168
"GRB2_HUMAN---TS101_HUMAN",37.4043681941635,-18.2171540566646,5.97224249903898,-3.01102597740315,2.71909783380541,-2.24965672752887,-0.0185761040635711,-0.183652679215794,2.50405567381087,-1.33471655548168
"H2AY_HUMAN---MEP50_HUMAN",37.4043681941635,-18.2171540566646,5.97224249903898,-3.01102597740315,2.71909783380541,-2.24965672752887,-0.0185761040635711,-0.183652679215794,2.50405567381087,-1.33471655548168
"PSA3_HUMAN---ROA2_HUMAN",37.4043681941635,-18.2171540566646,5.97224249903898,-3.01102597740315,2.71909783380541,-2.24965672752887,-0.0185761040635711,-0.183652679215794,2.50405567381087,-1.33471655548168
"BCAR1_HUMAN---CD2AP_HUMAN",39.4446923462538,-15.2825572060392,4.94716922982573,-1.77105252179797,-0.948709768855649,-0.370632684834472,0.697058159319487,-4.30157592619145,0.339040937564006,-2.84433355477957
"CBL_HUMAN---MK08_HUMAN",39.4446923462538,-15.2825572060392,4.94716922982573,-1.77105252179797,-0.948709768855649,-0.370632684834472,0.697058159319487,-4.30157592619145,0.339040937564006,-2.84433355477957
"CRKL_HUMAN---MK01_HUMAN",39.4446923462538,-15.2825572060392,4.94716922982573,-1.77105252179797,-0.948709768855649,-0.370632684834472,0.697058159319487,-4.30157592619145,0.339040937564006,-2.84433355477957
"EGFR_HUMAN---STA5A_HUMAN",39.4446923462538,-15.2825572060392,4.94716922982573,-1.77105252179797,-0.948709768855649,-0.370632684834472,0.697058159319487,-4.30157592619145,0.339040937564006,-2.84433355477957
"MK08_HUMAN-->1433Z_HUMAN",39.4446923462538,-15.2825572060392,4.94716922982573,-1.77105252179797,-0.948709768855649,-0.370632684834472,0.697058159319487,-4.30157592619145,0.339040937564006,-2.84433355477957
"MK08_HUMAN-->4ET_HUMAN",39.4446923462538,-15.2825572060392,4.94716922982573,-1.77105252179797,-0.948709768855649,-0.370632684834472,0.697058159319487,-4.30157592619145,0.339040937564006,-2.84433355477957
"MK08_HUMAN-->STAT3_HUMAN",39.4446923462538,-15.2825572060392,4.94716922982573,-1.77105252179797,-0.948709768855649,-0.370632684834472,0.697058159319487,-4.30157592619145,0.339040937564006,-2.84433355477957
"MK01_HUMAN---SHC1_HUMAN",39.6109381945644,-14.6323946313192,4.5428190127133,-1.0912104710072,-0.153978464138231,-1.33571748637467,0.282809494094096,0.0803957348359894,-0.577628352052576,-0.823887968083434
"SHC1_HUMAN---SHIP2_HUMAN",39.6109381945644,-14.6323946313192,4.5428190127133,-1.0912104710072,-0.153978464138231,-1.33571748637467,0.282809494094096,0.0803957348359894,-0.577628352052576,-0.823887968083434
"CDK2_HUMAN---HS90A_HUMAN",35.2714533911454,-18.8434193037657,5.94772607453661,-1.59332022271387,-2.82873943852787,-7.59254804896975,-3.73104706544283,-2.7106595838735,-1.80313629138231,-1.04087785389844
"LNX1_HUMAN---RBMX_HUMAN",23.8610504800509,-21.6974397332905,-0.644295752451667,4.89325762856247,-8.40535764478484,-3.88676975767015,-9.08581939363138,-9.88049146834706,-0.929495133007019,2.52573103821037
"A8K3M3_HUMAN---BCAR1_HUMAN",37.504233484179,-17.9599657510068,7.17177873749156,-3.87000795685127,2.26008718186206,-0.940846374752246,-0.483053978288058,-5.84246741806055,-0.0303749850228034,1.42881836020776
"A8K3M3_HUMAN---CSK21_HUMAN",37.504233484179,-17.9599657510068,7.17177873749156,-3.87000795685127,2.26008718186206,-0.940846374752246,-0.483053978288058,-5.84246741806055,-0.0303749850228034,1.42881836020776
"A8K3M3_HUMAN---EGFR_HUMAN",37.504233484179,-17.9599657510068,7.17177873749156,-3.87000795685127,2.26008718186206,-0.940846374752246,-0.483053978288058,-5.84246741806055,-0.0303749850228034,1.42881836020776
"A8K3M3_HUMAN---IGF1R_HUMAN",37.504233484179,-17.9599657510068,7.17177873749156,-3.87000795685127,2.26008718186206,-0.940846374752246,-0.483053978288058,-5.84246741806055,-0.0303749850228034,1.42881836020776
"CSK21_HUMAN---PSA3_HUMAN",35.4918109476487,-18.2788914785096,6.50757880155795,-4.97256110940538,4.3516805287899,-3.06355888568893,1.19018027625824,-4.31786450808089,-1.98938232992332,0.335399556248142
"MAPK5_HUMAN---MK13_HUMAN",37.504233484179,-17.9599657510068,7.17177873749156,-3.87000795685127,2.26008718186206,-0.940846374752246,-0.483053978288058,-5.84246741806055,-0.0303749850228034,1.42881836020776
"MK09_HUMAN-->MAPK5_HUMAN",37.504233484179,-17.9599657510068,7.17177873749156,-3.87000795685127,2.26008718186206,-0.940846374752246,-0.483053978288058,-5.84246741806055,-0.0303749850228034,1.42881836020776
"ML12A_HUMAN---SVIL_HUMAN",37.504233484179,-17.9599657510068,7.17177873749156,-3.87000795685127,2.26008718186206,-0.940846374752246,-0.483053978288058,-5.84246741806055,-0.0303749850228034,1.42881836020776
"CHIP_HUMAN---TRAF2_HUMAN",37.2088792993549,-18.5251968147616,5.98309372928527,-2.64988969394957,1.23074255732024,-2.60168121757266,1.46487214430094,0.587805861483772,-2.01430765776784,-1.86946918811059
"CTNB1_HUMAN---PAXI_HUMAN",37.2088792993549,-18.5251968147616,5.98309372928527,-2.64988969394957,1.23074255732024,-2.60168121757266,1.46487214430094,0.587805861483772,-2.01430765776784,-1.86946918811059
"DC1L1_HUMAN---MD2L1_HUMAN",35.3517429630453,-19.3450418554412,4.00571779595884,1.75560836620285,-4.87372050216194,0.791819645724437,-2.81870371008136,-1.45151382912582,0.482346508955364,-0.645460014612078
"EGFR_HUMAN---STIP1_HUMAN",37.2611444018044,-18.9735489955188,5.2075505582405,-1.66172328216427,1.23672646725623,0.554946217692193,-3.18898959859518,-0.385733727518715,-0.58165426598041,-3.51419779110783
"GRB2_HUMAN---UBP8_HUMAN",37.2611444018044,-18.9735489955188,5.2075505582405,-1.66172328216427,1.23672646725623,0.554946217692193,-3.18898959859518,-0.385733727518715,-0.58165426598041,-3.51419779110783
"HGS_HUMAN---MEP50_HUMAN",37.2611444018044,-18.9735489955188,5.2075505582405,-1.66172328216427,1.23672646725623,0.554946217692193,-3.18898959859518,-0.385733727518715,-0.58165426598041,-3.51419779110783
"AKT1_HUMAN-->ACINU_HUMAN",38.905787628766,-14.6836268210178,4.78441453995658,-1.26224726693731,0.350026347870412,-0.337390928603472,1.73321652347061,-2.24413218897949,-2.12294976963503,-3.38191221129311
"AT1A1_HUMAN---EGFR_HUMAN",38.905787628766,-14.6836268210178,4.78441453995658,-1.26224726693731,0.350026347870412,-0.337390928603472,1.73321652347061,-2.24413218897949,-2.12294976963503,-3.38191221129311
"KAP2_HUMAN---Q8IZH9_HUMAN",38.905787628766,-14.6836268210178,4.78441453995658,-1.26224726693731,0.350026347870412,-0.337390928603472,1.73321652347061,-2.24413218897949,-2.12294976963503,-3.38191221129311
"GSK3A_HUMAN---HS90B_HUMAN",37.4694061921856,-19.0655570352113,5.42778512868755,-1.04838397946735,1.349254445124,2.01903044440831,-1.85096357411703,-2.61157537260119,-3.07008273067994,-1.76728862639028
"HS90A_HUMAN---LCK_HUMAN",37.4694061921856,-19.0655570352113,5.42778512868755,-1.04838397946735,1.349254445124,2.01903044440831,-1.85096357411703,-2.61157537260119,-3.07008273067994,-1.76728862639028
"KSYK_HUMAN---MYD88_HUMAN",37.4694061921856,-19.0655570352113,5.42778512868755,-1.04838397946735,1.349254445124,2.01903044440831,-1.85096357411703,-2.61157537260119,-3.07008273067994,-1.76728862639028
"LCK_HUMAN-->CBL_HUMAN",37.4694061921856,-19.0655570352113,5.42778512868755,-1.04838397946735,1.349254445124,2.01903044440831,-1.85096357411703,-2.61157537260119,-3.07008273067994,-1.76728862639028
"XRCC6_HUMAN---Z512B_HUMAN",37.4694061921856,-19.0655570352113,5.42778512868755,-1.04838397946735,1.349254445124,2.01903044440831,-1.85096357411703,-2.61157537260119,-3.07008273067994,-1.76728862639028
