"","V1","V2","V3","V4","V5"
"1433G_HUMAN---3BP5L_HUMAN",-40.0845278524932,-11.3743855181688,-11.6475804081829,-2.50109894775174,0.286932770691454
"1433G_HUMAN---AFAD_HUMAN",-38.7451223882503,17.3495687910742,7.03774176398354,-1.55931257345749,-0.754062520518036
"1433G_HUMAN---ANS1A_HUMAN",-38.7451223882503,17.3495687910742,7.03774176398354,-1.55931257345749,-0.754062520518036
"1433G_HUMAN---ARHG7_HUMAN",-34.9351751237667,-8.87304404365055,-4.06285230238626,-6.4062392872915,-7.10299300412813
"1433G_HUMAN---BCLF1_HUMAN",-38.7451223882503,17.3495687910742,7.03774176398354,-1.55931257345749,-0.754062520518036
"1433G_HUMAN---CDK16_HUMAN",-40.2140631170852,-1.45644966789847,-5.70633343447395,-2.63655596911624,-5.04775114418963
"1433G_HUMAN---CLAP1_HUMAN",-38.7451223882503,17.3495687910742,7.03774176398354,-1.55931257345749,-0.754062520518036
"1433G_HUMAN---CRTC2_HUMAN",-40.0845278524932,-11.3743855181688,-11.6475804081829,-2.50109894775174,0.286932770691454
"1433G_HUMAN---DYR1A_HUMAN",-40.0845278524932,-11.3743855181688,-11.6475804081829,-2.50109894775174,0.286932770691454
"1433G_HUMAN---E41L2_HUMAN",-38.7451223882503,17.3495687910742,7.03774176398354,-1.55931257345749,-0.754062520518036
"1433G_HUMAN---EDC3_HUMAN",-40.0845278524932,-11.3743855181688,-11.6475804081829,-2.50109894775174,0.286932770691454
"1433G_HUMAN---FA53C_HUMAN",-38.7451223882503,17.3495687910742,7.03774176398354,-1.55931257345749,-0.754062520518036
"1433G_HUMAN---GSK3A_HUMAN",-40.2140631170852,-1.45644966789847,-5.70633343447395,-2.63655596911624,-5.04775114418963
"1433G_HUMAN---HDAC4_HUMAN",-27.1899252314107,-27.4363725200343,10.1266947851329,13.5953541811509,-0.332992185192011
"1433G_HUMAN---LARP1_HUMAN",9.82773058263506,34.5569673508791,-20.477058862964,7.2354164279484,1.25259308535346
"1433G_HUMAN---LSR_HUMAN",-38.7451223882503,17.3495687910742,7.03774176398354,-1.55931257345749,-0.754062520518036
"1433G_HUMAN---MARK2_HUMAN",-37.1069073717975,18.1973239044955,5.58184075136211,0.887954334263008,-1.30395737352036
"1433G_HUMAN---MFAP1_HUMAN",-40.0845278524932,-11.3743855181688,-11.6475804081829,-2.50109894775174,0.286932770691454
"1433G_HUMAN---PANK2_HUMAN",-38.7451223882503,17.3495687910742,7.03774176398354,-1.55931257345749,-0.754062520518036
"1433G_HUMAN---PPIG_HUMAN",-38.7451223882503,17.3495687910742,7.03774176398354,-1.55931257345749,-0.754062520518036
"1433G_HUMAN---PRP4B_HUMAN",-38.7451223882503,17.3495687910742,7.03774176398354,-1.55931257345749,-0.754062520518036
"1433G_HUMAN---SMAG2_HUMAN",-38.7451223882503,17.3495687910742,7.03774176398354,-1.55931257345749,-0.754062520518036
"1433G_HUMAN---SON_HUMAN",-40.0845278524932,-11.3743855181688,-11.6475804081829,-2.50109894775174,0.286932770691454
"1433G_HUMAN---SRPK1_HUMAN",-27.1899252314107,-27.4363725200343,10.1266947851329,13.5953541811509,-0.332992185192011
"1433G_HUMAN---SRRM2_HUMAN",-34.8366170370738,18.2946968858861,4.21117636667435,-1.41687816270005,-2.39498908995936
"1433G_HUMAN---TR150_HUMAN",-40.0845278524932,-11.3743855181688,-11.6475804081829,-2.50109894775174,0.286932770691454
"1433G_HUMAN---TRA2A_HUMAN",-38.7451223882503,17.3495687910742,7.03774176398354,-1.55931257345749,-0.754062520518036
"1433G_HUMAN---ZCH18_HUMAN",9.82773058263506,34.5569673508791,-20.477058862964,7.2354164279484,1.25259308535346
"1433G_HUMAN---ZN638_HUMAN",-38.7451223882503,17.3495687910742,7.03774176398354,-1.55931257345749,-0.754062520518036
"1433G_HUMAN---ZO2_HUMAN",-38.7451223882503,17.3495687910742,7.03774176398354,-1.55931257345749,-0.754062520518036
"3BP5L_HUMAN---EYA4_HUMAN",-40.0845278524932,-11.3743855181688,-11.6475804081829,-2.50109894775174,0.286932770691454
"4ET_HUMAN---ATX1_HUMAN",-40.0845278524932,-11.3743855181688,-11.6475804081829,-2.50109894775174,0.286932770691454
"A8K015_HUMAN---STAT3_HUMAN",-23.0766297881635,-19.7963530469436,0.662013978377881,6.84339008007378,20.0563045570747
"A8K015_HUMAN---TMX1_HUMAN",-23.0766297881635,-19.7963530469436,0.662013978377881,6.84339008007378,20.0563045570747
"AAGAB_HUMAN---EIF3C_HUMAN",-40.0845278524932,-11.3743855181688,-11.6475804081829,-2.50109894775174,0.286932770691454
"AAPK2_HUMAN-->ACACA_HUMAN",-40.0845278524932,-11.3743855181688,-11.6475804081829,-2.50109894775174,0.286932770691454
"AAPK2_HUMAN---AMOT_HUMAN",-40.0845278524932,-11.3743855181688,-11.6475804081829,-2.50109894775174,0.286932770691454
"AAPK2_HUMAN---C170B_HUMAN",-40.0845278524932,-11.3743855181688,-11.6475804081829,-2.50109894775174,0.286932770691454
"ABI2_HUMAN---PCM1_HUMAN",-15.6790832933993,-20.7177054337292,2.18490072999388,29.1053234384588,-7.12884784421084
"ABI2_HUMAN---VINC_HUMAN",9.40936854077777,-14.6243803258892,-9.66438687755525,20.7331524585272,-14.3437533918816
"ABLM1_HUMAN---T22D4_HUMAN",-38.7451223882503,17.3495687910742,7.03774176398354,-1.55931257345749,-0.754062520518036
"ACAP2_HUMAN---CBX1_HUMAN",-27.1899252314107,-27.4363725200343,10.1266947851329,13.5953541811509,-0.332992185192011
"ACK1_HUMAN---CDC42_HUMAN",-38.8238924564154,-13.3331609652774,-9.89067625364927,-1.51534182787922,-1.89649542754199
"ACLY_HUMAN---HGS_HUMAN",-40.0845278524932,-11.3743855181688,-11.6475804081829,-2.50109894775174,0.286932770691454
"ACTB_HUMAN---KHDR1_HUMAN",-38.0137336631827,-15.0465683171984,-5.80540235160756,2.25702828338018,4.22265473907169
"ACTB_HUMAN---MIPT3_HUMAN",-38.7451223882503,17.3495687910742,7.03774176398354,-1.55931257345749,-0.754062520518036
"ACTB_HUMAN---PRSR2_HUMAN",-40.0845278524932,-11.3743855181688,-11.6475804081829,-2.50109894775174,0.286932770691454
"ACTB_HUMAN---SVIL_HUMAN",11.4196328342438,34.2329290164471,-20.1570141414684,4.78337938588272,4.88640844373696
"ADCY6_HUMAN---ATX1_HUMAN",-27.1899252314107,-27.4363725200343,10.1266947851329,13.5953541811509,-0.332992185192011
"ADNP_HUMAN---SUMO2_HUMAN",-39.0687814229824,15.7303982503148,6.24302427212345,-2.24156079463633,-2.51103229251327
"ADT1_HUMAN---B2L13_HUMAN",-40.0845278524932,-11.3743855181688,-11.6475804081829,-2.50109894775174,0.286932770691454
"AFAD_HUMAN---DREB_HUMAN",-38.7451223882503,17.3495687910742,7.03774176398354,-1.55931257345749,-0.754062520518036
"AFAD_HUMAN---ZO1_HUMAN",-38.7451223882503,17.3495687910742,7.03774176398354,-1.55931257345749,-0.754062520518036
"AFTIN_HUMAN---GGA3_HUMAN",-40.0845278524932,-11.3743855181688,-11.6475804081829,-2.50109894775174,0.286932770691454
"AHNK_HUMAN---SUMO2_HUMAN",-40.0845278524932,-11.3743855181688,-11.6475804081829,-2.50109894775174,0.286932770691454
"AKA10_HUMAN---NHRF1_HUMAN",10.0802273700009,5.5089747072041,-38.8423363136348,3.84159301158848,5.92740373494645
"AKA11_HUMAN---KAP2_HUMAN",-38.7451223882503,17.3495687910742,7.03774176398354,-1.55931257345749,-0.754062520518036
"AKA11_HUMAN---PP1A_HUMAN",-1.17668762226203,-2.05483718526428,-33.0222152245881,7.7640848504656,-2.67515019865998
"AKA12_HUMAN---KAP2_HUMAN",-38.7451223882503,17.3495687910742,7.03774176398354,-1.55931257345749,-0.754062520518036
"AKAP1_HUMAN---KAP2_HUMAN",-38.7451223882503,17.3495687910742,7.03774176398354,-1.55931257345749,-0.754062520518036
"AKAP2_HUMAN---KAP2_HUMAN",-38.7451223882503,17.3495687910742,7.03774176398354,-1.55931257345749,-0.754062520518036
"AKT1_HUMAN-->1433Z_HUMAN",-40.5024149148763,-7.76218470992218,-9.4402152825264,-2.58892831049322,-1.93474257917768
"AKT1_HUMAN-->ATX1_HUMAN",-40.0845278524932,-11.3743855181688,-11.6475804081829,-2.50109894775174,0.286932770691454
"AKT1_HUMAN-->HJURP_HUMAN",-40.5024149148763,-7.76218470992218,-9.4402152825264,-2.58892831049322,-1.93474257917768
"AKT1_HUMAN-->PALLD_HUMAN",-40.5024149148763,-7.76218470992218,-9.4402152825264,-2.58892831049322,-1.93474257917768
"AKT1_HUMAN-->PDCD4_HUMAN",-40.5024149148763,-7.76218470992218,-9.4402152825264,-2.58892831049322,-1.93474257917768
"AKT1_HUMAN-->RANB3_HUMAN",-40.5024149148763,-7.76218470992218,-9.4402152825264,-2.58892831049322,-1.93474257917768
"AKT1_HUMAN-->SRPK2_HUMAN",-40.0845278524932,-11.3743855181688,-11.6475804081829,-2.50109894775174,0.286932770691454
"AKT1_HUMAN-->TBCD1_HUMAN",-40.0845278524932,-11.3743855181688,-11.6475804081829,-2.50109894775174,0.286932770691454
"AKT1_HUMAN-->TBCD4_HUMAN",-40.0845278524932,-11.3743855181688,-11.6475804081829,-2.50109894775174,0.286932770691454
"AKT1_HUMAN-->WNK1_HUMAN",-40.5024149148763,-7.76218470992218,-9.4402152825264,-2.58892831049322,-1.93474257917768
"AKT1_HUMAN-->YAP1_HUMAN",-40.5024149148763,-7.76218470992218,-9.4402152825264,-2.58892831049322,-1.93474257917768
"AKT1_HUMAN-->YBOX1_HUMAN",14.797723405778,2.69733537180364,-37.0593466263471,-2.51808617188309,-0.517024412642022
"AKT1_HUMAN-->ZYX_HUMAN",-40.5024149148763,-7.76218470992218,-9.4402152825264,-2.58892831049322,-1.93474257917768
"AMOT_HUMAN---FOXK1_HUMAN",-40.0845278524932,-11.3743855181688,-11.6475804081829,-2.50109894775174,0.286932770691454
"AMOT_HUMAN---MPP5_HUMAN",-40.0845278524932,-11.3743855181688,-11.6475804081829,-2.50109894775174,0.286932770691454
"AMOT_HUMAN---RHG17_HUMAN",-40.0845278524932,-11.3743855181688,-11.6475804081829,-2.50109894775174,0.286932770691454
"ANXA2_HUMAN---TRM7_HUMAN",-40.0845278524932,-11.3743855181688,-11.6475804081829,-2.50109894775174,0.286932770691454
"AP3D1_HUMAN---CTNB1_HUMAN",-11.8315899403407,-19.2807125521102,-1.69931828305862,32.2080658430552,1.71101341084271
"AR6P4_HUMAN---ARL6_HUMAN",-38.7451223882503,17.3495687910742,7.03774176398354,-1.55931257345749,-0.754062520518036
"AR6P4_HUMAN---SRPK2_HUMAN",-40.0845278524932,-11.3743855181688,-11.6475804081829,-2.50109894775174,0.286932770691454
"AR6P6_HUMAN---ARL6_HUMAN",-38.7451223882503,17.3495687910742,7.03774176398354,-1.55931257345749,-0.754062520518036
"ARHG5_HUMAN---CRKL_HUMAN",-38.7451223882503,17.3495687910742,7.03774176398354,-1.55931257345749,-0.754062520518036
"ARHG7_HUMAN---CBL_HUMAN",33.1945186698227,-4.98702672996527,-2.407457573544,0.876016043425488,-4.01672340199332
"ARHG7_HUMAN---GIT1_HUMAN",-40.0845278524932,-11.3743855181688,-11.6475804081829,-2.50109894775174,0.286932770691454
"ARHG7_HUMAN---NAA10_HUMAN",-13.4995735935375,-23.6374496453339,6.80133070816751,1.26068791161488,-1.43009586512761
"ARHG7_HUMAN---SCRIB_HUMAN",-38.7451223882503,17.3495687910742,7.03774176398354,-1.55931257345749,-0.754062520518036
"ARHGB_HUMAN---CDC42_HUMAN",-38.8238924564154,-13.3331609652774,-9.89067625364927,-1.51534182787922,-1.89649542754199
"ARIP4_HUMAN---SUMO2_HUMAN",-40.0845278524932,-11.3743855181688,-11.6475804081829,-2.50109894775174,0.286932770691454
"ARL4D_HUMAN---EMAL4_HUMAN",-40.0845278524932,-11.3743855181688,-11.6475804081829,-2.50109894775174,0.286932770691454
"ARL4D_HUMAN---PGAM1_HUMAN",-40.0845278524932,-11.3743855181688,-11.6475804081829,-2.50109894775174,0.286932770691454
"ARP8_HUMAN---TFPT_HUMAN",-40.0845278524932,-11.3743855181688,-11.6475804081829,-2.50109894775174,0.286932770691454
"ARPC3_HUMAN---BAG6_HUMAN",-29.8652619459794,-23.2858770387625,6.35951802783666,11.7715897740675,4.62687992256149
"ARPC3_HUMAN---OTUD5_HUMAN",-40.0845278524932,-11.3743855181688,-11.6475804081829,-2.50109894775174,0.286932770691454
"ASPM_HUMAN---SUMO2_HUMAN",-7.62559189804818,1.04084699569064,-34.3265686846669,19.280410823544,3.0100629079522
"AT133_HUMAN---MD2L1_HUMAN",-40.0845278524932,-11.3743855181688,-11.6475804081829,-2.50109894775174,0.286932770691454
"AT1A1_HUMAN---MK01_HUMAN",9.82773058263506,34.5569673508791,-20.477058862964,7.2354164279484,1.25259308535346
"AT2B1_HUMAN---CSK21_HUMAN",-38.7451223882503,17.3495687910742,7.03774176398354,-1.55931257345749,-0.754062520518036
"ATM_HUMAN-->BAG6_HUMAN",-28.1182767416449,-22.5996371610869,5.55286598468035,12.2363702924623,7.34058498790778
"ATM_HUMAN-->CCDC6_HUMAN",22.9748299910834,-10.5530122946615,-17.068061120319,19.9380461404911,5.30747877906298
"ATM_HUMAN-->FACD2_HUMAN",-40.0845278524932,-11.3743855181688,-11.6475804081829,-2.50109894775174,0.286932770691454
"ATM_HUMAN-->FUBP2_HUMAN",-40.0845278524932,-11.3743855181688,-11.6475804081829,-2.50109894775174,0.286932770691454
"ATM_HUMAN-->HUWE1_HUMAN",-40.0845278524932,-11.3743855181688,-11.6475804081829,-2.50109894775174,0.286932770691454
"ATM_HUMAN-->SMC3_HUMAN",-40.0845278524932,-11.3743855181688,-11.6475804081829,-2.50109894775174,0.286932770691454
"ATM_HUMAN-->TAOK1_HUMAN",-40.0845278524932,-11.3743855181688,-11.6475804081829,-2.50109894775174,0.286932770691454
"ATM_HUMAN-->TOPB1_HUMAN",-40.0845278524932,-11.3743855181688,-11.6475804081829,-2.50109894775174,0.286932770691454
"ATM_HUMAN-->TP53B_HUMAN",-7.62559189804818,1.04084699569064,-34.3265686846669,19.280410823544,3.0100629079522
"ATM_HUMAN-->ZN148_HUMAN",-40.0845278524932,-11.3743855181688,-11.6475804081829,-2.50109894775174,0.286932770691454
"ATRX_HUMAN---DAXX_HUMAN",-28.5736859144817,-4.6557184318636,-19.5893744633219,13.0088703095562,-6.50892288832737
"ATX1_HUMAN---BACH_HUMAN",-40.0845278524932,-11.3743855181688,-11.6475804081829,-2.50109894775174,0.286932770691454
"ATX1_HUMAN---CCNK_HUMAN",-40.0845278524932,-11.3743855181688,-11.6475804081829,-2.50109894775174,0.286932770691454
"ATX1_HUMAN---CLASR_HUMAN",-40.0845278524932,-11.3743855181688,-11.6475804081829,-2.50109894775174,0.286932770691454
"ATX1_HUMAN---CPSF7_HUMAN",-40.0845278524932,-11.3743855181688,-11.6475804081829,-2.50109894775174,0.286932770691454
"ATX1_HUMAN---FA21C_HUMAN",-40.0845278524932,-11.3743855181688,-11.6475804081829,-2.50109894775174,0.286932770691454
"ATX1_HUMAN---PUM1_HUMAN",-40.0845278524932,-11.3743855181688,-11.6475804081829,-2.50109894775174,0.286932770691454
"ATX1_HUMAN---UNK_HUMAN",-40.0845278524932,-11.3743855181688,-11.6475804081829,-2.50109894775174,0.286932770691454
"ATX1_HUMAN---ZN609_HUMAN",8.48832511839218,5.83301304163612,-39.1623810351305,6.29363005365416,2.29358837656295
"ATX2L_HUMAN---SUMO2_HUMAN",-39.0687814229824,15.7303982503148,6.24302427212345,-2.24156079463633,-2.51103229251327
"AURKB_HUMAN-->CCD86_HUMAN",-40.0845278524932,-11.3743855181688,-11.6475804081829,-2.50109894775174,0.286932770691454
"AURKB_HUMAN---H31T_HUMAN",-40.0845278524932,-11.3743855181688,-11.6475804081829,-2.50109894775174,0.286932770691454
"AURKB_HUMAN-->KI67_HUMAN",-40.0845278524932,-11.3743855181688,-11.6475804081829,-2.50109894775174,0.286932770691454
"AURKB_HUMAN-->LMO7_HUMAN",-40.0845278524932,-11.3743855181688,-11.6475804081829,-2.50109894775174,0.286932770691454
"AURKB_HUMAN-->MBB1A_HUMAN",-40.0845278524932,-11.3743855181688,-11.6475804081829,-2.50109894775174,0.286932770691454
"AURKB_HUMAN-->NELFE_HUMAN",-40.0845278524932,-11.3743855181688,-11.6475804081829,-2.50109894775174,0.286932770691454
"AURKB_HUMAN-->NSUN2_HUMAN",-40.0845278524932,-11.3743855181688,-11.6475804081829,-2.50109894775174,0.286932770691454
"AURKB_HUMAN-->PARD3_HUMAN",-40.0845278524932,-11.3743855181688,-11.6475804081829,-2.50109894775174,0.286932770691454
"AURKB_HUMAN-->PLEC_HUMAN",-27.1899252314107,-27.4363725200343,10.1266947851329,13.5953541811509,-0.332992185192011
"AURKB_HUMAN-->PPHLN_HUMAN",-40.0845278524932,-11.3743855181688,-11.6475804081829,-2.50109894775174,0.286932770691454
"AURKB_HUMAN---PSA3_HUMAN",-3.93114757746833,-19.5114460049764,-6.38231079019735,31.79291357562,-1.66763222897386
"AURKB_HUMAN---SKA1_HUMAN",-40.0845278524932,-11.3743855181688,-11.6475804081829,-2.50109894775174,0.286932770691454
"AURKB_HUMAN---SUMO2_HUMAN",-10.6107393838328,-8.67798758711318,-17.5292607754424,-24.8588464521042,3.07983598327064
"AZI1_HUMAN---PCM1_HUMAN",-40.0845278524932,-11.3743855181688,-11.6475804081829,-2.50109894775174,0.286932770691454
"B2R9N9_HUMAN---GRM1A_HUMAN",-40.0845278524932,-11.3743855181688,-11.6475804081829,-2.50109894775174,0.286932770691454
"B2R9N9_HUMAN---MYD88_HUMAN",-40.0845278524932,-11.3743855181688,-11.6475804081829,-2.50109894775174,0.286932770691454
"BACH2_HUMAN---JUN_HUMAN",-40.0845278524932,-11.3743855181688,-11.6475804081829,-2.50109894775174,0.286932770691454
"BACH_HUMAN---NHLC2_HUMAN",-40.0845278524932,-11.3743855181688,-11.6475804081829,-2.50109894775174,0.286932770691454
"BAG6_HUMAN---SGTA_HUMAN",-29.8652619459794,-23.2858770387625,6.35951802783666,11.7715897740675,4.62687992256149
"BAG6_HUMAN---UBL7_HUMAN",-29.8652619459794,-23.2858770387625,6.35951802783666,11.7715897740675,4.62687992256149
"BAP18_HUMAN---WDR82_HUMAN",8.48832511839218,5.83301304163612,-39.1623810351305,6.29363005365416,2.29358837656295
"BAZ1B_HUMAN---SUMO2_HUMAN",-40.0845278524932,-11.3743855181688,-11.6475804081829,-2.50109894775174,0.286932770691454
"BAZ2A_HUMAN---SUMO2_HUMAN",9.50407154790296,32.9377968101197,-21.2717763548241,6.55316820676957,-0.504376686641782
"BBX_HUMAN---HS90B_HUMAN",-40.0845278524932,-11.3743855181688,-11.6475804081829,-2.50109894775174,0.286932770691454
"BCAR1_HUMAN---CRKL_HUMAN",-37.4154801796829,14.0785113856857,5.58780364651283,-4.0379773777139,4.45354217918997
"BCOR_HUMAN---KDM2B_HUMAN",-40.0845278524932,-11.3743855181688,-11.6475804081829,-2.50109894775174,0.286932770691454
"BCOR_HUMAN---SUMO2_HUMAN",-40.0845278524932,-11.3743855181688,-11.6475804081829,-2.50109894775174,0.286932770691454
"BCS1_HUMAN---DDX24_HUMAN",-40.0845278524932,-11.3743855181688,-11.6475804081829,-2.50109894775174,0.286932770691454
"BIG3_HUMAN---PP1A_HUMAN",-40.0845278524932,-11.3743855181688,-11.6475804081829,-2.50109894775174,0.286932770691454
"BMS1_HUMAN---SUMO2_HUMAN",-39.0687814229824,15.7303982503148,6.24302427212345,-2.24156079463633,-2.51103229251327
"BORG1_HUMAN---CDC42_HUMAN",-38.8238924564154,-13.3331609652774,-9.89067625364927,-1.51534182787922,-1.89649542754199
"BRAP_HUMAN---KSR1_HUMAN",-40.0845278524932,-11.3743855181688,-11.6475804081829,-2.50109894775174,0.286932770691454
"BRD2_HUMAN---E2F2_HUMAN",-27.1899252314107,-27.4363725200343,10.1266947851329,13.5953541811509,-0.332992185192011
"BRD3_HUMAN---SRPK2_HUMAN",-24.7261925614232,-3.21872555024461,-23.4735934763744,16.1116127141526,2.33093836672617
"BRF2_HUMAN---HACD3_HUMAN",-11.9542186582307,-0.714891238047517,-32.4435013652902,19.7983547233217,3.43685445499923
"BRF2_HUMAN---NOC2L_HUMAN",-11.9542186582307,-0.714891238047517,-32.4435013652902,19.7983547233217,3.43685445499923
"BRF2_HUMAN---OTUD4_HUMAN",-11.9542186582307,-0.714891238047517,-32.4435013652902,19.7983547233217,3.43685445499923
"BRF2_HUMAN---SF3B1_HUMAN",-10.3070572891874,-0.215410047583305,-33.5228741468107,19.3107134723156,2.33354681405196
"BUD13_HUMAN---RBMX2_HUMAN",-40.0845278524932,-11.3743855181688,-11.6475804081829,-2.50109894775174,0.286932770691454
"BZW2_HUMAN---EGFR_HUMAN",-29.8652619459794,-23.2858770387625,6.35951802783666,11.7715897740675,4.62687992256149
"C2CD5_HUMAN---CDK5_HUMAN",-40.0845278524932,-11.3743855181688,-11.6475804081829,-2.50109894775174,0.286932770691454
"CA052_HUMAN---ETS1_HUMAN",-40.0845278524932,-11.3743855181688,-11.6475804081829,-2.50109894775174,0.286932770691454
"CAAP1_HUMAN---KAT7_HUMAN",-40.0845278524932,-11.3743855181688,-11.6475804081829,-2.50109894775174,0.286932770691454
"CAF1B_HUMAN---SUMO2_HUMAN",-27.1899252314107,-27.4363725200343,10.1266947851329,13.5953541811509,-0.332992185192011
"CALX_HUMAN---PGRC1_HUMAN",-40.0845278524932,-11.3743855181688,-11.6475804081829,-2.50109894775174,0.286932770691454
"CALX_HUMAN---SUMO2_HUMAN",-40.0845278524932,-11.3743855181688,-11.6475804081829,-2.50109894775174,0.286932770691454
"CBLB_HUMAN---EGFR_HUMAN",-19.9244952771441,16.6010521904609,9.58381680775706,-3.55033045601344,16.2506574124629
"CBLB_HUMAN---MYD88_HUMAN",-32.9778763436507,-14.0467966503034,-7.69150197367147,-1.27283520461313,12.2247849928855
"CBL_HUMAN---CD2AP_HUMAN",-38.7451223882503,17.3495687910742,7.03774176398354,-1.55931257345749,-0.754062520518036
"CBL_HUMAN---CRKL_HUMAN",-38.7451223882503,17.3495687910742,7.03774176398354,-1.55931257345749,-0.754062520518036
"CBL_HUMAN---EGFR_HUMAN",14.0633713205676,-2.76766008488806,-2.90199276587849,-1.79177064222089,23.5117526894571
"CBL_HUMAN---EPHA2_HUMAN",-28.157305386694,16.2553017162522,9.20481801185335,1.47633120187892,15.9654891500008
"CBL_HUMAN---ITSN1_HUMAN",-40.0845278524932,-11.3743855181688,-11.6475804081829,-2.50109894775174,0.286932770691454
"CBL_HUMAN---PLCG1_HUMAN",-38.7451223882503,17.3495687910742,7.03774176398354,-1.55931257345749,-0.754062520518036
"CBL_HUMAN---SHIP2_HUMAN",-39.1829991816721,14.0106943644402,4.85731140693182,-1.2473506815063,-0.940826250092005
"CBL_HUMAN---SPY1_HUMAN",-38.7451223882503,17.3495687910742,7.03774176398354,-1.55931257345749,-0.754062520518036
"CBX1_HUMAN---TIF1B_HUMAN",-27.1899252314107,-27.4363725200343,10.1266947851329,13.5953541811509,-0.332992185192011
"CCD25_HUMAN---SMAD2_HUMAN",-40.0845278524932,-11.3743855181688,-11.6475804081829,-2.50109894775174,0.286932770691454
"CCD97_HUMAN---SRPK2_HUMAN",-40.0845278524932,-11.3743855181688,-11.6475804081829,-2.50109894775174,0.286932770691454
"CCNK_HUMAN---STX11_HUMAN",-40.0845278524932,-11.3743855181688,-11.6475804081829,-2.50109894775174,0.286932770691454
"CD2AP_HUMAN---CD2_HUMAN",-29.4967108509369,-12.4686525929908,-9.48050416031309,0.53454482758468,17.0064844412103
"CD2B2_HUMAN---CD2_HUMAN",-29.4967108509369,-12.4686525929908,-9.48050416031309,0.53454482758468,17.0064844412103
"CD2B2_HUMAN---SF01_HUMAN",-40.0845278524932,-11.3743855181688,-11.6475804081829,-2.50109894775174,0.286932770691454
"CD2B2_HUMAN---SNUT2_HUMAN",-40.0845278524932,-11.3743855181688,-11.6475804081829,-2.50109894775174,0.286932770691454
"CDC20_HUMAN---MD2L1_HUMAN",-40.0845278524932,-11.3743855181688,-11.6475804081829,-2.50109894775174,0.286932770691454
"CDC20_HUMAN---MDC1_HUMAN",-27.5762424825992,-9.10056340889011,-16.124379439889,-7.94958308660465,-3.84727469188864
"CDC42_HUMAN---FETUA_HUMAN",-27.1899252314107,-27.4363725200343,10.1266947851329,13.5953541811509,-0.332992185192011
"CDC42_HUMAN---IQGA1_HUMAN",-38.8238924564154,-13.3331609652774,-9.89067625364927,-1.51534182787922,-1.89649542754199
"CDC42_HUMAN---PAK4_HUMAN",-38.8238924564154,-13.3331609652774,-9.89067625364927,-1.51534182787922,-1.89649542754199
"CDCA3_HUMAN---TRAF2_HUMAN",-40.0845278524932,-11.3743855181688,-11.6475804081829,-2.50109894775174,0.286932770691454
"CDK12_HUMAN---PR40A_HUMAN",-40.0845278524932,-11.3743855181688,-11.6475804081829,-2.50109894775174,0.286932770691454
"CDK13_HUMAN---PR40A_HUMAN",-40.0845278524932,-11.3743855181688,-11.6475804081829,-2.50109894775174,0.286932770691454
"CDK1_HUMAN-->41_HUMAN",-38.7451223882503,17.3495687910742,7.03774176398354,-1.55931257345749,-0.754062520518036
"CDK1_HUMAN-->APC1_HUMAN",-38.667510606114,-12.3567508338233,-11.0773328054779,-4.630565831022,-2.43975292642499
"CDK1_HUMAN-->DDX3X_HUMAN",-38.7451223882503,17.3495687910742,7.03774176398354,-1.55931257345749,-0.754062520518036
"CDK1_HUMAN-->DLG1_HUMAN",-37.7769890929717,-9.24866524424675,-12.7577698546097,0.0379335829247252,-1.86053330118726
"CDK1_HUMAN-->DNLI3_HUMAN",9.82773058263506,34.5569673508791,-20.477058862964,7.2354164279484,1.25259308535346
"CDK1_HUMAN-->DNM1L_HUMAN",9.82773058263506,34.5569673508791,-20.477058862964,7.2354164279484,1.25259308535346
"CDK1_HUMAN-->EZH2_HUMAN",-40.0845278524932,-11.3743855181688,-11.6475804081829,-2.50109894775174,0.286932770691454
"CDK1_HUMAN-->FOXM1_HUMAN",-27.1899252314107,-27.4363725200343,10.1266947851329,13.5953541811509,-0.332992185192011
"CDK1_HUMAN-->GUAA_HUMAN",9.82773058263506,34.5569673508791,-20.477058862964,7.2354164279484,1.25259308535346
"CDK1_HUMAN-->H14_HUMAN",-40.0845278524932,-11.3743855181688,-11.6475804081829,-2.50109894775174,0.286932770691454
"CDK1_HUMAN-->KAT7_HUMAN",-7.62559189804818,1.04084699569064,-34.3265686846669,19.280410823544,3.0100629079522
"CDK1_HUMAN-->LAP2A_HUMAN",-40.0845278524932,-11.3743855181688,-11.6475804081829,-2.50109894775174,0.286932770691454
"CDK1_HUMAN-->MP2K1_HUMAN",-37.1461528315796,4.03665301861283,-4.38350617534685,-0.688560987766877,-5.03854950256224
"CDK1_HUMAN-->NIPA_HUMAN",8.48832511839218,5.83301304163612,-39.1623810351305,6.29363005365416,2.29358837656295
"CDK1_HUMAN-->NPM_HUMAN",-40.0845278524932,-11.3743855181688,-11.6475804081829,-2.50109894775174,0.286932770691454
"CDK1_HUMAN-->NSF1C_HUMAN",-38.7451223882503,17.3495687910742,7.03774176398354,-1.55931257345749,-0.754062520518036
"CDK1_HUMAN-->NUCKS_HUMAN",9.82773058263506,34.5569673508791,-20.477058862964,7.2354164279484,1.25259308535346
"CDK1_HUMAN-->NUP98_HUMAN",-36.4375836287288,19.4752890649962,5.9275523175567,0.979719957218967,-2.90152859239675
"CDK1_HUMAN-->P3C2A_HUMAN",-38.7451223882503,17.3495687910742,7.03774176398354,-1.55931257345749,-0.754062520518036
"CDK1_HUMAN-->PKN2_HUMAN",-38.8238924564154,-13.3331609652774,-9.89067625364927,-1.51534182787922,-1.89649542754199
"CDK1_HUMAN-->PTN2_HUMAN",-38.7451223882503,17.3495687910742,7.03774176398354,-1.55931257345749,-0.754062520518036
"CDK1_HUMAN-->PUR6_HUMAN",9.82773058263506,34.5569673508791,-20.477058862964,7.2354164279484,1.25259308535346
"CDK1_HUMAN-->RFC1_HUMAN",-37.7769890929717,-9.24866524424675,-12.7577698546097,0.0379335829247252,-1.86053330118726
"CDK1_HUMAN-->STMN1_HUMAN",11.2288081737038,0.864877085010122,-34.3991889422662,2.1186618427433,-8.30169555092109
"CDK1_HUMAN-->TCOF_HUMAN",9.82773058263506,34.5569673508791,-20.477058862964,7.2354164279484,1.25259308535346
"CDK1_HUMAN-->TFPT_HUMAN",-40.0845278524932,-11.3743855181688,-11.6475804081829,-2.50109894775174,0.286932770691454
"CDK1_HUMAN-->UBP2L_HUMAN",-40.0845278524932,-11.3743855181688,-11.6475804081829,-2.50109894775174,0.286932770691454
"CDK1_HUMAN-->UNG_HUMAN",-40.0845278524932,-11.3743855181688,-11.6475804081829,-2.50109894775174,0.286932770691454
"CDK5_HUMAN-->ATM_HUMAN",-29.6664373112562,-11.9318228642458,-11.2967988751319,-9.55237666170138,15.9780655595305
"CDK5_HUMAN-->HD_HUMAN",-16.7718346901737,-27.9938098661114,10.4774763181839,6.54407646720125,15.3581406036471
"CDK5_HUMAN---IRS4_HUMAN",28.8682326046626,-0.582504491096884,-14.1020639491252,-4.71312613716056,1.98402007412589
"CDK5_HUMAN---K0195_HUMAN",-27.1899252314107,-27.4363725200343,10.1266947851329,13.5953541811509,-0.332992185192011
"CDK5_HUMAN-->LMTK2_HUMAN",-27.1899252314107,-27.4363725200343,10.1266947851329,13.5953541811509,-0.332992185192011
"CDK5_HUMAN-->PP1A_HUMAN",24.7933702286965,-10.7383388144938,-16.1982875586349,6.62068952151749,4.48038668352187
"CDKL5_HUMAN---FYN_HUMAN",-40.0845278524932,-11.3743855181688,-11.6475804081829,-2.50109894775174,0.286932770691454
"CDS2_HUMAN---TS101_HUMAN",-27.1899252314107,-27.4363725200343,10.1266947851329,13.5953541811509,-0.332992185192011
"CEBPZ_HUMAN---DDX55_HUMAN",6.21357578046202,12.9543261579651,6.68670988921792,34.3225810081841,-1.55679713082384
"CEBPZ_HUMAN---PHS_HUMAN",-7.62559189804818,1.04084699569064,-34.3265686846669,19.280410823544,3.0100629079522
"CEBPZ_HUMAN---RBM34_HUMAN",22.9748299910834,-10.5530122946615,-17.068061120319,19.9380461404911,5.30747877906298
"CFDP1_HUMAN---CSK21_HUMAN",-38.7451223882503,17.3495687910742,7.03774176398354,-1.55931257345749,-0.754062520518036
"CG050_HUMAN---HDGF_HUMAN",-40.0845278524932,-11.3743855181688,-11.6475804081829,-2.50109894775174,0.286932770691454
"CH10_HUMAN---SAT1_HUMAN",-37.5423800978724,18.8093141581016,6.21987745427509,0.647797993515303,-1.83662491605926
"CHAP1_HUMAN---SUMO2_HUMAN",-39.0687814229824,15.7303982503148,6.24302427212345,-2.24156079463633,-2.51103229251327
"CHD3_HUMAN---F134A_HUMAN",-40.0845278524932,-11.3743855181688,-11.6475804081829,-2.50109894775174,0.286932770691454
"CHD3_HUMAN---PAIRB_HUMAN",-40.0845278524932,-11.3743855181688,-11.6475804081829,-2.50109894775174,0.286932770691454
"CHD3_HUMAN---SUMO2_HUMAN",-40.0845278524932,-11.3743855181688,-11.6475804081829,-2.50109894775174,0.286932770691454
"CHD4_HUMAN---HDAC2_HUMAN",10.403886404733,7.12814524796356,-38.0476188217747,4.52384123276731,7.68437350694169
"CHIP_HUMAN---HS90A_HUMAN",-24.0175531682732,-26.3784058222661,7.99651107941719,14.3900735816607,4.52748111793754
"CHIP_HUMAN---UBE2N_HUMAN",-14.7088574139584,-27.4559892249744,10.1128570191853,5.23735044668208,16.367462415209
"CI078_HUMAN---TE2IP_HUMAN",-27.1899252314107,-27.4363725200343,10.1266947851329,13.5953541811509,-0.332992185192011
"CK052_HUMAN---SRPK1_HUMAN",-27.1899252314107,-27.4363725200343,10.1266947851329,13.5953541811509,-0.332992185192011
"CLSPN_HUMAN---SUMO2_HUMAN",-39.0687814229824,15.7303982503148,6.24302427212345,-2.24156079463633,-2.51103229251327
"CPSF4_HUMAN---CSTFT_HUMAN",-40.0845278524932,-11.3743855181688,-11.6475804081829,-2.50109894775174,0.286932770691454
"CPSF4_HUMAN---FIP1_HUMAN",-40.0845278524932,-11.3743855181688,-11.6475804081829,-2.50109894775174,0.286932770691454
"CRKL_HUMAN---M4K5_HUMAN",-38.7451223882503,17.3495687910742,7.03774176398354,-1.55931257345749,-0.754062520518036
"CRKL_HUMAN---STA5A_HUMAN",-38.7451223882503,17.3495687910742,7.03774176398354,-1.55931257345749,-0.754062520518036
"CRKL_HUMAN---TENC1_HUMAN",-38.7451223882503,17.3495687910742,7.03774176398354,-1.55931257345749,-0.754062520518036
"CRKL_HUMAN---WAC_HUMAN",-40.0845278524932,-11.3743855181688,-11.6475804081829,-2.50109894775174,0.286932770691454
"CRK_HUMAN---ZAP70_HUMAN",-40.0845278524932,-11.3743855181688,-11.6475804081829,-2.50109894775174,0.286932770691454
"CSK21_HUMAN-->ABCF1_HUMAN",-38.7451223882503,17.3495687910742,7.03774176398354,-1.55931257345749,-0.754062520518036
"CSK21_HUMAN-->AKT1_HUMAN",-7.91858877286362,4.38060264740993,-28.040893393212,7.65302150930262,-19.9599482927971
"CSK21_HUMAN-->CALM_HUMAN",-38.7451223882503,17.3495687910742,7.03774176398354,-1.55931257345749,-0.754062520518036
"CSK21_HUMAN-->CDK1_HUMAN",-38.7451223882503,17.3495687910742,7.03774176398354,-1.55931257345749,-0.754062520518036
"CSK21_HUMAN-->CTNA1_HUMAN",12.3575566702795,-16.6574172008642,-8.48684708916129,16.6552978019174,-19.5746837469998
"CSK21_HUMAN-->DAXX_HUMAN",-28.5736859144817,-4.6557184318636,-19.5893744633219,13.0088703095562,-6.50892288832737
"CSK21_HUMAN---DDX54_HUMAN",-38.7451223882503,17.3495687910742,7.03774176398354,-1.55931257345749,-0.754062520518036
"CSK21_HUMAN-->DDX58_HUMAN",2.8693043320004,-21.1514068442429,-1.19631794358314,13.3392804925415,-24.3942688624476
"CSK21_HUMAN-->DNLI1_HUMAN",8.48832511839218,5.83301304163612,-39.1623810351305,6.29363005365416,2.29358837656295
"CSK21_HUMAN---EF1B_HUMAN",-40.0845278524932,-11.3743855181688,-11.6475804081829,-2.50109894775174,0.286932770691454
"CSK21_HUMAN-->EF1D_HUMAN",-40.0845278524932,-11.3743855181688,-11.6475804081829,-2.50109894775174,0.286932770691454
"CSK21_HUMAN---ENPL_HUMAN",-36.185086841363,-9.57270357867877,-12.4377251331141,-2.41410345914096,1.77328205719625
"CSK21_HUMAN---FIP1_HUMAN",-40.0845278524932,-11.3743855181688,-11.6475804081829,-2.50109894775174,0.286932770691454
"CSK21_HUMAN---GPN1_HUMAN",-40.0845278524932,-11.3743855181688,-11.6475804081829,-2.50109894775174,0.286932770691454
"CSK21_HUMAN---HAP28_HUMAN",-40.0845278524932,-11.3743855181688,-11.6475804081829,-2.50109894775174,0.286932770691454
"CSK21_HUMAN---HIRP3_HUMAN",-38.7451223882503,17.3495687910742,7.03774176398354,-1.55931257345749,-0.754062520518036
"CSK21_HUMAN-->HNRPC_HUMAN",-40.0845278524932,-11.3743855181688,-11.6475804081829,-2.50109894775174,0.286932770691454
"CSK21_HUMAN---ICLN_HUMAN",-38.7451223882503,17.3495687910742,7.03774176398354,-1.55931257345749,-0.754062520518036
"CSK21_HUMAN---IMA3_HUMAN",-7.62559189804818,1.04084699569064,-34.3265686846669,19.280410823544,3.0100629079522
"CSK21_HUMAN-->JUN_HUMAN",-40.0845278524932,-11.3743855181688,-11.6475804081829,-2.50109894775174,0.286932770691454
"CSK21_HUMAN---KRI1_HUMAN",-27.1899252314107,-27.4363725200343,10.1266947851329,13.5953541811509,-0.332992185192011
"CSK21_HUMAN-->LA_HUMAN",-38.7451223882503,17.3495687910742,7.03774176398354,-1.55931257345749,-0.754062520518036
"CSK21_HUMAN---LYRIC_HUMAN",-38.7451223882503,17.3495687910742,7.03774176398354,-1.55931257345749,-0.754062520518036
"CSK21_HUMAN-->MCM2_HUMAN",-40.0845278524932,-11.3743855181688,-11.6475804081829,-2.50109894775174,0.286932770691454
"CSK21_HUMAN-->MDC1_HUMAN",-40.0845278524932,-11.3743855181688,-11.6475804081829,-2.50109894775174,0.286932770691454
"CSK21_HUMAN---MGMT_HUMAN",-40.0845278524932,-11.3743855181688,-11.6475804081829,-2.50109894775174,0.286932770691454
"CSK21_HUMAN-->MPRI_HUMAN",-38.7451223882503,17.3495687910742,7.03774176398354,-1.55931257345749,-0.754062520518036
"CSK21_HUMAN-->MYH10_HUMAN",-38.7451223882503,17.3495687910742,7.03774176398354,-1.55931257345749,-0.754062520518036
"CSK21_HUMAN-->NCOR2_HUMAN",-40.0845278524932,-11.3743855181688,-11.6475804081829,-2.50109894775174,0.286932770691454
"CSK21_HUMAN---NMD3_HUMAN",-40.0845278524932,-11.3743855181688,-11.6475804081829,-2.50109894775174,0.286932770691454
"CSK21_HUMAN---OSBP1_HUMAN",-6.16129624623767,29.4923561484064,-11.5629363467021,8.68263724633833,-18.7792682341375
"CSK21_HUMAN-->PDIA6_HUMAN",-38.7451223882503,17.3495687910742,7.03774176398354,-1.55931257345749,-0.754062520518036
"CSK21_HUMAN-->PIAS1_HUMAN",-35.8061686891963,-7.13001351302309,-13.0424251442701,0.232540553097494,-1.20687117013928
"CSK21_HUMAN---PSIP1_HUMAN",-38.7451223882503,17.3495687910742,7.03774176398354,-1.55931257345749,-0.754062520518036
"CSK21_HUMAN---PURB_HUMAN",-40.0845278524932,-11.3743855181688,-11.6475804081829,-2.50109894775174,0.286932770691454
"CSK21_HUMAN---RBM10_HUMAN",15.3930191235666,-18.7177855702745,-4.92211632971416,13.2578063933123,-24.6492569179167
"CSK21_HUMAN---RBM33_HUMAN",-38.7451223882503,17.3495687910742,7.03774176398354,-1.55931257345749,-0.754062520518036
"CSK21_HUMAN---RL1D1_HUMAN",-38.7451223882503,17.3495687910742,7.03774176398354,-1.55931257345749,-0.754062520518036
"CSK21_HUMAN---RPRD2_HUMAN",-38.7451223882503,17.3495687910742,7.03774176398354,-1.55931257345749,-0.754062520518036
"CSK21_HUMAN-->SAT1_HUMAN",-37.5423800978724,18.8093141581016,6.21987745427509,0.647797993515303,-1.83662491605926
"CSK21_HUMAN-->SEPT2_HUMAN",-40.0845278524932,-11.3743855181688,-11.6475804081829,-2.50109894775174,0.286932770691454
"CSK21_HUMAN-->SIR1_HUMAN",-40.0845278524932,-11.3743855181688,-11.6475804081829,-2.50109894775174,0.286932770691454
"CSK21_HUMAN-->SPTB2_HUMAN",-40.0845278524932,-11.3743855181688,-11.6475804081829,-2.50109894775174,0.286932770691454
"CSK21_HUMAN---T2FA_HUMAN",8.48832511839218,5.83301304163612,-39.1623810351305,6.29363005365416,2.29358837656295
"CSK21_HUMAN---TB182_HUMAN",8.48832511839218,5.83301304163612,-39.1623810351305,6.29363005365416,2.29358837656295
"CSK21_HUMAN---TCP4_HUMAN",-38.7451223882503,17.3495687910742,7.03774176398354,-1.55931257345749,-0.754062520518036
"CSK21_HUMAN-->TELO2_HUMAN",-38.7451223882503,17.3495687910742,7.03774176398354,-1.55931257345749,-0.754062520518036
"CSK21_HUMAN---UBP24_HUMAN",-38.7451223882503,17.3495687910742,7.03774176398354,-1.55931257345749,-0.754062520518036
"CSK21_HUMAN---VAMP4_HUMAN",-38.7451223882503,17.3495687910742,7.03774176398354,-1.55931257345749,-0.754062520518036
"CSK21_HUMAN-->XRCC1_HUMAN",-38.7451223882503,17.3495687910742,7.03774176398354,-1.55931257345749,-0.754062520518036
"CTNA1_HUMAN---CTNB1_HUMAN",-27.1899252314107,-27.4363725200343,10.1266947851329,13.5953541811509,-0.332992185192011
"CTNA1_HUMAN---LIMA1_HUMAN",-27.1899252314107,-27.4363725200343,10.1266947851329,13.5953541811509,-0.332992185192011
"CTNA1_HUMAN---VINC_HUMAN",-27.1899252314107,-27.4363725200343,10.1266947851329,13.5953541811509,-0.332992185192011
"CTNB1_HUMAN---GLIS2_HUMAN",-27.1899252314107,-27.4363725200343,10.1266947851329,13.5953541811509,-0.332992185192011
"CTNB1_HUMAN---IQGA1_HUMAN",-27.1899252314107,-27.4363725200343,10.1266947851329,13.5953541811509,-0.332992185192011
"CTNB1_HUMAN---KMT2D_HUMAN",-27.1899252314107,-27.4363725200343,10.1266947851329,13.5953541811509,-0.332992185192011
"CTND1_HUMAN---SUMO2_HUMAN",-39.0687814229824,15.7303982503148,6.24302427212345,-2.24156079463633,-2.51103229251327
"CTR9_HUMAN---SSRP1_HUMAN",-27.1899252314107,-27.4363725200343,10.1266947851329,13.5953541811509,-0.332992185192011
"CUL4B_HUMAN---DDA1_HUMAN",-21.5512233647563,-24.8793921759582,8.01512866383734,13.7581497798014,3.61871708733779
"CUL4B_HUMAN---HS90A_HUMAN",-20.9103143071771,-23.9307985343055,5.90101398420491,18.7667887933066,6.48519840048332
"CUL4B_HUMAN---RL35A_HUMAN",-9.97260846604372,-24.3985215908233,7.72033727559901,4.12420672323975,-4.67763539749164
"CYTSA_HUMAN---GLIS2_HUMAN",-26.1388715649589,-5.01815325281503,25.0781351092469,14.5847682140682,1.73902108861044
"CYTSB_HUMAN---TRAF2_HUMAN",-40.0845278524932,-11.3743855181688,-11.6475804081829,-2.50109894775174,0.286932770691454
"DAXX_HUMAN---ETS1_HUMAN",-28.5736859144817,-4.6557184318636,-19.5893744633219,13.0088703095562,-6.50892288832737
"DAXX_HUMAN---FRIH_HUMAN",-28.5736859144817,-4.6557184318636,-19.5893744633219,13.0088703095562,-6.50892288832737
"DAXX_HUMAN---MCRS1_HUMAN",-28.5736859144817,-4.6557184318636,-19.5893744633219,13.0088703095562,-6.50892288832737
"DBNL_HUMAN---SH24A_HUMAN",-36.6317923555754,-10.3486177725376,-13.7573385376631,-2.73066582297743,4.03528170660566
"DC1L1_HUMAN---DC1L2_HUMAN",-40.0845278524932,-11.3743855181688,-11.6475804081829,-2.50109894775174,0.286932770691454
"DC1L2_HUMAN---YBOX1_HUMAN",14.797723405778,2.69733537180364,-37.0593466263471,-2.51808617188309,-0.517024412642022
"DCAF8_HUMAN---SUV91_HUMAN",-27.1899252314107,-27.4363725200343,10.1266947851329,13.5953541811509,-0.332992185192011
"DDA1_HUMAN---VPRBP_HUMAN",-40.0845278524932,-11.3743855181688,-11.6475804081829,-2.50109894775174,0.286932770691454
"DDX21_HUMAN---JUN_HUMAN",-40.0845278524932,-11.3743855181688,-11.6475804081829,-2.50109894775174,0.286932770691454
"DDX21_HUMAN---LYAR_HUMAN",25.9681817438009,-14.9115129415899,-13.1163997312624,13.6462074853135,-6.87204519482631
"DDX24_HUMAN---EIF3E_HUMAN",-14.5705410018739,-24.5639204604033,12.38574276761,8.66445083269612,2.34365986079841
"DDX24_HUMAN---HS90B_HUMAN",-28.4225000930207,-7.55162015152939,-17.6425245474835,-3.07870776605105,13.3985616326055
"DDX24_HUMAN---SPTN1_HUMAN",-13.1647251145508,-24.1681347854698,3.14573177570391,10.3664440943318,19.4842848771195
"DDX3Y_HUMAN---SMAD2_HUMAN",-40.0845278524932,-11.3743855181688,-11.6475804081829,-2.50109894775174,0.286932770691454
"DDX41_HUMAN---NKAP_HUMAN",-40.0845278524932,-11.3743855181688,-11.6475804081829,-2.50109894775174,0.286932770691454
"DDX42_HUMAN---MEPCE_HUMAN",-40.0845278524932,-11.3743855181688,-11.6475804081829,-2.50109894775174,0.286932770691454
"DDX46_HUMAN---SUMO2_HUMAN",-39.0687814229824,15.7303982503148,6.24302427212345,-2.24156079463633,-2.51103229251327
"DDX54_HUMAN---WDHD1_HUMAN",-38.7451223882503,17.3495687910742,7.03774176398354,-1.55931257345749,-0.754062520518036
"DDX58_HUMAN---TRI25_HUMAN",2.8693043320004,-21.1514068442429,-1.19631794358314,13.3392804925415,-24.3942688624476
"DDX58_HUMAN---WRIP1_HUMAN",3.28719139438346,-24.7636076524895,-3.40368306923963,13.427109855283,-22.1725935125784
"DENR_HUMAN---PP1B_HUMAN",-38.7451223882503,17.3495687910742,7.03774176398354,-1.55931257345749,-0.754062520518036
"DEP1B_HUMAN---MDC1_HUMAN",-40.0845278524932,-11.3743855181688,-11.6475804081829,-2.50109894775174,0.286932770691454
"DESP_HUMAN---PKP2_HUMAN",-40.0845278524932,-11.3743855181688,-11.6475804081829,-2.50109894775174,0.286932770691454
"DESP_HUMAN---PKP4_HUMAN",-39.0073824312916,14.4025497201177,5.26775892501717,-1.58594033564821,0.819726820806466
"DHX29_HUMAN---FOXM1_HUMAN",-27.1899252314107,-27.4363725200343,10.1266947851329,13.5953541811509,-0.332992185192011
"DHX57_HUMAN---LYAR_HUMAN",0.940383962851823,-16.7768782399131,-10.6692261719744,35.8948078522243,2.81692949911576
"DIDO1_HUMAN---HNRPK_HUMAN",-40.0845278524932,-11.3743855181688,-11.6475804081829,-2.50109894775174,0.286932770691454
"DLG1_HUMAN---IRK12_HUMAN",-40.0845278524932,-11.3743855181688,-11.6475804081829,-2.50109894775174,0.286932770691454
"DLG1_HUMAN---TJAP1_HUMAN",-40.0845278524932,-11.3743855181688,-11.6475804081829,-2.50109894775174,0.286932770691454
"DLG3_HUMAN---PP1A_HUMAN",-40.0845278524932,-11.3743855181688,-11.6475804081829,-2.50109894775174,0.286932770691454
"DNMT1_HUMAN---HDAC2_HUMAN",10.403886404733,7.12814524796356,-38.0476188217747,4.52384123276731,7.68437350694169
"DOCK1_HUMAN---FYN_HUMAN",-40.0845278524932,-11.3743855181688,-11.6475804081829,-2.50109894775174,0.286932770691454
"DOCK4_HUMAN---GRB2_HUMAN",-38.7451223882503,17.3495687910742,7.03774176398354,-1.55931257345749,-0.754062520518036
"DREB_HUMAN---NIPBL_HUMAN",-38.7451223882503,17.3495687910742,7.03774176398354,-1.55931257345749,-0.754062520518036
"DREB_HUMAN---ZC3H4_HUMAN",-38.7451223882503,17.3495687910742,7.03774176398354,-1.55931257345749,-0.754062520518036
"DYR1A_HUMAN-->CCNL2_HUMAN",-40.0845278524932,-11.3743855181688,-11.6475804081829,-2.50109894775174,0.286932770691454
"DYR1A_HUMAN-->SF3B1_HUMAN",-40.0845278524932,-11.3743855181688,-11.6475804081829,-2.50109894775174,0.286932770691454
"DYR1B_HUMAN---MK01_HUMAN",-38.7451223882503,17.3495687910742,7.03774176398354,-1.55931257345749,-0.754062520518036
"DYRK4_HUMAN---HS90B_HUMAN",-40.0845278524932,-11.3743855181688,-11.6475804081829,-2.50109894775174,0.286932770691454
"E2F2_HUMAN---RB_HUMAN",-27.1899252314107,-27.4363725200343,10.1266947851329,13.5953541811509,-0.332992185192011
"E7ETM7_HUMAN---PTSS2_HUMAN",-27.1899252314107,-27.4363725200343,10.1266947851329,13.5953541811509,-0.332992185192011
"E7ETM7_HUMAN---SUMO2_HUMAN",-27.1899252314107,-27.4363725200343,10.1266947851329,13.5953541811509,-0.332992185192011
"E9PAU2_HUMAN---SUMO2_HUMAN",-39.0687814229824,15.7303982503148,6.24302427212345,-2.24156079463633,-2.51103229251327
"EDC3_HUMAN---EDC4_HUMAN",-40.0845278524932,-11.3743855181688,-11.6475804081829,-2.50109894775174,0.286932770691454
"EF1A1_HUMAN---MAGD2_HUMAN",-40.0845278524932,-11.3743855181688,-11.6475804081829,-2.50109894775174,0.286932770691454
"EF1A1_HUMAN---SUMO2_HUMAN",-40.0845278524932,-11.3743855181688,-11.6475804081829,-2.50109894775174,0.286932770691454
"EF1A1_HUMAN---XRN2_HUMAN",-9.60741122669902,-8.7016206506239,-25.1779582625554,-2.66934327361963,-21.552668556695
"EFNA5_HUMAN---EPHA2_HUMAN",-38.7451223882503,17.3495687910742,7.03774176398354,-1.55931257345749,-0.754062520518036
"EFNA5_HUMAN---EPHA3_HUMAN",-38.7451223882503,17.3495687910742,7.03774176398354,-1.55931257345749,-0.754062520518036
"EFNA5_HUMAN---EPHA7_HUMAN",-38.7451223882503,17.3495687910742,7.03774176398354,-1.55931257345749,-0.754062520518036
"EFNB2_HUMAN---EPHA3_HUMAN",-38.7451223882503,17.3495687910742,7.03774176398354,-1.55931257345749,-0.754062520518036
"EGFR_HUMAN-->CCD50_HUMAN",-38.7451223882503,17.3495687910742,7.03774176398354,-1.55931257345749,-0.754062520518036
"EGFR_HUMAN---EGF_HUMAN",-38.7451223882503,17.3495687910742,7.03774176398354,-1.55931257345749,-0.754062520518036
"EGFR_HUMAN---ENPL_HUMAN",-40.0845278524932,-11.3743855181688,-11.6475804081829,-2.50109894775174,0.286932770691454
"EGFR_HUMAN---EPN1_HUMAN",-19.4345370184876,13.5859211019243,12.484378496694,-3.75261917769933,24.9662399310065
"EGFR_HUMAN-->FAK1_HUMAN",-38.5081016418286,8.73819715958529,5.58687679872657,1.49183904983874,0.721590179887923
"EGFR_HUMAN---GRB2_HUMAN",16.4206055915998,-2.84264217794042,5.19234637296679,-0.746307558989389,22.7852703211236
"EGFR_HUMAN-->GSTP1_HUMAN",-30.3899384884352,-14.503335989754,-7.54409608259259,-7.63129852694076,15.3574616844089
"EGFR_HUMAN---HS90A_HUMAN",-8.6376892430976,-24.8593522892152,5.48614508181385,8.25731276599771,18.3752174192829
"EGFR_HUMAN---TPPC3_HUMAN",22.8752505122247,-13.5391450076165,-11.1310375208345,15.9752723458562,12.9624141468168
"EGFR_HUMAN---UBP8_HUMAN",-10.3516483023415,-15.2002421548637,-10.914387561522,-2.94921133137911,10.5729707036025
"EGLN1_HUMAN---ING4_HUMAN",-26.39417621462,-7.57546264346831,-14.9729444851483,-14.8357652172877,-0.810170909244144
"EIF3B_HUMAN---EIF3E_HUMAN",-23.6589156412194,-28.9550801664201,13.4086821974264,9.17181449978742,2.88644395165748
"EIF3B_HUMAN---EIF3G_HUMAN",-40.0845278524932,-11.3743855181688,-11.6475804081829,-2.50109894775174,0.286932770691454
"EIF3C_HUMAN---EIF3E_HUMAN",-23.6589156412194,-28.9550801664201,13.4086821974264,9.17181449978742,2.88644395165748
"EIF3E_HUMAN---GPBL1_HUMAN",-23.6589156412194,-28.9550801664201,13.4086821974264,9.17181449978742,2.88644395165748
"ELF2_HUMAN---SUMO2_HUMAN",-39.0687814229824,15.7303982503148,6.24302427212345,-2.24156079463633,-2.51103229251327
"EP15R_HUMAN---EPN1_HUMAN",-40.0845278524932,-11.3743855181688,-11.6475804081829,-2.50109894775174,0.286932770691454
"EPN1_HUMAN---EPS15_HUMAN",-38.7451223882503,17.3495687910742,7.03774176398354,-1.55931257345749,-0.754062520518036
"EPS15_HUMAN---LAPM5_HUMAN",-9.60741122669902,-8.7016206506239,-25.1779582625554,-2.66934327361963,-21.552668556695
"ESF1_HUMAN---SUMO2_HUMAN",-27.1899252314107,-27.4363725200343,10.1266947851329,13.5953541811509,-0.332992185192011
"ETS1_HUMAN---IF2P_HUMAN",-40.0845278524932,-11.3743855181688,-11.6475804081829,-2.50109894775174,0.286932770691454
"ETS1_HUMAN---SRS11_HUMAN",8.48832511839218,5.83301304163612,-39.1623810351305,6.29363005365416,2.29358837656295
"ETS1_HUMAN---TCAL3_HUMAN",-40.0845278524932,-11.3743855181688,-11.6475804081829,-2.50109894775174,0.286932770691454
"F122A_HUMAN---TE2IP_HUMAN",21.3829277394747,-10.2289739602294,-17.3881058418147,22.3900831825568,1.67366342067948
"F122B_HUMAN---RAE1L_HUMAN",-27.1899252314107,-27.4363725200343,10.1266947851329,13.5953541811509,-0.332992185192011
"F208A_HUMAN---TM1L1_HUMAN",-38.7451223882503,17.3495687910742,7.03774176398354,-1.55931257345749,-0.754062520518036
"FA21A_HUMAN---ROCK1_HUMAN",-40.0845278524932,-11.3743855181688,-11.6475804081829,-2.50109894775174,0.286932770691454
"FACD2_HUMAN---WDR48_HUMAN",-28.4539889926274,8.06228870328711,21.9832593877683,11.2399196178242,7.51589790898425
"FAK1_HUMAN---PAXI_HUMAN",-40.0845278524932,-11.3743855181688,-11.6475804081829,-2.50109894775174,0.286932770691454
"FARP1_HUMAN---PP1A_HUMAN",-40.0845278524932,-11.3743855181688,-11.6475804081829,-2.50109894775174,0.286932770691454
"FBX4_HUMAN---HS90B_HUMAN",-40.0845278524932,-11.3743855181688,-11.6475804081829,-2.50109894775174,0.286932770691454
"FGR_HUMAN---KSYK_HUMAN",-27.1899252314107,-27.4363725200343,10.1266947851329,13.5953541811509,-0.332992185192011
"FKB15_HUMAN---PP1A_HUMAN",-40.0845278524932,-11.3743855181688,-11.6475804081829,-2.50109894775174,0.286932770691454
"FNBP4_HUMAN---KHDR1_HUMAN",-38.0137336631827,-15.0465683171984,-5.80540235160756,2.25702828338018,4.22265473907169
"FUBP1_HUMAN---MK14_HUMAN",-40.0845278524932,-11.3743855181688,-11.6475804081829,-2.50109894775174,0.286932770691454
"FUBP2_HUMAN---HNRH1_HUMAN",-37.1581827081072,-10.1279796574348,-12.5706701867532,-4.18212427148763,1.00243432693852
"FUND2_HUMAN---SAT1_HUMAN",-37.5423800978724,18.8093141581016,6.21987745427509,0.647797993515303,-1.83662491605926
"FYN_HUMAN---KHDR1_HUMAN",-38.0137336631827,-15.0465683171984,-5.80540235160756,2.25702828338018,4.22265473907169
"FYN_HUMAN---SPN90_HUMAN",-40.0845278524932,-11.3743855181688,-11.6475804081829,-2.50109894775174,0.286932770691454
"FYN_HUMAN---TM1L1_HUMAN",-15.5192759270464,-11.6989844708349,-16.9328920648673,-11.0860550633591,5.3851403387955
"G3BP1_HUMAN---RL14_HUMAN",-40.0845278524932,-11.3743855181688,-11.6475804081829,-2.50109894775174,0.286932770691454
"G3BP1_HUMAN---UBP10_HUMAN",-40.0845278524932,-11.3743855181688,-11.6475804081829,-2.50109894775174,0.286932770691454
"GAB1_HUMAN---PTN11_HUMAN",-38.7451223882503,17.3495687910742,7.03774176398354,-1.55931257345749,-0.754062520518036
"GAREM_HUMAN---GRB2_HUMAN",-38.7451223882503,17.3495687910742,7.03774176398354,-1.55931257345749,-0.754062520518036
"GBRL1_HUMAN---TB10B_HUMAN",-40.0845278524932,-11.3743855181688,-11.6475804081829,-2.50109894775174,0.286932770691454
"GBRL1_HUMAN---TBCD1_HUMAN",-40.0845278524932,-11.3743855181688,-11.6475804081829,-2.50109894775174,0.286932770691454
"GGA3_HUMAN---MPRI_HUMAN",-38.7451223882503,17.3495687910742,7.03774176398354,-1.55931257345749,-0.754062520518036
"GLCI1_HUMAN---Q548N1_HUMAN",-40.0845278524932,-11.3743855181688,-11.6475804081829,-2.50109894775174,0.286932770691454
"GRB2_HUMAN---IRS4_HUMAN",-37.1684534662548,17.9398509274535,6.52637236284576,-1.92153718593275,0.987357249719682
"GRB2_HUMAN---MEP50_HUMAN",-10.9295980647608,-23.7431078355633,5.90154584213099,10.5961147422385,11.6907565983057
"GRB2_HUMAN---PTN11_HUMAN",-36.6743281989398,13.6773859920446,12.8799198205589,3.19881465767442,3.1816594478622
"GRB2_HUMAN---PTN18_HUMAN",-28.5258564817366,5.4380772704805,25.0448402000031,12.7133761483618,3.585884631352
"GRB2_HUMAN---PTPRA_HUMAN",-38.7451223882503,17.3495687910742,7.03774176398354,-1.55931257345749,-0.754062520518036
"GRB2_HUMAN---RHG17_HUMAN",19.4465416820904,-5.54410586139819,-25.2925141384015,8.21764771131794,0.362812168761923
"GRB2_HUMAN---SHC1_HUMAN",-34.41078915072,16.9464818592579,8.49007296874349,1.80692098102567,5.14845282292274
"GRB2_HUMAN---ST32C_HUMAN",-40.0845278524932,-11.3743855181688,-11.6475804081829,-2.50109894775174,0.286932770691454
"GRB2_HUMAN---WDR44_HUMAN",-27.1899252314107,-27.4363725200343,10.1266947851329,13.5953541811509,-0.332992185192011
"GRB2_HUMAN---WIPF2_HUMAN",-28.5258564817366,5.4380772704805,25.0448402000031,12.7133761483618,3.585884631352
"GSTP1_HUMAN---SFR19_HUMAN",-40.0845278524932,-11.3743855181688,-11.6475804081829,-2.50109894775174,0.286932770691454
"H1X_HUMAN---HDGF_HUMAN",8.48832511839218,5.83301304163612,-39.1623810351305,6.29363005365416,2.29358837656295
"H2AY_HUMAN---HDAC2_HUMAN",10.403886404733,7.12814524796356,-38.0476188217747,4.52384123276731,7.68437350694169
"HAUS6_HUMAN---YBOX3_HUMAN",-27.1899252314107,-27.4363725200343,10.1266947851329,13.5953541811509,-0.332992185192011
"HDAC2_HUMAN---KDM5C_HUMAN",-27.1899252314107,-27.4363725200343,10.1266947851329,13.5953541811509,-0.332992185192011
"HDAC2_HUMAN---P66B_HUMAN",10.0802273700009,5.5089747072041,-38.8423363136348,3.84159301158848,5.92740373494645
"HDAC2_HUMAN---PP6R3_HUMAN",-40.0845278524932,-11.3743855181688,-11.6475804081829,-2.50109894775174,0.286932770691454
"HDAC2_HUMAN---RB_HUMAN",22.9748299910834,-10.5530122946615,-17.068061120319,19.9380461404911,5.30747877906298
"HDAC2_HUMAN---RCOR1_HUMAN",-40.0845278524932,-11.3743855181688,-11.6475804081829,-2.50109894775174,0.286932770691454
"HDAC2_HUMAN---SIN3A_HUMAN",6.29634175850199,5.7878360554559,-36.5116995281931,8.40100640025144,10.3570727083804
"HDAC2_HUMAN---SUV91_HUMAN",22.9748299910834,-10.5530122946615,-17.068061120319,19.9380461404911,5.30747877906298
"HDGF_HUMAN---RBMX_HUMAN",-35.0093859628944,-9.60523872504984,-15.3327182393708,-1.7955449814655,6.62319136945145
"HD_HUMAN---OPTN_HUMAN",-27.1899252314107,-27.4363725200343,10.1266947851329,13.5953541811509,-0.332992185192011
"HD_HUMAN---PR40A_HUMAN",-27.1899252314107,-27.4363725200343,10.1266947851329,13.5953541811509,-0.332992185192011
"HD_HUMAN---TRAD1_HUMAN",-27.1899252314107,-27.4363725200343,10.1266947851329,13.5953541811509,-0.332992185192011
"HD_HUMAN---ZFY19_HUMAN",-27.1899252314107,-27.4363725200343,10.1266947851329,13.5953541811509,-0.332992185192011
"HERC2_HUMAN---MDC1_HUMAN",-40.0845278524932,-11.3743855181688,-11.6475804081829,-2.50109894775174,0.286932770691454
"HERC2_HUMAN---UBP16_HUMAN",-40.0845278524932,-11.3743855181688,-11.6475804081829,-2.50109894775174,0.286932770691454
"HEXI2_HUMAN---MEPCE_HUMAN",-40.0845278524932,-11.3743855181688,-11.6475804081829,-2.50109894775174,0.286932770691454
"HGS_HUMAN---STAM2_HUMAN",-38.7451223882503,17.3495687910742,7.03774176398354,-1.55931257345749,-0.754062520518036
"HGS_HUMAN---TS101_HUMAN",-40.0845278524932,-11.3743855181688,-11.6475804081829,-2.50109894775174,0.286932770691454
"HIPK2_HUMAN---SUMO2_HUMAN",-39.0687814229824,15.7303982503148,6.24302427212345,-2.24156079463633,-2.51103229251327
"HIPK3_HUMAN---ZYX_HUMAN",-38.7451223882503,17.3495687910742,7.03774176398354,-1.55931257345749,-0.754062520518036
"HN1_HUMAN---IMA1_HUMAN",-40.0845278524932,-11.3743855181688,-11.6475804081829,-2.50109894775174,0.286932770691454
"HNRL1_HUMAN---PR40A_HUMAN",8.48832511839218,5.83301304163612,-39.1623810351305,6.29363005365416,2.29358837656295
"HNRPK_HUMAN---KHDR1_HUMAN",-38.0137336631827,-15.0465683171984,-5.80540235160756,2.25702828338018,4.22265473907169
"HNRPK_HUMAN---RBMX_HUMAN",-38.4926256008845,-11.6984238526008,-11.3275356866872,-4.95313598981742,3.92074812907496
"HNRPU_HUMAN---PLCG1_HUMAN",-40.0845278524932,-11.3743855181688,-11.6475804081829,-2.50109894775174,0.286932770691454
"HNRPU_HUMAN---SMN_HUMAN",-22.1540679118787,-26.4366008531393,8.240595163069,10.0654906931576,7.66913806862183
"HOIL1_HUMAN---RNF31_HUMAN",-38.7451223882503,17.3495687910742,7.03774176398354,-1.55931257345749,-0.754062520518036
"HS90A_HUMAN---HS90B_HUMAN",15.3502226646178,-18.1206711839374,-5.72887229786419,13.7245840881983,-19.0546029037295
"HS90A_HUMAN---KKCC1_HUMAN",-25.5942220902687,-26.9686879586453,8.50788048055498,14.752298194136,2.78606134769982
"HS90A_HUMAN---MP2K7_HUMAN",-6.75594558195603,-24.9288639836167,8.18943250155445,6.4632350494989,19.6268521136305
"HS90A_HUMAN---STIP1_HUMAN",-27.1899252314107,-27.4363725200343,10.1266947851329,13.5953541811509,-0.332992185192011
"HS90A_HUMAN---TBA1A_HUMAN",-27.1899252314107,-27.4363725200343,10.1266947851329,13.5953541811509,-0.332992185192011
"HS90A_HUMAN---TEBP_HUMAN",-27.1899252314107,-27.4363725200343,10.1266947851329,13.5953541811509,-0.332992185192011
"HS90B_HUMAN---KSR1_HUMAN",-37.7769890929717,-9.24866524424675,-12.7577698546097,0.0379335829247252,-1.86053330118726
"HS90B_HUMAN---LAR4B_HUMAN",-40.0845278524932,-11.3743855181688,-11.6475804081829,-2.50109894775174,0.286932770691454
"HS90B_HUMAN---MKX_HUMAN",10.0802273700009,5.5089747072041,-38.8423363136348,3.84159301158848,5.92740373494645
"HS90B_HUMAN---SG223_HUMAN",-40.0845278524932,-11.3743855181688,-11.6475804081829,-2.50109894775174,0.286932770691454
"HTSF1_HUMAN---SRSF4_HUMAN",-13.7378424367483,16.1976837004303,10.6715732260147,29.7197727250374,5.78129476333519
"I2BP1_HUMAN---SUMO2_HUMAN",-39.0687814229824,15.7303982503148,6.24302427212345,-2.24156079463633,-2.51103229251327
"I2BP2_HUMAN---SUMO2_HUMAN",-39.0687814229824,15.7303982503148,6.24302427212345,-2.24156079463633,-2.51103229251327
"ICK_HUMAN---MK01_HUMAN",-38.7451223882503,17.3495687910742,7.03774176398354,-1.55931257345749,-0.754062520518036
"ICLN_HUMAN---PDLI1_HUMAN",-38.7451223882503,17.3495687910742,7.03774176398354,-1.55931257345749,-0.754062520518036
"IF2B1_HUMAN---LYAR_HUMAN",0.940383962851823,-16.7768782399131,-10.6692261719744,35.8948078522243,2.81692949911576
"IF4G1_HUMAN---TRAF2_HUMAN",-40.0845278524932,-11.3743855181688,-11.6475804081829,-2.50109894775174,0.286932770691454
"IGF1R_HUMAN---SHC1_HUMAN",-21.039605031128,18.1035481246716,12.7483116820137,-1.42455440251351,0.0307095334687086
"IMA1_HUMAN---JUN_HUMAN",-40.0845278524932,-11.3743855181688,-11.6475804081829,-2.50109894775174,0.286932770691454
"IMA1_HUMAN---KLC4_HUMAN",-37.7769890929717,-9.24866524424675,-12.7577698546097,0.0379335829247252,-1.86053330118726
"IMA1_HUMAN---MEPCE_HUMAN",-0.918020036882307,-4.63065208845624,-29.1224798681284,20.8906236737005,-8.24026852105509
"INADL_HUMAN---MPP5_HUMAN",-40.0845278524932,-11.3743855181688,-11.6475804081829,-2.50109894775174,0.286932770691454
"ING4_HUMAN---KAT7_HUMAN",-26.39417621462,-7.57546264346831,-14.9729444851483,-14.8357652172877,-0.810170909244144
"IQGA1_HUMAN---KPRB_HUMAN",-27.1899252314107,-27.4363725200343,10.1266947851329,13.5953541811509,-0.332992185192011
"IQGA1_HUMAN---PODXL_HUMAN",-40.0845278524932,-11.3743855181688,-11.6475804081829,-2.50109894775174,0.286932770691454
"IRK12_HUMAN---SNTB1_HUMAN",-40.0845278524932,-11.3743855181688,-11.6475804081829,-2.50109894775174,0.286932770691454
"ITSN1_HUMAN---WASL_HUMAN",-40.0845278524932,-11.3743855181688,-11.6475804081829,-2.50109894775174,0.286932770691454
"ITSN2_HUMAN---MCRS1_HUMAN",-38.7451223882503,17.3495687910742,7.03774176398354,-1.55931257345749,-0.754062520518036
"IWS1_HUMAN---SUMO2_HUMAN",-39.0687814229824,15.7303982503148,6.24302427212345,-2.24156079463633,-2.51103229251327
"JIP4_HUMAN---MK14_HUMAN",8.48832511839218,5.83301304163612,-39.1623810351305,6.29363005365416,2.29358837656295
"JUN_HUMAN---PEBB_HUMAN",-40.0845278524932,-11.3743855181688,-11.6475804081829,-2.50109894775174,0.286932770691454
"JUN_HUMAN---PRC2A_HUMAN",-31.9574669025525,-8.48558149188156,-11.5865101854374,-4.50935191489545,0.0556276543509564
"JUN_HUMAN---RB_HUMAN",15.2628320765931,-12.5421965293561,-16.2433831489107,27.1882600447277,-0.610169892732115
"JUN_HUMAN---STRN4_HUMAN",-40.0845278524932,-11.3743855181688,-11.6475804081829,-2.50109894775174,0.286932770691454
"KCD12_HUMAN---OSBP1_HUMAN",-40.0845278524932,-11.3743855181688,-11.6475804081829,-2.50109894775174,0.286932770691454
"KCRB_HUMAN---SUMO2_HUMAN",-27.1899252314107,-27.4363725200343,10.1266947851329,13.5953541811509,-0.332992185192011
"KCRB_HUMAN---TBCB_HUMAN",-24.241737101909,-29.4694093950094,11.3042345735269,9.51749952454112,-5.5639225403102
"KHDR1_HUMAN---LCK_HUMAN",-38.0137336631827,-15.0465683171984,-5.80540235160756,2.25702828338018,4.22265473907169
"KHDR1_HUMAN---PLCG1_HUMAN",31.7115365416118,-18.6112335592397,-4.75077987687966,1.52973779150637,-6.00050183390919
"KI21A_HUMAN---SRP72_HUMAN",-40.0845278524932,-11.3743855181688,-11.6475804081829,-2.50109894775174,0.286932770691454
"KI67_HUMAN---KIF15_HUMAN",-38.7451223882503,17.3495687910742,7.03774176398354,-1.55931257345749,-0.754062520518036
"KIF4A_HUMAN---SUMO2_HUMAN",-39.0687814229824,15.7303982503148,6.24302427212345,-2.24156079463633,-2.51103229251327
"KKCC1_HUMAN-->KCC1A_HUMAN",-38.7451223882503,17.3495687910742,7.03774176398354,-1.55931257345749,-0.754062520518036
"KLC4_HUMAN---LR16A_HUMAN",-40.0845278524932,-11.3743855181688,-11.6475804081829,-2.50109894775174,0.286932770691454
"KPRA_HUMAN---MK01_HUMAN",-38.7451223882503,17.3495687910742,7.03774176398354,-1.55931257345749,-0.754062520518036
"KPRB_HUMAN---LRC47_HUMAN",-27.1899252314107,-27.4363725200343,10.1266947851329,13.5953541811509,-0.332992185192011
"KS6A1_HUMAN-->BAD_HUMAN",-3.1378122624879,-3.45635506997489,-27.0604461277119,4.50100350264517,-25.7456472075662
"KS6A1_HUMAN-->IF4B_HUMAN",-40.0845278524932,-11.3743855181688,-11.6475804081829,-2.50109894775174,0.286932770691454
"KS6A1_HUMAN---MK01_HUMAN",-40.0845278524932,-11.3743855181688,-11.6475804081829,-2.50109894775174,0.286932770691454
"KSYK_HUMAN---LCK_HUMAN",-27.1899252314107,-27.4363725200343,10.1266947851329,13.5953541811509,-0.332992185192011
"LAP2B_HUMAN---SUMO2_HUMAN",-39.0687814229824,15.7303982503148,6.24302427212345,-2.24156079463633,-2.51103229251327
"LAP2_HUMAN---PKP4_HUMAN",-40.0845278524932,-11.3743855181688,-11.6475804081829,-2.50109894775174,0.286932770691454
"LAPM5_HUMAN---TM1L2_HUMAN",-9.60741122669902,-8.7016206506239,-25.1779582625554,-2.66934327361963,-21.552668556695
"LARP4_HUMAN---SUMO2_HUMAN",-27.1899252314107,-27.4363725200343,10.1266947851329,13.5953541811509,-0.332992185192011
"LAS1L_HUMAN---PELP1_HUMAN",-40.0845278524932,-11.3743855181688,-11.6475804081829,-2.50109894775174,0.286932770691454
"LCK_HUMAN-->ADT1_HUMAN",-40.0845278524932,-11.3743855181688,-11.6475804081829,-2.50109894775174,0.286932770691454
"LCK_HUMAN-->G3BP1_HUMAN",-40.0845278524932,-11.3743855181688,-11.6475804081829,-2.50109894775174,0.286932770691454
"LCK_HUMAN---PSRC1_HUMAN",-27.1899252314107,-27.4363725200343,10.1266947851329,13.5953541811509,-0.332992185192011
"LCK_HUMAN-->ZAP70_HUMAN",-40.0845278524932,-11.3743855181688,-11.6475804081829,-2.50109894775174,0.286932770691454
"LHX4_HUMAN---RFC1_HUMAN",-40.0845278524932,-11.3743855181688,-11.6475804081829,-2.50109894775174,0.286932770691454
"LHX4_HUMAN---RRP36_HUMAN",-40.0845278524932,-11.3743855181688,-11.6475804081829,-2.50109894775174,0.286932770691454
"LMNB2_HUMAN---SVIL_HUMAN",9.50407154790296,32.9377968101197,-21.2717763548241,6.55316820676957,-0.504376686641782
"LMTK2_HUMAN---MYO6_HUMAN",-27.1899252314107,-27.4363725200343,10.1266947851329,13.5953541811509,-0.332992185192011
"LNX1_HUMAN---PHS_HUMAN",-27.1899252314107,-27.4363725200343,10.1266947851329,13.5953541811509,-0.332992185192011
"LNX1_HUMAN---PKP4_HUMAN",10.405066316319,-16.7888013965403,-7.66106283615737,18.4527233238178,-22.5798064423678
"LNX1_HUMAN---S6A15_HUMAN",-27.1899252314107,-27.4363725200343,10.1266947851329,13.5953541811509,-0.332992185192011
"LNX1_HUMAN---SAT1_HUMAN",-10.7838569903281,-21.3302084938243,0.321320009689453,23.3732209290961,-12.3972484267052
"LNX1_HUMAN---STRN_HUMAN",21.3829277394747,-10.2289739602294,-17.3881058418147,22.3900831825568,1.67366342067948
"LYAR_HUMAN---PWP1_HUMAN",0.940383962851823,-16.7768782399131,-10.6692261719744,35.8948078522243,2.81692949911576
"LYAR_HUMAN---SRP14_HUMAN",0.940383962851823,-16.7768782399131,-10.6692261719744,35.8948078522243,2.81692949911576
"MA7D1_HUMAN---RBM48_HUMAN",-24.7261925614232,-3.21872555024461,-23.4735934763744,16.1116127141526,2.33093836672617
"MA7D3_HUMAN---TRM7_HUMAN",-40.0845278524932,-11.3743855181688,-11.6475804081829,-2.50109894775174,0.286932770691454
"MAGG1_HUMAN---TIF1B_HUMAN",-27.1899252314107,-27.4363725200343,10.1266947851329,13.5953541811509,-0.332992185192011
"MAP1B_HUMAN---PP1A_HUMAN",-40.0845278524932,-11.3743855181688,-11.6475804081829,-2.50109894775174,0.286932770691454
"MBD1_HUMAN---MCAF1_HUMAN",-27.1899252314107,-27.4363725200343,10.1266947851329,13.5953541811509,-0.332992185192011
"MCAF1_HUMAN---SUMO2_HUMAN",-40.0845278524932,-11.3743855181688,-11.6475804081829,-2.50109894775174,0.286932770691454
"MCM2_HUMAN---MCM6_HUMAN",-40.0845278524932,-11.3743855181688,-11.6475804081829,-2.50109894775174,0.286932770691454
"MCM6_HUMAN---MCMBP_HUMAN",-40.0845278524932,-11.3743855181688,-11.6475804081829,-2.50109894775174,0.286932770691454
"MCM6_HUMAN---SCNM1_HUMAN",-40.0845278524932,-11.3743855181688,-11.6475804081829,-2.50109894775174,0.286932770691454
"MCRS1_HUMAN---RN213_HUMAN",-38.7451223882503,17.3495687910742,7.03774176398354,-1.55931257345749,-0.754062520518036
"MDC1_HUMAN---ML12A_HUMAN",-27.1899252314107,-27.4363725200343,10.1266947851329,13.5953541811509,-0.332992185192011
"MDC1_HUMAN---RAD50_HUMAN",-37.7769890929717,-9.24866524424675,-12.7577698546097,0.0379335829247252,-1.86053330118726
"MDN1_HUMAN---PELP1_HUMAN",-40.0845278524932,-11.3743855181688,-11.6475804081829,-2.50109894775174,0.286932770691454
"MED12_HUMAN---MED13_HUMAN",-40.0845278524932,-11.3743855181688,-11.6475804081829,-2.50109894775174,0.286932770691454
"MED12_HUMAN---MED8_HUMAN",-40.0845278524932,-11.3743855181688,-11.6475804081829,-2.50109894775174,0.286932770691454
"MED8_HUMAN---SUMO2_HUMAN",-40.0845278524932,-11.3743855181688,-11.6475804081829,-2.50109894775174,0.286932770691454
"MEP50_HUMAN---RBM5_HUMAN",-40.0845278524932,-11.3743855181688,-11.6475804081829,-2.50109894775174,0.286932770691454
"MEP50_HUMAN---SMYD1_HUMAN",-27.1899252314107,-27.4363725200343,10.1266947851329,13.5953541811509,-0.332992185192011
"MEPCE_HUMAN---SDE2_HUMAN",-40.0845278524932,-11.3743855181688,-11.6475804081829,-2.50109894775174,0.286932770691454
"MEPCE_HUMAN---SRP72_HUMAN",-11.9542186582307,-0.714891238047517,-32.4435013652902,19.7983547233217,3.43685445499923
"MEPCE_HUMAN---YRDC_HUMAN",-40.0845278524932,-11.3743855181688,-11.6475804081829,-2.50109894775174,0.286932770691454
"MK01_HUMAN-->ABI1_HUMAN",-38.7451223882503,17.3495687910742,7.03774176398354,-1.55931257345749,-0.754062520518036
"MK01_HUMAN-->ERF_HUMAN",-38.7451223882503,17.3495687910742,7.03774176398354,-1.55931257345749,-0.754062520518036
"MK01_HUMAN-->MKL1_HUMAN",-38.7451223882503,17.3495687910742,7.03774176398354,-1.55931257345749,-0.754062520518036
"MK01_HUMAN-->TFE2_HUMAN",-40.0845278524932,-11.3743855181688,-11.6475804081829,-2.50109894775174,0.286932770691454
"MK01_HUMAN---YBOX3_HUMAN",-27.1899252314107,-27.4363725200343,10.1266947851329,13.5953541811509,-0.332992185192011
"MK03_HUMAN-->NUP50_HUMAN",-39.4020504043922,0.705534557147512,-3.30042092436542,-0.758562581952149,3.96317290454438
"MK03_HUMAN-->SMAD2_HUMAN",-40.0845278524932,-11.3743855181688,-11.6475804081829,-2.50109894775174,0.286932770691454
"MK09_HUMAN-->STAT3_HUMAN",-35.4763728411003,12.883842073732,8.54974633731062,-6.00948001701168,4.03916295765596
"MK09_HUMAN---WDR62_HUMAN",-40.0845278524932,-11.3743855181688,-11.6475804081829,-2.50109894775174,0.286932770691454
"MK14_HUMAN---PLSL_HUMAN",-40.0845278524932,-11.3743855181688,-11.6475804081829,-2.50109894775174,0.286932770691454
"MMTA2_HUMAN---SRPK2_HUMAN",-40.0845278524932,-11.3743855181688,-11.6475804081829,-2.50109894775174,0.286932770691454
"MP2K1_HUMAN-->MK01_HUMAN",-37.0684198901209,6.18997080213667,-2.44671136170619,1.70621452791057,0.27648760897823
"MP2K1_HUMAN-->MK03_HUMAN",-36.4375836287288,19.4752890649962,5.9275523175567,0.979719957218967,-2.90152859239675
"MP2K7_HUMAN-->MK09_HUMAN",-40.0845278524932,-11.3743855181688,-11.6475804081829,-2.50109894775174,0.286932770691454
"MPZL1_HUMAN---PTN11_HUMAN",-38.7451223882503,17.3495687910742,7.03774176398354,-1.55931257345749,-0.754062520518036
"MRE11_HUMAN---RAD50_HUMAN",-38.7451223882503,17.3495687910742,7.03774176398354,-1.55931257345749,-0.754062520518036
"NADAP_HUMAN---SUMO2_HUMAN",-40.0845278524932,-11.3743855181688,-11.6475804081829,-2.50109894775174,0.286932770691454
"NASP_HUMAN---TRM7_HUMAN",-40.0845278524932,-11.3743855181688,-11.6475804081829,-2.50109894775174,0.286932770691454
"NHRF1_HUMAN---PHAG1_HUMAN",-40.0845278524932,-11.3743855181688,-11.6475804081829,-2.50109894775174,0.286932770691454
"NHRF1_HUMAN---YAP1_HUMAN",-40.0845278524932,-11.3743855181688,-11.6475804081829,-2.50109894775174,0.286932770691454
"NKAP_HUMAN---PPIG_HUMAN",16.7324245878094,10.0061687389686,13.7632058424523,14.1995927676066,-25.6902522091262
"NKAP_HUMAN---RBMX2_HUMAN",-40.0845278524932,-11.3743855181688,-11.6475804081829,-2.50109894775174,0.286932770691454
"NOP2_HUMAN---SUMO2_HUMAN",-40.0845278524932,-11.3743855181688,-11.6475804081829,-2.50109894775174,0.286932770691454
"NOVA1_HUMAN---SRPK1_HUMAN",-27.1899252314107,-27.4363725200343,10.1266947851329,13.5953541811509,-0.332992185192011
"NP1L1_HUMAN---TRAF2_HUMAN",-40.0845278524932,-11.3743855181688,-11.6475804081829,-2.50109894775174,0.286932770691454
"NPM_HUMAN---NUCL_HUMAN",-40.0845278524932,-11.3743855181688,-11.6475804081829,-2.50109894775174,0.286932770691454
"NRBP_HUMAN---T22D4_HUMAN",-38.7451223882503,17.3495687910742,7.03774176398354,-1.55931257345749,-0.754062520518036
"NSD1_HUMAN---ZN496_HUMAN",-40.0845278524932,-11.3743855181688,-11.6475804081829,-2.50109894775174,0.286932770691454
"NUCL_HUMAN---NUP62_HUMAN",-14.3396778291564,8.00624887551384,20.8702229021603,30.047109812753,-8.16984313542033
"NUMA1_HUMAN---SUMO2_HUMAN",-40.0845278524932,-11.3743855181688,-11.6475804081829,-2.50109894775174,0.286932770691454
"NUP98_HUMAN---RAE1L_HUMAN",-27.1899252314107,-27.4363725200343,10.1266947851329,13.5953541811509,-0.332992185192011
"ODPA_HUMAN---STIP1_HUMAN",-27.1899252314107,-27.4363725200343,10.1266947851329,13.5953541811509,-0.332992185192011
"OTUL_HUMAN---RNF31_HUMAN",-38.7451223882503,17.3495687910742,7.03774176398354,-1.55931257345749,-0.754062520518036
"PARD3_HUMAN---PSME3_HUMAN",-6.2861864338053,29.7648013049336,-15.6412465125004,20.2221971978382,1.96906761674271
"PCBP1_HUMAN---T22D4_HUMAN",-40.0845278524932,-11.3743855181688,-11.6475804081829,-2.50109894775174,0.286932770691454
"PCBP1_HUMAN---ZN830_HUMAN",-40.0845278524932,-11.3743855181688,-11.6475804081829,-2.50109894775174,0.286932770691454
"PCNP_HUMAN---TE2IP_HUMAN",-11.9542186582307,-0.714891238047517,-32.4435013652902,19.7983547233217,3.43685445499923
"PDS5A_HUMAN---SMC3_HUMAN",-38.7451223882503,17.3495687910742,7.03774176398354,-1.55931257345749,-0.754062520518036
"PDS5B_HUMAN---SMC3_HUMAN",-38.7451223882503,17.3495687910742,7.03774176398354,-1.55931257345749,-0.754062520518036
"PELP1_HUMAN---SUMO2_HUMAN",8.48832511839218,5.83301304163612,-39.1623810351305,6.29363005365416,2.29358837656295
"PGAM1_HUMAN---XRCC6_HUMAN",-35.7216384045006,-15.599142427307,-8.45976801702628,-5.74094631715066,-7.72044149394679
"PHIP_HUMAN---SUMO2_HUMAN",-39.0687814229824,15.7303982503148,6.24302427212345,-2.24156079463633,-2.51103229251327
"PHS_HUMAN---PRC2C_HUMAN",-40.0845278524932,-11.3743855181688,-11.6475804081829,-2.50109894775174,0.286932770691454
"PHS_HUMAN---TIM_HUMAN",-40.0845278524932,-11.3743855181688,-11.6475804081829,-2.50109894775174,0.286932770691454
"PI4KA_HUMAN---STRN4_HUMAN",-38.7451223882503,17.3495687910742,7.03774176398354,-1.55931257345749,-0.754062520518036
"PIAS1_HUMAN---SUMO2_HUMAN",-39.0687814229824,15.7303982503148,6.24302427212345,-2.24156079463633,-2.51103229251327
"PININ_HUMAN---SRRM2_HUMAN",-38.7451223882503,17.3495687910742,7.03774176398354,-1.55931257345749,-0.754062520518036
"PININ_HUMAN---SRSF4_HUMAN",-38.7451223882503,17.3495687910742,7.03774176398354,-1.55931257345749,-0.754062520518036
"PNKP_HUMAN---XRCC1_HUMAN",-38.7451223882503,17.3495687910742,7.03774176398354,-1.55931257345749,-0.754062520518036
"PO2F1_HUMAN---XRCC6_HUMAN",-40.0845278524932,-11.3743855181688,-11.6475804081829,-2.50109894775174,0.286932770691454
"POGZ_HUMAN---SUMO2_HUMAN",-39.0687814229824,15.7303982503148,6.24302427212345,-2.24156079463633,-2.51103229251327
"PP1A_HUMAN---PPR3D_HUMAN",-40.0845278524932,-11.3743855181688,-11.6475804081829,-2.50109894775174,0.286932770691454
"PP1A_HUMAN---TOIP1_HUMAN",-40.0845278524932,-11.3743855181688,-11.6475804081829,-2.50109894775174,0.286932770691454
"PP1A_HUMAN---WDR82_HUMAN",8.48832511839218,5.83301304163612,-39.1623810351305,6.29363005365416,2.29358837656295
"PP1A_HUMAN---ZFY16_HUMAN",-40.0845278524932,-11.3743855181688,-11.6475804081829,-2.50109894775174,0.286932770691454
"PP1B_HUMAN---TIF1B_HUMAN",-27.1899252314107,-27.4363725200343,10.1266947851329,13.5953541811509,-0.332992185192011
"PR38A_HUMAN---SRPK1_HUMAN",-27.1899252314107,-27.4363725200343,10.1266947851329,13.5953541811509,-0.332992185192011
"PR40A_HUMAN---SF3A1_HUMAN",-40.0845278524932,-11.3743855181688,-11.6475804081829,-2.50109894775174,0.286932770691454
"PRR12_HUMAN---PUM1_HUMAN",-40.0845278524932,-11.3743855181688,-11.6475804081829,-2.50109894775174,0.286932770691454
"PSA3_HUMAN---PSA5_HUMAN",22.9748299910834,-10.5530122946615,-17.068061120319,19.9380461404911,5.30747877906298
"PSMD1_HUMAN---SUMO2_HUMAN",-40.0845278524932,-11.3743855181688,-11.6475804081829,-2.50109894775174,0.286932770691454
"PUR6_HUMAN---TRM7_HUMAN",-40.0845278524932,-11.3743855181688,-11.6475804081829,-2.50109894775174,0.286932770691454
"Q548N1_HUMAN---TS101_HUMAN",-40.0845278524932,-11.3743855181688,-11.6475804081829,-2.50109894775174,0.286932770691454
"RAD50_HUMAN---TERF2_HUMAN",-40.0845278524932,-11.3743855181688,-11.6475804081829,-2.50109894775174,0.286932770691454
"RAE1L_HUMAN---WDR75_HUMAN",-27.1899252314107,-27.4363725200343,10.1266947851329,13.5953541811509,-0.332992185192011
"RAM_HUMAN---RBMX_HUMAN",-40.0845278524932,-11.3743855181688,-11.6475804081829,-2.50109894775174,0.286932770691454
"RBM10_HUMAN---SUGP1_HUMAN",-40.0845278524932,-11.3743855181688,-11.6475804081829,-2.50109894775174,0.286932770691454
"RBM15_HUMAN---SUMO2_HUMAN",-39.0687814229824,15.7303982503148,6.24302427212345,-2.24156079463633,-2.51103229251327
"RBM39_HUMAN---SRPK2_HUMAN",-27.1899252314107,-27.4363725200343,10.1266947851329,13.5953541811509,-0.332992185192011
"RBM48_HUMAN---SAT1_HUMAN",-24.7261925614232,-3.21872555024461,-23.4735934763744,16.1116127141526,2.33093836672617
"RBP2_HUMAN---SUMO2_HUMAN",-39.0687814229824,15.7303982503148,6.24302427212345,-2.24156079463633,-2.51103229251327
"RB_HUMAN---SMCA4_HUMAN",-27.1899252314107,-27.4363725200343,10.1266947851329,13.5953541811509,-0.332992185192011
"REC8_HUMAN---SMC3_HUMAN",-38.7451223882503,17.3495687910742,7.03774176398354,-1.55931257345749,-0.754062520518036
"RECQ4_HUMAN---TE2IP_HUMAN",-40.0845278524932,-11.3743855181688,-11.6475804081829,-2.50109894775174,0.286932770691454
"RGPA1_HUMAN---TFE2_HUMAN",-40.0845278524932,-11.3743855181688,-11.6475804081829,-2.50109894775174,0.286932770691454
"RL15_HUMAN---SUMO2_HUMAN",-40.0845278524932,-11.3743855181688,-11.6475804081829,-2.50109894775174,0.286932770691454
"RLA1_HUMAN---SMAP_HUMAN",-40.0845278524932,-11.3743855181688,-11.6475804081829,-2.50109894775174,0.286932770691454
"RLA1_HUMAN---XRCC6_HUMAN",-34.6883695876243,-11.5900718098169,-12.4208435783917,-5.31191894937848,8.24041537653845
"RNF31_HUMAN---TNFA_HUMAN",-40.0845278524932,-11.3743855181688,-11.6475804081829,-2.50109894775174,0.286932770691454
"ROCK1_HUMAN-->ADDA_HUMAN",-40.0845278524932,-11.3743855181688,-11.6475804081829,-2.50109894775174,0.286932770691454
"ROCK1_HUMAN-->MARCS_HUMAN",8.48832511839218,5.83301304163612,-39.1623810351305,6.29363005365416,2.29358837656295
"ROCK1_HUMAN---TS101_HUMAN",-40.0845278524932,-11.3743855181688,-11.6475804081829,-2.50109894775174,0.286932770691454
"RRAS2_HUMAN---XRCC6_HUMAN",-40.0845278524932,-11.3743855181688,-11.6475804081829,-2.50109894775174,0.286932770691454
"RREB1_HUMAN---SUMO2_HUMAN",-39.0687814229824,15.7303982503148,6.24302427212345,-2.24156079463633,-2.51103229251327
"RSF1_HUMAN---SUMO2_HUMAN",-40.0845278524932,-11.3743855181688,-11.6475804081829,-2.50109894775174,0.286932770691454
"RU17_HUMAN---SRPK1_HUMAN",-27.1899252314107,-27.4363725200343,10.1266947851329,13.5953541811509,-0.332992185192011
"RU17_HUMAN---ZRAB2_HUMAN",-27.1899252314107,-27.4363725200343,10.1266947851329,13.5953541811509,-0.332992185192011
"RUSD2_HUMAN---WRIP1_HUMAN",-4.88299980042027,-18.8361154179954,-5.45933916894359,31.7069859409775,-11.8468736279078
"S38A2_HUMAN---STX11_HUMAN",-40.0845278524932,-11.3743855181688,-11.6475804081829,-2.50109894775174,0.286932770691454
"SAT1_HUMAN---SPB1_HUMAN",-37.5423800978724,18.8093141581016,6.21987745427509,0.647797993515303,-1.83662491605926
"SAT1_HUMAN---T22D4_HUMAN",-32.0746941807361,15.250532155858,9.11536470871331,-2.26012741217996,-10.908902857035
"SC16A_HUMAN---TNFA_HUMAN",-40.0845278524932,-11.3743855181688,-11.6475804081829,-2.50109894775174,0.286932770691454
"SCAFB_HUMAN---SUMO2_HUMAN",-40.0845278524932,-11.3743855181688,-11.6475804081829,-2.50109894775174,0.286932770691454
"SCAM3_HUMAN---TS101_HUMAN",-40.0845278524932,-11.3743855181688,-11.6475804081829,-2.50109894775174,0.286932770691454
"SCFD1_HUMAN---VINC_HUMAN",-7.62559189804818,1.04084699569064,-34.3265686846669,19.280410823544,3.0100629079522
"SENP3_HUMAN---SUMO2_HUMAN",-39.0687814229824,15.7303982503148,6.24302427212345,-2.24156079463633,-2.51103229251327
"SF3A1_HUMAN---SF3A3_HUMAN",-40.0845278524932,-11.3743855181688,-11.6475804081829,-2.50109894775174,0.286932770691454
"SIN3A_HUMAN---SMRC1_HUMAN",-40.0845278524932,-11.3743855181688,-11.6475804081829,-2.50109894775174,0.286932770691454
"SIR1_HUMAN---XRCC6_HUMAN",-31.7669382759357,-12.9739409629208,-10.6493302449736,-3.68955503748026,-10.9712152067728
"SKA1_HUMAN---SKA3_HUMAN",-40.0845278524932,-11.3743855181688,-11.6475804081829,-2.50109894775174,0.286932770691454
"SMC3_HUMAN---WAPL_HUMAN",-38.7451223882503,17.3495687910742,7.03774176398354,-1.55931257345749,-0.754062520518036
"SMN_HUMAN---WAP53_HUMAN",-27.1899252314107,-27.4363725200343,10.1266947851329,13.5953541811509,-0.332992185192011
"SMRCD_HUMAN---SUMO2_HUMAN",-40.0845278524932,-11.3743855181688,-11.6475804081829,-2.50109894775174,0.286932770691454
"SMYD1_HUMAN---TTC33_HUMAN",-27.1899252314107,-27.4363725200343,10.1266947851329,13.5953541811509,-0.332992185192011
"SNUT1_HUMAN---SUMO2_HUMAN",-27.1899252314107,-27.4363725200343,10.1266947851329,13.5953541811509,-0.332992185192011
"SRPK1_HUMAN-->RBM8A_HUMAN",-27.1899252314107,-27.4363725200343,10.1266947851329,13.5953541811509,-0.332992185192011
"SRPK1_HUMAN---WDR55_HUMAN",-27.1899252314107,-27.4363725200343,10.1266947851329,13.5953541811509,-0.332992185192011
"SRPK2_HUMAN-->ACINU_HUMAN",-40.0845278524932,-11.3743855181688,-11.6475804081829,-2.50109894775174,0.286932770691454
"SRRM1_HUMAN---SRRM2_HUMAN",-38.7451223882503,17.3495687910742,7.03774176398354,-1.55931257345749,-0.754062520518036
"SRSF4_HUMAN---SRSF6_HUMAN",-35.2321816802269,19.050256570078,4.03326269911628,3.54791298340161,-2.19567477363748
"SSRP1_HUMAN---SUMO2_HUMAN",-40.0845278524932,-11.3743855181688,-11.6475804081829,-2.50109894775174,0.286932770691454
"STAM2_HUMAN---UBP8_HUMAN",-6.81769804132937,-10.7284033691027,-14.2064629910729,-0.78951934614095,-20.6356840772872
"STML2_HUMAN---TRM7_HUMAN",-40.0845278524932,-11.3743855181688,-11.6475804081829,-2.50109894775174,0.286932770691454
"STRN3_HUMAN---STRN_HUMAN",21.3829277394747,-10.2289739602294,-17.3881058418147,22.3900831825568,1.67366342067948
"STRN4_HUMAN---WIPI2_HUMAN",-40.0845278524932,-11.3743855181688,-11.6475804081829,-2.50109894775174,0.286932770691454
"SUMO2_HUMAN---TF3C1_HUMAN",-39.0687814229824,15.7303982503148,6.24302427212345,-2.24156079463633,-2.51103229251327
"SUMO2_HUMAN---TFP11_HUMAN",-39.0687814229824,15.7303982503148,6.24302427212345,-2.24156079463633,-2.51103229251327
"SUMO2_HUMAN---TIF1B_HUMAN",-27.1899252314107,-27.4363725200343,10.1266947851329,13.5953541811509,-0.332992185192011
"SUMO2_HUMAN---TOP2A_HUMAN",-40.0845278524932,-11.3743855181688,-11.6475804081829,-2.50109894775174,0.286932770691454
"SUMO2_HUMAN---TOP2B_HUMAN",-39.0687814229824,15.7303982503148,6.24302427212345,-2.24156079463633,-2.51103229251327
"SUMO2_HUMAN---TPR_HUMAN",-39.0687814229824,15.7303982503148,6.24302427212345,-2.24156079463633,-2.51103229251327
"SUMO2_HUMAN---U520_HUMAN",-40.0845278524932,-11.3743855181688,-11.6475804081829,-2.50109894775174,0.286932770691454
"SUMO2_HUMAN---UIMC1_HUMAN",-40.0845278524932,-11.3743855181688,-11.6475804081829,-2.50109894775174,0.286932770691454
"SUMO2_HUMAN---WIZ_HUMAN",-39.0687814229824,15.7303982503148,6.24302427212345,-2.24156079463633,-2.51103229251327
"SUMO2_HUMAN---XPC_HUMAN",-27.1899252314107,-27.4363725200343,10.1266947851329,13.5953541811509,-0.332992185192011
"SUMO2_HUMAN---Z280C_HUMAN",-39.0687814229824,15.7303982503148,6.24302427212345,-2.24156079463633,-2.51103229251327
"SUMO2_HUMAN---ZBT7A_HUMAN",-40.0845278524932,-11.3743855181688,-11.6475804081829,-2.50109894775174,0.286932770691454
"SUMO2_HUMAN---ZC11A_HUMAN",-27.1899252314107,-27.4363725200343,10.1266947851329,13.5953541811509,-0.332992185192011
"SUMO2_HUMAN---ZKSC1_HUMAN",-39.0687814229824,15.7303982503148,6.24302427212345,-2.24156079463633,-2.51103229251327
"SUMO2_HUMAN---ZMYM4_HUMAN",-39.0687814229824,15.7303982503148,6.24302427212345,-2.24156079463633,-2.51103229251327
"SUMO2_HUMAN---ZN318_HUMAN",-39.0687814229824,15.7303982503148,6.24302427212345,-2.24156079463633,-2.51103229251327
"TE2IP_HUMAN---TERF2_HUMAN",-40.0845278524932,-11.3743855181688,-11.6475804081829,-2.50109894775174,0.286932770691454
"TERF2_HUMAN---ZN703_HUMAN",-40.0845278524932,-11.3743855181688,-11.6475804081829,-2.50109894775174,0.286932770691454
"TF3C1_HUMAN---TF3C4_HUMAN",-40.0845278524932,-11.3743855181688,-11.6475804081829,-2.50109894775174,0.286932770691454
"TICRR_HUMAN---TOPB1_HUMAN",-40.0845278524932,-11.3743855181688,-11.6475804081829,-2.50109894775174,0.286932770691454
"TIF1B_HUMAN---ZN496_HUMAN",-27.1899252314107,-27.4363725200343,10.1266947851329,13.5953541811509,-0.332992185192011
"TNFA_HUMAN---TRAF2_HUMAN",-33.4136828217524,-9.13755416366082,-16.9515325439487,-0.638600968480405,9.74224490234329
"TNIK_HUMAN---TRAF2_HUMAN",-40.0845278524932,-11.3743855181688,-11.6475804081829,-2.50109894775174,0.286932770691454
"TPC12_HUMAN---TPPC3_HUMAN",22.8752505122247,-13.5391450076165,-11.1310375208345,15.9752723458562,12.9624141468168
"TRAF2_HUMAN---UBE2N_HUMAN",-40.0845278524932,-11.3743855181688,-11.6475804081829,-2.50109894775174,0.286932770691454
"TRAF2_HUMAN---UBE2O_HUMAN",8.48832511839218,5.83301304163612,-39.1623810351305,6.29363005365416,2.29358837656295
"TRI18_HUMAN---UBE2N_HUMAN",-40.0845278524932,-11.3743855181688,-11.6475804081829,-2.50109894775174,0.286932770691454
"TS101_HUMAN---VRK3_HUMAN",-40.0845278524932,-11.3743855181688,-11.6475804081829,-2.50109894775174,0.286932770691454
"TXLNA_HUMAN---XRN2_HUMAN",-40.0845278524932,-11.3743855181688,-11.6475804081829,-2.50109894775174,0.286932770691454
"UBE2N_HUMAN---ZNRF2_HUMAN",-40.0845278524932,-11.3743855181688,-11.6475804081829,-2.50109894775174,0.286932770691454
"WDR48_HUMAN---WDR70_HUMAN",-39.0687814229824,15.7303982503148,6.24302427212345,-2.24156079463633,-2.51103229251327
"WNK1_HUMAN-->STK39_HUMAN",-39.0334741860414,11.0438337490505,3.30385991593109,-1.51168491483447,2.35894604449391
"ZAP70_HUMAN-->DBNL_HUMAN",-40.0845278524932,-11.3743855181688,-11.6475804081829,-2.50109894775174,0.286932770691454
"ZAP70_HUMAN-->MK14_HUMAN",-36.6317923555754,-10.3486177725376,-13.7573385376631,-2.73066582297743,4.03528170660566
"1433G_HUMAN---PININ_HUMAN",36.6391959202574,-17.8318827596164,-5.30481918927938,0.8823681199236,1.30595969870383
"1433G_HUMAN---UBP8_HUMAN",8.10536007596679,-14.6044365247472,-1.45956800792681,-1.47457270203376,23.8266227783551
"AKA10_HUMAN---MYH9_HUMAN",-11.2642153201034,-34.2695960806416,20.1427441003838,-4.8302481776531,-4.87213019404522
"AKT1_HUMAN-->CDK2_HUMAN",-5.73852671512739,-33.5863843264384,19.1334027109053,-9.79629843805323,-4.57104617439183
"ARMX3_HUMAN---CSK21_HUMAN",-11.2642153201034,-34.2695960806416,20.1427441003838,-4.8302481776531,-4.87213019404522
"ASCC1_HUMAN---JUN_HUMAN",-11.2642153201034,-34.2695960806416,20.1427441003838,-4.8302481776531,-4.87213019404522
"ASCC1_HUMAN---TM87A_HUMAN",-11.2642153201034,-34.2695960806416,20.1427441003838,-4.8302481776531,-4.87213019404522
"ASPM_HUMAN---P53_HUMAN",6.44160394794565,-29.8014683691281,15.6269764714158,-20.2690659896086,-1.95478936705097
"AT1A1_HUMAN---CDK2_HUMAN",-9.67231306849471,-34.5936344150736,20.4627888218794,-7.28228521971879,-1.23831483566171
"ATM_HUMAN-->RIF1_HUMAN",-11.2642153201034,-34.2695960806416,20.1427441003838,-4.8302481776531,-4.87213019404522
"CAND1_HUMAN---CUL4B_HUMAN",10.7702307081281,-28.04573013539,13.7439091520392,-20.7870098893863,-2.381580914098
"CAND1_HUMAN---DDX55_HUMAN",10.7702307081281,-28.04573013539,13.7439091520392,-20.7870098893863,-2.381580914098
"CAND1_HUMAN---DHX57_HUMAN",10.7702307081281,-28.04573013539,13.7439091520392,-20.7870098893863,-2.381580914098
"CAND1_HUMAN---HACD3_HUMAN",10.7702307081281,-28.04573013539,13.7439091520392,-20.7870098893863,-2.381580914098
"CAND1_HUMAN---MCM9_HUMAN",10.7702307081281,-28.04573013539,13.7439091520392,-20.7870098893863,-2.381580914098
"CAND1_HUMAN---MEPCE_HUMAN",10.7702307081281,-28.04573013539,13.7439091520392,-20.7870098893863,-2.381580914098
"CAND1_HUMAN---PCNP_HUMAN",10.7702307081281,-28.04573013539,13.7439091520392,-20.7870098893863,-2.381580914098
"CAND1_HUMAN---PWP1_HUMAN",10.7702307081281,-28.04573013539,13.7439091520392,-20.7870098893863,-2.381580914098
"CAND1_HUMAN---SRP72_HUMAN",10.7702307081281,-28.04573013539,13.7439091520392,-20.7870098893863,-2.381580914098
"CBLB_HUMAN---GRB2_HUMAN",12.7143602138667,-14.5731689214994,-4.18236391272844,3.16743125393219,-13.2356156393725
"CBL_HUMAN---GRB2_HUMAN",-18.9067512915283,-0.766991884583145,-5.34501983388787,1.37136782045104,-17.5013422825291
"CBL_HUMAN---MYH9_HUMAN",-11.2642153201034,-34.2695960806416,20.1427441003838,-4.8302481776531,-4.87213019404522
"CCDC6_HUMAN---HDAC1_HUMAN",-11.2642153201034,-34.2695960806416,20.1427441003838,-4.8302481776531,-4.87213019404522
"CDCA5_HUMAN---SMC3_HUMAN",-11.2642153201034,-34.2695960806416,20.1427441003838,-4.8302481776531,-4.87213019404522
"CDK2_HUMAN-->AMOT_HUMAN",-9.67231306849471,-34.5936344150736,20.4627888218794,-7.28228521971879,-1.23831483566171
"CDK2_HUMAN-->BAP18_HUMAN",-9.67231306849471,-34.5936344150736,20.4627888218794,-7.28228521971879,-1.23831483566171
"CDK2_HUMAN-->BAZ2A_HUMAN",-9.67231306849471,-34.5936344150736,20.4627888218794,-7.28228521971879,-1.23831483566171
"CDK2_HUMAN-->CT2NL_HUMAN",-9.67231306849471,-34.5936344150736,20.4627888218794,-7.28228521971879,-1.23831483566171
"CDK2_HUMAN-->DNLI1_HUMAN",-9.67231306849471,-34.5936344150736,20.4627888218794,-7.28228521971879,-1.23831483566171
"CDK2_HUMAN-->DNLI3_HUMAN",-9.67231306849471,-34.5936344150736,20.4627888218794,-7.28228521971879,-1.23831483566171
"CDK2_HUMAN-->DNM1L_HUMAN",-9.67231306849471,-34.5936344150736,20.4627888218794,-7.28228521971879,-1.23831483566171
"CDK2_HUMAN-->F122A_HUMAN",-9.67231306849471,-34.5936344150736,20.4627888218794,-7.28228521971879,-1.23831483566171
"CDK2_HUMAN-->GUAA_HUMAN",-9.67231306849471,-34.5936344150736,20.4627888218794,-7.28228521971879,-1.23831483566171
"CDK2_HUMAN---H1X_HUMAN",-9.67231306849471,-34.5936344150736,20.4627888218794,-7.28228521971879,-1.23831483566171
"CDK2_HUMAN-->HNRL1_HUMAN",-9.67231306849471,-34.5936344150736,20.4627888218794,-7.28228521971879,-1.23831483566171
"CDK2_HUMAN-->JIP4_HUMAN",-9.67231306849471,-34.5936344150736,20.4627888218794,-7.28228521971879,-1.23831483566171
"CDK2_HUMAN-->LARP1_HUMAN",-9.67231306849471,-34.5936344150736,20.4627888218794,-7.28228521971879,-1.23831483566171
"CDK2_HUMAN-->LMNB2_HUMAN",-9.67231306849471,-34.5936344150736,20.4627888218794,-7.28228521971879,-1.23831483566171
"CDK2_HUMAN-->MARCS_HUMAN",-9.67231306849471,-34.5936344150736,20.4627888218794,-7.28228521971879,-1.23831483566171
"CDK2_HUMAN-->NIPA_HUMAN",-9.67231306849471,-34.5936344150736,20.4627888218794,-7.28228521971879,-1.23831483566171
"CDK2_HUMAN-->NUCKS_HUMAN",-9.67231306849471,-34.5936344150736,20.4627888218794,-7.28228521971879,-1.23831483566171
"CDK2_HUMAN-->NUFP2_HUMAN",-9.67231306849471,-34.5936344150736,20.4627888218794,-7.28228521971879,-1.23831483566171
"CDK2_HUMAN-->PELP1_HUMAN",-9.67231306849471,-34.5936344150736,20.4627888218794,-7.28228521971879,-1.23831483566171
"CDK2_HUMAN-->PUR6_HUMAN",-9.67231306849471,-34.5936344150736,20.4627888218794,-7.28228521971879,-1.23831483566171
"CDK2_HUMAN-->SRS11_HUMAN",-9.67231306849471,-34.5936344150736,20.4627888218794,-7.28228521971879,-1.23831483566171
"CDK2_HUMAN-->T2FA_HUMAN",-9.67231306849471,-34.5936344150736,20.4627888218794,-7.28228521971879,-1.23831483566171
"CDK2_HUMAN-->TB182_HUMAN",-9.67231306849471,-34.5936344150736,20.4627888218794,-7.28228521971879,-1.23831483566171
"CDK2_HUMAN-->TCOF_HUMAN",-9.67231306849471,-34.5936344150736,20.4627888218794,-7.28228521971879,-1.23831483566171
"CDK2_HUMAN-->UBE2O_HUMAN",-9.67231306849471,-34.5936344150736,20.4627888218794,-7.28228521971879,-1.23831483566171
"CDK2_HUMAN-->ZCH18_HUMAN",-9.67231306849471,-34.5936344150736,20.4627888218794,-7.28228521971879,-1.23831483566171
"CDK2_HUMAN-->ZN609_HUMAN",-9.67231306849471,-34.5936344150736,20.4627888218794,-7.28228521971879,-1.23831483566171
"CDK5_HUMAN---HS90A_HUMAN",-4.92417428881322,-25.7174959462101,9.27559148835005,4.50590327023227,19.6070661037482
"CEBPZ_HUMAN---P53_HUMAN",6.44160394794565,-29.8014683691281,15.6269764714158,-20.2690659896086,-1.95478936705097
"CHD4_HUMAN---HDAC1_HUMAN",-11.2642153201034,-34.2695960806416,20.1427441003838,-4.8302481776531,-4.87213019404522
"CHIP_HUMAN---P53_HUMAN",11.5872382845922,-28.1231225219242,11.3738352598453,-19.6889286618532,1.53674182052405
"CHIP_HUMAN---PSA3_HUMAN",-8.22465633842762,-27.6623937990012,14.4683153070148,0.116443307085274,6.95833746672579
"CSK21_HUMAN---DKC1_HUMAN",-11.2642153201034,-34.2695960806416,20.1427441003838,-4.8302481776531,-4.87213019404522
"CSK21_HUMAN---PRCC_HUMAN",-11.2642153201034,-34.2695960806416,20.1427441003838,-4.8302481776531,-4.87213019404522
"CSK21_HUMAN---ROA2_HUMAN",-11.2642153201034,-34.2695960806416,20.1427441003838,-4.8302481776531,-4.87213019404522
"CSK21_HUMAN---ZC3HD_HUMAN",6.44160394794565,-29.8014683691281,15.6269764714158,-20.2690659896086,-1.95478936705097
"CT2NL_HUMAN---STRN3_HUMAN",-9.67231306849471,-34.5936344150736,20.4627888218794,-7.28228521971879,-1.23831483566171
"CTF18_HUMAN---SUMO2_HUMAN",6.44160394794565,-29.8014683691281,15.6269764714158,-20.2690659896086,-1.95478936705097
"CTNB1_HUMAN---DLG5_HUMAN",-11.2642153201034,-34.2695960806416,20.1427441003838,-4.8302481776531,-4.87213019404522
"CTNB1_HUMAN---LAP2_HUMAN",1.30554835466092,-28.0338069787628,10.7357458162222,-3.34492536097979,23.0151550273855
"DC1L1_HUMAN---EIF3E_HUMAN",0.894508137136141,-29.2430921655086,13.6196263042213,-3.0972565370194,-13.8329961359171
"DKC1_HUMAN---RBM34_HUMAN",-11.2642153201034,-34.2695960806416,20.1427441003838,-4.8302481776531,-4.87213019404522
"DNMT1_HUMAN---HDAC1_HUMAN",-11.2642153201034,-34.2695960806416,20.1427441003838,-4.8302481776531,-4.87213019404522
"EGFR_HUMAN---HGS_HUMAN",3.25483793710462,13.7745843360687,19.4641466297501,0.505057459380907,28.5731173022211
"EGFR_HUMAN---HS90B_HUMAN",-8.33655863638502,-21.532468300344,4.23484143059984,-3.99443892603963,28.4164207581088
"EGFR_HUMAN---TM1L1_HUMAN",16.4031326242383,-6.84915745587879,8.74487158223541,13.6109490973825,-0.727161195456155
"FYN_HUMAN-->CAV1_HUMAN",-11.2642153201034,-34.2695960806416,20.1427441003838,-4.8302481776531,-4.87213019404522
"GCP60_HUMAN---PI4KB_HUMAN",16.5936144714002,-25.9864929573076,8.53402214900837,-16.5991879781395,12.2822222129256
"GCP60_HUMAN---RUSD2_HUMAN",6.44160394794565,-29.8014683691281,15.6269764714158,-20.2690659896086,-1.95478936705097
"GNL1_HUMAN---TP4A1_HUMAN",-5.07260864142372,-31.2585845468023,17.1351369517607,-5.86899989638464,-10.6522311272791
"GRB2_HUMAN---KHDR1_HUMAN",-29.3574068624486,-14.0884697778472,-8.55531721685169,0.258037554612385,14.4995172990737
"H2AY_HUMAN---HDAC1_HUMAN",-11.2642153201034,-34.2695960806416,20.1427441003838,-4.8302481776531,-4.87213019404522
"HDAC1_HUMAN---HDAC2_HUMAN",-7.15667067387242,-32.9292868881339,18.6068248068021,-8.70741334513724,-7.5448293954839
"HDAC1_HUMAN---MKX_HUMAN",-11.2642153201034,-34.2695960806416,20.1427441003838,-4.8302481776531,-4.87213019404522
"HDAC1_HUMAN---MTG8_HUMAN",10.7702307081281,-28.04573013539,13.7439091520392,-20.7870098893863,-2.381580914098
"HDAC1_HUMAN---P53_HUMAN",6.44160394794565,-29.8014683691281,15.6269764714158,-20.2690659896086,-1.95478936705097
"HDAC1_HUMAN---P66B_HUMAN",-11.2642153201034,-34.2695960806416,20.1427441003838,-4.8302481776531,-4.87213019404522
"HDAC1_HUMAN---RB_HUMAN",-5.2041803199119,-32.7979026924579,17.7810405537982,-10.5048388670376,-4.53970670011595
"HDAC1_HUMAN---SIN3A_HUMAN",-11.2642153201034,-34.2695960806416,20.1427441003838,-4.8302481776531,-4.87213019404522
"HDAC1_HUMAN---SUV91_HUMAN",-11.2642153201034,-34.2695960806416,20.1427441003838,-4.8302481776531,-4.87213019404522
"HNRL1_HUMAN---PCM1_HUMAN",22.2741050877436,-21.7106482697045,0.604093681291133,9.14253997317019,2.0297149662757
"HS90A_HUMAN---HSF1_HUMAN",-11.2642153201034,-34.2695960806416,20.1427441003838,-4.8302481776531,-4.87213019404522
"HS90B_HUMAN---KPCD1_HUMAN",6.31671376037802,-29.5290232126008,11.5486663056175,-8.72950603810872,18.7935464838292
"IF2B1_HUMAN---TRM7_HUMAN",-2.12437191295435,-11.9837431335244,-8.0303660412766,-36.8834630182889,-1.76165595821453
"IMA3_HUMAN---P53_HUMAN",6.44160394794565,-29.8014683691281,15.6269764714158,-20.2690659896086,-1.95478936705097
"ING4_HUMAN---P53_HUMAN",6.44160394794565,-29.8014683691281,15.6269764714158,-20.2690659896086,-1.95478936705097
"KAP2_HUMAN---MTG8_HUMAN",10.7702307081281,-28.04573013539,13.7439091520392,-20.7870098893863,-2.381580914098
"KIF4A_HUMAN---MMS19_HUMAN",-11.2642153201034,-34.2695960806416,20.1427441003838,-4.8302481776531,-4.87213019404522
"KPCD1_HUMAN-->AKT1_HUMAN",6.31671376037802,-29.5290232126008,11.5486663056175,-8.72950603810872,18.7935464838292
"KPCD1_HUMAN-->BAD_HUMAN",6.31671376037802,-29.5290232126008,11.5486663056175,-8.72950603810872,18.7935464838292
"KPCD1_HUMAN-->COF1_HUMAN",6.31671376037802,-29.5290232126008,11.5486663056175,-8.72950603810872,18.7935464838292
"KPCD1_HUMAN-->CTNB1_HUMAN",6.31671376037802,-29.5290232126008,11.5486663056175,-8.72950603810872,18.7935464838292
"KPCD1_HUMAN---MK13_HUMAN",6.31671376037802,-29.5290232126008,11.5486663056175,-8.72950603810872,18.7935464838292
"KPCD1_HUMAN-->OSBP1_HUMAN",6.31671376037802,-29.5290232126008,11.5486663056175,-8.72950603810872,18.7935464838292
"KPCD1_HUMAN-->PI4KB_HUMAN",16.5936144714002,-25.9864929573076,8.53402214900837,-16.5991879781395,12.2822222129256
"KS6A1_HUMAN-->YBOX1_HUMAN",-15.9817113558805,-31.4579567452411,18.3597544130961,1.52943100581846,1.57229795354325
"MK13_HUMAN-->STMN1_HUMAN",-8.04990667581373,-33.8502553675858,18.8874091201718,-6.34716437820686,1.34959482718408
"MMS19_HUMAN---NUP53_HUMAN",-11.2642153201034,-34.2695960806416,20.1427441003838,-4.8302481776531,-4.87213019404522
"MTG8_HUMAN---OTUD4_HUMAN",10.7702307081281,-28.04573013539,13.7439091520392,-20.7870098893863,-2.381580914098
"MYH9_HUMAN---SVIL_HUMAN",-9.67231306849471,-34.5936344150736,20.4627888218794,-7.28228521971879,-1.23831483566171
"NKAP_HUMAN---PR40A_HUMAN",-16.5770070736691,-10.042835803163,-13.7774758835369,-14.2464615593769,25.704530458818
"NOC2L_HUMAN---PWP1_HUMAN",26.1285659991981,-19.8900701674658,1.91789608384767,-2.17429822748199,-0.337575318063279
"NSF1C_HUMAN---SRP14_HUMAN",-2.12437191295435,-11.9837431335244,-8.0303660412766,-36.8834630182889,-1.76165595821453
"OXSR1_HUMAN---SCFD1_HUMAN",6.44160394794565,-29.8014683691281,15.6269764714158,-20.2690659896086,-1.95478936705097
"P53_HUMAN---PSME3_HUMAN",6.44160394794565,-29.8014683691281,15.6269764714158,-20.2690659896086,-1.95478936705097
"P53_HUMAN---TP53B_HUMAN",6.44160394794565,-29.8014683691281,15.6269764714158,-20.2690659896086,-1.95478936705097
"P53_HUMAN---TPC11_HUMAN",6.44160394794565,-29.8014683691281,15.6269764714158,-20.2690659896086,-1.95478936705097
"PP1A_HUMAN---RB_HUMAN",-3.94108668120782,-27.7130342768083,15.6520091223112,-6.23872679819579,7.06315507829133
"PSA3_HUMAN---PSA7_HUMAN",-11.2642153201034,-34.2695960806416,20.1427441003838,-4.8302481776531,-4.87213019404522
"PSA5_HUMAN---PSA7_HUMAN",-11.2642153201034,-34.2695960806416,20.1427441003838,-4.8302481776531,-4.87213019404522
"PSA7_HUMAN---SAMD1_HUMAN",-11.2642153201034,-34.2695960806416,20.1427441003838,-4.8302481776531,-4.87213019404522
"Q6FIE9_HUMAN---TM1L1_HUMAN",9.43916970610727,7.04578304567,24.3689707296107,1.94022626067041,19.8099770343915
"Q6FIE9_HUMAN---TM1L2_HUMAN",9.43916970610727,7.04578304567,24.3689707296107,1.94022626067041,19.8099770343915
"Q6FIE9_HUMAN---WRIP1_HUMAN",8.42342327659649,-20.0590007228136,6.47836604930441,1.680688107555,22.6079420975962
"Q6FIE9_HUMAN---XRN2_HUMAN",9.43916970610727,7.04578304567,24.3689707296107,1.94022626067041,19.8099770343915
"RBM10_HUMAN---SF3A1_HUMAN",-16.5770070736691,-10.042835803163,-13.7774758835369,-14.2464615593769,25.704530458818
"RB_HUMAN---TFDP1_HUMAN",6.44160394794565,-29.8014683691281,15.6269764714158,-20.2690659896086,-1.95478936705097
"RNF31_HUMAN---TRI25_HUMAN",-9.80261891098393,22.4901092337871,8.69336516392087,-15.3364766263247,12.7315596306183
"SPTN1_HUMAN---TP4A1_HUMAN",-5.07260864142372,-31.2585845468023,17.1351369517607,-5.86899989638464,-10.6522311272791
"SUMO2_HUMAN---ZEB1_HUMAN",-11.2642153201034,-34.2695960806416,20.1427441003838,-4.8302481776531,-4.87213019404522
"TPC11_HUMAN---TPC12_HUMAN",6.44160394794565,-29.8014683691281,15.6269764714158,-20.2690659896086,-1.95478936705097
"WNK1_HUMAN-->OXSR1_HUMAN",6.44160394794565,-29.8014683691281,15.6269764714158,-20.2690659896086,-1.95478936705097
"1433G_HUMAN---IGF1R_HUMAN",1.41413783025491,-16.0176007200689,-16.5388237817786,-2.34413938171337,-17.5625243254392
"D0VY79_HUMAN---EGLN1_HUMAN",25.2101882645175,-21.1851587299692,-3.72664772810273,13.8471100512231,1.86544445014538
"D0VY79_HUMAN---NAA10_HUMAN",25.2101882645175,-21.1851587299692,-3.72664772810273,13.8471100512231,1.86544445014538
"D0VY79_HUMAN---PSA7_HUMAN",25.2101882645175,-21.1851587299692,-3.72664772810273,13.8471100512231,1.86544445014538
"EGFR_HUMAN---PTN11_HUMAN",22.2423327074234,-19.9271247400632,-9.86645441590605,3.74995418871964,1.82618949437865
"EIF3E_HUMAN---PRC2A_HUMAN",30.77347895245,-20.2750398815559,-7.11308202781359,3.52069674883082,0.999645886550277
"GRB2_HUMAN---PRC2A_HUMAN",30.77347895245,-20.2750398815559,-7.11308202781359,3.52069674883082,0.999645886550277
"HDGF_HUMAN---RL35A_HUMAN",19.0078864224549,-16.2735913032079,-8.41283105283049,9.15982683251488,10.0728560902629
"IGF1R_HUMAN---PTN11_HUMAN",22.2423327074234,-19.9271247400632,-9.86645441590605,3.74995418871964,1.82618949437865
"IQGA1_HUMAN---TS101_HUMAN",29.1052430591461,-20.8196329374476,-6.31106807385888,-1.76987710732412,4.73104287560307
"LMTK2_HUMAN-->PP1A_HUMAN",30.5313284378879,-19.5117500836845,-5.8511237812653,5.60070084175858,2.68957940868681
"LYAR_HUMAN---MBB1A_HUMAN",13.8727421214416,-19.2516011535918,-4.60483824578014,23.7610441485979,10.4573154641519
"TFP11_HUMAN---TPPC4_HUMAN",8.39969749211778,-2.80624385196157,-30.2475429689005,4.81758225937489,-9.18401046865479
"TPC12_HUMAN---TPPC4_HUMAN",8.39969749211778,-2.80624385196157,-30.2475429689005,4.81758225937489,-9.18401046865479
"ANKL2_HUMAN---MK13_HUMAN",22.911513073518,-22.4508470577415,1.8621107111938,2.95966460007705,-19.2635205492812
"ATX1_HUMAN---COF1_HUMAN",21.3196108219093,-22.1268087233095,1.54206598969813,5.41170164214273,-22.8973359076647
"AURKB_HUMAN-->SH24A_HUMAN",35.4478044054728,-18.4120036008999,-4.94225367558788,1.7420106569128,-2.98000816570443
"CBL_HUMAN---SHC1_HUMAN",38.4339932958611,-9.63124906723205,-1.34900919743024,1.89162364520035,1.40133926178596
"CDK1_HUMAN-->CEP55_HUMAN",37.3238709803951,-17.976517991648,-6.54064240393035,1.87466839416236,-0.973079000027938
"CDK1_HUMAN-->EPN1_HUMAN",19.589954532628,-13.6225881661188,-12.4986485377786,3.70575038592895,-24.9519616813147
"CDK2_HUMAN-->ANKL2_HUMAN",27.8638028957202,-20.3478792692278,-2.31443343857709,6.3943289683771,-11.4885629705651
"CDK5_HUMAN-->P53_HUMAN",37.3238709803951,-17.976517991648,-6.54064240393035,1.87466839416236,-0.973079000027938
"CEP55_HUMAN---TS101_HUMAN",37.3238709803951,-17.976517991648,-6.54064240393035,1.87466839416236,-0.973079000027938
"EGFR_HUMAN---IRS4_HUMAN",37.3238709803951,-17.976517991648,-6.54064240393035,1.87466839416236,-0.973079000027938
"EGFR_HUMAN-->SHC1_HUMAN",22.5862831305566,-14.7347270553211,-12.0567871944986,-2.00145960369647,-14.0356543131861
"EIF3E_HUMAN---NPM_HUMAN",28.5847372130348,-20.5856366277157,-1.0832474596326,3.12819583061047,-14.1792751890644
"HDAC1_HUMAN---SPI1_HUMAN",30.4367900293494,-18.9377882919566,-3.60943652468785,4.50240642674853,-13.4447756520175
"HDGF_HUMAN---TCP4_HUMAN",33.8253980127919,-19.1553826483876,-3.36687397388025,0.806889815400867,-5.56791782855022
"HS90A_HUMAN---P53_HUMAN",30.5825335026066,-20.1225484002408,-0.668686887781873,0.13758705342184,-7.58366372049479
"JUN_HUMAN---MP2K7_HUMAN",18.3616322478697,-7.44556068010812,-22.6435936039224,-3.40850556477495,-22.220467153023
"MEP50_HUMAN---TBCD4_HUMAN",30.4234697931884,-17.8874292704256,-7.44059807135987,4.89830671561912,-9.49412986506952
"MK01_HUMAN---MK14_HUMAN",35.4478044054728,-18.4120036008999,-4.94225367558788,1.7420106569128,-2.98000816570443
"SPI1_HUMAN---TMX1_HUMAN",30.4367900293494,-18.9377882919566,-3.60943652468785,4.50240642674853,-13.4447756520175
"SPTB2_HUMAN---SPTN1_HUMAN",24.8753397855308,-20.6544735898333,-0.0710487956391324,4.74135386850621,-19.0489362921017
"AKT1_HUMAN-->HD_HUMAN",28.4824493611536,-16.8287985091916,-7.40279333811909,8.56372149563674,-14.9227920186293
"AKT1_HUMAN-->PP1A_HUMAN",25.2334798693023,-5.56996990898818,-26.4062136057983,-3.94643116777069,-11.6411660891792
"ATM_HUMAN---TELO2_HUMAN",30.2294345654882,-16.142558631516,-8.2094453812754,9.02850201403152,-12.209086953283
"CDK16_HUMAN---CDK5_HUMAN",28.7117325099306,3.54988687563545,6.09089562754723,9.48855261889299,-18.3382055716527
"CSK21_HUMAN-->TEBP_HUMAN",18.9305350855477,0.387112931738564,-31.6025348791692,-5.91100710188601,-8.47010846450771
"DAXX_HUMAN---STAT3_HUMAN",35.3695303121994,-15.867528208883,-10.3339992173616,5.93598346305057,-2.45109536663972
"DDX3X_HUMAN---EIF3B_HUMAN",25.1502644056856,-3.95603668828922,-28.3410976533811,-8.33670525876869,-6.79104251850975
"EIF3B_HUMAN---EIF3C_HUMAN",22.4749276911169,0.194458792982593,-32.1082744106774,-10.1604696658521,-1.83117041075625
"GSTP1_HUMAN---TRAF2_HUMAN",24.8554961085385,-8.16881834728072,-17.1776016570332,2.88064190486046,-8.12600782346817
"JUN_HUMAN---TRAF2_HUMAN",31.6700547539043,-16.6851522822346,-8.70156292120137,7.26862846655615,-8.16992312735396
"JUN_HUMAN---TS101_HUMAN",31.794175550563,-13.0429442344829,-13.2667556659343,0.219748072347257,-11.749556467033
"RLA1_HUMAN---SAT1_HUMAN",34.8437871017647,11.5534047456225,12.4065735373071,5.26505015760809,-8.22613712684671
"1433G_HUMAN---PR40A_HUMAN",26.0059372813082,-1.32424885340314,-28.826286998384,-14.5840093472155,1.38826572609325
"ABI2_HUMAN---CCD53_HUMAN",15.5108417728075,19.0618678287753,-2.99388826293857,-29.834440451408,5.38615632190735
"ACAP2_HUMAN---LMNB1_HUMAN",26.0059372813082,-1.32424885340314,-28.826286998384,-14.5840093472155,1.38826572609325
"ACINU_HUMAN---PHS_HUMAN",26.0059372813082,-1.32424885340314,-28.826286998384,-14.5840093472155,1.38826572609325
"AKT1_HUMAN-->DNMT1_HUMAN",25.5880502189251,2.28795195484343,-26.6189218727275,-14.671838709957,-0.833409623775893
"AP3D1_HUMAN---HTSF1_HUMAN",27.3453427455511,27.3997054558399,-10.1409648262175,-13.6422229729213,0.347270434883755
"ARPC3_HUMAN---WASP_HUMAN",28.6812739958769,-5.47474433467495,-25.0591102410877,-12.7602449401322,-3.57160638166025
"AURKB_HUMAN-->DDA1_HUMAN",26.0059372813082,-1.32424885340314,-28.826286998384,-14.5840093472155,1.38826572609325
"BRD2_HUMAN---BRD7_HUMAN",26.0059372813082,-1.32424885340314,-28.826286998384,-14.5840093472155,1.38826572609325
"BRD7_HUMAN---HNRL1_HUMAN",26.0059372813082,-1.32424885340314,-28.826286998384,-14.5840093472155,1.38826572609325
"BZW2_HUMAN---PPIP1_HUMAN",28.6812739958769,-5.47474433467495,-25.0591102410877,-12.7602449401322,-3.57160638166025
"CBL_HUMAN---TBA1A_HUMAN",27.3453427455511,27.3997054558399,-10.1409648262175,-13.6422229729213,0.347270434883755
"CCD53_HUMAN---MCRS1_HUMAN",15.5108417728075,19.0618678287753,-2.99388826293857,-29.834440451408,5.38615632190735
"CCD53_HUMAN---NUP62_HUMAN",15.5108417728075,19.0618678287753,-2.99388826293857,-29.834440451408,5.38615632190735
"CCD53_HUMAN---OPTN_HUMAN",15.5108417728075,19.0618678287753,-2.99388826293857,-29.834440451408,5.38615632190735
"CCD53_HUMAN---PCM1_HUMAN",14.4950953432967,-8.04291593970829,-20.8844929432449,-30.0939786045234,8.18412138511207
"CDC42_HUMAN---WASP_HUMAN",28.6812739958769,-5.47474433467495,-25.0591102410877,-12.7602449401322,-3.57160638166025
"CDK1_HUMAN-->LMNB1_HUMAN",26.0059372813082,-1.32424885340314,-28.826286998384,-14.5840093472155,1.38826572609325
"CHD4_HUMAN---SMCA4_HUMAN",27.3453427455511,27.3997054558399,-10.1409648262175,-13.6422229729213,0.347270434883755
"CSK21_HUMAN-->HS90B_HUMAN",30.149856658687,-8.95611818396646,-20.9598139467032,-6.59895801484574,-8.49526448374454
"CSK21_HUMAN---HTSF1_HUMAN",30.3563917111023,-7.41271588980593,-22.8041814720092,-10.8220078911998,-4.78791459394621
"CSK21_HUMAN-->WASP_HUMAN",28.6812739958769,-5.47474433467495,-25.0591102410877,-12.7602449401322,-3.57160638166025
"CYTSA_HUMAN---RIPK3_HUMAN",26.0059372813082,-1.32424885340314,-28.826286998384,-14.5840093472155,1.38826572609325
"DDA1_HUMAN---PWP1_HUMAN",26.0059372813082,-1.32424885340314,-28.826286998384,-14.5840093472155,1.38826572609325
"DDX54_HUMAN---DDX55_HUMAN",22.0721509279409,-2.3314989420383,-27.4969008874099,-12.0699961288811,4.72099706482336
"DESP_HUMAN---PPIP1_HUMAN",31.7417589102957,-9.28015651839847,-20.6397692252075,-9.05099505691142,-4.86144912536104
"F122B_HUMAN---WDR48_HUMAN",26.0059372813082,-1.32424885340314,-28.826286998384,-14.5840093472155,1.38826572609325
"FGR_HUMAN---WASP_HUMAN",28.6812739958769,-5.47474433467495,-25.0591102410877,-12.7602449401322,-3.57160638166025
"HS90B_HUMAN---KKCC1_HUMAN",24.4102341401662,-1.79193341479215,-27.207472693806,-15.7409533602006,-1.73078780679859
"HS90B_HUMAN---STIP1_HUMAN",26.0059372813082,-1.32424885340314,-28.826286998384,-14.5840093472155,1.38826572609325
"HS90B_HUMAN---TRAF2_HUMAN",30.149856658687,-8.95611818396646,-20.9598139467032,-6.59895801484574,-8.49526448374454
"IQGA1_HUMAN---LRC47_HUMAN",26.0059372813082,-1.32424885340314,-28.826286998384,-14.5840093472155,1.38826572609325
"KAP2_HUMAN---RBM34_HUMAN",26.0059372813082,-1.32424885340314,-28.826286998384,-14.5840093472155,1.38826572609325
"KMT2D_HUMAN---WDR82_HUMAN",26.0059372813082,-1.32424885340314,-28.826286998384,-14.5840093472155,1.38826572609325
"LIMA1_HUMAN---RIPK3_HUMAN",26.0059372813082,-1.32424885340314,-28.826286998384,-14.5840093472155,1.38826572609325
"MAGG1_HUMAN---NSE1_HUMAN",26.0059372813082,-1.32424885340314,-28.826286998384,-14.5840093472155,1.38826572609325
"MYO6_HUMAN---RIPK3_HUMAN",26.0059372813082,-1.32424885340314,-28.826286998384,-14.5840093472155,1.38826572609325
"NOVA1_HUMAN---PCBP1_HUMAN",26.0059372813082,-1.32424885340314,-28.826286998384,-14.5840093472155,1.38826572609325
"NSE1_HUMAN---SUMO2_HUMAN",26.0059372813082,-1.32424885340314,-28.826286998384,-14.5840093472155,1.38826572609325
"NUCL_HUMAN---PP1B_HUMAN",27.3453427455511,27.3997054558399,-10.1409648262175,-13.6422229729213,0.347270434883755
"PIAS1_HUMAN---SGTA_HUMAN",26.9342887915424,-6.16098421235058,-24.2524581979314,-13.2250254585269,-6.28531144700654
"PP1A_HUMAN---TBCB_HUMAN",27.4206385997991,-3.51596888756634,-26.8160143956213,-13.7460020600047,-1.38817818342681
"PPIP1_HUMAN---PTN18_HUMAN",28.6812739958769,-5.47474433467495,-25.0591102410877,-12.7602449401322,-3.57160638166025
"PPIP1_HUMAN---RL35A_HUMAN",28.6812739958769,-5.47474433467495,-25.0591102410877,-12.7602449401322,-3.57160638166025
"PPIP1_HUMAN---WASP_HUMAN",28.6812739958769,-5.47474433467495,-25.0591102410877,-12.7602449401322,-3.57160638166025
"PR38A_HUMAN---SRPK2_HUMAN",26.0059372813082,-1.32424885340314,-28.826286998384,-14.5840093472155,1.38826572609325
"PR40A_HUMAN---VINC_HUMAN",26.0059372813082,-1.32424885340314,-28.826286998384,-14.5840093472155,1.38826572609325
"RBM5_HUMAN---U520_HUMAN",26.0059372813082,-1.32424885340314,-28.826286998384,-14.5840093472155,1.38826572609325
"RBM8A_HUMAN---SRRM2_HUMAN",27.3453427455511,27.3997054558399,-10.1409648262175,-13.6422229729213,0.347270434883755
"RIPK3_HUMAN---SPTN1_HUMAN",26.0059372813082,-1.32424885340314,-28.826286998384,-14.5840093472155,1.38826572609325
"RIPK3_HUMAN---TRAF2_HUMAN",26.0059372813082,-1.32424885340314,-28.826286998384,-14.5840093472155,1.38826572609325
"RU17_HUMAN---SRPK2_HUMAN",26.0059372813082,-1.32424885340314,-28.826286998384,-14.5840093472155,1.38826572609325
"SGTA_HUMAN---UBL7_HUMAN",28.6812739958769,-5.47474433467495,-25.0591102410877,-12.7602449401322,-3.57160638166025
"STK24_HUMAN---STRN3_HUMAN",26.0059372813082,-1.32424885340314,-28.826286998384,-14.5840093472155,1.38826572609325
"STK24_HUMAN---STRN4_HUMAN",26.0059372813082,-1.32424885340314,-28.826286998384,-14.5840093472155,1.38826572609325
"SUMO2_HUMAN---ZN496_HUMAN",26.0059372813082,-1.32424885340314,-28.826286998384,-14.5840093472155,1.38826572609325
"TEBP_HUMAN---WAP53_HUMAN",26.0059372813082,-1.32424885340314,-28.826286998384,-14.5840093472155,1.38826572609325
"UIMC1_HUMAN---WDR48_HUMAN",28.6094065067678,-8.09895576748156,-21.9975294288529,-11.2867884095946,-7.5016196592925
"UNK_HUMAN---ZFY19_HUMAN",26.0059372813082,-1.32424885340314,-28.826286998384,-14.5840093472155,1.38826572609325
"WASP_HUMAN---WIPF2_HUMAN",28.6812739958769,-5.47474433467495,-25.0591102410877,-12.7602449401322,-3.57160638166025
"1433G_HUMAN---ACINU_HUMAN",40.6578324290166,7.72551764572773,9.4259452414418,2.54205951872283,1.94902082886943
"1433G_HUMAN---PPR3D_HUMAN",40.2399453666336,11.3377184539743,11.6333103670983,2.45423015598135,-0.272654520999709
"1433G_HUMAN---SPN90_HUMAN",40.2399453666336,11.3377184539743,11.6333103670983,2.45423015598135,-0.272654520999709
"1433G_HUMAN---TNAP3_HUMAN",39.2241989371228,-15.7670653145093,-6.25729431320804,2.19469200286594,2.52531054220502
"1433G_HUMAN---YAP1_HUMAN",40.6578324290166,7.72551764572773,9.4259452414418,2.54205951872283,1.94902082886943
"ABI2_HUMAN---MIPT3_HUMAN",30.7621819175928,-17.5359780079135,-2.06411219201818,2.93676679131446,8.47884189380987
"ABL2_HUMAN-->CRK_HUMAN",40.2399453666336,11.3377184539743,11.6333103670983,2.45423015598135,-0.272654520999709
"ABL2_HUMAN---PLCG1_HUMAN",40.2399453666336,11.3377184539743,11.6333103670983,2.45423015598135,-0.272654520999709
"ACK1_HUMAN---BCAR1_HUMAN",38.9793099705557,13.2964939010829,9.87640621256467,1.46847303610884,1.91077367723374
"ACTB_HUMAN---CBL_HUMAN",39.2241989371228,-15.7670653145093,-6.25729431320804,2.19469200286594,2.52531054220502
"ADDA_HUMAN---AT1A1_HUMAN",40.2138536118838,7.97900248290714,9.66941135801222,2.52848557679509,1.26656470268773
"ADNP_HUMAN---PLCG1_HUMAN",39.2241989371228,-15.7670653145093,-6.25729431320804,2.19469200286594,2.52531054220502
"AFAD_HUMAN---RRAS2_HUMAN",40.2399453666336,11.3377184539743,11.6333103670983,2.45423015598135,-0.272654520999709
"AKA12_HUMAN---EGFR_HUMAN",30.7579766684836,-3.83498563705963,1.04807728504329,13.4918244984424,13.5617082530899
"AMOT_HUMAN---PARD3_HUMAN",40.2399453666336,11.3377184539743,11.6333103670983,2.45423015598135,-0.272654520999709
"ANS1A_HUMAN---EGFR_HUMAN",39.2241989371228,-15.7670653145093,-6.25729431320804,2.19469200286594,2.52531054220502
"AR6P4_HUMAN---CSK21_HUMAN",40.2399453666336,11.3377184539743,11.6333103670983,2.45423015598135,-0.272654520999709
"ARHG7_HUMAN---PAK1_HUMAN",35.8770559186409,15.5624753631126,8.44549797594168,5.69407752538027,7.73471974363854
"ARHGB_HUMAN---GSK3A_HUMAN",38.9793099705557,13.2964939010829,9.87640621256467,1.46847303610884,1.91077367723374
"AT2B4_HUMAN---DLG3_HUMAN",39.9515935688425,5.03198341195058,7.89942851904584,2.50185781460437,2.84035404401224
"ATX2L_HUMAN---CDK5_HUMAN",39.2241989371228,-15.7670653145093,-6.25729431320804,2.19469200286594,2.52531054220502
"B2L11_HUMAN---KAPCA_HUMAN",40.0106622178566,-9.0409669308528,-1.86037859856803,1.5293990327251,3.14275903202368
"BAZ2A_HUMAN---DNMT1_HUMAN",39.2241989371228,-15.7670653145093,-6.25729431320804,2.19469200286594,2.52531054220502
"BCAR1_HUMAN---DOCK1_HUMAN",40.2399453666336,11.3377184539743,11.6333103670983,2.45423015598135,-0.272654520999709
"BCAR1_HUMAN---ZYX_HUMAN",40.6578324290166,7.72551764572773,9.4259452414418,2.54205951872283,1.94902082886943
"BMS1_HUMAN---CSK21_HUMAN",39.2241989371228,-15.7670653145093,-6.25729431320804,2.19469200286594,2.52531054220502
"C2TA_HUMAN---IRF2_HUMAN",39.2241989371228,-15.7670653145093,-6.25729431320804,2.19469200286594,2.52531054220502
"CBL_HUMAN---FGR_HUMAN",40.2399453666336,11.3377184539743,11.6333103670983,2.45423015598135,-0.272654520999709
"CCNK_HUMAN---T22D4_HUMAN",40.2399453666336,11.3377184539743,11.6333103670983,2.45423015598135,-0.272654520999709
"CDK1_HUMAN-->KI67_HUMAN",40.2399453666336,11.3377184539743,11.6333103670983,2.45423015598135,-0.272654520999709
"CDK1_HUMAN-->LMNA_HUMAN",39.2241989371228,-15.7670653145093,-6.25729431320804,2.19469200286594,2.52531054220502
"CDK1_HUMAN-->TOP2B_HUMAN",39.2241989371228,-15.7670653145093,-6.25729431320804,2.19469200286594,2.52531054220502
"CEBPZ_HUMAN---PEBB_HUMAN",40.2399453666336,11.3377184539743,11.6333103670983,2.45423015598135,-0.272654520999709
"CP3A4_HUMAN---PGRC1_HUMAN",40.3694806312255,1.41978260370401,5.69206339338935,2.58968717734585,5.06202939388137
"CSK21_HUMAN---CXCL7_HUMAN",39.2241989371228,-15.7670653145093,-6.25729431320804,2.19469200286594,2.52531054220502
"CSK21_HUMAN---DDX21_HUMAN",39.2241989371228,-15.7670653145093,-6.25729431320804,2.19469200286594,2.52531054220502
"CSK21_HUMAN---FNBP4_HUMAN",39.2241989371228,-15.7670653145093,-6.25729431320804,2.19469200286594,2.52531054220502
"CSK21_HUMAN-->HDAC2_HUMAN",35.1166542908918,-17.1073745070169,-4.72137501962642,6.07185717035008,5.19800974364371
"CSK21_HUMAN---IF2P_HUMAN",40.2399453666336,11.3377184539743,11.6333103670983,2.45423015598135,-0.272654520999709
"CSK21_HUMAN---IF4B_HUMAN",40.2399453666336,11.3377184539743,11.6333103670983,2.45423015598135,-0.272654520999709
"CSK21_HUMAN---IWS1_HUMAN",39.2241989371228,-15.7670653145093,-6.25729431320804,2.19469200286594,2.52531054220502
"CSK21_HUMAN-->MRE11_HUMAN",39.2241989371228,-15.7670653145093,-6.25729431320804,2.19469200286594,2.52531054220502
"CSK21_HUMAN---NUCL_HUMAN",39.2502906918725,-12.4083493434421,-4.29339530412197,2.1204365820522,0.986091318517574
"CSK21_HUMAN---PAIRB_HUMAN",39.2241989371228,-15.7670653145093,-6.25729431320804,2.19469200286594,2.52531054220502
"CSK21_HUMAN-->SMC3_HUMAN",40.2399453666336,11.3377184539743,11.6333103670983,2.45423015598135,-0.272654520999709
"CTND1_HUMAN---EGFR_HUMAN",40.2399453666336,11.3377184539743,11.6333103670983,2.45423015598135,-0.272654520999709
"CXCL7_HUMAN---SCFD1_HUMAN",39.2241989371228,-15.7670653145093,-6.25729431320804,2.19469200286594,2.52531054220502
"CXCL7_HUMAN---STRN4_HUMAN",39.2241989371228,-15.7670653145093,-6.25729431320804,2.19469200286594,2.52531054220502
"DDX3X_HUMAN---IF4G1_HUMAN",40.2399453666336,11.3377184539743,11.6333103670983,2.45423015598135,-0.272654520999709
"DDX46_HUMAN---LMNA_HUMAN",39.2241989371228,-15.7670653145093,-6.25729431320804,2.19469200286594,2.52531054220502
"DREB_HUMAN---MARCS_HUMAN",40.2399453666336,11.3377184539743,11.6333103670983,2.45423015598135,-0.272654520999709
"DYR1B_HUMAN---HIPK2_HUMAN",39.2241989371228,-15.7670653145093,-6.25729431320804,2.19469200286594,2.52531054220502
"EGFR_HUMAN---PAK1_HUMAN",39.5830173504917,-5.30631577995244,1.29514767874933,3.25498014748669,4.44458090406271
"EGFR_HUMAN---RN213_HUMAN",39.2241989371228,-15.7670653145093,-6.25729431320804,2.19469200286594,2.52531054220502
"ELF2_HUMAN---RUNX1_HUMAN",39.2241989371228,-15.7670653145093,-6.25729431320804,2.19469200286594,2.52531054220502
"EMAL4_HUMAN---NEK6_HUMAN",40.2399453666336,11.3377184539743,11.6333103670983,2.45423015598135,-0.272654520999709
"FA53C_HUMAN---WNK1_HUMAN",39.2241989371228,-15.7670653145093,-6.25729431320804,2.19469200286594,2.52531054220502
"FACD2_HUMAN---MRE11_HUMAN",39.2241989371228,-15.7670653145093,-6.25729431320804,2.19469200286594,2.52531054220502
"FAK1_HUMAN-->AT2B4_HUMAN",39.9515935688425,5.03198341195058,7.89942851904584,2.50185781460437,2.84035404401224
"GLIS2_HUMAN---WNK1_HUMAN",39.9515935688425,5.03198341195058,7.89942851904584,2.50185781460437,2.84035404401224
"GRB2_HUMAN---MK09_HUMAN",39.9776853235922,8.39069938301775,9.86332752813192,2.42760239379063,1.30113482032479
"GRB2_HUMAN---PHAG1_HUMAN",40.2399453666336,11.3377184539743,11.6333103670983,2.45423015598135,-0.272654520999709
"GRB2_HUMAN---WASL_HUMAN",40.2399453666336,11.3377184539743,11.6333103670983,2.45423015598135,-0.272654520999709
"HACD3_HUMAN---NEK6_HUMAN",40.2399453666336,11.3377184539743,11.6333103670983,2.45423015598135,-0.272654520999709
"HDAC2_HUMAN---HM20B_HUMAN",39.2241989371228,-15.7670653145093,-6.25729431320804,2.19469200286594,2.52531054220502
"HDAC2_HUMAN---RREB1_HUMAN",39.2241989371228,-15.7670653145093,-6.25729431320804,2.19469200286594,2.52531054220502
"HDAC2_HUMAN---WIZ_HUMAN",39.2241989371228,-15.7670653145093,-6.25729431320804,2.19469200286594,2.52531054220502
"HDAC2_HUMAN---ZN318_HUMAN",39.2241989371228,-15.7670653145093,-6.25729431320804,2.19469200286594,2.52531054220502
"HGS_HUMAN---SCAM3_HUMAN",40.2399453666336,11.3377184539743,11.6333103670983,2.45423015598135,-0.272654520999709
"HM20B_HUMAN---KIF4A_HUMAN",39.2241989371228,-15.7670653145093,-6.25729431320804,2.19469200286594,2.52531054220502
"HNRL1_HUMAN---NUP98_HUMAN",39.2241989371228,-15.7670653145093,-6.25729431320804,2.19469200286594,2.52531054220502
"I2BP1_HUMAN---IRF2_HUMAN",39.2241989371228,-15.7670653145093,-6.25729431320804,2.19469200286594,2.52531054220502
"I2BP2_HUMAN---IRF2_HUMAN",39.2241989371228,-15.7670653145093,-6.25729431320804,2.19469200286594,2.52531054220502
"KAPCA_HUMAN-->1433Z_HUMAN",40.3694806312255,1.41978260370401,5.69206339338935,2.58968717734585,5.06202939388137
"KAPCA_HUMAN-->CDK16_HUMAN",40.3694806312255,1.41978260370401,5.69206339338935,2.58968717734585,5.06202939388137
"KAPCA_HUMAN-->CP3A4_HUMAN",40.3694806312255,1.41978260370401,5.69206339338935,2.58968717734585,5.06202939388137
"KAPCA_HUMAN-->DESP_HUMAN",40.3694806312255,1.41978260370401,5.69206339338935,2.58968717734585,5.06202939388137
"KAPCA_HUMAN-->GSK3A_HUMAN",40.3694806312255,1.41978260370401,5.69206339338935,2.58968717734585,5.06202939388137
"KAPCA_HUMAN-->KKCC1_HUMAN",40.3694806312255,1.41978260370401,5.69206339338935,2.58968717734585,5.06202939388137
"KAPCA_HUMAN-->PLSL_HUMAN",40.3694806312255,1.41978260370401,5.69206339338935,2.58968717734585,5.06202939388137
"LAP2B_HUMAN---LMNA_HUMAN",39.2241989371228,-15.7670653145093,-6.25729431320804,2.19469200286594,2.52531054220502
"LAS1L_HUMAN---PNKP_HUMAN",40.2399453666336,11.3377184539743,11.6333103670983,2.45423015598135,-0.272654520999709
"LMNA_HUMAN---LMNB2_HUMAN",39.2241989371228,-15.7670653145093,-6.25729431320804,2.19469200286594,2.52531054220502
"LMNA_HUMAN---NELFE_HUMAN",39.2241989371228,-15.7670653145093,-6.25729431320804,2.19469200286594,2.52531054220502
"LMNA_HUMAN---TFP11_HUMAN",39.2241989371228,-15.7670653145093,-6.25729431320804,2.19469200286594,2.52531054220502
"LMNA_HUMAN---TOIP1_HUMAN",39.2241989371228,-15.7670653145093,-6.25729431320804,2.19469200286594,2.52531054220502
"LMNA_HUMAN---WDR70_HUMAN",39.2241989371228,-15.7670653145093,-6.25729431320804,2.19469200286594,2.52531054220502
"LMNA_HUMAN---Z280C_HUMAN",39.2241989371228,-15.7670653145093,-6.25729431320804,2.19469200286594,2.52531054220502
"LRC47_HUMAN---TNAP3_HUMAN",39.2241989371228,-15.7670653145093,-6.25729431320804,2.19469200286594,2.52531054220502
"MARK2_HUMAN-->PARD3_HUMAN",40.2399453666336,11.3377184539743,11.6333103670983,2.45423015598135,-0.272654520999709
"MARK2_HUMAN---TAOK1_HUMAN",40.2399453666336,11.3377184539743,11.6333103670983,2.45423015598135,-0.272654520999709
"MBB1A_HUMAN---NUCL_HUMAN",39.2241989371228,-15.7670653145093,-6.25729431320804,2.19469200286594,2.52531054220502
"MCMBP_HUMAN---SMC3_HUMAN",39.2241989371228,-15.7670653145093,-6.25729431320804,2.19469200286594,2.52531054220502
"MK01_HUMAN-->CSK21_HUMAN",37.9063148523622,5.85328220898514,10.7796008044391,-0.0105469538813698,3.41403077456644
"MK03_HUMAN-->B2L11_HUMAN",39.2241989371228,-15.7670653145093,-6.25729431320804,2.19469200286594,2.52531054220502
"MK03_HUMAN-->C2TA_HUMAN",39.2241989371228,-15.7670653145093,-6.25729431320804,2.19469200286594,2.52531054220502
"MK03_HUMAN-->RUNX1_HUMAN",39.2241989371228,-15.7670653145093,-6.25729431320804,2.19469200286594,2.52531054220502
"MKX_HUMAN---SIN3A_HUMAN",39.2241989371228,-15.7670653145093,-6.25729431320804,2.19469200286594,2.52531054220502
"MYO6_HUMAN---RNF11_HUMAN",39.2241989371228,-15.7670653145093,-6.25729431320804,2.19469200286594,2.52531054220502
"NEK6_HUMAN---SMC3_HUMAN",40.2399453666336,11.3377184539743,11.6333103670983,2.45423015598135,-0.272654520999709
"NUP98_HUMAN---TPR_HUMAN",36.9166601776012,-17.8927855884313,-5.1471048667812,-0.344340527810523,4.67277661408373
"OPTN_HUMAN---RNF11_HUMAN",39.2241989371228,-15.7670653145093,-6.25729431320804,2.19469200286594,2.52531054220502
"PAK1_HUMAN-->MP2K1_HUMAN",39.6091091052415,-1.94759980888528,3.25904668783541,3.18072472667295,2.90536168037527
"PAK1_HUMAN-->PGAM1_HUMAN",35.8770559186409,15.5624753631126,8.44549797594168,5.69407752538027,7.73471974363854
"PAK1_HUMAN-->STMN1_HUMAN",35.8770559186409,15.5624753631126,8.44549797594168,5.69407752538027,7.73471974363854
"PAK1_HUMAN-->TBCB_HUMAN",35.8770559186409,15.5624753631126,8.44549797594168,5.69407752538027,7.73471974363854
"PEBB_HUMAN---RUNX1_HUMAN",39.2241989371228,-15.7670653145093,-6.25729431320804,2.19469200286594,2.52531054220502
"PEBB_HUMAN---SCG1_HUMAN",40.2399453666336,11.3377184539743,11.6333103670983,2.45423015598135,-0.272654520999709
"RNF11_HUMAN---RU17_HUMAN",39.2241989371228,-15.7670653145093,-6.25729431320804,2.19469200286594,2.52531054220502
"RNF11_HUMAN---TM1L2_HUMAN",39.2241989371228,-15.7670653145093,-6.25729431320804,2.19469200286594,2.52531054220502
"RNF11_HUMAN---TNAP3_HUMAN",39.2241989371228,-15.7670653145093,-6.25729431320804,2.19469200286594,2.52531054220502
"RNF11_HUMAN---UBE2O_HUMAN",39.2241989371228,-15.7670653145093,-6.25729431320804,2.19469200286594,2.52531054220502
"RNF11_HUMAN---ZFY16_HUMAN",39.2241989371228,-15.7670653145093,-6.25729431320804,2.19469200286594,2.52531054220502
"RNF31_HUMAN---TNAP3_HUMAN",39.2241989371228,-15.7670653145093,-6.25729431320804,2.19469200286594,2.52531054220502
"SCG1_HUMAN---SG223_HUMAN",40.2399453666336,11.3377184539743,11.6333103670983,2.45423015598135,-0.272654520999709
"SNUT2_HUMAN---TRI25_HUMAN",40.6578324290166,7.72551764572773,9.4259452414418,2.54205951872283,1.94902082886943
"TCP4_HUMAN---TF3C1_HUMAN",39.2241989371228,-15.7670653145093,-6.25729431320804,2.19469200286594,2.52531054220502
"UBL7_HUMAN---ZYX_HUMAN",40.2399453666336,11.3377184539743,11.6333103670983,2.45423015598135,-0.272654520999709
"WAP53_HUMAN---WAPL_HUMAN",40.2399453666336,11.3377184539743,11.6333103670983,2.45423015598135,-0.272654520999709
"BRF2_HUMAN---MMS19_HUMAN",37.2533785333474,-17.8857170457329,-5.97263902354771,2.00008503269317,1.87164841115705
"DC1L1_HUMAN---PAIRB_HUMAN",34.9458397738259,-20.0114373196549,-4.86244957712086,-0.538947497983292,4.01911448303576
"MD2L1_HUMAN---T22D4_HUMAN",35.6576753922054,-18.3534016071219,-4.35382471896976,0.843141019708077,-1.24740512173479
"MEPCE_HUMAN---U520_HUMAN",36.1485820642037,-18.5516919526276,-5.68031388682932,1.66816306898951,2.93655208749453
"P53_HUMAN---SUMO2_HUMAN",37.2533785333474,-17.8857170457329,-5.97263902354771,2.00008503269317,1.87164841115705
"RBM5_HUMAN---SUMO2_HUMAN",34.9458397738259,-20.0114373196549,-4.86244957712086,-0.538947497983292,4.01911448303576
"SRRM2_HUMAN---SUMO2_HUMAN",38.2691249628582,9.21906672275064,11.9179656567586,2.25962318580858,-0.926316652047683
"SUMO2_HUMAN---XRCC6_HUMAN",30.5829503258332,-15.7866804105167,-8.05026196827747,2.70089987141563,12.026488747674
"1433G_HUMAN---GRB2_HUMAN",37.2174950819658,-16.6822832575962,-8.66266382998849,3.7656449703391,-0.6217889890525
"CD2AP_HUMAN---TS101_HUMAN",37.2174950819658,-16.6822832575962,-8.66266382998849,3.7656449703391,-0.6217889890525
"EGFR_HUMAN---I6S2Y9_HUMAN",37.2174950819658,-16.6822832575962,-8.66266382998849,3.7656449703391,-0.6217889890525
"GRB2_HUMAN---I6S2Y9_HUMAN",37.2174950819658,-16.6822832575962,-8.66266382998849,3.7656449703391,-0.6217889890525
"1433G_HUMAN---NELFE_HUMAN",39.9162863319015,9.71854791321485,10.8385928752382,1.77198193480252,-2.02962429299495
"1433G_HUMAN---WNK1_HUMAN",40.0458215964934,-0.199387937055437,4.89734590152925,1.90743895616702,3.30505962188614
"ACTB_HUMAN---SUMO2_HUMAN",37.8454921425909,13.3907307122445,4.99641481866286,-2.9861452963294,-5.96534626137518
"AKA11_HUMAN---PP1B_HUMAN",39.9753549809156,-4.35440242958853,1.07878575762433,0.799523152923241,-1.7272193049835
"AT1A1_HUMAN---HGS_HUMAN",39.2491263897027,-13.9990118982463,-4.83552644747985,1.15911270349746,1.19902553045448
"CDK1_HUMAN-->GAPD1_HUMAN",39.9162863319015,9.71854791321485,10.8385928752382,1.77198193480252,-2.02962429299495
"CDK5_HUMAN-->DNMT1_HUMAN",40.3341733942845,6.10634710496828,8.6312277495817,1.859811297544,0.192051056874191
"CEBPZ_HUMAN---SUMO2_HUMAN",39.9162863319015,9.71854791321485,10.8385928752382,1.77198193480252,-2.02962429299495
"CHD4_HUMAN---SUMO2_HUMAN",39.9162863319015,9.71854791321485,10.8385928752382,1.77198193480252,-2.02962429299495
"CSK21_HUMAN---RU17_HUMAN",39.9162863319015,9.71854791321485,10.8385928752382,1.77198193480252,-2.02962429299495
"DDX21_HUMAN---SUMO2_HUMAN",39.9162863319015,9.71854791321485,10.8385928752382,1.77198193480252,-2.02962429299495
"F208A_HUMAN---SUMO2_HUMAN",39.511386432744,-11.0519928272898,-3.06554360851347,1.18574046568818,-0.374763810870027
"FACD2_HUMAN---SUMO2_HUMAN",39.9162863319015,9.71854791321485,10.8385928752382,1.77198193480252,-2.02962429299495
"FGR_HUMAN-->FAK1_HUMAN",38.663519155969,-8.77486422377975,-5.60114683981117,-1.53870784160912,-0.70731193019618
"FNBP4_HUMAN---SUMO2_HUMAN",37.8454921425909,13.3907307122445,4.99641481866286,-2.9861452963294,-5.96534626137518
"GAPD1_HUMAN---LRC47_HUMAN",39.9162863319015,9.71854791321485,10.8385928752382,1.77198193480252,-2.02962429299495
"H2AY_HUMAN---SUMO2_HUMAN",39.9162863319015,9.71854791321485,10.8385928752382,1.77198193480252,-2.02962429299495
"HNRL1_HUMAN---SUMO2_HUMAN",39.9162863319015,9.71854791321485,10.8385928752382,1.77198193480252,-2.02962429299495
"MBB1A_HUMAN---SUMO2_HUMAN",39.9162863319015,9.71854791321485,10.8385928752382,1.77198193480252,-2.02962429299495
"MCMBP_HUMAN---SUMO2_HUMAN",39.9162863319015,9.71854791321485,10.8385928752382,1.77198193480252,-2.02962429299495
"MK01_HUMAN-->B2L11_HUMAN",39.6870031831245,-10.6601374716123,-2.65509609042812,0.847150811546265,1.38578926002844
"MK01_HUMAN-->NUP50_HUMAN",39.5313761637828,-4.10091759240912,1.32225187419475,0.785949210995505,-2.4096754311652
"MYO6_HUMAN---TOM1_HUMAN",39.9162863319015,9.71854791321485,10.8385928752382,1.77198193480252,-2.02962429299495
"NUCL_HUMAN---SUMO2_HUMAN",39.9162863319015,9.71854791321485,10.8385928752382,1.77198193480252,-2.02962429299495
"NUP50_HUMAN---TOIP1_HUMAN",39.9162863319015,9.71854791321485,10.8385928752382,1.77198193480252,-2.02962429299495
"OSBP1_HUMAN---PI4KA_HUMAN",39.9162863319015,9.71854791321485,10.8385928752382,1.77198193480252,-2.02962429299495
"PAIRB_HUMAN---SUMO2_HUMAN",39.9162863319015,9.71854791321485,10.8385928752382,1.77198193480252,-2.02962429299495
"PNKP_HUMAN---UBE2O_HUMAN",39.9162863319015,9.71854791321485,10.8385928752382,1.77198193480252,-2.02962429299495
"Q6FIE9_HUMAN---TOM1_HUMAN",39.9162863319015,9.71854791321485,10.8385928752382,1.77198193480252,-2.02962429299495
"RAD50_HUMAN---SUMO2_HUMAN",39.9162863319015,9.71854791321485,10.8385928752382,1.77198193480252,-2.02962429299495
"SCFD1_HUMAN---XRN2_HUMAN",39.9162863319015,9.71854791321485,10.8385928752382,1.77198193480252,-2.02962429299495
"SNUT2_HUMAN---SUMO2_HUMAN",39.9162863319015,9.71854791321485,10.8385928752382,1.77198193480252,-2.02962429299495
"TOM1_HUMAN---ZFY16_HUMAN",39.9162863319015,9.71854791321485,10.8385928752382,1.77198193480252,-2.02962429299495
"ARHG7_HUMAN---LAP2_HUMAN",34.579419591894,-11.6220482244366,-13.228256975482,-3.18256322140614,4.24161171214401
"GRB2_HUMAN---TM1L1_HUMAN",37.5612541889858,-5.20900402072836,-2.86472956007555,-0.732615728107732,-2.73225554235801
"HGS_HUMAN---TM1L1_HUMAN",37.5151727031973,-15.5187952266762,-9.21642405186985,-0.258569052601313,0.841875301624604
"HS90B_HUMAN---TEBP_HUMAN",37.5151727031973,-15.5187952266762,-9.21642405186985,-0.258569052601313,0.841875301624604
"M4K5_HUMAN---TRAF2_HUMAN",37.5151727031973,-15.5187952266762,-9.21642405186985,-0.258569052601313,0.841875301624604
"1433G_HUMAN---KLC4_HUMAN",36.5930011428691,-19.5119561291907,-5.9418223586413,-1.02658874898935,2.91580684208849
"ATRX_HUMAN---Z512B_HUMAN",27.3896979643792,-24.1049029415739,0.889782250070905,-13.9975254756208,7.56419642922861
"CDC20_HUMAN---HSF1_HUMAN",36.5930011428691,-19.5119561291907,-5.9418223586413,-1.02658874898935,2.91580684208849
"CDK2_HUMAN-->DLG1_HUMAN",36.5930011428691,-19.5119561291907,-5.9418223586413,-1.02658874898935,2.91580684208849
"CDK5_HUMAN---HS90B_HUMAN",25.3007064931418,-12.0590252130604,-15.382716817993,-6.30331098036088,-1.70192081611015
"CHIP_HUMAN---HS90B_HUMAN",36.1575284167942,-18.8999658755846,-5.30378565572832,-1.26674508973706,2.38313929954959
"DUS6_HUMAN---ZN212_HUMAN",36.5930011428691,-19.5119561291907,-5.9418223586413,-1.02658874898935,2.91580684208849
"EIF3E_HUMAN---SUMO2_HUMAN",36.5930011428691,-19.5119561291907,-5.9418223586413,-1.02658874898935,2.91580684208849
"ETS1_HUMAN---SUMO2_HUMAN",27.3896979643792,-24.1049029415739,0.889782250070905,-13.9975254756208,7.56419642922861
"FRIH_HUMAN---IMA1_HUMAN",27.3896979643792,-24.1049029415739,0.889782250070905,-13.9975254756208,7.56419642922861
"GNL1_HUMAN---ZN212_HUMAN",36.5930011428691,-19.5119561291907,-5.9418223586413,-1.02658874898935,2.91580684208849
"HDAC1_HUMAN---RFC1_HUMAN",36.5930011428691,-19.5119561291907,-5.9418223586413,-1.02658874898935,2.91580684208849
"HNRH1_HUMAN---SUMO2_HUMAN",37.795743433247,-18.0522107621634,-6.75968666834975,1.18052181798344,1.83324444654726
"HNRH1_HUMAN---TM1L1_HUMAN",35.9741947580047,-18.6326417160027,-6.1289220264978,3.19346910542299,0.0528392139627183
"HS90B_HUMAN---KS6A1_HUMAN",37.795743433247,-18.0522107621634,-6.75968666834975,1.18052181798344,1.83324444654726
"HS90B_HUMAN---MP2K7_HUMAN",26.1108652863745,-13.7724325649814,-11.2974429159512,-2.53094086910148,4.41722935050353
"HTSF1_HUMAN---Z512B_HUMAN",22.437408142177,-26.2078707300875,5.06632639984179,-17.4321898439209,-0.210761149487457
"KSR1_HUMAN---MP2K2_HUMAN",36.5930011428691,-19.5119561291907,-5.9418223586413,-1.02658874898935,2.91580684208849
"LNX1_HUMAN---TRAF2_HUMAN",36.5930011428691,-19.5119561291907,-5.9418223586413,-1.02658874898935,2.91580684208849
"MK01_HUMAN-->DUS6_HUMAN",36.5930011428691,-19.5119561291907,-5.9418223586413,-1.02658874898935,2.91580684208849
"MK01_HUMAN---MP2K2_HUMAN",36.5930011428691,-19.5119561291907,-5.9418223586413,-1.02658874898935,2.91580684208849
"MP2K2_HUMAN-->MK03_HUMAN",36.5930011428691,-19.5119561291907,-5.9418223586413,-1.02658874898935,2.91580684208849
"MYH10_HUMAN---Z512B_HUMAN",24.059814534858,-25.4644916825998,3.49094669813416,-16.4970690024089,2.37714851335834
"PCBP1_HUMAN---PPIG_HUMAN",36.5930011428691,-19.5119561291907,-5.9418223586413,-1.02658874898935,2.91580684208849
"TERF2_HUMAN---XRCC6_HUMAN",36.5930011428691,-19.5119561291907,-5.9418223586413,-1.02658874898935,2.91580684208849
"APC_HUMAN---CYTSA_HUMAN",39.1888917001818,-11.080500813245,-3.31812995701569,1.46481612306408,-2.34466779480216
"APC_HUMAN---DLG3_HUMAN",39.1888917001818,-11.080500813245,-3.31812995701569,1.46481612306408,-2.34466779480216
"APC_HUMAN---SCRIB_HUMAN",39.1888917001818,-11.080500813245,-3.31812995701569,1.46481612306408,-2.34466779480216
"ATX2_HUMAN---PLSL_HUMAN",38.7710046377987,-7.46830000499842,-1.11076483135919,1.3769867603226,-4.5663431446713
"ATX2_HUMAN---SCG1_HUMAN",38.7710046377987,-7.46830000499842,-1.11076483135919,1.3769867603226,-4.5663431446713
"CDK1_HUMAN-->NUP50_HUMAN",38.9266316571404,-14.0275198842015,-5.08811279598207,1.43818836087336,-0.770878453477663
"CSK21_HUMAN---Q8IZH9_HUMAN",38.7710046377987,-7.46830000499842,-1.11076483135919,1.3769867603226,-4.5663431446713
"EGFR_HUMAN---SHIP2_HUMAN",38.9466213881792,-7.0764446493209,-0.700317313273844,1.03839710618069,-2.80579007377283
"KKCC1_HUMAN---Q8IZH9_HUMAN",38.7710046377987,-7.46830000499842,-1.11076483135919,1.3769867603226,-4.5663431446713
"PGAM1_HUMAN---PKP4_HUMAN",37.3563033193078,-5.27657997083521,-3.12103743412184,0.538979473111757,-1.78989923515125
"HNRL1_HUMAN---MEPCE_HUMAN",30.6162991192293,-12.3050189075011,-11.7447312204688,0.264455544005875,10.2772524289794
"AKT1_HUMAN-->EPHA2_HUMAN",28.3127229008344,-16.2919687804466,-9.21908805293795,-1.52319999364931,-15.951210900309
"ANKL2_HUMAN---Z512B_HUMAN",33.9482500801885,-19.4892036437824,-2.87546765529725,-1.92222058661295,-7.00661680850629
"AP3D1_HUMAN---MYC_HUMAN",23.5422046113207,-25.5418958231929,4.7740012631234,-17.1002678802172,-1.27566482582494
"BRD3_HUMAN---MYC_HUMAN",23.5422046113207,-25.5418958231929,4.7740012631234,-17.1002678802172,-1.27566482582494
"CAND1_HUMAN---SRPK2_HUMAN",35.9636173236336,-19.7378854019329,-5.25179735187438,-2.03726629908872,-0.217091217227428
"CD2B2_HUMAN---U520_HUMAN",28.3127229008344,-16.2919687804466,-9.21908805293795,-1.52319999364931,-15.951210900309
"CHIP_HUMAN---KHDR1_HUMAN",35.3448109387692,-18.8585709887449,-5.43889701973088,2.18279155532363,-3.0800588453532
"CUL4B_HUMAN---VPRBP_HUMAN",33.2618380357363,-19.9432161993448,-4.94044568377256,1.34964818303664,-3.18336850232003
"EGFR_HUMAN-->GAB1_HUMAN",37.1663596140115,-18.2781400349056,-6.06966166158283,0.169844267884075,-1.29965361276866
"HDAC1_HUMAN---MYC_HUMAN",23.5422046113207,-25.5418958231929,4.7740012631234,-17.1002678802172,-1.27566482582494
"MA7D1_HUMAN---MYC_HUMAN",23.5422046113207,-25.5418958231929,4.7740012631234,-17.1002678802172,-1.27566482582494
"MARK2_HUMAN-->RFIP2_HUMAN",23.5422046113207,-25.5418958231929,4.7740012631234,-17.1002678802172,-1.27566482582494
"MYC_HUMAN---NOC2L_HUMAN",23.5422046113207,-25.5418958231929,4.7740012631234,-17.1002678802172,-1.27566482582494
"MYC_HUMAN---NOL9_HUMAN",23.5422046113207,-25.5418958231929,4.7740012631234,-17.1002678802172,-1.27566482582494
"NPM_HUMAN---PPIL4_HUMAN",23.5422046113207,-25.5418958231929,4.7740012631234,-17.1002678802172,-1.27566482582494
"PSMG1_HUMAN---PSMG2_HUMAN",23.5422046113207,-25.5418958231929,4.7740012631234,-17.1002678802172,-1.27566482582494
"PSMG2_HUMAN---S35F6_HUMAN",24.7449469016986,-24.0821504561655,3.95613695341495,-14.8931573132444,-2.35822722136617
"RFIP1_HUMAN---RFIP2_HUMAN",23.5422046113207,-25.5418958231929,4.7740012631234,-17.1002678802172,-1.27566482582494
"S35F6_HUMAN---SPS1_HUMAN",24.7449469016986,-24.0821504561655,3.95613695341495,-14.8931573132444,-2.35822722136617
"SAT1_HUMAN---SPS1_HUMAN",24.7449469016986,-24.0821504561655,3.95613695341495,-14.8931573132444,-2.35822722136617
"SEPT2_HUMAN---SEPT9_HUMAN",23.5422046113207,-25.5418958231929,4.7740012631234,-17.1002678802172,-1.27566482582494
"TERF2_HUMAN---WDR4_HUMAN",23.5422046113207,-25.5418958231929,4.7740012631234,-17.1002678802172,-1.27566482582494
"CDC42_HUMAN---PAK1_HUMAN",34.537650454398,-13.1614789461305,-10.2398241962247,4.75229115108603,8.77571503484802
"EGFR_HUMAN---IQGA1_HUMAN",34.537650454398,-13.1614789461305,-10.2398241962247,4.75229115108603,8.77571503484802
"EIF3G_HUMAN---PKN2_HUMAN",36.225203187822,-13.2357403739969,-10.8191885623644,-0.31132062539625,5.72821287796328
"FGR_HUMAN---KHDR1_HUMAN",36.225203187822,-13.2357403739969,-10.8191885623644,-0.31132062539625,5.72821287796328
"LCK_HUMAN---RHG17_HUMAN",33.2770150583202,-11.2027034990218,-11.9967283507584,3.76653403121352,10.9591432330815
"PAK1_HUMAN-->BAD_HUMAN",34.537650454398,-13.1614789461305,-10.2398241962247,4.75229115108603,8.77571503484802
"PAK1_HUMAN-->PCBP1_HUMAN",34.537650454398,-13.1614789461305,-10.2398241962247,4.75229115108603,8.77571503484802
"EGFR_HUMAN---KAPCA_HUMAN",39.2593583157596,-6.9254863207119,0.500430186889234,2.57273192630786,2.68761113206747
"AMOT_HUMAN---DLG1_HUMAN",33.5658481827629,-12.1926493084812,-15.9771621561069,-2.66566412550309,-7.49168548486089
"CAND1_HUMAN---PDIA6_HUMAN",37.3048367612487,-17.8539204166577,-5.43319750049019,0.355499768702014,-2.35071276268205
"CSK21_HUMAN-->P53_HUMAN",37.3048367612487,-17.8539204166577,-5.43319750049019,0.355499768702014,-2.35071276268205
"P53_HUMAN---UBE2N_HUMAN",37.3048367612487,-17.8539204166577,-5.43319750049019,0.355499768702014,-2.35071276268205
"KPCD1_HUMAN-->MARK2_HUMAN",37.2623248859379,-18.2339909686899,-5.59611079244671,-0.934823126033396,1.3182356232121
"SRPK1_HUMAN---SRSF6_HUMAN",35.3875991943672,-19.0869236342724,-4.04753274020088,-3.594781775172,2.20995302332922
"AURKB_HUMAN-->ATM_HUMAN",37.1535546980562,-18.0724757329443,-6.24535976191184,1.04766326329233,-1.94536429513651
"AURKB_HUMAN-->HS90B_HUMAN",37.1535546980562,-18.0724757329443,-6.24535976191184,1.04766326329233,-1.94536429513651
"CUL4B_HUMAN---ROA2_HUMAN",37.1535546980562,-18.0724757329443,-6.24535976191184,1.04766326329233,-1.94536429513651
"ALDOC_HUMAN---GNL1_HUMAN",33.116533720937,-17.8938788861077,-6.60332276493342,6.85601223670107,5.00047291262428
"ALDOC_HUMAN---NSF1C_HUMAN",33.116533720937,-17.8938788861077,-6.60332276493342,6.85601223670107,5.00047291262428
"EGFR_HUMAN---STAM2_HUMAN",37.0006016400951,-17.0085876261904,-8.50074046712963,3.27822798729307,1.36783805126914
"CH10_HUMAN---EF1A1_HUMAN",37.6977976120128,-18.845981222296,-6.23414749535969,-0.69466678528569,1.85090316575101
"CSK21_HUMAN---SPB1_HUMAN",37.6977976120128,-18.845981222296,-6.23414749535969,-0.69466678528569,1.85090316575101
"FBLN2_HUMAN---PSMG2_HUMAN",37.6977976120128,-18.845981222296,-6.23414749535969,-0.69466678528569,1.85090316575101
"FBLN2_HUMAN---ZYX_HUMAN",37.6977976120128,-18.845981222296,-6.23414749535969,-0.69466678528569,1.85090316575101
"FUND2_HUMAN---UBP13_HUMAN",37.6977976120128,-18.845981222296,-6.23414749535969,-0.69466678528569,1.85090316575101
"HSF1_HUMAN---MK01_HUMAN",37.6977976120128,-18.845981222296,-6.23414749535969,-0.69466678528569,1.85090316575101
"HSF1_HUMAN---SUMO2_HUMAN",37.6977976120128,-18.845981222296,-6.23414749535969,-0.69466678528569,1.85090316575101
"LAPM5_HUMAN---UBP13_HUMAN",37.6977976120128,-18.845981222296,-6.23414749535969,-0.69466678528569,1.85090316575101
"1433G_HUMAN---HNRH1_HUMAN",37.0789912271484,-17.966666809108,-6.42124716321619,3.52539106912666,-1.01206446237476
"APC1_HUMAN---CDC20_HUMAN",33.3596750485827,-17.5495372544267,-5.81334170318224,8.03979632992525,2.04414235573929
"BAG6_HUMAN---SMN_HUMAN",33.8646825828587,-18.3860075221637,-5.16591218300422,5.04230726968041,-7.23378948360406
"DAXX_HUMAN---SPOP_HUMAN",33.4162947862291,-13.9704456756463,-12.5834699412872,1.21930088006043,-8.5816017891385
"MYD88_HUMAN---SPOP_HUMAN",33.4162947862291,-13.9704456756463,-12.5834699412872,1.21930088006043,-8.5816017891385
"AKA12_HUMAN---DC1L1_HUMAN",30.0754992203826,-15.9149057123759,-7.29908219877418,11.7492881326428,9.88546811923694
"APC1_HUMAN---B4DL80_HUMAN",37.4835226560115,-16.4038705396142,-7.62225940777311,3.64191066495737,3.49502646732623
"B4DL80_HUMAN---MD2L1_HUMAN",37.4835226560115,-16.4038705396142,-7.62225940777311,3.64191066495737,3.49502646732623
"B4DL80_HUMAN---MDC1_HUMAN",37.4835226560115,-16.4038705396142,-7.62225940777311,3.64191066495737,3.49502646732623
"CBL_HUMAN---PTN11_HUMAN",36.8297457130801,-13.7140530562391,-12.8941898616435,-3.24568344944481,-3.16738119817046
"EGFR_HUMAN---GRB10_HUMAN",37.8532297402357,-15.5993263040716,-9.94813911226043,-0.859824796289418,-1.07428000794583
"FYN_HUMAN-->CBL_HUMAN",36.8297457130801,-13.7140530562391,-12.8941898616435,-3.24568344944481,-3.16738119817046
"FYN_HUMAN---WASP_HUMAN",36.8297457130801,-13.7140530562391,-12.8941898616435,-3.24568344944481,-3.16738119817046
"GRB10_HUMAN---IGF1R_HUMAN",37.8532297402357,-15.5993263040716,-9.94813911226043,-0.859824796289418,-1.07428000794583
"HS90B_HUMAN---LCK_HUMAN",35.2378434614714,-13.3900147218071,-13.2142345831391,-0.793646407379125,-6.80119655655396
"RBMX_HUMAN---SRRM2_HUMAN",36.8297457130801,-13.7140530562391,-12.8941898616435,-3.24568344944481,-3.16738119817046
"1433G_HUMAN---PAK4_HUMAN",37.6399045063128,-15.4274604081601,-8.80891595960176,0.526686661814595,2.95176896844323
"BORG1_HUMAN---RHOQ_HUMAN",37.6399045063128,-15.4274604081601,-8.80891595960176,0.526686661814595,2.95176896844323
"PKN2_HUMAN---PLCG1_HUMAN",37.6399045063128,-15.4274604081601,-8.80891595960176,0.526686661814595,2.95176896844323
"RHOQ_HUMAN---WASL_HUMAN",37.6399045063128,-15.4274604081601,-8.80891595960176,0.526686661814595,2.95176896844323
"AKA11_HUMAN---NPM_HUMAN",36.9480495484302,-17.5176200509447,-6.22622755206422,3.30986930358746,-2.23678192515817
"CDK2_HUMAN-->RB_HUMAN",28.9067185488319,-19.8651793320876,-3.36092214750851,9.70104768940604,3.76864861501063
"CSK21_HUMAN-->HDAC1_HUMAN",36.9480495484302,-17.5176200509447,-6.22622755206422,3.30986930358746,-2.23678192515817
"CTNB1_HUMAN---HDAC1_HUMAN",36.9480495484302,-17.5176200509447,-6.22622755206422,3.30986930358746,-2.23678192515817
"GRB2_HUMAN---TS101_HUMAN",36.9480495484302,-17.5176200509447,-6.22622755206422,3.30986930358746,-2.23678192515817
"H2AY_HUMAN---MEP50_HUMAN",36.9480495484302,-17.5176200509447,-6.22622755206422,3.30986930358746,-2.23678192515817
"PSA3_HUMAN---ROA2_HUMAN",36.9480495484302,-17.5176200509447,-6.22622755206422,3.30986930358746,-2.23678192515817
"BCAR1_HUMAN---CD2AP_HUMAN",39.162799945432,-14.4392167843121,-5.28202896610176,1.53907154387783,-0.805448571114722
"CBL_HUMAN---MK08_HUMAN",39.162799945432,-14.4392167843121,-5.28202896610176,1.53907154387783,-0.805448571114722
"CRKL_HUMAN---MK01_HUMAN",39.162799945432,-14.4392167843121,-5.28202896610176,1.53907154387783,-0.805448571114722
"EGFR_HUMAN---STA5A_HUMAN",39.162799945432,-14.4392167843121,-5.28202896610176,1.53907154387783,-0.805448571114722
"MK08_HUMAN-->1433Z_HUMAN",39.162799945432,-14.4392167843121,-5.28202896610176,1.53907154387783,-0.805448571114722
"MK08_HUMAN-->4ET_HUMAN",39.162799945432,-14.4392167843121,-5.28202896610176,1.53907154387783,-0.805448571114722
"MK08_HUMAN-->STAT3_HUMAN",39.162799945432,-14.4392167843121,-5.28202896610176,1.53907154387783,-0.805448571114722
"MK01_HUMAN---SHC1_HUMAN",39.3384166958125,-14.0473614286346,-4.87158144801641,1.20048188973591,0.955104499783749
"SHC1_HUMAN---SHIP2_HUMAN",39.3384166958125,-14.0473614286346,-4.87158144801641,1.20048188973591,0.955104499783749
"CDK2_HUMAN---HS90A_HUMAN",34.9667535490234,-18.3934859439039,-5.72262569409405,4.02645700002155,4.1010721089399
"LNX1_HUMAN---RBMX_HUMAN",23.2101081692209,-21.0426412731247,1.32312880245282,-3.27435339351602,7.05131558146074
"A8K3M3_HUMAN---BCAR1_HUMAN",37.308637650782,-17.0621975208367,-7.37205652656381,3.96448082375279,-2.86547458817372
"A8K3M3_HUMAN---CSK21_HUMAN",37.308637650782,-17.0621975208367,-7.37205652656381,3.96448082375279,-2.86547458817372
"A8K3M3_HUMAN---EGFR_HUMAN",37.308637650782,-17.0621975208367,-7.37205652656381,3.96448082375279,-2.86547458817372
"A8K3M3_HUMAN---IGF1R_HUMAN",37.308637650782,-17.0621975208367,-7.37205652656381,3.96448082375279,-2.86547458817372
"CSK21_HUMAN---PSA3_HUMAN",35.2456603745667,-17.6000181619737,-7.00743722756519,5.27120684427196,-3.87479639973562
"MAPK5_HUMAN---MK13_HUMAN",37.308637650782,-17.0621975208367,-7.37205652656381,3.96448082375279,-2.86547458817372
"MK09_HUMAN-->MAPK5_HUMAN",37.308637650782,-17.0621975208367,-7.37205652656381,3.96448082375279,-2.86547458817372
"ML12A_HUMAN---SVIL_HUMAN",37.308637650782,-17.0621975208367,-7.37205652656381,3.96448082375279,-2.86547458817372
"CHIP_HUMAN---TRAF2_HUMAN",36.8375626261754,-17.9240564964057,-6.68739250606952,2.81916980220627,-0.240981041352113
"CTNB1_HUMAN---PAXI_HUMAN",36.8375626261754,-17.9240564964057,-6.68739250606952,2.81916980220627,-0.240981041352113
"DC1L1_HUMAN---MD2L1_HUMAN",34.8040612199469,-18.4472291135078,-4.25437553043457,-2.04632174676033,3.80573379781699
"EGFR_HUMAN---STIP1_HUMAN",37.0244733274684,-17.8217214645206,-5.45362307672567,1.37978604443754,-1.23858839546671
"GRB2_HUMAN---UBP8_HUMAN",37.0244733274684,-17.8217214645206,-5.45362307672567,1.37978604443754,-1.23858839546671
"HGS_HUMAN---MEP50_HUMAN",37.0244733274684,-17.8217214645206,-5.45362307672567,1.37978604443754,-1.23858839546671
"AKT1_HUMAN-->ACINU_HUMAN",38.4826528400076,-13.7740350470221,-4.84464667941165,1.42461441894563,-1.45333457965936
"AT1A1_HUMAN---EGFR_HUMAN",38.4826528400076,-13.7740350470221,-4.84464667941165,1.42461441894563,-1.45333457965936
"KAP2_HUMAN---Q8IZH9_HUMAN",38.4826528400076,-13.7740350470221,-4.84464667941165,1.42461441894563,-1.45333457965936
"GSK3A_HUMAN---HS90B_HUMAN",37.2781335097097,-18.1296149027565,-5.47663210336051,0.577322940175177,-1.81956889263601
"HS90A_HUMAN---LCK_HUMAN",37.2781335097097,-18.1296149027565,-5.47663210336051,0.577322940175177,-1.81956889263601
"KSYK_HUMAN---MYD88_HUMAN",37.2781335097097,-18.1296149027565,-5.47663210336051,0.577322940175177,-1.81956889263601
"LCK_HUMAN-->CBL_HUMAN",37.2781335097097,-18.1296149027565,-5.47663210336051,0.577322940175177,-1.81956889263601
"XRCC6_HUMAN---Z512B_HUMAN",37.2781335097097,-18.1296149027565,-5.47663210336051,0.577322940175177,-1.81956889263601
