"","V1","V2","V3","V4"
"1433G_HUMAN---3BP5L_HUMAN",-18.9156894236699,6.81902319146855,6.383532291243,-3.37339488977955
"1433G_HUMAN---AFAD_HUMAN",-19.5513875057798,-6.62090285673487,-6.60305288104532,0.977679709565271
"1433G_HUMAN---ANS1A_HUMAN",-19.5513875057798,-6.62090285673487,-6.60305288104532,0.977679709565271
"1433G_HUMAN---BCLF1_HUMAN",-19.5513875057798,-6.62090285673487,-6.60305288104532,0.977679709565271
"1433G_HUMAN---CDK16_HUMAN",-20.6851149329335,-2.32586286306943,3.44021874674248,3.00284529158273
"1433G_HUMAN---CLAP1_HUMAN",-19.5513875057798,-6.62090285673487,-6.60305288104532,0.977679709565271
"1433G_HUMAN---CRTC2_HUMAN",-20.6851149329335,-2.32586286306943,3.44021874674248,3.00284529158273
"1433G_HUMAN---DYR1A_HUMAN",-20.6851149329335,-2.32586286306943,3.44021874674248,3.00284529158273
"1433G_HUMAN---E41L2_HUMAN",-19.5513875057798,-6.62090285673487,-6.60305288104532,0.977679709565271
"1433G_HUMAN---EDC3_HUMAN",-20.6851149329335,-2.32586286306943,3.44021874674248,3.00284529158273
"1433G_HUMAN---FA53C_HUMAN",-19.5513875057798,-6.62090285673487,-6.60305288104532,0.977679709565271
"1433G_HUMAN---GSK3A_HUMAN",-20.6851149329335,-2.32586286306943,3.44021874674248,3.00284529158273
"1433G_HUMAN---HDAC4_HUMAN",-14.3355786162127,12.2399784489594,-0.461385401225809,-7.35374414111259
"1433G_HUMAN---LARP1_HUMAN",6.26731366461812,-19.075836442043,2.64132682350532,-4.29893755276117
"1433G_HUMAN---LSR_HUMAN",-19.5513875057798,-6.62090285673487,-6.60305288104532,0.977679709565271
"1433G_HUMAN---MARK2_HUMAN",-19.5513875057798,-6.62090285673487,-6.60305288104532,0.977679709565271
"1433G_HUMAN---MFAP1_HUMAN",-20.6851149329335,-2.32586286306943,3.44021874674248,3.00284529158273
"1433G_HUMAN---PANK2_HUMAN",-19.5513875057798,-6.62090285673487,-6.60305288104532,0.977679709565271
"1433G_HUMAN---PPIG_HUMAN",-19.5513875057798,-6.62090285673487,-6.60305288104532,0.977679709565271
"1433G_HUMAN---PRP4B_HUMAN",-19.5513875057798,-6.62090285673487,-6.60305288104532,0.977679709565271
"1433G_HUMAN---SMAG2_HUMAN",-19.5513875057798,-6.62090285673487,-6.60305288104532,0.977679709565271
"1433G_HUMAN---SON_HUMAN",-20.6851149329335,-2.32586286306943,3.44021874674248,3.00284529158273
"1433G_HUMAN---SRPK1_HUMAN",-14.3355786162127,12.2399784489594,-0.461385401225809,-7.35374414111259
"1433G_HUMAN---SRRM2_HUMAN",-19.5513875057798,-6.62090285673487,-6.60305288104532,0.977679709565271
"1433G_HUMAN---TR150_HUMAN",-20.6851149329335,-2.32586286306943,3.44021874674248,3.00284529158273
"1433G_HUMAN---TRA2A_HUMAN",-19.5513875057798,-6.62090285673487,-6.60305288104532,0.977679709565271
"1433G_HUMAN---UBP8_HUMAN",-20.6851149329335,-2.32586286306943,3.44021874674248,3.00284529158273
"1433G_HUMAN---ZCH18_HUMAN",6.26731366461812,-19.075836442043,2.64132682350532,-4.29893755276117
"1433G_HUMAN---ZN638_HUMAN",-19.5513875057798,-6.62090285673487,-6.60305288104532,0.977679709565271
"1433G_HUMAN---ZO2_HUMAN",-19.5513875057798,-6.62090285673487,-6.60305288104532,0.977679709565271
"3BP5L_HUMAN---EYA4_HUMAN",-18.9156894236699,6.81902319146855,6.383532291243,-3.37339488977955
"4ET_HUMAN---ATX1_HUMAN",-20.6851149329335,-2.32586286306943,3.44021874674248,3.00284529158273
"A8K015_HUMAN---STAT3_HUMAN",-18.9156894236699,6.81902319146855,6.383532291243,-3.37339488977955
"A8K015_HUMAN---TMX1_HUMAN",-18.9156894236699,6.81902319146855,6.383532291243,-3.37339488977955
"AAGAB_HUMAN---EIF3C_HUMAN",-20.6851149329335,-2.32586286306943,3.44021874674248,3.00284529158273
"AAPK2_HUMAN-->ACACA_HUMAN",-20.6851149329335,-2.32586286306943,3.44021874674248,3.00284529158273
"AAPK2_HUMAN---AMOT_HUMAN",-20.6851149329335,-2.32586286306943,3.44021874674248,3.00284529158273
"AAPK2_HUMAN---C170B_HUMAN",-20.6851149329335,-2.32586286306943,3.44021874674248,3.00284529158273
"ABI2_HUMAN---PCM1_HUMAN",-14.8777045939677,3.26749123587757,11.2075794774047,-8.62776605406344
"ABI2_HUMAN---VINC_HUMAN",11.9014296442319,-3.79001663228166,15.2741389291743,-3.04094467148047
"ABLM1_HUMAN---T22D4_HUMAN",-19.5513875057798,-6.62090285673487,-6.60305288104532,0.977679709565271
"ACAP2_HUMAN---LMNB1_HUMAN",10.1320041349683,-12.9349026868196,12.3308253846738,3.33529550988181
"ACK1_HUMAN---CDC42_HUMAN",-16.1050041254764,3.09509239442145,-3.40469894572633,-0.977503959750316
"ACLY_HUMAN---HGS_HUMAN",-20.6851149329335,-2.32586286306943,3.44021874674248,3.00284529158273
"ACTB_HUMAN---KHDR1_HUMAN",-20.6851149329335,-2.32586286306943,3.44021874674248,3.00284529158273
"ACTB_HUMAN---MIPT3_HUMAN",-19.5513875057798,-6.62090285673487,-6.60305288104532,0.977679709565271
"ACTB_HUMAN---PRSR2_HUMAN",-20.6851149329335,-2.32586286306943,3.44021874674248,3.00284529158273
"ACTB_HUMAN---SVIL_HUMAN",11.265731562122,-17.2299426804851,2.28755375688598,1.31012992786436
"ADCY6_HUMAN---ATX1_HUMAN",-14.3355786162127,12.2399784489594,-0.461385401225809,-7.35374414111259
"ADNP_HUMAN---SUMO2_HUMAN",-19.5513875057798,-6.62090285673487,-6.60305288104532,0.977679709565271
"ADT1_HUMAN---B2L13_HUMAN",-20.6851149329335,-2.32586286306943,3.44021874674248,3.00284529158273
"AFAD_HUMAN---DREB_HUMAN",-19.5513875057798,-6.62090285673487,-6.60305288104532,0.977679709565271
"AFAD_HUMAN---ZO1_HUMAN",-19.5513875057798,-6.62090285673487,-6.60305288104532,0.977679709565271
"AFTIN_HUMAN---GGA3_HUMAN",-20.6851149329335,-2.32586286306943,3.44021874674248,3.00284529158273
"AHNK_HUMAN---SUMO2_HUMAN",-20.6851149329335,-2.32586286306943,3.44021874674248,3.00284529158273
"AKA10_HUMAN---NHRF1_HUMAN",11.9014296442319,-3.79001663228166,15.2741389291743,-3.04094467148047
"AKA11_HUMAN---KAP2_HUMAN",-19.5513875057798,-6.62090285673487,-6.60305288104532,0.977679709565271
"AKA12_HUMAN---DC1L1_HUMAN",11.4831225541852,-0.214955136348665,8.78299430332484,-12.630361403439
"AKA12_HUMAN---EGFR_HUMAN",10.8474244720753,-13.6548811845521,-4.20359086896349,-8.27928680409422
"AKA12_HUMAN---KAP2_HUMAN",-19.5513875057798,-6.62090285673487,-6.60305288104532,0.977679709565271
"AKAP1_HUMAN---KAP2_HUMAN",-19.5513875057798,-6.62090285673487,-6.60305288104532,0.977679709565271
"AKAP2_HUMAN---KAP2_HUMAN",-19.5513875057798,-6.62090285673487,-6.60305288104532,0.977679709565271
"AKT1_HUMAN-->1433Z_HUMAN",-20.6851149329335,-2.32586286306943,3.44021874674248,3.00284529158273
"AKT1_HUMAN-->ATX1_HUMAN",-20.6851149329335,-2.32586286306943,3.44021874674248,3.00284529158273
"AKT1_HUMAN-->HJURP_HUMAN",-20.6851149329335,-2.32586286306943,3.44021874674248,3.00284529158273
"AKT1_HUMAN-->PALLD_HUMAN",-20.6851149329335,-2.32586286306943,3.44021874674248,3.00284529158273
"AKT1_HUMAN-->PDCD4_HUMAN",-20.6851149329335,-2.32586286306943,3.44021874674248,3.00284529158273
"AKT1_HUMAN-->RANB3_HUMAN",-20.6851149329335,-2.32586286306943,3.44021874674248,3.00284529158273
"AKT1_HUMAN-->SRPK2_HUMAN",-20.6851149329335,-2.32586286306943,3.44021874674248,3.00284529158273
"AKT1_HUMAN-->TBCD1_HUMAN",-20.6851149329335,-2.32586286306943,3.44021874674248,3.00284529158273
"AKT1_HUMAN-->TBCD4_HUMAN",-20.6851149329335,-2.32586286306943,3.44021874674248,3.00284529158273
"AKT1_HUMAN-->WNK1_HUMAN",-20.6851149329335,-2.32586286306943,3.44021874674248,3.00284529158273
"AKT1_HUMAN-->YAP1_HUMAN",-20.6851149329335,-2.32586286306943,3.44021874674248,3.00284529158273
"AKT1_HUMAN-->ZYX_HUMAN",-20.6851149329335,-2.32586286306943,3.44021874674248,3.00284529158273
"AMOT_HUMAN---FOXK1_HUMAN",-20.6851149329335,-2.32586286306943,3.44021874674248,3.00284529158273
"AMOT_HUMAN---MPP5_HUMAN",-20.6851149329335,-2.32586286306943,3.44021874674248,3.00284529158273
"AMOT_HUMAN---RHG17_HUMAN",-20.6851149329335,-2.32586286306943,3.44021874674248,3.00284529158273
"ANXA2_HUMAN---TRM7_HUMAN",-20.6851149329335,-2.32586286306943,3.44021874674248,3.00284529158273
"AP3D1_HUMAN---CTNB1_HUMAN",-10.1988935328741,-0.577105541755382,10.2726890093135,-13.5875055344148
"AR6P4_HUMAN---ARL6_HUMAN",-19.5513875057798,-6.62090285673487,-6.60305288104532,0.977679709565271
"AR6P4_HUMAN---SRPK2_HUMAN",-20.6851149329335,-2.32586286306943,3.44021874674248,3.00284529158273
"AR6P6_HUMAN---ARL6_HUMAN",-19.5513875057798,-6.62090285673487,-6.60305288104532,0.977679709565271
"ARHG5_HUMAN---CRKL_HUMAN",-19.5513875057798,-6.62090285673487,-6.60305288104532,0.977679709565271
"ARHG7_HUMAN---GIT1_HUMAN",-20.6851149329335,-2.32586286306943,3.44021874674248,3.00284529158273
"ARHG7_HUMAN---NAA10_HUMAN",-2.20739305722701,5.5925375720624,8.53015573204891,7.55625662754226
"ARHG7_HUMAN---PAK1_HUMAN",15.8458423695791,-11.8089874229942,-4.55736393558283,-2.67021932346869
"ARHG7_HUMAN---SCRIB_HUMAN",-19.5513875057798,-6.62090285673487,-6.60305288104532,0.977679709565271
"ARHGB_HUMAN---CDC42_HUMAN",-16.1050041254764,3.09509239442145,-3.40469894572633,-0.977503959750316
"ARIP4_HUMAN---SUMO2_HUMAN",-20.6851149329335,-2.32586286306943,3.44021874674248,3.00284529158273
"ARL4D_HUMAN---EMAL4_HUMAN",-20.6851149329335,-2.32586286306943,3.44021874674248,3.00284529158273
"ARL4D_HUMAN---PGAM1_HUMAN",-20.6851149329335,-2.32586286306943,3.44021874674248,3.00284529158273
"ARP8_HUMAN---TFPT_HUMAN",-20.6851149329335,-2.32586286306943,3.44021874674248,3.00284529158273
"ARPC3_HUMAN---BAG6_HUMAN",-18.9156894236699,6.81902319146855,6.383532291243,-3.37339488977955
"ARPC3_HUMAN---OTUD5_HUMAN",-18.9156894236699,6.81902319146855,6.383532291243,-3.37339488977955
"ASPM_HUMAN---SUMO2_HUMAN",-4.80686672221093,-2.56353101287552,13.1275154883684,-13.9705961888023
"AT133_HUMAN---MD2L1_HUMAN",-20.6851149329335,-2.32586286306943,3.44021874674248,3.00284529158273
"AT1A1_HUMAN---MK01_HUMAN",6.26731366461812,-19.075836442043,2.64132682350532,-4.29893755276117
"AT2B1_HUMAN---CSK21_HUMAN",-19.5513875057798,-6.62090285673487,-6.60305288104532,0.977679709565271
"ATM_HUMAN-->BAG6_HUMAN",-18.9156894236699,6.81902319146855,6.383532291243,-3.37339488977955
"ATM_HUMAN-->CCDC6_HUMAN",16.4815404516891,1.63093862520922,8.42922123670549,-7.02129392281351
"ATM_HUMAN-->FACD2_HUMAN",-20.6851149329335,-2.32586286306943,3.44021874674248,3.00284529158273
"ATM_HUMAN-->FUBP2_HUMAN",-18.9156894236699,6.81902319146855,6.383532291243,-3.37339488977955
"ATM_HUMAN-->HUWE1_HUMAN",-20.6851149329335,-2.32586286306943,3.44021874674248,3.00284529158273
"ATM_HUMAN-->SMC3_HUMAN",-20.6851149329335,-2.32586286306943,3.44021874674248,3.00284529158273
"ATM_HUMAN-->TAOK1_HUMAN",-20.6851149329335,-2.32586286306943,3.44021874674248,3.00284529158273
"ATM_HUMAN-->TOPB1_HUMAN",-20.6851149329335,-2.32586286306943,3.44021874674248,3.00284529158273
"ATM_HUMAN-->TP53B_HUMAN",-6.57629223147458,-11.7084170674135,10.1842019438679,-7.59435600744
"ATM_HUMAN-->ZN148_HUMAN",-20.6851149329335,-2.32586286306943,3.44021874674248,3.00284529158273
"ATRX_HUMAN---DAXX_HUMAN",-16.6471301032314,-5.8773948186604,8.26426593290419,-2.25152587270117
"ATX1_HUMAN---BACH_HUMAN",-20.6851149329335,-2.32586286306943,3.44021874674248,3.00284529158273
"ATX1_HUMAN---CCNK_HUMAN",-20.6851149329335,-2.32586286306943,3.44021874674248,3.00284529158273
"ATX1_HUMAN---CLASR_HUMAN",-20.6851149329335,-2.32586286306943,3.44021874674248,3.00284529158273
"ATX1_HUMAN---CPSF7_HUMAN",-20.6851149329335,-2.32586286306943,3.44021874674248,3.00284529158273
"ATX1_HUMAN---FA21C_HUMAN",-20.6851149329335,-2.32586286306943,3.44021874674248,3.00284529158273
"ATX1_HUMAN---PUM1_HUMAN",-20.6851149329335,-2.32586286306943,3.44021874674248,3.00284529158273
"ATX1_HUMAN---UNK_HUMAN",-20.6851149329335,-2.32586286306943,3.44021874674248,3.00284529158273
"ATX1_HUMAN---ZN609_HUMAN",5.13358623746442,-14.7807964483775,12.6845984512931,-2.27377197074372
"ATX2L_HUMAN---SUMO2_HUMAN",-19.5513875057798,-6.62090285673487,-6.60305288104532,0.977679709565271
"AURKB_HUMAN-->CCD86_HUMAN",-20.6851149329335,-2.32586286306943,3.44021874674248,3.00284529158273
"AURKB_HUMAN-->DDA1_HUMAN",14.7121149424254,-7.51394742932876,5.48590769220498,-0.645053741451231
"AURKB_HUMAN---H31T_HUMAN",-20.6851149329335,-2.32586286306943,3.44021874674248,3.00284529158273
"AURKB_HUMAN-->KI67_HUMAN",-20.6851149329335,-2.32586286306943,3.44021874674248,3.00284529158273
"AURKB_HUMAN-->LMO7_HUMAN",-20.6851149329335,-2.32586286306943,3.44021874674248,3.00284529158273
"AURKB_HUMAN-->MBB1A_HUMAN",-20.6851149329335,-2.32586286306943,3.44021874674248,3.00284529158273
"AURKB_HUMAN-->NELFE_HUMAN",-20.6851149329335,-2.32586286306943,3.44021874674248,3.00284529158273
"AURKB_HUMAN-->NSUN2_HUMAN",-20.6851149329335,-2.32586286306943,3.44021874674248,3.00284529158273
"AURKB_HUMAN-->PARD3_HUMAN",-20.6851149329335,-2.32586286306943,3.44021874674248,3.00284529158273
"AURKB_HUMAN-->PLEC_HUMAN",-18.9156894236699,6.81902319146855,6.383532291243,-3.37339488977955
"AURKB_HUMAN-->PPHLN_HUMAN",-20.6851149329335,-2.32586286306943,3.44021874674248,3.00284529158273
"AURKB_HUMAN---PSA3_HUMAN",-5.61878272541691,4.8438497157355,3.42777131684471,-17.5678547857478
"AURKB_HUMAN---SKA1_HUMAN",-20.6851149329335,-2.32586286306943,3.44021874674248,3.00284529158273
"AZI1_HUMAN---PCM1_HUMAN",-20.6851149329335,-2.32586286306943,3.44021874674248,3.00284529158273
"B2R9N9_HUMAN---GRM1A_HUMAN",-20.6851149329335,-2.32586286306943,3.44021874674248,3.00284529158273
"B2R9N9_HUMAN---MYD88_HUMAN",-20.6851149329335,-2.32586286306943,3.44021874674248,3.00284529158273
"BACH2_HUMAN---JUN_HUMAN",-20.6851149329335,-2.32586286306943,3.44021874674248,3.00284529158273
"BACH_HUMAN---NHLC2_HUMAN",-20.6851149329335,-2.32586286306943,3.44021874674248,3.00284529158273
"BAG6_HUMAN---SGTA_HUMAN",-18.9156894236699,6.81902319146855,6.383532291243,-3.37339488977955
"BAG6_HUMAN---UBL7_HUMAN",-18.9156894236699,6.81902319146855,6.383532291243,-3.37339488977955
"BAP18_HUMAN---WDR82_HUMAN",5.13358623746442,-14.7807964483775,12.6845984512931,-2.27377197074372
"BAZ1B_HUMAN---SUMO2_HUMAN",-20.6851149329335,-2.32586286306943,3.44021874674248,3.00284529158273
"BAZ2A_HUMAN---SUMO2_HUMAN",6.26731366461812,-19.075836442043,2.64132682350532,-4.29893755276117
"BBX_HUMAN---HS90B_HUMAN",-14.3355786162127,12.2399784489594,-0.461385401225809,-7.35374414111259
"BCAR1_HUMAN---CRKL_HUMAN",-19.5513875057798,-6.62090285673487,-6.60305288104532,0.977679709565271
"BCOR_HUMAN---KDM2B_HUMAN",-20.6851149329335,-2.32586286306943,3.44021874674248,3.00284529158273
"BCOR_HUMAN---SUMO2_HUMAN",-20.6851149329335,-2.32586286306943,3.44021874674248,3.00284529158273
"BCS1_HUMAN---DDX24_HUMAN",-20.6851149329335,-2.32586286306943,3.44021874674248,3.00284529158273
"BIG3_HUMAN---PP1A_HUMAN",-18.9156894236699,6.81902319146855,6.383532291243,-3.37339488977955
"BMS1_HUMAN---SUMO2_HUMAN",-19.5513875057798,-6.62090285673487,-6.60305288104532,0.977679709565271
"BORG1_HUMAN---CDC42_HUMAN",-16.1050041254764,3.09509239442145,-3.40469894572633,-0.977503959750316
"BRAP_HUMAN---KSR1_HUMAN",-20.6851149329335,-2.32586286306943,3.44021874674248,3.00284529158273
"BRD2_HUMAN---E2F2_HUMAN",-14.3355786162127,12.2399784489594,-0.461385401225809,-7.35374414111259
"BRD3_HUMAN---SRPK2_HUMAN",-10.1988935328741,-0.577105541755382,10.2726890093135,-13.5875055344148
"BRF2_HUMAN---HACD3_HUMAN",-11.9683190421377,-9.72199159629336,7.329375464813,-7.21126535305252
"BRF2_HUMAN---NOC2L_HUMAN",-11.9683190421377,-9.72199159629336,7.329375464813,-7.21126535305252
"BRF2_HUMAN---OTUD4_HUMAN",-11.9683190421377,-9.72199159629336,7.329375464813,-7.21126535305252
"BRF2_HUMAN---SF3B1_HUMAN",-11.9683190421377,-9.72199159629336,7.329375464813,-7.21126535305252
"BUD13_HUMAN---RBMX2_HUMAN",-20.6851149329335,-2.32586286306943,3.44021874674248,3.00284529158273
"BZW2_HUMAN---EGFR_HUMAN",-20.6851149329335,-2.32586286306943,3.44021874674248,3.00284529158273
"C2CD5_HUMAN---CDK5_HUMAN",-18.9156894236699,6.81902319146855,6.383532291243,-3.37339488977955
"CA052_HUMAN---ETS1_HUMAN",-20.6851149329335,-2.32586286306943,3.44021874674248,3.00284529158273
"CAAP1_HUMAN---KAT7_HUMAN",-20.6851149329335,-2.32586286306943,3.44021874674248,3.00284529158273
"CAF1B_HUMAN---SUMO2_HUMAN",-18.9156894236699,6.81902319146855,6.383532291243,-3.37339488977955
"CALX_HUMAN---PGRC1_HUMAN",-20.6851149329335,-2.32586286306943,3.44021874674248,3.00284529158273
"CALX_HUMAN---SUMO2_HUMAN",-20.6851149329335,-2.32586286306943,3.44021874674248,3.00284529158273
"CBLB_HUMAN---EGFR_HUMAN",-19.5513875057798,-6.62090285673487,-6.60305288104532,0.977679709565271
"CBLB_HUMAN---MYD88_HUMAN",-20.6851149329335,-2.32586286306943,3.44021874674248,3.00284529158273
"CBL_HUMAN---CD2AP_HUMAN",-19.5513875057798,-6.62090285673487,-6.60305288104532,0.977679709565271
"CBL_HUMAN---CRKL_HUMAN",-19.5513875057798,-6.62090285673487,-6.60305288104532,0.977679709565271
"CBL_HUMAN---EGFR_HUMAN",-15.2930881222704,-4.31228833418957,6.29504522579736,2.61975463719525
"CBL_HUMAN---EPHA2_HUMAN",-19.5513875057798,-6.62090285673487,-6.60305288104532,0.977679709565271
"CBL_HUMAN---ITSN1_HUMAN",-20.6851149329335,-2.32586286306943,3.44021874674248,3.00284529158273
"CBL_HUMAN---PLCG1_HUMAN",-19.5513875057798,-6.62090285673487,-6.60305288104532,0.977679709565271
"CBL_HUMAN---SHIP2_HUMAN",-19.5513875057798,-6.62090285673487,-6.60305288104532,0.977679709565271
"CBL_HUMAN---SPY1_HUMAN",-19.5513875057798,-6.62090285673487,-6.60305288104532,0.977679709565271
"CCD25_HUMAN---SMAD2_HUMAN",-20.6851149329335,-2.32586286306943,3.44021874674248,3.00284529158273
"CCD97_HUMAN---SRPK2_HUMAN",-18.9156894236699,6.81902319146855,6.383532291243,-3.37339488977955
"CCNK_HUMAN---STX11_HUMAN",-20.6851149329335,-2.32586286306943,3.44021874674248,3.00284529158273
"CD2AP_HUMAN---CD2_HUMAN",-20.6851149329335,-2.32586286306943,3.44021874674248,3.00284529158273
"CD2B2_HUMAN---CD2_HUMAN",-20.6851149329335,-2.32586286306943,3.44021874674248,3.00284529158273
"CD2B2_HUMAN---SF01_HUMAN",-20.6851149329335,-2.32586286306943,3.44021874674248,3.00284529158273
"CD2B2_HUMAN---SNUT2_HUMAN",-20.6851149329335,-2.32586286306943,3.44021874674248,3.00284529158273
"CDC20_HUMAN---MD2L1_HUMAN",-18.9156894236699,6.81902319146855,6.383532291243,-3.37339488977955
"CDC20_HUMAN---MDC1_HUMAN",-18.9156894236699,6.81902319146855,6.383532291243,-3.37339488977955
"CDC42_HUMAN---FETUA_HUMAN",-14.3355786162127,12.2399784489594,-0.461385401225809,-7.35374414111259
"CDC42_HUMAN---IQGA1_HUMAN",-16.1050041254764,3.09509239442145,-3.40469894572633,-0.977503959750316
"CDC42_HUMAN---PAK1_HUMAN",14.7121149424254,-7.51394742932876,5.48590769220498,-0.645053741451231
"CDC42_HUMAN---PAK4_HUMAN",-16.1050041254764,3.09509239442145,-3.40469894572633,-0.977503959750316
"CDCA3_HUMAN---TRAF2_HUMAN",-20.6851149329335,-2.32586286306943,3.44021874674248,3.00284529158273
"CDK12_HUMAN---PR40A_HUMAN",-20.6851149329335,-2.32586286306943,3.44021874674248,3.00284529158273
"CDK13_HUMAN---PR40A_HUMAN",-20.6851149329335,-2.32586286306943,3.44021874674248,3.00284529158273
"CDK1_HUMAN-->41_HUMAN",-19.5513875057798,-6.62090285673487,-6.60305288104532,0.977679709565271
"CDK1_HUMAN-->APC1_HUMAN",-20.6851149329335,-2.32586286306943,3.44021874674248,3.00284529158273
"CDK1_HUMAN-->DDX3X_HUMAN",-19.5513875057798,-6.62090285673487,-6.60305288104532,0.977679709565271
"CDK1_HUMAN-->DLG1_HUMAN",-20.6851149329335,-2.32586286306943,3.44021874674248,3.00284529158273
"CDK1_HUMAN-->DNLI3_HUMAN",6.26731366461812,-19.075836442043,2.64132682350532,-4.29893755276117
"CDK1_HUMAN-->DNM1L_HUMAN",6.26731366461812,-19.075836442043,2.64132682350532,-4.29893755276117
"CDK1_HUMAN-->EZH2_HUMAN",-20.6851149329335,-2.32586286306943,3.44021874674248,3.00284529158273
"CDK1_HUMAN-->FOXM1_HUMAN",-18.9156894236699,6.81902319146855,6.383532291243,-3.37339488977955
"CDK1_HUMAN-->GUAA_HUMAN",6.26731366461812,-19.075836442043,2.64132682350532,-4.29893755276117
"CDK1_HUMAN-->H14_HUMAN",-20.6851149329335,-2.32586286306943,3.44021874674248,3.00284529158273
"CDK1_HUMAN-->KAT7_HUMAN",-6.57629223147458,-11.7084170674135,10.1842019438679,-7.59435600744
"CDK1_HUMAN-->LAP2A_HUMAN",-20.6851149329335,-2.32586286306943,3.44021874674248,3.00284529158273
"CDK1_HUMAN-->LMNB1_HUMAN",10.1320041349683,-12.9349026868196,12.3308253846738,3.33529550988181
"CDK1_HUMAN-->MP2K1_HUMAN",-18.9156894236699,6.81902319146855,6.383532291243,-3.37339488977955
"CDK1_HUMAN-->NIPA_HUMAN",5.13358623746442,-14.7807964483775,12.6845984512931,-2.27377197074372
"CDK1_HUMAN-->NPM_HUMAN",-20.6851149329335,-2.32586286306943,3.44021874674248,3.00284529158273
"CDK1_HUMAN-->NSF1C_HUMAN",-19.5513875057798,-6.62090285673487,-6.60305288104532,0.977679709565271
"CDK1_HUMAN-->NUCKS_HUMAN",6.26731366461812,-19.075836442043,2.64132682350532,-4.29893755276117
"CDK1_HUMAN-->NUP98_HUMAN",-19.5513875057798,-6.62090285673487,-6.60305288104532,0.977679709565271
"CDK1_HUMAN-->P3C2A_HUMAN",-19.5513875057798,-6.62090285673487,-6.60305288104532,0.977679709565271
"CDK1_HUMAN-->PKN2_HUMAN",-16.1050041254764,3.09509239442145,-3.40469894572633,-0.977503959750316
"CDK1_HUMAN-->PTN2_HUMAN",-19.5513875057798,-6.62090285673487,-6.60305288104532,0.977679709565271
"CDK1_HUMAN-->PUR6_HUMAN",6.26731366461812,-19.075836442043,2.64132682350532,-4.29893755276117
"CDK1_HUMAN-->RFC1_HUMAN",-20.6851149329335,-2.32586286306943,3.44021874674248,3.00284529158273
"CDK1_HUMAN-->TCOF_HUMAN",6.26731366461812,-19.075836442043,2.64132682350532,-4.29893755276117
"CDK1_HUMAN-->TFPT_HUMAN",-20.6851149329335,-2.32586286306943,3.44021874674248,3.00284529158273
"CDK1_HUMAN-->UBP2L_HUMAN",-20.6851149329335,-2.32586286306943,3.44021874674248,3.00284529158273
"CDK1_HUMAN-->UNG_HUMAN",-18.9156894236699,6.81902319146855,6.383532291243,-3.37339488977955
"CDK5_HUMAN-->ATM_HUMAN",-20.6851149329335,-2.32586286306943,3.44021874674248,3.00284529158273
"CDK5_HUMAN-->HD_HUMAN",-18.9156894236699,6.81902319146855,6.383532291243,-3.37339488977955
"CDK5_HUMAN---HS90B_HUMAN",16.4815404516891,1.63093862520922,8.42922123670549,-7.02129392281351
"CDK5_HUMAN---K0195_HUMAN",-14.3355786162127,12.2399784489594,-0.461385401225809,-7.35374414111259
"CDK5_HUMAN-->LMTK2_HUMAN",-18.9156894236699,6.81902319146855,6.383532291243,-3.37339488977955
"CDKL5_HUMAN---FYN_HUMAN",-20.6851149329335,-2.32586286306943,3.44021874674248,3.00284529158273
"CDS2_HUMAN---TS101_HUMAN",-14.3355786162127,12.2399784489594,-0.461385401225809,-7.35374414111259
"CEBPZ_HUMAN---DDX55_HUMAN",7.22482317067579,-2.52356965889397,-4.11510380351785,-14.272436331069
"CEBPZ_HUMAN---PHS_HUMAN",-6.57629223147458,-11.7084170674135,10.1842019438679,-7.59435600744
"CEBPZ_HUMAN---RBM34_HUMAN",11.4831225541852,-0.214955136348665,8.78299430332484,-12.630361403439
"CFDP1_HUMAN---CSK21_HUMAN",-19.5513875057798,-6.62090285673487,-6.60305288104532,0.977679709565271
"CG050_HUMAN---HDGF_HUMAN",-18.9156894236699,6.81902319146855,6.383532291243,-3.37339488977955
"CH10_HUMAN---SAT1_HUMAN",-14.8725764446862,-10.4654996343678,-7.53794334913651,-3.98205977078609
"CHAP1_HUMAN---SUMO2_HUMAN",-19.5513875057798,-6.62090285673487,-6.60305288104532,0.977679709565271
"CHD3_HUMAN---F134A_HUMAN",-18.9156894236699,6.81902319146855,6.383532291243,-3.37339488977955
"CHD3_HUMAN---PAIRB_HUMAN",-18.9156894236699,6.81902319146855,6.383532291243,-3.37339488977955
"CHD3_HUMAN---SUMO2_HUMAN",-18.9156894236699,6.81902319146855,6.383532291243,-3.37339488977955
"CHD4_HUMAN---HDAC2_HUMAN",10.1320041349683,-12.9349026868196,12.3308253846738,3.33529550988181
"CHIP_HUMAN---HS90B_HUMAN",16.4815404516891,1.63093862520922,8.42922123670549,-7.02129392281351
"CHIP_HUMAN---PSA3_HUMAN",-14.3355786162127,12.2399784489594,-0.461385401225809,-7.35374414111259
"CHIP_HUMAN---UBE2N_HUMAN",-18.9156894236699,6.81902319146855,6.383532291243,-3.37339488977955
"CK052_HUMAN---SRPK1_HUMAN",-14.3355786162127,12.2399784489594,-0.461385401225809,-7.35374414111259
"CLSPN_HUMAN---SUMO2_HUMAN",-19.5513875057798,-6.62090285673487,-6.60305288104532,0.977679709565271
"CPSF4_HUMAN---CSTFT_HUMAN",-18.9156894236699,6.81902319146855,6.383532291243,-3.37339488977955
"CPSF4_HUMAN---FIP1_HUMAN",-18.9156894236699,6.81902319146855,6.383532291243,-3.37339488977955
"CRKL_HUMAN---M4K5_HUMAN",-19.5513875057798,-6.62090285673487,-6.60305288104532,0.977679709565271
"CRKL_HUMAN---STA5A_HUMAN",-19.5513875057798,-6.62090285673487,-6.60305288104532,0.977679709565271
"CRKL_HUMAN---TENC1_HUMAN",-19.5513875057798,-6.62090285673487,-6.60305288104532,0.977679709565271
"CRKL_HUMAN---WAC_HUMAN",-20.6851149329335,-2.32586286306943,3.44021874674248,3.00284529158273
"CRK_HUMAN---ZAP70_HUMAN",-20.6851149329335,-2.32586286306943,3.44021874674248,3.00284529158273
"CSK21_HUMAN-->ABCF1_HUMAN",-19.5513875057798,-6.62090285673487,-6.60305288104532,0.977679709565271
"CSK21_HUMAN-->AKT1_HUMAN",10.1320041349683,-12.9349026868196,12.3308253846738,3.33529550988181
"CSK21_HUMAN-->CALM_HUMAN",-19.5513875057798,-6.62090285673487,-6.60305288104532,0.977679709565271
"CSK21_HUMAN-->CDK1_HUMAN",-19.5513875057798,-6.62090285673487,-6.60305288104532,0.977679709565271
"CSK21_HUMAN-->DAXX_HUMAN",-16.6471301032314,-5.8773948186604,8.26426593290419,-2.25152587270117
"CSK21_HUMAN---DDX54_HUMAN",-19.5513875057798,-6.62090285673487,-6.60305288104532,0.977679709565271
"CSK21_HUMAN-->DNLI1_HUMAN",5.13358623746442,-14.7807964483775,12.6845984512931,-2.27377197074372
"CSK21_HUMAN---EF1B_HUMAN",-20.6851149329335,-2.32586286306943,3.44021874674248,3.00284529158273
"CSK21_HUMAN-->EF1D_HUMAN",-20.6851149329335,-2.32586286306943,3.44021874674248,3.00284529158273
"CSK21_HUMAN---ENPL_HUMAN",-20.6851149329335,-2.32586286306943,3.44021874674248,3.00284529158273
"CSK21_HUMAN---FIP1_HUMAN",-20.6851149329335,-2.32586286306943,3.44021874674248,3.00284529158273
"CSK21_HUMAN---GPN1_HUMAN",-20.6851149329335,-2.32586286306943,3.44021874674248,3.00284529158273
"CSK21_HUMAN---HAP28_HUMAN",-20.6851149329335,-2.32586286306943,3.44021874674248,3.00284529158273
"CSK21_HUMAN---HIRP3_HUMAN",-19.5513875057798,-6.62090285673487,-6.60305288104532,0.977679709565271
"CSK21_HUMAN-->HNRPC_HUMAN",-20.6851149329335,-2.32586286306943,3.44021874674248,3.00284529158273
"CSK21_HUMAN---ICLN_HUMAN",-19.5513875057798,-6.62090285673487,-6.60305288104532,0.977679709565271
"CSK21_HUMAN---IMA3_HUMAN",-6.57629223147458,-11.7084170674135,10.1842019438679,-7.59435600744
"CSK21_HUMAN-->JUN_HUMAN",-20.6851149329335,-2.32586286306943,3.44021874674248,3.00284529158273
"CSK21_HUMAN---KRI1_HUMAN",-14.3355786162127,12.2399784489594,-0.461385401225809,-7.35374414111259
"CSK21_HUMAN-->LA_HUMAN",-19.5513875057798,-6.62090285673487,-6.60305288104532,0.977679709565271
"CSK21_HUMAN---LYRIC_HUMAN",-19.5513875057798,-6.62090285673487,-6.60305288104532,0.977679709565271
"CSK21_HUMAN-->MCM2_HUMAN",-20.6851149329335,-2.32586286306943,3.44021874674248,3.00284529158273
"CSK21_HUMAN-->MDC1_HUMAN",-20.6851149329335,-2.32586286306943,3.44021874674248,3.00284529158273
"CSK21_HUMAN---MGMT_HUMAN",-20.6851149329335,-2.32586286306943,3.44021874674248,3.00284529158273
"CSK21_HUMAN-->MPRI_HUMAN",-19.5513875057798,-6.62090285673487,-6.60305288104532,0.977679709565271
"CSK21_HUMAN-->MYH10_HUMAN",-19.5513875057798,-6.62090285673487,-6.60305288104532,0.977679709565271
"CSK21_HUMAN-->NCOR2_HUMAN",-18.9156894236699,6.81902319146855,6.383532291243,-3.37339488977955
"CSK21_HUMAN---NMD3_HUMAN",-20.6851149329335,-2.32586286306943,3.44021874674248,3.00284529158273
"CSK21_HUMAN---OSBP1_HUMAN",11.265731562122,-17.2299426804851,2.28755375688598,1.31012992786436
"CSK21_HUMAN-->PDIA6_HUMAN",-19.5513875057798,-6.62090285673487,-6.60305288104532,0.977679709565271
"CSK21_HUMAN-->PIAS1_HUMAN",-20.6851149329335,-2.32586286306943,3.44021874674248,3.00284529158273
"CSK21_HUMAN---PSIP1_HUMAN",-19.5513875057798,-6.62090285673487,-6.60305288104532,0.977679709565271
"CSK21_HUMAN---PURB_HUMAN",-20.6851149329335,-2.32586286306943,3.44021874674248,3.00284529158273
"CSK21_HUMAN---RBM33_HUMAN",-19.5513875057798,-6.62090285673487,-6.60305288104532,0.977679709565271
"CSK21_HUMAN---RL1D1_HUMAN",-19.5513875057798,-6.62090285673487,-6.60305288104532,0.977679709565271
"CSK21_HUMAN---RPRD2_HUMAN",-19.5513875057798,-6.62090285673487,-6.60305288104532,0.977679709565271
"CSK21_HUMAN-->SAT1_HUMAN",-14.8725764446862,-10.4654996343678,-7.53794334913651,-3.98205977078609
"CSK21_HUMAN-->SEPT2_HUMAN",-18.9156894236699,6.81902319146855,6.383532291243,-3.37339488977955
"CSK21_HUMAN-->SIR1_HUMAN",-18.9156894236699,6.81902319146855,6.383532291243,-3.37339488977955
"CSK21_HUMAN-->SPTB2_HUMAN",-20.6851149329335,-2.32586286306943,3.44021874674248,3.00284529158273
"CSK21_HUMAN---T2FA_HUMAN",5.13358623746442,-14.7807964483775,12.6845984512931,-2.27377197074372
"CSK21_HUMAN---TB182_HUMAN",5.13358623746442,-14.7807964483775,12.6845984512931,-2.27377197074372
"CSK21_HUMAN---TCP4_HUMAN",-19.5513875057798,-6.62090285673487,-6.60305288104532,0.977679709565271
"CSK21_HUMAN-->TEBP_HUMAN",14.7121149424254,-7.51394742932876,5.48590769220498,-0.645053741451231
"CSK21_HUMAN-->TELO2_HUMAN",-19.5513875057798,-6.62090285673487,-6.60305288104532,0.977679709565271
"CSK21_HUMAN---UBP24_HUMAN",-19.5513875057798,-6.62090285673487,-6.60305288104532,0.977679709565271
"CSK21_HUMAN---VAMP4_HUMAN",-19.5513875057798,-6.62090285673487,-6.60305288104532,0.977679709565271
"CSK21_HUMAN-->XRCC1_HUMAN",-19.5513875057798,-6.62090285673487,-6.60305288104532,0.977679709565271
"CTNA1_HUMAN---CTNB1_HUMAN",-18.9156894236699,6.81902319146855,6.383532291243,-3.37339488977955
"CTNA1_HUMAN---LIMA1_HUMAN",-18.9156894236699,6.81902319146855,6.383532291243,-3.37339488977955
"CTNA1_HUMAN---VINC_HUMAN",-18.9156894236699,6.81902319146855,6.383532291243,-3.37339488977955
"CTNB1_HUMAN---GLIS2_HUMAN",-18.9156894236699,6.81902319146855,6.383532291243,-3.37339488977955
"CTNB1_HUMAN---IQGA1_HUMAN",-18.9156894236699,6.81902319146855,6.383532291243,-3.37339488977955
"CTNB1_HUMAN---KMT2D_HUMAN",-18.9156894236699,6.81902319146855,6.383532291243,-3.37339488977955
"CTNB1_HUMAN---LAP2_HUMAN",-14.3355786162127,12.2399784489594,-0.461385401225809,-7.35374414111259
"CTND1_HUMAN---SUMO2_HUMAN",-19.5513875057798,-6.62090285673487,-6.60305288104532,0.977679709565271
"CTR9_HUMAN---SSRP1_HUMAN",-18.9156894236699,6.81902319146855,6.383532291243,-3.37339488977955
"CUL4B_HUMAN---DDA1_HUMAN",-18.9156894236699,6.81902319146855,6.383532291243,-3.37339488977955
"CUL4B_HUMAN---RL35A_HUMAN",-13.917271526166,8.66491695302643,6.02975922462366,2.23567259084598
"CYTSA_HUMAN---GLIS2_HUMAN",-19.5513875057798,-6.62090285673487,-6.60305288104532,0.977679709565271
"CYTSB_HUMAN---TRAF2_HUMAN",-20.6851149329335,-2.32586286306943,3.44021874674248,3.00284529158273
"DAXX_HUMAN---ETS1_HUMAN",-16.6471301032314,-5.8773948186604,8.26426593290419,-2.25152587270117
"DAXX_HUMAN---FRIH_HUMAN",-16.6471301032314,-5.8773948186604,8.26426593290419,-2.25152587270117
"DAXX_HUMAN---MCRS1_HUMAN",-16.6471301032314,-5.8773948186604,8.26426593290419,-2.25152587270117
"DBNL_HUMAN---SH24A_HUMAN",-20.6851149329335,-2.32586286306943,3.44021874674248,3.00284529158273
"DC1L1_HUMAN---DC1L2_HUMAN",-20.6851149329335,-2.32586286306943,3.44021874674248,3.00284529158273
"DCAF8_HUMAN---SUV91_HUMAN",-18.9156894236699,6.81902319146855,6.383532291243,-3.37339488977955
"DDA1_HUMAN---VPRBP_HUMAN",-20.6851149329335,-2.32586286306943,3.44021874674248,3.00284529158273
"DDX21_HUMAN---JUN_HUMAN",-20.6851149329335,-2.32586286306943,3.44021874674248,3.00284529158273
"DDX24_HUMAN---HS90B_HUMAN",-14.3355786162127,12.2399784489594,-0.461385401225809,-7.35374414111259
"DDX24_HUMAN---SPTN1_HUMAN",-20.6851149329335,-2.32586286306943,3.44021874674248,3.00284529158273
"DDX3X_HUMAN---EIF3B_HUMAN",14.7121149424254,-7.51394742932876,5.48590769220498,-0.645053741451231
"DDX3Y_HUMAN---SMAD2_HUMAN",-20.6851149329335,-2.32586286306943,3.44021874674248,3.00284529158273
"DDX41_HUMAN---NKAP_HUMAN",-20.6851149329335,-2.32586286306943,3.44021874674248,3.00284529158273
"DDX42_HUMAN---MEPCE_HUMAN",-20.6851149329335,-2.32586286306943,3.44021874674248,3.00284529158273
"DDX46_HUMAN---SUMO2_HUMAN",-19.5513875057798,-6.62090285673487,-6.60305288104532,0.977679709565271
"DDX54_HUMAN---WDHD1_HUMAN",-19.5513875057798,-6.62090285673487,-6.60305288104532,0.977679709565271
"DENR_HUMAN---PP1B_HUMAN",-19.5513875057798,-6.62090285673487,-6.60305288104532,0.977679709565271
"DEP1B_HUMAN---MDC1_HUMAN",-20.6851149329335,-2.32586286306943,3.44021874674248,3.00284529158273
"DESP_HUMAN---PKP2_HUMAN",-18.9156894236699,6.81902319146855,6.383532291243,-3.37339488977955
"DESP_HUMAN---PKP4_HUMAN",-19.5513875057798,-6.62090285673487,-6.60305288104532,0.977679709565271
"DHX29_HUMAN---FOXM1_HUMAN",-18.9156894236699,6.81902319146855,6.383532291243,-3.37339488977955
"DHX57_HUMAN---LYAR_HUMAN",-5.61878272541691,4.8438497157355,3.42777131684471,-17.5678547857478
"DIDO1_HUMAN---HNRPK_HUMAN",-18.9156894236699,6.81902319146855,6.383532291243,-3.37339488977955
"DLG1_HUMAN---IRK12_HUMAN",-20.6851149329335,-2.32586286306943,3.44021874674248,3.00284529158273
"DLG1_HUMAN---TJAP1_HUMAN",-20.6851149329335,-2.32586286306943,3.44021874674248,3.00284529158273
"DLG3_HUMAN---PP1A_HUMAN",-18.9156894236699,6.81902319146855,6.383532291243,-3.37339488977955
"DNMT1_HUMAN---HDAC2_HUMAN",10.1320041349683,-12.9349026868196,12.3308253846738,3.33529550988181
"DOCK1_HUMAN---FYN_HUMAN",-20.6851149329335,-2.32586286306943,3.44021874674248,3.00284529158273
"DOCK4_HUMAN---GRB2_HUMAN",-19.5513875057798,-6.62090285673487,-6.60305288104532,0.977679709565271
"DREB_HUMAN---NIPBL_HUMAN",-19.5513875057798,-6.62090285673487,-6.60305288104532,0.977679709565271
"DREB_HUMAN---ZC3H4_HUMAN",-19.5513875057798,-6.62090285673487,-6.60305288104532,0.977679709565271
"DYR1A_HUMAN-->CCNL2_HUMAN",-20.6851149329335,-2.32586286306943,3.44021874674248,3.00284529158273
"DYR1A_HUMAN-->SF3B1_HUMAN",-20.6851149329335,-2.32586286306943,3.44021874674248,3.00284529158273
"DYR1B_HUMAN---MK01_HUMAN",-19.5513875057798,-6.62090285673487,-6.60305288104532,0.977679709565271
"DYRK4_HUMAN---HS90B_HUMAN",-14.3355786162127,12.2399784489594,-0.461385401225809,-7.35374414111259
"E2F2_HUMAN---RB_HUMAN",-14.3355786162127,12.2399784489594,-0.461385401225809,-7.35374414111259
"E7ETM7_HUMAN---PTSS2_HUMAN",-18.9156894236699,6.81902319146855,6.383532291243,-3.37339488977955
"E7ETM7_HUMAN---SUMO2_HUMAN",-18.9156894236699,6.81902319146855,6.383532291243,-3.37339488977955
"E9PAU2_HUMAN---SUMO2_HUMAN",-19.5513875057798,-6.62090285673487,-6.60305288104532,0.977679709565271
"EDC3_HUMAN---EDC4_HUMAN",-20.6851149329335,-2.32586286306943,3.44021874674248,3.00284529158273
"EF1A1_HUMAN---MAGD2_HUMAN",-20.6851149329335,-2.32586286306943,3.44021874674248,3.00284529158273
"EF1A1_HUMAN---SUMO2_HUMAN",-20.6851149329335,-2.32586286306943,3.44021874674248,3.00284529158273
"EFNA5_HUMAN---EPHA2_HUMAN",-19.5513875057798,-6.62090285673487,-6.60305288104532,0.977679709565271
"EFNA5_HUMAN---EPHA3_HUMAN",-19.5513875057798,-6.62090285673487,-6.60305288104532,0.977679709565271
"EFNA5_HUMAN---EPHA7_HUMAN",-19.5513875057798,-6.62090285673487,-6.60305288104532,0.977679709565271
"EFNB2_HUMAN---EPHA3_HUMAN",-19.5513875057798,-6.62090285673487,-6.60305288104532,0.977679709565271
"EGFR_HUMAN-->CCD50_HUMAN",-19.5513875057798,-6.62090285673487,-6.60305288104532,0.977679709565271
"EGFR_HUMAN---EGF_HUMAN",-19.5513875057798,-6.62090285673487,-6.60305288104532,0.977679709565271
"EGFR_HUMAN---ENPL_HUMAN",-20.6851149329335,-2.32586286306943,3.44021874674248,3.00284529158273
"EGFR_HUMAN---EPN1_HUMAN",-19.5513875057798,-6.62090285673487,-6.60305288104532,0.977679709565271
"EGFR_HUMAN-->FAK1_HUMAN",-19.5513875057798,-6.62090285673487,-6.60305288104532,0.977679709565271
"EGFR_HUMAN---GRB2_HUMAN",-19.5513875057798,-6.62090285673487,-6.60305288104532,0.977679709565271
"EGFR_HUMAN-->GSTP1_HUMAN",-20.6851149329335,-2.32586286306943,3.44021874674248,3.00284529158273
"EGFR_HUMAN---HGS_HUMAN",-19.5513875057798,-6.62090285673487,-6.60305288104532,0.977679709565271
"EGFR_HUMAN---HS90B_HUMAN",-14.3355786162127,12.2399784489594,-0.461385401225809,-7.35374414111259
"EGFR_HUMAN---IQGA1_HUMAN",14.7121149424254,-7.51394742932876,5.48590769220498,-0.645053741451231
"EGFR_HUMAN---TPPC3_HUMAN",0.839928507540992,-4.34034149243271,15.0405191384529,-11.9746441775586
"EGFR_HUMAN---UBP8_HUMAN",-20.6851149329335,-2.32586286306943,3.44021874674248,3.00284529158273
"EGLN1_HUMAN---ING4_HUMAN",-3.97681856649066,-3.55234848247557,5.58684218754839,13.9324968089045
"EIF3B_HUMAN---EIF3C_HUMAN",10.1320041349683,-12.9349026868196,12.3308253846738,3.33529550988181
"EIF3B_HUMAN---EIF3G_HUMAN",-18.9156894236699,6.81902319146855,6.383532291243,-3.37339488977955
"ELF2_HUMAN---SUMO2_HUMAN",-19.5513875057798,-6.62090285673487,-6.60305288104532,0.977679709565271
"EP15R_HUMAN---EPN1_HUMAN",-20.6851149329335,-2.32586286306943,3.44021874674248,3.00284529158273
"EPN1_HUMAN---EPS15_HUMAN",-19.5513875057798,-6.62090285673487,-6.60305288104532,0.977679709565271
"ESF1_HUMAN---SUMO2_HUMAN",-18.9156894236699,6.81902319146855,6.383532291243,-3.37339488977955
"ETS1_HUMAN---IF2P_HUMAN",-20.6851149329335,-2.32586286306943,3.44021874674248,3.00284529158273
"ETS1_HUMAN---SRS11_HUMAN",5.13358623746442,-14.7807964483775,12.6845984512931,-2.27377197074372
"ETS1_HUMAN---TCAL3_HUMAN",-20.6851149329335,-2.32586286306943,3.44021874674248,3.00284529158273
"F122B_HUMAN---RAE1L_HUMAN",-14.3355786162127,12.2399784489594,-0.461385401225809,-7.35374414111259
"F208A_HUMAN---TM1L1_HUMAN",-19.5513875057798,-6.62090285673487,-6.60305288104532,0.977679709565271
"FA21A_HUMAN---ROCK1_HUMAN",-20.6851149329335,-2.32586286306943,3.44021874674248,3.00284529158273
"FACD2_HUMAN---WDR48_HUMAN",-19.5513875057798,-6.62090285673487,-6.60305288104532,0.977679709565271
"FAK1_HUMAN---PAXI_HUMAN",-20.6851149329335,-2.32586286306943,3.44021874674248,3.00284529158273
"FARP1_HUMAN---PP1A_HUMAN",-18.9156894236699,6.81902319146855,6.383532291243,-3.37339488977955
"FBX4_HUMAN---HS90B_HUMAN",-14.3355786162127,12.2399784489594,-0.461385401225809,-7.35374414111259
"FGR_HUMAN---KSYK_HUMAN",-14.3355786162127,12.2399784489594,-0.461385401225809,-7.35374414111259
"FKB15_HUMAN---PP1A_HUMAN",-18.9156894236699,6.81902319146855,6.383532291243,-3.37339488977955
"FNBP4_HUMAN---KHDR1_HUMAN",-20.6851149329335,-2.32586286306943,3.44021874674248,3.00284529158273
"FUBP1_HUMAN---MK14_HUMAN",-20.6851149329335,-2.32586286306943,3.44021874674248,3.00284529158273
"FUBP2_HUMAN---HNRH1_HUMAN",-18.9156894236699,6.81902319146855,6.383532291243,-3.37339488977955
"FUND2_HUMAN---SAT1_HUMAN",-14.8725764446862,-10.4654996343678,-7.53794334913651,-3.98205977078609
"FYN_HUMAN---KHDR1_HUMAN",-20.6851149329335,-2.32586286306943,3.44021874674248,3.00284529158273
"FYN_HUMAN---SPN90_HUMAN",-20.6851149329335,-2.32586286306943,3.44021874674248,3.00284529158273
"FYN_HUMAN---TM1L1_HUMAN",-20.6851149329335,-2.32586286306943,3.44021874674248,3.00284529158273
"G3BP1_HUMAN---RL14_HUMAN",-20.6851149329335,-2.32586286306943,3.44021874674248,3.00284529158273
"G3BP1_HUMAN---UBP10_HUMAN",-20.6851149329335,-2.32586286306943,3.44021874674248,3.00284529158273
"GAB1_HUMAN---PTN11_HUMAN",-19.5513875057798,-6.62090285673487,-6.60305288104532,0.977679709565271
"GAREM_HUMAN---GRB2_HUMAN",-19.5513875057798,-6.62090285673487,-6.60305288104532,0.977679709565271
"GBRL1_HUMAN---TB10B_HUMAN",-20.6851149329335,-2.32586286306943,3.44021874674248,3.00284529158273
"GBRL1_HUMAN---TBCD1_HUMAN",-20.6851149329335,-2.32586286306943,3.44021874674248,3.00284529158273
"GGA3_HUMAN---MPRI_HUMAN",-19.5513875057798,-6.62090285673487,-6.60305288104532,0.977679709565271
"GLCI1_HUMAN---Q548N1_HUMAN",-18.9156894236699,6.81902319146855,6.383532291243,-3.37339488977955
"GRB2_HUMAN---IRS4_HUMAN",-19.5513875057798,-6.62090285673487,-6.60305288104532,0.977679709565271
"GRB2_HUMAN---KHDR1_HUMAN",-20.6851149329335,-2.32586286306943,3.44021874674248,3.00284529158273
"GRB2_HUMAN---MEP50_HUMAN",-18.9156894236699,6.81902319146855,6.383532291243,-3.37339488977955
"GRB2_HUMAN---PTN11_HUMAN",-19.5513875057798,-6.62090285673487,-6.60305288104532,0.977679709565271
"GRB2_HUMAN---PTN18_HUMAN",-19.5513875057798,-6.62090285673487,-6.60305288104532,0.977679709565271
"GRB2_HUMAN---PTPRA_HUMAN",-19.5513875057798,-6.62090285673487,-6.60305288104532,0.977679709565271
"GRB2_HUMAN---SHC1_HUMAN",-19.5513875057798,-6.62090285673487,-6.60305288104532,0.977679709565271
"GRB2_HUMAN---ST32C_HUMAN",-20.6851149329335,-2.32586286306943,3.44021874674248,3.00284529158273
"GRB2_HUMAN---WDR44_HUMAN",-14.3355786162127,12.2399784489594,-0.461385401225809,-7.35374414111259
"GRB2_HUMAN---WIPF2_HUMAN",-19.5513875057798,-6.62090285673487,-6.60305288104532,0.977679709565271
"GSTP1_HUMAN---SFR19_HUMAN",-20.6851149329335,-2.32586286306943,3.44021874674248,3.00284529158273
"H1X_HUMAN---HDGF_HUMAN",5.13358623746442,-14.7807964483775,12.6845984512931,-2.27377197074372
"H2AY_HUMAN---HDAC2_HUMAN",10.1320041349683,-12.9349026868196,12.3308253846738,3.33529550988181
"HAUS6_HUMAN---YBOX3_HUMAN",-18.9156894236699,6.81902319146855,6.383532291243,-3.37339488977955
"HDAC2_HUMAN---KDM5C_HUMAN",-18.9156894236699,6.81902319146855,6.383532291243,-3.37339488977955
"HDAC2_HUMAN---P66B_HUMAN",10.1320041349683,-12.9349026868196,12.3308253846738,3.33529550988181
"HDAC2_HUMAN---PP6R3_HUMAN",-20.6851149329335,-2.32586286306943,3.44021874674248,3.00284529158273
"HDAC2_HUMAN---RB_HUMAN",16.4815404516891,1.63093862520922,8.42922123670549,-7.02129392281351
"HDAC2_HUMAN---RCOR1_HUMAN",-20.6851149329335,-2.32586286306943,3.44021874674248,3.00284529158273
"HDAC2_HUMAN---SIN3A_HUMAN",10.1320041349683,-12.9349026868196,12.3308253846738,3.33529550988181
"HDAC2_HUMAN---SUV91_HUMAN",11.9014296442319,-3.79001663228166,15.2741389291743,-3.04094467148047
"HDGF_HUMAN---RBMX_HUMAN",-20.6851149329335,-2.32586286306943,3.44021874674248,3.00284529158273
"HD_HUMAN---OPTN_HUMAN",-18.9156894236699,6.81902319146855,6.383532291243,-3.37339488977955
"HD_HUMAN---PR40A_HUMAN",-18.9156894236699,6.81902319146855,6.383532291243,-3.37339488977955
"HD_HUMAN---TRAD1_HUMAN",-18.9156894236699,6.81902319146855,6.383532291243,-3.37339488977955
"HD_HUMAN---ZFY19_HUMAN",-18.9156894236699,6.81902319146855,6.383532291243,-3.37339488977955
"HERC2_HUMAN---MDC1_HUMAN",-18.9156894236699,6.81902319146855,6.383532291243,-3.37339488977955
"HERC2_HUMAN---UBP16_HUMAN",-20.6851149329335,-2.32586286306943,3.44021874674248,3.00284529158273
"HEXI2_HUMAN---MEPCE_HUMAN",-20.6851149329335,-2.32586286306943,3.44021874674248,3.00284529158273
"HGS_HUMAN---STAM2_HUMAN",-19.5513875057798,-6.62090285673487,-6.60305288104532,0.977679709565271
"HGS_HUMAN---TS101_HUMAN",-18.9156894236699,6.81902319146855,6.383532291243,-3.37339488977955
"HIPK2_HUMAN---SUMO2_HUMAN",-19.5513875057798,-6.62090285673487,-6.60305288104532,0.977679709565271
"HIPK3_HUMAN---ZYX_HUMAN",-19.5513875057798,-6.62090285673487,-6.60305288104532,0.977679709565271
"HN1_HUMAN---IMA1_HUMAN",-18.9156894236699,6.81902319146855,6.383532291243,-3.37339488977955
"HNRL1_HUMAN---PR40A_HUMAN",5.13358623746442,-14.7807964483775,12.6845984512931,-2.27377197074372
"HNRPK_HUMAN---KHDR1_HUMAN",-20.6851149329335,-2.32586286306943,3.44021874674248,3.00284529158273
"HNRPK_HUMAN---RBMX_HUMAN",-20.6851149329335,-2.32586286306943,3.44021874674248,3.00284529158273
"HNRPU_HUMAN---PLCG1_HUMAN",-20.6851149329335,-2.32586286306943,3.44021874674248,3.00284529158273
"HNRPU_HUMAN---SMN_HUMAN",-14.3355786162127,12.2399784489594,-0.461385401225809,-7.35374414111259
"HOIL1_HUMAN---RNF31_HUMAN",-19.5513875057798,-6.62090285673487,-6.60305288104532,0.977679709565271
"HS90B_HUMAN---KKCC1_HUMAN",16.4815404516891,1.63093862520922,8.42922123670549,-7.02129392281351
"HS90B_HUMAN---KSR1_HUMAN",-14.3355786162127,12.2399784489594,-0.461385401225809,-7.35374414111259
"HS90B_HUMAN---LAR4B_HUMAN",-14.3355786162127,12.2399784489594,-0.461385401225809,-7.35374414111259
"HS90B_HUMAN---MKX_HUMAN",16.4815404516891,1.63093862520922,8.42922123670549,-7.02129392281351
"HS90B_HUMAN---MP2K7_HUMAN",16.4815404516891,1.63093862520922,8.42922123670549,-7.02129392281351
"HS90B_HUMAN---SG223_HUMAN",-14.3355786162127,12.2399784489594,-0.461385401225809,-7.35374414111259
"HS90B_HUMAN---STIP1_HUMAN",16.4815404516891,1.63093862520922,8.42922123670549,-7.02129392281351
"HTSF1_HUMAN---SRSF4_HUMAN",-15.5134026760777,-10.1724348123258,-1.77900569488362,-4.27669145471862
"I2BP1_HUMAN---SUMO2_HUMAN",-19.5513875057798,-6.62090285673487,-6.60305288104532,0.977679709565271
"I2BP2_HUMAN---SUMO2_HUMAN",-19.5513875057798,-6.62090285673487,-6.60305288104532,0.977679709565271
"ICK_HUMAN---MK01_HUMAN",-19.5513875057798,-6.62090285673487,-6.60305288104532,0.977679709565271
"ICLN_HUMAN---PDLI1_HUMAN",-19.5513875057798,-6.62090285673487,-6.60305288104532,0.977679709565271
"IF2B1_HUMAN---LYAR_HUMAN",-5.61878272541691,4.8438497157355,3.42777131684471,-17.5678547857478
"IF4G1_HUMAN---TRAF2_HUMAN",-20.6851149329335,-2.32586286306943,3.44021874674248,3.00284529158273
"IGF1R_HUMAN---SHC1_HUMAN",-19.5513875057798,-6.62090285673487,-6.60305288104532,0.977679709565271
"IMA1_HUMAN---JUN_HUMAN",-18.9156894236699,6.81902319146855,6.383532291243,-3.37339488977955
"IMA1_HUMAN---KLC4_HUMAN",-18.9156894236699,6.81902319146855,6.383532291243,-3.37339488977955
"IMA1_HUMAN---MEPCE_HUMAN",1.51098493606494,-3.64948492271941,12.7730855167388,-8.26692149771852
"INADL_HUMAN---MPP5_HUMAN",-20.6851149329335,-2.32586286306943,3.44021874674248,3.00284529158273
"ING4_HUMAN---KAT7_HUMAN",-3.97681856649066,-3.55234848247557,5.58684218754839,13.9324968089045
"IQGA1_HUMAN---KPRB_HUMAN",-18.9156894236699,6.81902319146855,6.383532291243,-3.37339488977955
"IQGA1_HUMAN---PODXL_HUMAN",-20.6851149329335,-2.32586286306943,3.44021874674248,3.00284529158273
"IRK12_HUMAN---SNTB1_HUMAN",-20.6851149329335,-2.32586286306943,3.44021874674248,3.00284529158273
"ITSN1_HUMAN---WASL_HUMAN",-20.6851149329335,-2.32586286306943,3.44021874674248,3.00284529158273
"ITSN2_HUMAN---MCRS1_HUMAN",-19.5513875057798,-6.62090285673487,-6.60305288104532,0.977679709565271
"IWS1_HUMAN---SUMO2_HUMAN",-19.5513875057798,-6.62090285673487,-6.60305288104532,0.977679709565271
"JIP4_HUMAN---MK14_HUMAN",5.13358623746442,-14.7807964483775,12.6845984512931,-2.27377197074372
"JUN_HUMAN---PEBB_HUMAN",-18.9156894236699,6.81902319146855,6.383532291243,-3.37339488977955
"JUN_HUMAN---PRC2A_HUMAN",-20.6851149329335,-2.32586286306943,3.44021874674248,3.00284529158273
"JUN_HUMAN---RB_HUMAN",11.4831225541852,-0.214955136348665,8.78299430332484,-12.630361403439
"JUN_HUMAN---STRN4_HUMAN",-20.6851149329335,-2.32586286306943,3.44021874674248,3.00284529158273
"KCD12_HUMAN---OSBP1_HUMAN",-20.6851149329335,-2.32586286306943,3.44021874674248,3.00284529158273
"KHDR1_HUMAN---LCK_HUMAN",-20.6851149329335,-2.32586286306943,3.44021874674248,3.00284529158273
"KI21A_HUMAN---SRP72_HUMAN",-20.6851149329335,-2.32586286306943,3.44021874674248,3.00284529158273
"KI67_HUMAN---KIF15_HUMAN",-19.5513875057798,-6.62090285673487,-6.60305288104532,0.977679709565271
"KIF4A_HUMAN---SUMO2_HUMAN",-19.5513875057798,-6.62090285673487,-6.60305288104532,0.977679709565271
"KKCC1_HUMAN-->KCC1A_HUMAN",-19.5513875057798,-6.62090285673487,-6.60305288104532,0.977679709565271
"KLC4_HUMAN---LR16A_HUMAN",-20.6851149329335,-2.32586286306943,3.44021874674248,3.00284529158273
"KPRA_HUMAN---MK01_HUMAN",-19.5513875057798,-6.62090285673487,-6.60305288104532,0.977679709565271
"KPRB_HUMAN---LRC47_HUMAN",-18.9156894236699,6.81902319146855,6.383532291243,-3.37339488977955
"KS6A1_HUMAN-->IF4B_HUMAN",-20.6851149329335,-2.32586286306943,3.44021874674248,3.00284529158273
"KS6A1_HUMAN---MK01_HUMAN",-20.6851149329335,-2.32586286306943,3.44021874674248,3.00284529158273
"KS6A1_HUMAN-->YBOX1_HUMAN",-16.1050041254764,3.09509239442145,-3.40469894572633,-0.977503959750316
"KSYK_HUMAN---LCK_HUMAN",-14.3355786162127,12.2399784489594,-0.461385401225809,-7.35374414111259
"KSYK_HUMAN---TBA1A_HUMAN",16.4815404516891,1.63093862520922,8.42922123670549,-7.02129392281351
"LAP2B_HUMAN---SUMO2_HUMAN",-19.5513875057798,-6.62090285673487,-6.60305288104532,0.977679709565271
"LAP2_HUMAN---PKP4_HUMAN",-20.6851149329335,-2.32586286306943,3.44021874674248,3.00284529158273
"LARP4_HUMAN---SUMO2_HUMAN",-18.9156894236699,6.81902319146855,6.383532291243,-3.37339488977955
"LAS1L_HUMAN---PELP1_HUMAN",-20.6851149329335,-2.32586286306943,3.44021874674248,3.00284529158273
"LCK_HUMAN-->ADT1_HUMAN",-20.6851149329335,-2.32586286306943,3.44021874674248,3.00284529158273
"LCK_HUMAN-->G3BP1_HUMAN",-20.6851149329335,-2.32586286306943,3.44021874674248,3.00284529158273
"LCK_HUMAN---PSRC1_HUMAN",-14.3355786162127,12.2399784489594,-0.461385401225809,-7.35374414111259
"LCK_HUMAN---RHG17_HUMAN",6.90301174672808,-5.63591039383955,15.6279119957936,-8.650012152106
"LCK_HUMAN-->ZAP70_HUMAN",-20.6851149329335,-2.32586286306943,3.44021874674248,3.00284529158273
"LHX4_HUMAN---RFC1_HUMAN",-20.6851149329335,-2.32586286306943,3.44021874674248,3.00284529158273
"LHX4_HUMAN---RRP36_HUMAN",-20.6851149329335,-2.32586286306943,3.44021874674248,3.00284529158273
"LMNB2_HUMAN---SVIL_HUMAN",6.26731366461812,-19.075836442043,2.64132682350532,-4.29893755276117
"LMTK2_HUMAN---MYO6_HUMAN",-18.9156894236699,6.81902319146855,6.383532291243,-3.37339488977955
"LNX1_HUMAN---PHS_HUMAN",-14.3355786162127,12.2399784489594,-0.461385401225809,-7.35374414111259
"LNX1_HUMAN---S6A15_HUMAN",-14.3355786162127,12.2399784489594,-0.461385401225809,-7.35374414111259
"LNX1_HUMAN---SAT1_HUMAN",11.4831225541852,-0.214955136348665,8.78299430332484,-12.630361403439
"LNX1_HUMAN---STRN_HUMAN",11.4831225541852,-0.214955136348665,8.78299430332484,-12.630361403439
"LYAR_HUMAN---MBB1A_HUMAN",-5.61878272541691,4.8438497157355,3.42777131684471,-17.5678547857478
"LYAR_HUMAN---PWP1_HUMAN",-5.61878272541691,4.8438497157355,3.42777131684471,-17.5678547857478
"LYAR_HUMAN---SRP14_HUMAN",-5.61878272541691,4.8438497157355,3.42777131684471,-17.5678547857478
"MA7D1_HUMAN---RBM48_HUMAN",-11.9683190421377,-9.72199159629336,7.329375464813,-7.21126535305252
"MA7D3_HUMAN---TRM7_HUMAN",-20.6851149329335,-2.32586286306943,3.44021874674248,3.00284529158273
"MAGG1_HUMAN---NSE1_HUMAN",10.1320041349683,-12.9349026868196,12.3308253846738,3.33529550988181
"MAP1B_HUMAN---PP1A_HUMAN",-18.9156894236699,6.81902319146855,6.383532291243,-3.37339488977955
"MCAF1_HUMAN---SUMO2_HUMAN",-18.9156894236699,6.81902319146855,6.383532291243,-3.37339488977955
"MCM2_HUMAN---MCM6_HUMAN",-20.6851149329335,-2.32586286306943,3.44021874674248,3.00284529158273
"MCM6_HUMAN---MCMBP_HUMAN",-20.6851149329335,-2.32586286306943,3.44021874674248,3.00284529158273
"MCM6_HUMAN---SCNM1_HUMAN",-20.6851149329335,-2.32586286306943,3.44021874674248,3.00284529158273
"MCRS1_HUMAN---RN213_HUMAN",-19.5513875057798,-6.62090285673487,-6.60305288104532,0.977679709565271
"MDC1_HUMAN---ML12A_HUMAN",-14.3355786162127,12.2399784489594,-0.461385401225809,-7.35374414111259
"MDC1_HUMAN---RAD50_HUMAN",-20.6851149329335,-2.32586286306943,3.44021874674248,3.00284529158273
"MDN1_HUMAN---PELP1_HUMAN",-20.6851149329335,-2.32586286306943,3.44021874674248,3.00284529158273
"MED12_HUMAN---MED13_HUMAN",-18.9156894236699,6.81902319146855,6.383532291243,-3.37339488977955
"MED12_HUMAN---MED8_HUMAN",-18.9156894236699,6.81902319146855,6.383532291243,-3.37339488977955
"MED8_HUMAN---SUMO2_HUMAN",-18.9156894236699,6.81902319146855,6.383532291243,-3.37339488977955
"MEP50_HUMAN---RBM5_HUMAN",-20.6851149329335,-2.32586286306943,3.44021874674248,3.00284529158273
"MEP50_HUMAN---SMYD1_HUMAN",-18.9156894236699,6.81902319146855,6.383532291243,-3.37339488977955
"MEPCE_HUMAN---SDE2_HUMAN",-20.6851149329335,-2.32586286306943,3.44021874674248,3.00284529158273
"MEPCE_HUMAN---SRP72_HUMAN",-11.9683190421377,-9.72199159629336,7.329375464813,-7.21126535305252
"MEPCE_HUMAN---YRDC_HUMAN",-20.6851149329335,-2.32586286306943,3.44021874674248,3.00284529158273
"MK01_HUMAN-->ABI1_HUMAN",-19.5513875057798,-6.62090285673487,-6.60305288104532,0.977679709565271
"MK01_HUMAN-->ERF_HUMAN",-19.5513875057798,-6.62090285673487,-6.60305288104532,0.977679709565271
"MK01_HUMAN-->MKL1_HUMAN",-19.5513875057798,-6.62090285673487,-6.60305288104532,0.977679709565271
"MK01_HUMAN-->TFE2_HUMAN",-20.6851149329335,-2.32586286306943,3.44021874674248,3.00284529158273
"MK01_HUMAN---YBOX3_HUMAN",-18.9156894236699,6.81902319146855,6.383532291243,-3.37339488977955
"MK03_HUMAN-->NUP50_HUMAN",-19.5513875057798,-6.62090285673487,-6.60305288104532,0.977679709565271
"MK03_HUMAN-->SMAD2_HUMAN",-20.6851149329335,-2.32586286306943,3.44021874674248,3.00284529158273
"MK09_HUMAN-->STAT3_HUMAN",-19.5513875057798,-6.62090285673487,-6.60305288104532,0.977679709565271
"MK09_HUMAN---WDR62_HUMAN",-20.6851149329335,-2.32586286306943,3.44021874674248,3.00284529158273
"MK14_HUMAN---PLSL_HUMAN",-20.6851149329335,-2.32586286306943,3.44021874674248,3.00284529158273
"MMTA2_HUMAN---SRPK2_HUMAN",-20.6851149329335,-2.32586286306943,3.44021874674248,3.00284529158273
"MP2K1_HUMAN-->MK01_HUMAN",-17.7819619965162,2.52398319780311,-3.65973933654481,-5.39856047179701
"MP2K1_HUMAN-->MK03_HUMAN",-17.7819619965162,2.52398319780311,-3.65973933654481,-5.39856047179701
"MP2K7_HUMAN-->MK09_HUMAN",-20.6851149329335,-2.32586286306943,3.44021874674248,3.00284529158273
"MPZL1_HUMAN---PTN11_HUMAN",-19.5513875057798,-6.62090285673487,-6.60305288104532,0.977679709565271
"MRE11_HUMAN---RAD50_HUMAN",-19.5513875057798,-6.62090285673487,-6.60305288104532,0.977679709565271
"NADAP_HUMAN---SUMO2_HUMAN",-20.6851149329335,-2.32586286306943,3.44021874674248,3.00284529158273
"NASP_HUMAN---TRM7_HUMAN",-20.6851149329335,-2.32586286306943,3.44021874674248,3.00284529158273
"NHRF1_HUMAN---PHAG1_HUMAN",-18.9156894236699,6.81902319146855,6.383532291243,-3.37339488977955
"NHRF1_HUMAN---YAP1_HUMAN",-18.9156894236699,6.81902319146855,6.383532291243,-3.37339488977955
"NKAP_HUMAN---PR40A_HUMAN",-20.6851149329335,-2.32586286306943,3.44021874674248,3.00284529158273
"NKAP_HUMAN---RBMX2_HUMAN",-20.6851149329335,-2.32586286306943,3.44021874674248,3.00284529158273
"NOP2_HUMAN---SUMO2_HUMAN",-20.6851149329335,-2.32586286306943,3.44021874674248,3.00284529158273
"NOVA1_HUMAN---SRPK1_HUMAN",-14.3355786162127,12.2399784489594,-0.461385401225809,-7.35374414111259
"NP1L1_HUMAN---TRAF2_HUMAN",-20.6851149329335,-2.32586286306943,3.44021874674248,3.00284529158273
"NPM_HUMAN---NUCL_HUMAN",-20.6851149329335,-2.32586286306943,3.44021874674248,3.00284529158273
"NRBP_HUMAN---T22D4_HUMAN",-19.5513875057798,-6.62090285673487,-6.60305288104532,0.977679709565271
"NSD1_HUMAN---ZN496_HUMAN",-20.6851149329335,-2.32586286306943,3.44021874674248,3.00284529158273
"NSE1_HUMAN---SUMO2_HUMAN",10.1320041349683,-12.9349026868196,12.3308253846738,3.33529550988181
"NUCL_HUMAN---NUP62_HUMAN",-13.743977166814,-1.02754875778786,1.1643078496169,-10.6529316360809
"NUCL_HUMAN---PP1B_HUMAN",11.265731562122,-17.2299426804851,2.28755375688598,1.31012992786436
"NUMA1_HUMAN---SUMO2_HUMAN",-20.6851149329335,-2.32586286306943,3.44021874674248,3.00284529158273
"NUP98_HUMAN---RAE1L_HUMAN",-14.3355786162127,12.2399784489594,-0.461385401225809,-7.35374414111259
"ODPA_HUMAN---STIP1_HUMAN",-14.3355786162127,12.2399784489594,-0.461385401225809,-7.35374414111259
"OTUL_HUMAN---RNF31_HUMAN",-19.5513875057798,-6.62090285673487,-6.60305288104532,0.977679709565271
"PAK1_HUMAN-->BAD_HUMAN",14.7121149424254,-7.51394742932876,5.48590769220498,-0.645053741451231
"PAK1_HUMAN-->PCBP1_HUMAN",14.7121149424254,-7.51394742932876,5.48590769220498,-0.645053741451231
"PAK1_HUMAN-->PGAM1_HUMAN",15.8458423695791,-11.8089874229942,-4.55736393558283,-2.67021932346869
"PAK1_HUMAN-->STMN1_HUMAN",15.8458423695791,-11.8089874229942,-4.55736393558283,-2.67021932346869
"PAK1_HUMAN-->TBCB_HUMAN",15.8458423695791,-11.8089874229942,-4.55736393558283,-2.67021932346869
"PARD3_HUMAN---PSME3_HUMAN",-5.44256480432088,-16.0034570610789,0.140930316080071,-9.61952158945745
"PCBP1_HUMAN---T22D4_HUMAN",-20.6851149329335,-2.32586286306943,3.44021874674248,3.00284529158273
"PCBP1_HUMAN---ZN830_HUMAN",-20.6851149329335,-2.32586286306943,3.44021874674248,3.00284529158273
"PCNP_HUMAN---TE2IP_HUMAN",-11.9683190421377,-9.72199159629336,7.329375464813,-7.21126535305252
"PDS5A_HUMAN---SMC3_HUMAN",-19.5513875057798,-6.62090285673487,-6.60305288104532,0.977679709565271
"PDS5B_HUMAN---SMC3_HUMAN",-19.5513875057798,-6.62090285673487,-6.60305288104532,0.977679709565271
"PELP1_HUMAN---SUMO2_HUMAN",5.13358623746442,-14.7807964483775,12.6845984512931,-2.27377197074372
"PHIP_HUMAN---SUMO2_HUMAN",-19.5513875057798,-6.62090285673487,-6.60305288104532,0.977679709565271
"PHS_HUMAN---PRC2C_HUMAN",-20.6851149329335,-2.32586286306943,3.44021874674248,3.00284529158273
"PHS_HUMAN---TIM_HUMAN",-20.6851149329335,-2.32586286306943,3.44021874674248,3.00284529158273
"PI4KA_HUMAN---STRN4_HUMAN",-19.5513875057798,-6.62090285673487,-6.60305288104532,0.977679709565271
"PIAS1_HUMAN---SUMO2_HUMAN",-19.5513875057798,-6.62090285673487,-6.60305288104532,0.977679709565271
"PININ_HUMAN---SRRM2_HUMAN",-19.5513875057798,-6.62090285673487,-6.60305288104532,0.977679709565271
"PININ_HUMAN---SRSF4_HUMAN",-19.5513875057798,-6.62090285673487,-6.60305288104532,0.977679709565271
"PNKP_HUMAN---XRCC1_HUMAN",-19.5513875057798,-6.62090285673487,-6.60305288104532,0.977679709565271
"PO2F1_HUMAN---XRCC6_HUMAN",-20.6851149329335,-2.32586286306943,3.44021874674248,3.00284529158273
"POGZ_HUMAN---SUMO2_HUMAN",-19.5513875057798,-6.62090285673487,-6.60305288104532,0.977679709565271
"PP1A_HUMAN---PPR3D_HUMAN",-18.9156894236699,6.81902319146855,6.383532291243,-3.37339488977955
"PP1A_HUMAN---RB_HUMAN",-8.94355180554957,10.2535529778393,2.39344107782907,-7.73683479550007
"PP1A_HUMAN---TOIP1_HUMAN",-18.9156894236699,6.81902319146855,6.383532291243,-3.37339488977955
"PP1A_HUMAN---WDR82_HUMAN",6.90301174672808,-5.63591039383955,15.6279119957936,-8.650012152106
"PP1A_HUMAN---ZFY16_HUMAN",-18.9156894236699,6.81902319146855,6.383532291243,-3.37339488977955
"PR38A_HUMAN---SRPK1_HUMAN",-14.3355786162127,12.2399784489594,-0.461385401225809,-7.35374414111259
"PR40A_HUMAN---SF3A1_HUMAN",-20.6851149329335,-2.32586286306943,3.44021874674248,3.00284529158273
"PRR12_HUMAN---PUM1_HUMAN",-20.6851149329335,-2.32586286306943,3.44021874674248,3.00284529158273
"PSA3_HUMAN---PSA5_HUMAN",16.4815404516891,1.63093862520922,8.42922123670549,-7.02129392281351
"PSMD1_HUMAN---SUMO2_HUMAN",-20.6851149329335,-2.32586286306943,3.44021874674248,3.00284529158273
"PUR6_HUMAN---TRM7_HUMAN",-20.6851149329335,-2.32586286306943,3.44021874674248,3.00284529158273
"Q548N1_HUMAN---TS101_HUMAN",-18.9156894236699,6.81902319146855,6.383532291243,-3.37339488977955
"Q6FIE9_HUMAN---TM1L1_HUMAN",-14.8725764446862,-10.4654996343678,-7.53794334913651,-3.98205977078609
"Q6FIE9_HUMAN---TM1L2_HUMAN",-14.8725764446862,-10.4654996343678,-7.53794334913651,-3.98205977078609
"Q6FIE9_HUMAN---WRIP1_HUMAN",-14.2368783625762,2.97442641383559,5.44864182315181,-8.33313437013091
"Q6FIE9_HUMAN---XRN2_HUMAN",-14.8725764446862,-10.4654996343678,-7.53794334913651,-3.98205977078609
"RAD50_HUMAN---TERF2_HUMAN",-18.9156894236699,6.81902319146855,6.383532291243,-3.37339488977955
"RAE1L_HUMAN---WDR75_HUMAN",-14.3355786162127,12.2399784489594,-0.461385401225809,-7.35374414111259
"RAM_HUMAN---RBMX_HUMAN",-20.6851149329335,-2.32586286306943,3.44021874674248,3.00284529158273
"RBM10_HUMAN---SF3A1_HUMAN",-18.9156894236699,6.81902319146855,6.383532291243,-3.37339488977955
"RBM10_HUMAN---SUGP1_HUMAN",-18.9156894236699,6.81902319146855,6.383532291243,-3.37339488977955
"RBM15_HUMAN---SUMO2_HUMAN",-19.5513875057798,-6.62090285673487,-6.60305288104532,0.977679709565271
"RBM39_HUMAN---SRPK2_HUMAN",-18.9156894236699,6.81902319146855,6.383532291243,-3.37339488977955
"RBM48_HUMAN---SAT1_HUMAN",-11.9683190421377,-9.72199159629336,7.329375464813,-7.21126535305252
"RBP2_HUMAN---SUMO2_HUMAN",-19.5513875057798,-6.62090285673487,-6.60305288104532,0.977679709565271
"RB_HUMAN---SMCA4_HUMAN",-14.3355786162127,12.2399784489594,-0.461385401225809,-7.35374414111259
"REC8_HUMAN---SMC3_HUMAN",-19.5513875057798,-6.62090285673487,-6.60305288104532,0.977679709565271
"RECQ4_HUMAN---TE2IP_HUMAN",-20.6851149329335,-2.32586286306943,3.44021874674248,3.00284529158273
"RGPA1_HUMAN---TFE2_HUMAN",-20.6851149329335,-2.32586286306943,3.44021874674248,3.00284529158273
"RL15_HUMAN---SUMO2_HUMAN",-20.6851149329335,-2.32586286306943,3.44021874674248,3.00284529158273
"RLA1_HUMAN---SMAP_HUMAN",-20.6851149329335,-2.32586286306943,3.44021874674248,3.00284529158273
"RLA1_HUMAN---XRCC6_HUMAN",-20.6851149329335,-2.32586286306943,3.44021874674248,3.00284529158273
"RNF31_HUMAN---TNFA_HUMAN",-18.9156894236699,6.81902319146855,6.383532291243,-3.37339488977955
"RNF31_HUMAN---TRI25_HUMAN",-14.8725764446862,-10.4654996343678,-7.53794334913651,-3.98205977078609
"ROCK1_HUMAN-->ADDA_HUMAN",-20.6851149329335,-2.32586286306943,3.44021874674248,3.00284529158273
"ROCK1_HUMAN-->MARCS_HUMAN",5.13358623746442,-14.7807964483775,12.6845984512931,-2.27377197074372
"ROCK1_HUMAN---TS101_HUMAN",-18.9156894236699,6.81902319146855,6.383532291243,-3.37339488977955
"RRAS2_HUMAN---XRCC6_HUMAN",-20.6851149329335,-2.32586286306943,3.44021874674248,3.00284529158273
"RREB1_HUMAN---SUMO2_HUMAN",-19.5513875057798,-6.62090285673487,-6.60305288104532,0.977679709565271
"RSF1_HUMAN---SUMO2_HUMAN",-20.6851149329335,-2.32586286306943,3.44021874674248,3.00284529158273
"RU17_HUMAN---SRPK1_HUMAN",-14.3355786162127,12.2399784489594,-0.461385401225809,-7.35374414111259
"RU17_HUMAN---ZRAB2_HUMAN",-14.3355786162127,12.2399784489594,-0.461385401225809,-7.35374414111259
"RUSD2_HUMAN---WRIP1_HUMAN",0.839928507540992,-4.34034149243271,15.0405191384529,-11.9746441775586
"S38A2_HUMAN---STX11_HUMAN",-20.6851149329335,-2.32586286306943,3.44021874674248,3.00284529158273
"SAT1_HUMAN---SPB1_HUMAN",-14.8725764446862,-10.4654996343678,-7.53794334913651,-3.98205977078609
"SC16A_HUMAN---TNFA_HUMAN",-18.9156894236699,6.81902319146855,6.383532291243,-3.37339488977955
"SCAFB_HUMAN---SUMO2_HUMAN",-20.6851149329335,-2.32586286306943,3.44021874674248,3.00284529158273
"SCAM3_HUMAN---TS101_HUMAN",-18.9156894236699,6.81902319146855,6.383532291243,-3.37339488977955
"SCFD1_HUMAN---VINC_HUMAN",-0.929497001722665,-13.4852275469707,12.0972055939524,-5.59840399619633
"SENP3_HUMAN---SUMO2_HUMAN",-19.5513875057798,-6.62090285673487,-6.60305288104532,0.977679709565271
"SF3A1_HUMAN---SF3A3_HUMAN",-20.6851149329335,-2.32586286306943,3.44021874674248,3.00284529158273
"SIN3A_HUMAN---SMRC1_HUMAN",-18.9156894236699,6.81902319146855,6.383532291243,-3.37339488977955
"SKA1_HUMAN---SKA3_HUMAN",-20.6851149329335,-2.32586286306943,3.44021874674248,3.00284529158273
"SMC3_HUMAN---WAPL_HUMAN",-19.5513875057798,-6.62090285673487,-6.60305288104532,0.977679709565271
"SMN_HUMAN---WAP53_HUMAN",-14.3355786162127,12.2399784489594,-0.461385401225809,-7.35374414111259
"SMRCD_HUMAN---SUMO2_HUMAN",-20.6851149329335,-2.32586286306943,3.44021874674248,3.00284529158273
"SMYD1_HUMAN---TTC33_HUMAN",-18.9156894236699,6.81902319146855,6.383532291243,-3.37339488977955
"SNUT1_HUMAN---SUMO2_HUMAN",-14.3355786162127,12.2399784489594,-0.461385401225809,-7.35374414111259
"SRPK1_HUMAN-->RBM8A_HUMAN",-14.3355786162127,12.2399784489594,-0.461385401225809,-7.35374414111259
"SRPK1_HUMAN---WDR55_HUMAN",-14.3355786162127,12.2399784489594,-0.461385401225809,-7.35374414111259
"SRPK2_HUMAN-->ACINU_HUMAN",-20.6851149329335,-2.32586286306943,3.44021874674248,3.00284529158273
"SRRM1_HUMAN---SRRM2_HUMAN",-19.5513875057798,-6.62090285673487,-6.60305288104532,0.977679709565271
"SRSF4_HUMAN---SRSF6_HUMAN",-19.5513875057798,-6.62090285673487,-6.60305288104532,0.977679709565271
"SSRP1_HUMAN---SUMO2_HUMAN",-18.9156894236699,6.81902319146855,6.383532291243,-3.37339488977955
"STML2_HUMAN---TRM7_HUMAN",-20.6851149329335,-2.32586286306943,3.44021874674248,3.00284529158273
"STRN3_HUMAN---STRN_HUMAN",11.4831225541852,-0.214955136348665,8.78299430332484,-12.630361403439
"STRN4_HUMAN---WIPI2_HUMAN",-20.6851149329335,-2.32586286306943,3.44021874674248,3.00284529158273
"SUMO2_HUMAN---TF3C1_HUMAN",-19.5513875057798,-6.62090285673487,-6.60305288104532,0.977679709565271
"SUMO2_HUMAN---TFP11_HUMAN",-19.5513875057798,-6.62090285673487,-6.60305288104532,0.977679709565271
"SUMO2_HUMAN---TOP2A_HUMAN",-18.9156894236699,6.81902319146855,6.383532291243,-3.37339488977955
"SUMO2_HUMAN---TOP2B_HUMAN",-19.5513875057798,-6.62090285673487,-6.60305288104532,0.977679709565271
"SUMO2_HUMAN---TPR_HUMAN",-19.5513875057798,-6.62090285673487,-6.60305288104532,0.977679709565271
"SUMO2_HUMAN---U520_HUMAN",-20.6851149329335,-2.32586286306943,3.44021874674248,3.00284529158273
"SUMO2_HUMAN---UIMC1_HUMAN",-20.6851149329335,-2.32586286306943,3.44021874674248,3.00284529158273
"SUMO2_HUMAN---WIZ_HUMAN",-19.5513875057798,-6.62090285673487,-6.60305288104532,0.977679709565271
"SUMO2_HUMAN---XRCC6_HUMAN",14.7121149424254,-7.51394742932876,5.48590769220498,-0.645053741451231
"SUMO2_HUMAN---Z280C_HUMAN",-19.5513875057798,-6.62090285673487,-6.60305288104532,0.977679709565271
"SUMO2_HUMAN---ZBT7A_HUMAN",-20.6851149329335,-2.32586286306943,3.44021874674248,3.00284529158273
"SUMO2_HUMAN---ZC11A_HUMAN",-14.3355786162127,12.2399784489594,-0.461385401225809,-7.35374414111259
"SUMO2_HUMAN---ZKSC1_HUMAN",-19.5513875057798,-6.62090285673487,-6.60305288104532,0.977679709565271
"SUMO2_HUMAN---ZMYM4_HUMAN",-19.5513875057798,-6.62090285673487,-6.60305288104532,0.977679709565271
"SUMO2_HUMAN---ZN318_HUMAN",-19.5513875057798,-6.62090285673487,-6.60305288104532,0.977679709565271
"SUMO2_HUMAN---ZN496_HUMAN",10.1320041349683,-12.9349026868196,12.3308253846738,3.33529550988181
"TE2IP_HUMAN---TERF2_HUMAN",-18.9156894236699,6.81902319146855,6.383532291243,-3.37339488977955
"TERF2_HUMAN---ZN703_HUMAN",-18.9156894236699,6.81902319146855,6.383532291243,-3.37339488977955
"TF3C1_HUMAN---TF3C4_HUMAN",-20.6851149329335,-2.32586286306943,3.44021874674248,3.00284529158273
"TICRR_HUMAN---TOPB1_HUMAN",-20.6851149329335,-2.32586286306943,3.44021874674248,3.00284529158273
"TNFA_HUMAN---TRAF2_HUMAN",-18.9156894236699,6.81902319146855,6.383532291243,-3.37339488977955
"TNIK_HUMAN---TRAF2_HUMAN",-20.6851149329335,-2.32586286306943,3.44021874674248,3.00284529158273
"TPC12_HUMAN---TPPC3_HUMAN",0.839928507540992,-4.34034149243271,15.0405191384529,-11.9746441775586
"TRAF2_HUMAN---UBE2N_HUMAN",-20.6851149329335,-2.32586286306943,3.44021874674248,3.00284529158273
"TRAF2_HUMAN---UBE2O_HUMAN",5.13358623746442,-14.7807964483775,12.6845984512931,-2.27377197074372
"TRI18_HUMAN---UBE2N_HUMAN",-20.6851149329335,-2.32586286306943,3.44021874674248,3.00284529158273
"TS101_HUMAN---VRK3_HUMAN",-18.9156894236699,6.81902319146855,6.383532291243,-3.37339488977955
"TXLNA_HUMAN---XRN2_HUMAN",-20.6851149329335,-2.32586286306943,3.44021874674248,3.00284529158273
"UBE2N_HUMAN---ZNRF2_HUMAN",-20.6851149329335,-2.32586286306943,3.44021874674248,3.00284529158273
"WDR48_HUMAN---WDR70_HUMAN",-19.5513875057798,-6.62090285673487,-6.60305288104532,0.977679709565271
"WNK1_HUMAN-->STK39_HUMAN",-19.5513875057798,-6.62090285673487,-6.60305288104532,0.977679709565271
"ZAP70_HUMAN-->DBNL_HUMAN",-20.6851149329335,-2.32586286306943,3.44021874674248,3.00284529158273
"ZAP70_HUMAN-->MK14_HUMAN",-20.6851149329335,-2.32586286306943,3.44021874674248,3.00284529158273
"1433G_HUMAN---ARHG7_HUMAN",-15.8005045636453,11.8144077406913,4.59706992425968,2.67195491977232
"ABI2_HUMAN---CCD53_HUMAN",14.9230423999016,-3.26207091818045,-11.1678734887279,8.62950165036708
"ACAP2_HUMAN---CBX1_HUMAN",-11.2203937561881,17.2353629981822,-2.24784776820913,-1.30839433156072
"AKA10_HUMAN---MYH9_HUMAN",-11.2203937561881,17.2353629981822,-2.24784776820913,-1.30839433156072
"AKT1_HUMAN-->CDK2_HUMAN",5.48790261025475,16.0088773787761,-0.101224327403222,9.62125718576109
"AP3D1_HUMAN---MYC_HUMAN",10.8799294209179,14.0224519076559,2.75360215165166,9.23816653137362
"ARMX3_HUMAN---CSK21_HUMAN",-0.158892619497168,17.7856878583333,-2.0142279774877,7.62530517451742
"ASCC1_HUMAN---JUN_HUMAN",-0.158892619497168,17.7856878583333,-2.0142279774877,7.62530517451742
"ASCC1_HUMAN---TM87A_HUMAN",-0.158892619497168,17.7856878583333,-2.0142279774877,7.62530517451742
"ASPM_HUMAN---P53_HUMAN",5.48790261025475,16.0088773787761,-0.101224327403222,9.62125718576109
"AT1A1_HUMAN---CDK2_HUMAN",-6.22197585868425,19.0812567597401,-2.60162083482847,4.30067314906481
"ATM_HUMAN-->RIF1_HUMAN",-6.22197585868425,19.0812567597401,-2.60162083482847,4.30067314906481
"ATRX_HUMAN---Z512B_HUMAN",15.5587404820115,10.177855130023,1.81871168356047,4.27842705102226
"AURKB_HUMAN---SUMO2_HUMAN",4.53039310419708,-0.54338940437293,6.65520629961995,19.5947559640689
"BRD3_HUMAN---MYC_HUMAN",10.8799294209179,14.0224519076559,2.75360215165166,9.23816653137362
"CAND1_HUMAN---CUL4B_HUMAN",10.8799294209179,14.0224519076559,2.75360215165166,9.23816653137362
"CAND1_HUMAN---DDX55_HUMAN",10.8799294209179,14.0224519076559,2.75360215165166,9.23816653137362
"CAND1_HUMAN---DHX57_HUMAN",10.8799294209179,14.0224519076559,2.75360215165166,9.23816653137362
"CAND1_HUMAN---HACD3_HUMAN",10.8799294209179,14.0224519076559,2.75360215165166,9.23816653137362
"CAND1_HUMAN---MCM9_HUMAN",10.8799294209179,14.0224519076559,2.75360215165166,9.23816653137362
"CAND1_HUMAN---MEPCE_HUMAN",10.8799294209179,14.0224519076559,2.75360215165166,9.23816653137362
"CAND1_HUMAN---PCNP_HUMAN",10.8799294209179,14.0224519076559,2.75360215165166,9.23816653137362
"CAND1_HUMAN---PWP1_HUMAN",10.8799294209179,14.0224519076559,2.75360215165166,9.23816653137362
"CAND1_HUMAN---SRP72_HUMAN",10.8799294209179,14.0224519076559,2.75360215165166,9.23816653137362
"CBL_HUMAN---MYH9_HUMAN",-11.2203937561881,17.2353629981822,-2.24784776820913,-1.30839433156072
"CBX1_HUMAN---TIF1B_HUMAN",-11.2203937561881,17.2353629981822,-2.24784776820913,-1.30839433156072
"CCD53_HUMAN---MCRS1_HUMAN",14.9230423999016,-3.26207091818045,-11.1678734887279,8.62950165036708
"CCD53_HUMAN---NUP62_HUMAN",14.9230423999016,-3.26207091818045,-11.1678734887279,8.62950165036708
"CCD53_HUMAN---OPTN_HUMAN",14.9230423999016,-3.26207091818045,-11.1678734887279,8.62950165036708
"CCD53_HUMAN---PCM1_HUMAN",13.7893149727479,1.03296907548499,-1.12460186094005,10.6546672323845
"CCDC6_HUMAN---HDAC1_HUMAN",-11.2203937561881,17.2353629981822,-2.24784776820913,-1.30839433156072
"CDCA5_HUMAN---SMC3_HUMAN",-0.158892619497168,17.7856878583333,-2.0142279774877,7.62530517451742
"CDK2_HUMAN-->AMOT_HUMAN",-6.22197585868425,19.0812567597401,-2.60162083482847,4.30067314906481
"CDK2_HUMAN-->BAP18_HUMAN",-6.22197585868425,19.0812567597401,-2.60162083482847,4.30067314906481
"CDK2_HUMAN-->BAZ2A_HUMAN",-6.22197585868425,19.0812567597401,-2.60162083482847,4.30067314906481
"CDK2_HUMAN-->CT2NL_HUMAN",-6.22197585868425,19.0812567597401,-2.60162083482847,4.30067314906481
"CDK2_HUMAN-->DNLI1_HUMAN",-6.22197585868425,19.0812567597401,-2.60162083482847,4.30067314906481
"CDK2_HUMAN-->DNLI3_HUMAN",-6.22197585868425,19.0812567597401,-2.60162083482847,4.30067314906481
"CDK2_HUMAN-->DNM1L_HUMAN",-6.22197585868425,19.0812567597401,-2.60162083482847,4.30067314906481
"CDK2_HUMAN-->F122A_HUMAN",-6.22197585868425,19.0812567597401,-2.60162083482847,4.30067314906481
"CDK2_HUMAN-->GUAA_HUMAN",-6.22197585868425,19.0812567597401,-2.60162083482847,4.30067314906481
"CDK2_HUMAN---H1X_HUMAN",-6.22197585868425,19.0812567597401,-2.60162083482847,4.30067314906481
"CDK2_HUMAN-->HNRL1_HUMAN",-6.22197585868425,19.0812567597401,-2.60162083482847,4.30067314906481
"CDK2_HUMAN-->JIP4_HUMAN",-6.22197585868425,19.0812567597401,-2.60162083482847,4.30067314906481
"CDK2_HUMAN-->LARP1_HUMAN",-6.22197585868425,19.0812567597401,-2.60162083482847,4.30067314906481
"CDK2_HUMAN-->LMNB2_HUMAN",-6.22197585868425,19.0812567597401,-2.60162083482847,4.30067314906481
"CDK2_HUMAN-->MARCS_HUMAN",-6.22197585868425,19.0812567597401,-2.60162083482847,4.30067314906481
"CDK2_HUMAN-->NIPA_HUMAN",-6.22197585868425,19.0812567597401,-2.60162083482847,4.30067314906481
"CDK2_HUMAN-->NUCKS_HUMAN",-6.22197585868425,19.0812567597401,-2.60162083482847,4.30067314906481
"CDK2_HUMAN-->NUFP2_HUMAN",-6.22197585868425,19.0812567597401,-2.60162083482847,4.30067314906481
"CDK2_HUMAN-->PELP1_HUMAN",-6.22197585868425,19.0812567597401,-2.60162083482847,4.30067314906481
"CDK2_HUMAN-->PUR6_HUMAN",-6.22197585868425,19.0812567597401,-2.60162083482847,4.30067314906481
"CDK2_HUMAN-->SRS11_HUMAN",-6.22197585868425,19.0812567597401,-2.60162083482847,4.30067314906481
"CDK2_HUMAN-->T2FA_HUMAN",-6.22197585868425,19.0812567597401,-2.60162083482847,4.30067314906481
"CDK2_HUMAN-->TB182_HUMAN",-6.22197585868425,19.0812567597401,-2.60162083482847,4.30067314906481
"CDK2_HUMAN-->TCOF_HUMAN",-6.22197585868425,19.0812567597401,-2.60162083482847,4.30067314906481
"CDK2_HUMAN-->UBE2O_HUMAN",-6.22197585868425,19.0812567597401,-2.60162083482847,4.30067314906481
"CDK2_HUMAN-->ZCH18_HUMAN",-6.22197585868425,19.0812567597401,-2.60162083482847,4.30067314906481
"CDK2_HUMAN-->ZN609_HUMAN",-6.22197585868425,19.0812567597401,-2.60162083482847,4.30067314906481
"CDK5_HUMAN---HS90A_HUMAN",-15.8005045636453,11.8144077406913,4.59706992425968,2.67195491977232
"CEBPZ_HUMAN---P53_HUMAN",5.48790261025475,16.0088773787761,-0.101224327403222,9.62125718576109
"CHD4_HUMAN---HDAC1_HUMAN",-11.2203937561881,17.2353629981822,-2.24784776820913,-1.30839433156072
"CHIP_HUMAN---HS90A_HUMAN",-15.8005045636453,11.8144077406913,4.59706992425968,2.67195491977232
"CHIP_HUMAN---P53_HUMAN",5.48790261025475,16.0088773787761,-0.101224327403222,9.62125718576109
"CI078_HUMAN---TE2IP_HUMAN",-11.2203937561881,17.2353629981822,-2.24784776820913,-1.30839433156072
"CSK21_HUMAN---DKC1_HUMAN",-6.22197585868425,19.0812567597401,-2.60162083482847,4.30067314906481
"CSK21_HUMAN---PRCC_HUMAN",-11.2203937561881,17.2353629981822,-2.24784776820913,-1.30839433156072
"CSK21_HUMAN---ROA2_HUMAN",-11.2203937561881,17.2353629981822,-2.24784776820913,-1.30839433156072
"CSK21_HUMAN---ZC3HD_HUMAN",10.8799294209179,14.0224519076559,2.75360215165166,9.23816653137362
"CT2NL_HUMAN---STRN3_HUMAN",-6.22197585868425,19.0812567597401,-2.60162083482847,4.30067314906481
"CTF18_HUMAN---SUMO2_HUMAN",-0.158892619497168,17.7856878583333,-2.0142279774877,7.62530517451742
"CTNB1_HUMAN---DLG5_HUMAN",-6.22197585868425,19.0812567597401,-2.60162083482847,4.30067314906481
"CUL4B_HUMAN---HS90A_HUMAN",-15.8005045636453,11.8144077406913,4.59706992425968,2.67195491977232
"DC1L1_HUMAN---MD2L1_HUMAN",10.1667136713484,12.1642806011431,-1.03611479549441,4.66151770540974
"DDX24_HUMAN---EIF3E_HUMAN",-11.2203937561881,17.2353629981822,-2.24784776820913,-1.30839433156072
"DKC1_HUMAN---RBM34_HUMAN",-6.22197585868425,19.0812567597401,-2.60162083482847,4.30067314906481
"DNMT1_HUMAN---HDAC1_HUMAN",-11.2203937561881,17.2353629981822,-2.24784776820913,-1.30839433156072
"EGFR_HUMAN---HS90A_HUMAN",-15.8005045636453,11.8144077406913,4.59706992425968,2.67195491977232
"EIF3B_HUMAN---EIF3E_HUMAN",-11.2203937561881,17.2353629981822,-2.24784776820913,-1.30839433156072
"EIF3C_HUMAN---EIF3E_HUMAN",-11.2203937561881,17.2353629981822,-2.24784776820913,-1.30839433156072
"EIF3E_HUMAN---GPBL1_HUMAN",-11.2203937561881,17.2353629981822,-2.24784776820913,-1.30839433156072
"ETS1_HUMAN---SUMO2_HUMAN",15.5587404820115,10.177855130023,1.81871168356047,4.27842705102226
"FRIH_HUMAN---IMA1_HUMAN",15.5587404820115,10.177855130023,1.81871168356047,4.27842705102226
"FYN_HUMAN-->CAV1_HUMAN",-11.2203937561881,17.2353629981822,-2.24784776820913,-1.30839433156072
"GCP60_HUMAN---PI4KB_HUMAN",-0.158892619497168,17.7856878583333,-2.0142279774877,7.62530517451742
"GCP60_HUMAN---RUSD2_HUMAN",-0.158892619497168,17.7856878583333,-2.0142279774877,7.62530517451742
"GNL1_HUMAN---TP4A1_HUMAN",-11.2203937561881,17.2353629981822,-2.24784776820913,-1.30839433156072
"H2AY_HUMAN---HDAC1_HUMAN",-11.2203937561881,17.2353629981822,-2.24784776820913,-1.30839433156072
"HDAC1_HUMAN---HDAC2_HUMAN",-11.2203937561881,17.2353629981822,-2.24784776820913,-1.30839433156072
"HDAC1_HUMAN---MKX_HUMAN",-11.2203937561881,17.2353629981822,-2.24784776820913,-1.30839433156072
"HDAC1_HUMAN---MTG8_HUMAN",10.8799294209179,14.0224519076559,2.75360215165166,9.23816653137362
"HDAC1_HUMAN---MYC_HUMAN",10.8799294209179,14.0224519076559,2.75360215165166,9.23816653137362
"HDAC1_HUMAN---P53_HUMAN",5.48790261025475,16.0088773787761,-0.101224327403222,9.62125718576109
"HDAC1_HUMAN---P66B_HUMAN",-11.2203937561881,17.2353629981822,-2.24784776820913,-1.30839433156072
"HDAC1_HUMAN---RB_HUMAN",-11.2203937561881,17.2353629981822,-2.24784776820913,-1.30839433156072
"HDAC1_HUMAN---SIN3A_HUMAN",-11.2203937561881,17.2353629981822,-2.24784776820913,-1.30839433156072
"HDAC1_HUMAN---SUV91_HUMAN",-11.2203937561881,17.2353629981822,-2.24784776820913,-1.30839433156072
"HS90A_HUMAN---HSF1_HUMAN",-6.22197585868425,19.0812567597401,-2.60162083482847,4.30067314906481
"HS90A_HUMAN---KKCC1_HUMAN",-15.8005045636453,11.8144077406913,4.59706992425968,2.67195491977232
"HS90A_HUMAN---MP2K7_HUMAN",-15.8005045636453,11.8144077406913,4.59706992425968,2.67195491977232
"HS90A_HUMAN---STIP1_HUMAN",-15.8005045636453,11.8144077406913,4.59706992425968,2.67195491977232
"HS90A_HUMAN---TBA1A_HUMAN",-15.8005045636453,11.8144077406913,4.59706992425968,2.67195491977232
"HS90A_HUMAN---TEBP_HUMAN",-15.8005045636453,11.8144077406913,4.59706992425968,2.67195491977232
"HS90B_HUMAN---KPCD1_HUMAN",-11.2203937561881,17.2353629981822,-2.24784776820913,-1.30839433156072
"HTSF1_HUMAN---Z512B_HUMAN",15.5587404820115,10.177855130023,1.81871168356047,4.27842705102226
"IF2B1_HUMAN---TRM7_HUMAN",6.29981861346074,8.60149665016505,9.59851984412047,13.2185157827067
"IMA3_HUMAN---P53_HUMAN",5.48790261025475,16.0088773787761,-0.101224327403222,9.62125718576109
"ING4_HUMAN---P53_HUMAN",5.48790261025475,16.0088773787761,-0.101224327403222,9.62125718576109
"KAP2_HUMAN---MTG8_HUMAN",10.8799294209179,14.0224519076559,2.75360215165166,9.23816653137362
"KCRB_HUMAN---SUMO2_HUMAN",-11.2203937561881,17.2353629981822,-2.24784776820913,-1.30839433156072
"KCRB_HUMAN---TBCB_HUMAN",-11.2203937561881,17.2353629981822,-2.24784776820913,-1.30839433156072
"KIF4A_HUMAN---MMS19_HUMAN",-6.22197585868425,19.0812567597401,-2.60162083482847,4.30067314906481
"KPCD1_HUMAN-->AKT1_HUMAN",-11.2203937561881,17.2353629981822,-2.24784776820913,-1.30839433156072
"KPCD1_HUMAN-->BAD_HUMAN",-11.2203937561881,17.2353629981822,-2.24784776820913,-1.30839433156072
"KPCD1_HUMAN-->COF1_HUMAN",-6.22197585868425,19.0812567597401,-2.60162083482847,4.30067314906481
"KPCD1_HUMAN-->CTNB1_HUMAN",-11.2203937561881,17.2353629981822,-2.24784776820913,-1.30839433156072
"KPCD1_HUMAN---MK13_HUMAN",-11.2203937561881,17.2353629981822,-2.24784776820913,-1.30839433156072
"KPCD1_HUMAN-->OSBP1_HUMAN",-11.2203937561881,17.2353629981822,-2.24784776820913,-1.30839433156072
"KPCD1_HUMAN-->PI4KB_HUMAN",-0.158892619497168,17.7856878583333,-2.0142279774877,7.62530517451742
"LNX1_HUMAN---RBMX_HUMAN",-6.22197585868425,19.0812567597401,-2.60162083482847,4.30067314906481
"MA7D1_HUMAN---MYC_HUMAN",10.8799294209179,14.0224519076559,2.75360215165166,9.23816653137362
"MAGG1_HUMAN---TIF1B_HUMAN",-11.2203937561881,17.2353629981822,-2.24784776820913,-1.30839433156072
"MARK2_HUMAN-->RFIP2_HUMAN",15.5587404820115,10.177855130023,1.81871168356047,4.27842705102226
"MBD1_HUMAN---MCAF1_HUMAN",-11.2203937561881,17.2353629981822,-2.24784776820913,-1.30839433156072
"MK13_HUMAN-->STMN1_HUMAN",-11.2203937561881,17.2353629981822,-2.24784776820913,-1.30839433156072
"MMS19_HUMAN---NUP53_HUMAN",-6.22197585868425,19.0812567597401,-2.60162083482847,4.30067314906481
"MTG8_HUMAN---OTUD4_HUMAN",10.8799294209179,14.0224519076559,2.75360215165166,9.23816653137362
"MYC_HUMAN---NOC2L_HUMAN",10.8799294209179,14.0224519076559,2.75360215165166,9.23816653137362
"MYC_HUMAN---NOL9_HUMAN",10.8799294209179,14.0224519076559,2.75360215165166,9.23816653137362
"MYH10_HUMAN---Z512B_HUMAN",15.5587404820115,10.177855130023,1.81871168356047,4.27842705102226
"MYH9_HUMAN---SVIL_HUMAN",-11.2203937561881,17.2353629981822,-2.24784776820913,-1.30839433156072
"NPM_HUMAN---PPIL4_HUMAN",15.5587404820115,10.177855130023,1.81871168356047,4.27842705102226
"NSF1C_HUMAN---SRP14_HUMAN",4.53039310419708,-0.54338940437293,6.65520629961995,19.5947559640689
"OXSR1_HUMAN---SCFD1_HUMAN",-0.158892619497168,17.7856878583333,-2.0142279774877,7.62530517451742
"P53_HUMAN---PSME3_HUMAN",5.48790261025475,16.0088773787761,-0.101224327403222,9.62125718576109
"P53_HUMAN---TP53B_HUMAN",5.48790261025475,16.0088773787761,-0.101224327403222,9.62125718576109
"P53_HUMAN---TPC11_HUMAN",5.48790261025475,16.0088773787761,-0.101224327403222,9.62125718576109
"PGAM1_HUMAN---XRCC6_HUMAN",-15.8005045636453,11.8144077406913,4.59706992425968,2.67195491977232
"PP1B_HUMAN---TIF1B_HUMAN",-11.2203937561881,17.2353629981822,-2.24784776820913,-1.30839433156072
"PSA3_HUMAN---PSA7_HUMAN",-11.2203937561881,17.2353629981822,-2.24784776820913,-1.30839433156072
"PSA5_HUMAN---PSA7_HUMAN",-11.2203937561881,17.2353629981822,-2.24784776820913,-1.30839433156072
"PSA7_HUMAN---SAMD1_HUMAN",-11.2203937561881,17.2353629981822,-2.24784776820913,-1.30839433156072
"PSMG1_HUMAN---PSMG2_HUMAN",15.5587404820115,10.177855130023,1.81871168356047,4.27842705102226
"PSMG2_HUMAN---S35F6_HUMAN",15.5587404820115,10.177855130023,1.81871168356047,4.27842705102226
"RB_HUMAN---TFDP1_HUMAN",5.48790261025475,16.0088773787761,-0.101224327403222,9.62125718576109
"RFIP1_HUMAN---RFIP2_HUMAN",15.5587404820115,10.177855130023,1.81871168356047,4.27842705102226
"S35F6_HUMAN---SPS1_HUMAN",15.5587404820115,10.177855130023,1.81871168356047,4.27842705102226
"SAT1_HUMAN---SPS1_HUMAN",15.5587404820115,10.177855130023,1.81871168356047,4.27842705102226
"SAT1_HUMAN---T22D4_HUMAN",-9.98796607539793,3.67477096939293,-6.38109217161932,-4.31295014259649
"SEPT2_HUMAN---SEPT9_HUMAN",15.5587404820115,10.177855130023,1.81871168356047,4.27842705102226
"SIR1_HUMAN---XRCC6_HUMAN",-15.8005045636453,11.8144077406913,4.59706992425968,2.67195491977232
"SPTN1_HUMAN---TP4A1_HUMAN",-11.2203937561881,17.2353629981822,-2.24784776820913,-1.30839433156072
"SUMO2_HUMAN---TIF1B_HUMAN",-11.2203937561881,17.2353629981822,-2.24784776820913,-1.30839433156072
"SUMO2_HUMAN---XPC_HUMAN",-11.2203937561881,17.2353629981822,-2.24784776820913,-1.30839433156072
"SUMO2_HUMAN---ZEB1_HUMAN",-11.2203937561881,17.2353629981822,-2.24784776820913,-1.30839433156072
"TERF2_HUMAN---WDR4_HUMAN",10.8799294209179,14.0224519076559,2.75360215165166,9.23816653137362
"TIF1B_HUMAN---ZN496_HUMAN",-11.2203937561881,17.2353629981822,-2.24784776820913,-1.30839433156072
"TPC11_HUMAN---TPC12_HUMAN",5.48790261025475,16.0088773787761,-0.101224327403222,9.62125718576109
"WNK1_HUMAN-->OXSR1_HUMAN",-0.158892619497168,17.7856878583333,-2.0142279774877,7.62530517451742
"1433G_HUMAN---PAK4_HUMAN",15.0166145042565,1.20536791694112,13.487676562191,3.00440513807141
"ACINU_HUMAN---PHS_HUMAN",13.2471889949929,-7.93951813759686,10.5443630176905,9.38064531943369
"ACK1_HUMAN---BCAR1_HUMAN",16.1503419314102,-3.08967207672432,3.44440493440318,0.979239556053955
"AKA11_HUMAN---PP1A_HUMAN",-2.08529077534561,6.26417276902528,8.13245357571085,-1.93308824423739
"AKT1_HUMAN-->DNMT1_HUMAN",13.2471889949929,-7.93951813759686,10.5443630176905,9.38064531943369
"AKT1_HUMAN-->YBOX1_HUMAN",15.0166145042565,1.20536791694112,13.487676562191,3.00440513807141
"ARHG7_HUMAN---LAP2_HUMAN",15.0166145042565,1.20536791694112,13.487676562191,3.00440513807141
"ARHGB_HUMAN---GSK3A_HUMAN",16.1503419314102,-3.08967207672432,3.44440493440318,0.979239556053955
"BORG1_HUMAN---RHOQ_HUMAN",15.0166145042565,1.20536791694112,13.487676562191,3.00440513807141
"BRD2_HUMAN---BRD7_HUMAN",13.2471889949929,-7.93951813759686,10.5443630176905,9.38064531943369
"BRD7_HUMAN---HNRL1_HUMAN",13.2471889949929,-7.93951813759686,10.5443630176905,9.38064531943369
"CALX_HUMAN---KSR1_HUMAN",15.0166145042565,1.20536791694112,13.487676562191,3.00440513807141
"CDK1_HUMAN-->STMN1_HUMAN",15.0166145042565,1.20536791694112,13.487676562191,3.00440513807141
"CHD4_HUMAN---SMCA4_HUMAN",14.3809164221466,-12.2345581312623,0.501091389902658,7.35547973741623
"CSK21_HUMAN-->CTNA1_HUMAN",15.0166145042565,1.20536791694112,13.487676562191,3.00440513807141
"CSK21_HUMAN---WDR55_HUMAN",15.0166145042565,1.20536791694112,13.487676562191,3.00440513807141
"DC1L2_HUMAN---YBOX1_HUMAN",15.0166145042565,1.20536791694112,13.487676562191,3.00440513807141
"DDA1_HUMAN---PWP1_HUMAN",15.0166145042565,1.20536791694112,13.487676562191,3.00440513807141
"DDX24_HUMAN---GIT1_HUMAN",13.2471889949929,-7.93951813759686,10.5443630176905,9.38064531943369
"DDX54_HUMAN---DDX55_HUMAN",1.53731052605387,-4.86713875663283,8.04396651026522,4.06006128273741
"DYRK4_HUMAN---HS90A_HUMAN",15.0166145042565,1.20536791694112,13.487676562191,3.00440513807141
"EIF3G_HUMAN---PKN2_HUMAN",15.0166145042565,1.20536791694112,13.487676562191,3.00440513807141
"F122B_HUMAN---WDR48_HUMAN",13.2471889949929,-7.93951813759686,10.5443630176905,9.38064531943369
"FBX4_HUMAN---HS90A_HUMAN",15.0166145042565,1.20536791694112,13.487676562191,3.00440513807141
"FGR_HUMAN---KHDR1_HUMAN",13.2471889949929,-7.93951813759686,10.5443630176905,9.38064531943369
"HS90A_HUMAN---LAR4B_HUMAN",15.0166145042565,1.20536791694112,13.487676562191,3.00440513807141
"HS90A_HUMAN---SG223_HUMAN",15.0166145042565,1.20536791694112,13.487676562191,3.00440513807141
"KAP2_HUMAN---RBM34_HUMAN",13.2471889949929,-7.93951813759686,10.5443630176905,9.38064531943369
"KS6A1_HUMAN-->BAD_HUMAN",15.0166145042565,1.20536791694112,13.487676562191,3.00440513807141
"LMTK2_HUMAN-->PP1A_HUMAN",9.62458769359339,3.19179338806125,10.6328500831361,3.38749579245889
"MKX_HUMAN---SIN3A_HUMAN",13.2471889949929,-7.93951813759686,10.5443630176905,9.38064531943369
"NOVA1_HUMAN---PCBP1_HUMAN",13.2471889949929,-7.93951813759686,10.5443630176905,9.38064531943369
"PKN2_HUMAN---PLCG1_HUMAN",15.0166145042565,1.20536791694112,13.487676562191,3.00440513807141
"PP1A_HUMAN---TBCB_HUMAN",15.0166145042565,1.20536791694112,13.487676562191,3.00440513807141
"PR38A_HUMAN---SRPK2_HUMAN",13.2471889949929,-7.93951813759686,10.5443630176905,9.38064531943369
"RBM8A_HUMAN---SRRM2_HUMAN",14.3809164221466,-12.2345581312623,0.501091389902658,7.35547973741623
"RHOQ_HUMAN---WASL_HUMAN",15.0166145042565,1.20536791694112,13.487676562191,3.00440513807141
"RU17_HUMAN---SRPK2_HUMAN",13.2471889949929,-7.93951813759686,10.5443630176905,9.38064531943369
"STK24_HUMAN---STRN3_HUMAN",13.2471889949929,-7.93951813759686,10.5443630176905,9.38064531943369
"STK24_HUMAN---STRN4_HUMAN",13.2471889949929,-7.93951813759686,10.5443630176905,9.38064531943369
"TEBP_HUMAN---WAP53_HUMAN",13.2471889949929,-7.93951813759686,10.5443630176905,9.38064531943369
"ABI2_HUMAN---MIPT3_HUMAN",-7.18240892648594,13.6838310425912,2.57619941795257,-6.56276549584461
"CDK2_HUMAN---HS90A_HUMAN",7.88684684277468,9.69870255539603,4.14236236229692,-6.29652814995791
"CDK2_HUMAN-->RB_HUMAN",7.88684684277468,9.69870255539603,4.14236236229692,-6.29652814995791
"D0VY79_HUMAN---EGLN1_HUMAN",2.88842894527083,7.85280879383814,4.49613542891626,-11.9055956305834
"D0VY79_HUMAN---NAA10_HUMAN",2.88842894527083,7.85280879383814,4.49613542891626,-11.9055956305834
"D0VY79_HUMAN---PSA7_HUMAN",2.88842894527083,7.85280879383814,4.49613542891626,-11.9055956305834
"DC1L1_HUMAN---EIF3E_HUMAN",3.20803578168105,13.543299333029,5.07725283038811,-1.33678866960655
"HNRL1_HUMAN---MEPCE_HUMAN",6.11742133351102,0.553816500858047,1.1990488177964,0.0797120314043677
"TFP11_HUMAN---TPPC4_HUMAN",12.1805045726981,-0.741752400548793,1.78644167513718,3.40434405685698
"TPC12_HUMAN---TPPC4_HUMAN",12.1805045726981,-0.741752400548793,1.78644167513718,3.40434405685698
"CH10_HUMAN---EF1A1_HUMAN",14.9179142506201,10.470919952065,7.57764933781336,3.98379536708973
"CSK21_HUMAN-->DDX58_HUMAN",14.2822161685101,-2.96900609613846,-5.40893583447496,8.33486996643455
"CSK21_HUMAN---SPB1_HUMAN",14.9179142506201,10.470919952065,7.57764933781336,3.98379536708973
"DDX58_HUMAN---TRI25_HUMAN",14.2822161685101,-2.96900609613846,-5.40893583447496,8.33486996643455
"DDX58_HUMAN---WRIP1_HUMAN",14.9179142506201,10.470919952065,7.57764933781336,3.98379536708973
"EF1A1_HUMAN---XRN2_HUMAN",14.9179142506201,10.470919952065,7.57764933781336,3.98379536708973
"EPS15_HUMAN---LAPM5_HUMAN",14.9179142506201,10.470919952065,7.57764933781336,3.98379536708973
"FUND2_HUMAN---UBP13_HUMAN",14.9179142506201,10.470919952065,7.57764933781336,3.98379536708973
"LAPM5_HUMAN---TM1L2_HUMAN",14.9179142506201,10.470919952065,7.57764933781336,3.98379536708973
"LAPM5_HUMAN---UBP13_HUMAN",14.9179142506201,10.470919952065,7.57764933781336,3.98379536708973
"PCBP1_HUMAN---PPIG_HUMAN",14.9179142506201,10.470919952065,7.57764933781336,3.98379536708973
"F122A_HUMAN---TE2IP_HUMAN",14.5983074142098,4.78042941287412,6.99653193634152,-6.58501159388716
"HDGF_HUMAN---RL35A_HUMAN",12.8288819049462,-4.36445664166386,4.053218391841,-0.208771412524885
"1433G_HUMAN---KLC4_HUMAN",17.82729980245,-2.51856288010598,3.69944532522166,5.40029606810065
"1433G_HUMAN---PR40A_HUMAN",17.82729980245,-2.51856288010598,3.69944532522166,5.40029606810065
"AAPK2_HUMAN---KKCC1_HUMAN",17.82729980245,-2.51856288010598,3.69944532522166,5.40029606810065
"AKA10_HUMAN---KAP2_HUMAN",17.82729980245,-2.51856288010598,3.69944532522166,5.40029606810065
"AP3D1_HUMAN---HTSF1_HUMAN",18.9610272296037,-6.81360287377142,-6.34382630256615,3.37513048608319
"ATM_HUMAN-->DYRK2_HUMAN",17.82729980245,-2.51856288010598,3.69944532522166,5.40029606810065
"ATM_HUMAN-->MED1_HUMAN",17.82729980245,-2.51856288010598,3.69944532522166,5.40029606810065
"BIG3_HUMAN---EGFR_HUMAN",17.82729980245,-2.51856288010598,3.69944532522166,5.40029606810065
"CBL_HUMAN---TBA1A_HUMAN",18.9610272296037,-6.81360287377142,-6.34382630256615,3.37513048608319
"CDK19_HUMAN---FKB15_HUMAN",17.82729980245,-2.51856288010598,3.69944532522166,5.40029606810065
"CDK19_HUMAN---MED1_HUMAN",17.82729980245,-2.51856288010598,3.69944532522166,5.40029606810065
"CDK5_HUMAN---IRS4_HUMAN",17.82729980245,-2.51856288010598,3.69944532522166,5.40029606810065
"DC1L1_HUMAN---PAIRB_HUMAN",17.82729980245,-2.51856288010598,3.69944532522166,5.40029606810065
"DLG1_HUMAN---DLG3_HUMAN",17.82729980245,-2.51856288010598,3.69944532522166,5.40029606810065
"DYRK2_HUMAN---DYRK4_HUMAN",17.82729980245,-2.51856288010598,3.69944532522166,5.40029606810065
"EGFR_HUMAN---STIP1_HUMAN",17.82729980245,-2.51856288010598,3.69944532522166,5.40029606810065
"FYN_HUMAN---PHAG1_HUMAN",17.82729980245,-2.51856288010598,3.69944532522166,5.40029606810065
"FYN_HUMAN---PPR3D_HUMAN",17.82729980245,-2.51856288010598,3.69944532522166,5.40029606810065
"GLIS2_HUMAN---WNK1_HUMAN",18.9610272296037,-6.81360287377142,-6.34382630256615,3.37513048608319
"GRB2_HUMAN---RHG17_HUMAN",17.82729980245,-2.51856288010598,3.69944532522166,5.40029606810065
"HERC2_HUMAN---RNF8_HUMAN",17.82729980245,-2.51856288010598,3.69944532522166,5.40029606810065
"HGS_HUMAN---SCAM3_HUMAN",18.9610272296037,-6.81360287377142,-6.34382630256615,3.37513048608319
"IQGA1_HUMAN---LRC47_HUMAN",17.82729980245,-2.51856288010598,3.69944532522166,5.40029606810065
"IQGA1_HUMAN---MK01_HUMAN",17.82729980245,-2.51856288010598,3.69944532522166,5.40029606810065
"JUN_HUMAN---MP2K7_HUMAN",17.82729980245,-2.51856288010598,3.69944532522166,5.40029606810065
"KMT2D_HUMAN---SRRM1_HUMAN",17.82729980245,-2.51856288010598,3.69944532522166,5.40029606810065
"KMT2D_HUMAN---WDR82_HUMAN",17.82729980245,-2.51856288010598,3.69944532522166,5.40029606810065
"KSR1_HUMAN---MP2K2_HUMAN",17.82729980245,-2.51856288010598,3.69944532522166,5.40029606810065
"MAP1B_HUMAN---PHS_HUMAN",17.82729980245,-2.51856288010598,3.69944532522166,5.40029606810065
"MD2L1_HUMAN---T22D4_HUMAN",17.82729980245,-2.51856288010598,3.69944532522166,5.40029606810065
"MDC1_HUMAN---RNF8_HUMAN",17.82729980245,-2.51856288010598,3.69944532522166,5.40029606810065
"MED12_HUMAN---MED1_HUMAN",17.82729980245,-2.51856288010598,3.69944532522166,5.40029606810065
"MED13_HUMAN---MED1_HUMAN",17.82729980245,-2.51856288010598,3.69944532522166,5.40029606810065
"MK01_HUMAN---MP2K2_HUMAN",17.82729980245,-2.51856288010598,3.69944532522166,5.40029606810065
"MP2K2_HUMAN-->MK03_HUMAN",17.82729980245,-2.51856288010598,3.69944532522166,5.40029606810065
"MYO6_HUMAN---TOM1_HUMAN",18.9610272296037,-6.81360287377142,-6.34382630256615,3.37513048608319
"PAIRB_HUMAN---SUMO2_HUMAN",18.9610272296037,-6.81360287377142,-6.34382630256615,3.37513048608319
"PEBB_HUMAN---SCG1_HUMAN",18.9610272296037,-6.81360287377142,-6.34382630256615,3.37513048608319
"PGAM1_HUMAN---PKP4_HUMAN",17.82729980245,-2.51856288010598,3.69944532522166,5.40029606810065
"PIAS1_HUMAN---SGTA_HUMAN",17.82729980245,-2.51856288010598,3.69944532522166,5.40029606810065
"PKN2_HUMAN---SCG1_HUMAN",17.82729980245,-2.51856288010598,3.69944532522166,5.40029606810065
"PR40A_HUMAN---VINC_HUMAN",17.82729980245,-2.51856288010598,3.69944532522166,5.40029606810065
"Q6FIE9_HUMAN---TOM1_HUMAN",18.9610272296037,-6.81360287377142,-6.34382630256615,3.37513048608319
"RAD50_HUMAN---TE2IP_HUMAN",17.82729980245,-2.51856288010598,3.69944532522166,5.40029606810065
"RBM5_HUMAN---U520_HUMAN",17.82729980245,-2.51856288010598,3.69944532522166,5.40029606810065
"RNF8_HUMAN---UBE2N_HUMAN",17.82729980245,-2.51856288010598,3.69944532522166,5.40029606810065
"ROCK1_HUMAN---SMAD2_HUMAN",17.82729980245,-2.51856288010598,3.69944532522166,5.40029606810065
"SCG1_HUMAN---SG223_HUMAN",18.9610272296037,-6.81360287377142,-6.34382630256615,3.37513048608319
"SGTA_HUMAN---UBL7_HUMAN",17.82729980245,-2.51856288010598,3.69944532522166,5.40029606810065
"TE2IP_HUMAN---TOIP1_HUMAN",17.82729980245,-2.51856288010598,3.69944532522166,5.40029606810065
"TOM1_HUMAN---ZFY16_HUMAN",18.9610272296037,-6.81360287377142,-6.34382630256615,3.37513048608319
"CBL_HUMAN---GRB2_HUMAN",15.3384259282042,4.31770865188669,-6.25533923712051,-2.61801904089161
"1433G_HUMAN---ACINU_HUMAN",20.7304527388674,2.33128318076656,-3.40051275806563,-3.00110969527909
"1433G_HUMAN---NELFE_HUMAN",20.7304527388674,2.33128318076656,-3.40051275806563,-3.00110969527909
"1433G_HUMAN---PPR3D_HUMAN",20.7304527388674,2.33128318076656,-3.40051275806563,-3.00110969527909
"1433G_HUMAN---SPN90_HUMAN",20.7304527388674,2.33128318076656,-3.40051275806563,-3.00110969527909
"1433G_HUMAN---WNK1_HUMAN",20.7304527388674,2.33128318076656,-3.40051275806563,-3.00110969527909
"1433G_HUMAN---YAP1_HUMAN",20.7304527388674,2.33128318076656,-3.40051275806563,-3.00110969527909
"ABL2_HUMAN-->CRK_HUMAN",20.7304527388674,2.33128318076656,-3.40051275806563,-3.00110969527909
"ABL2_HUMAN---PLCG1_HUMAN",20.7304527388674,2.33128318076656,-3.40051275806563,-3.00110969527909
"ACTB_HUMAN---SUMO2_HUMAN",20.7304527388674,2.33128318076656,-3.40051275806563,-3.00110969527909
"ADDA_HUMAN---AT1A1_HUMAN",20.7304527388674,2.33128318076656,-3.40051275806563,-3.00110969527909
"AFAD_HUMAN---RRAS2_HUMAN",20.7304527388674,2.33128318076656,-3.40051275806563,-3.00110969527909
"AMOT_HUMAN---PARD3_HUMAN",20.7304527388674,2.33128318076656,-3.40051275806563,-3.00110969527909
"AR6P4_HUMAN---CSK21_HUMAN",20.7304527388674,2.33128318076656,-3.40051275806563,-3.00110969527909
"AT2B4_HUMAN---DLG3_HUMAN",20.7304527388674,2.33128318076656,-3.40051275806563,-3.00110969527909
"BCAR1_HUMAN---DOCK1_HUMAN",20.7304527388674,2.33128318076656,-3.40051275806563,-3.00110969527909
"BCAR1_HUMAN---ZYX_HUMAN",20.7304527388674,2.33128318076656,-3.40051275806563,-3.00110969527909
"CBL_HUMAN---FGR_HUMAN",20.7304527388674,2.33128318076656,-3.40051275806563,-3.00110969527909
"CCNK_HUMAN---T22D4_HUMAN",20.7304527388674,2.33128318076656,-3.40051275806563,-3.00110969527909
"CDK16_HUMAN---CDK5_HUMAN",20.7304527388674,2.33128318076656,-3.40051275806563,-3.00110969527909
"CDK1_HUMAN-->GAPD1_HUMAN",20.7304527388674,2.33128318076656,-3.40051275806563,-3.00110969527909
"CDK1_HUMAN-->KI67_HUMAN",20.7304527388674,2.33128318076656,-3.40051275806563,-3.00110969527909
"CDK5_HUMAN-->DNMT1_HUMAN",20.7304527388674,2.33128318076656,-3.40051275806563,-3.00110969527909
"CEBPZ_HUMAN---PEBB_HUMAN",20.7304527388674,2.33128318076656,-3.40051275806563,-3.00110969527909
"CEBPZ_HUMAN---SUMO2_HUMAN",20.7304527388674,2.33128318076656,-3.40051275806563,-3.00110969527909
"CHD4_HUMAN---SUMO2_HUMAN",20.7304527388674,2.33128318076656,-3.40051275806563,-3.00110969527909
"CP3A4_HUMAN---PGRC1_HUMAN",20.7304527388674,2.33128318076656,-3.40051275806563,-3.00110969527909
"CSK21_HUMAN---IF2P_HUMAN",20.7304527388674,2.33128318076656,-3.40051275806563,-3.00110969527909
"CSK21_HUMAN---IF4B_HUMAN",20.7304527388674,2.33128318076656,-3.40051275806563,-3.00110969527909
"CSK21_HUMAN---RU17_HUMAN",20.7304527388674,2.33128318076656,-3.40051275806563,-3.00110969527909
"CSK21_HUMAN-->SMC3_HUMAN",20.7304527388674,2.33128318076656,-3.40051275806563,-3.00110969527909
"CTND1_HUMAN---EGFR_HUMAN",20.7304527388674,2.33128318076656,-3.40051275806563,-3.00110969527909
"DDX21_HUMAN---SUMO2_HUMAN",20.7304527388674,2.33128318076656,-3.40051275806563,-3.00110969527909
"DDX3X_HUMAN---IF4G1_HUMAN",20.7304527388674,2.33128318076656,-3.40051275806563,-3.00110969527909
"DPP3_HUMAN---NHLC2_HUMAN",20.7304527388674,2.33128318076656,-3.40051275806563,-3.00110969527909
"DPP3_HUMAN---SUMO2_HUMAN",20.7304527388674,2.33128318076656,-3.40051275806563,-3.00110969527909
"DREB_HUMAN---MARCS_HUMAN",20.7304527388674,2.33128318076656,-3.40051275806563,-3.00110969527909
"EGFR_HUMAN---KAPCA_HUMAN",20.7304527388674,2.33128318076656,-3.40051275806563,-3.00110969527909
"EGFR_HUMAN---PAK1_HUMAN",20.7304527388674,2.33128318076656,-3.40051275806563,-3.00110969527909
"EGFR_HUMAN---TM1L1_HUMAN",20.7304527388674,2.33128318076656,-3.40051275806563,-3.00110969527909
"EMAL4_HUMAN---NEK6_HUMAN",20.7304527388674,2.33128318076656,-3.40051275806563,-3.00110969527909
"FACD2_HUMAN---SUMO2_HUMAN",20.7304527388674,2.33128318076656,-3.40051275806563,-3.00110969527909
"FAK1_HUMAN-->AT2B4_HUMAN",20.7304527388674,2.33128318076656,-3.40051275806563,-3.00110969527909
"FNBP4_HUMAN---SUMO2_HUMAN",20.7304527388674,2.33128318076656,-3.40051275806563,-3.00110969527909
"GAPD1_HUMAN---LRC47_HUMAN",20.7304527388674,2.33128318076656,-3.40051275806563,-3.00110969527909
"GRB2_HUMAN---MK09_HUMAN",20.7304527388674,2.33128318076656,-3.40051275806563,-3.00110969527909
"GRB2_HUMAN---PHAG1_HUMAN",20.7304527388674,2.33128318076656,-3.40051275806563,-3.00110969527909
"GRB2_HUMAN---WASL_HUMAN",20.7304527388674,2.33128318076656,-3.40051275806563,-3.00110969527909
"H2AY_HUMAN---SUMO2_HUMAN",20.7304527388674,2.33128318076656,-3.40051275806563,-3.00110969527909
"HACD3_HUMAN---NEK6_HUMAN",20.7304527388674,2.33128318076656,-3.40051275806563,-3.00110969527909
"HNRL1_HUMAN---SUMO2_HUMAN",20.7304527388674,2.33128318076656,-3.40051275806563,-3.00110969527909
"KAPCA_HUMAN-->1433Z_HUMAN",20.7304527388674,2.33128318076656,-3.40051275806563,-3.00110969527909
"KAPCA_HUMAN-->CDK16_HUMAN",20.7304527388674,2.33128318076656,-3.40051275806563,-3.00110969527909
"KAPCA_HUMAN-->CP3A4_HUMAN",20.7304527388674,2.33128318076656,-3.40051275806563,-3.00110969527909
"KAPCA_HUMAN-->DESP_HUMAN",20.7304527388674,2.33128318076656,-3.40051275806563,-3.00110969527909
"KAPCA_HUMAN-->GSK3A_HUMAN",20.7304527388674,2.33128318076656,-3.40051275806563,-3.00110969527909
"KAPCA_HUMAN-->KKCC1_HUMAN",20.7304527388674,2.33128318076656,-3.40051275806563,-3.00110969527909
"KAPCA_HUMAN-->PLSL_HUMAN",20.7304527388674,2.33128318076656,-3.40051275806563,-3.00110969527909
"LAS1L_HUMAN---PNKP_HUMAN",20.7304527388674,2.33128318076656,-3.40051275806563,-3.00110969527909
"MARK2_HUMAN-->PARD3_HUMAN",20.7304527388674,2.33128318076656,-3.40051275806563,-3.00110969527909
"MARK2_HUMAN---TAOK1_HUMAN",20.7304527388674,2.33128318076656,-3.40051275806563,-3.00110969527909
"MBB1A_HUMAN---SUMO2_HUMAN",20.7304527388674,2.33128318076656,-3.40051275806563,-3.00110969527909
"MCMBP_HUMAN---SUMO2_HUMAN",20.7304527388674,2.33128318076656,-3.40051275806563,-3.00110969527909
"MK01_HUMAN-->CSK21_HUMAN",20.7304527388674,2.33128318076656,-3.40051275806563,-3.00110969527909
"NEK6_HUMAN---SMC3_HUMAN",20.7304527388674,2.33128318076656,-3.40051275806563,-3.00110969527909
"NKAP_HUMAN---PPIG_HUMAN",20.7304527388674,2.33128318076656,-3.40051275806563,-3.00110969527909
"NUCL_HUMAN---SUMO2_HUMAN",20.7304527388674,2.33128318076656,-3.40051275806563,-3.00110969527909
"NUP50_HUMAN---TOIP1_HUMAN",20.7304527388674,2.33128318076656,-3.40051275806563,-3.00110969527909
"OSBP1_HUMAN---PI4KA_HUMAN",20.7304527388674,2.33128318076656,-3.40051275806563,-3.00110969527909
"PAK1_HUMAN-->MP2K1_HUMAN",20.7304527388674,2.33128318076656,-3.40051275806563,-3.00110969527909
"PNKP_HUMAN---UBE2O_HUMAN",20.7304527388674,2.33128318076656,-3.40051275806563,-3.00110969527909
"RAD50_HUMAN---SUMO2_HUMAN",20.7304527388674,2.33128318076656,-3.40051275806563,-3.00110969527909
"RLA1_HUMAN---SAT1_HUMAN",20.7304527388674,2.33128318076656,-3.40051275806563,-3.00110969527909
"SCFD1_HUMAN---XRN2_HUMAN",20.7304527388674,2.33128318076656,-3.40051275806563,-3.00110969527909
"SNUT2_HUMAN---SUMO2_HUMAN",20.7304527388674,2.33128318076656,-3.40051275806563,-3.00110969527909
"SRRM2_HUMAN---SUMO2_HUMAN",20.7304527388674,2.33128318076656,-3.40051275806563,-3.00110969527909
"UBL7_HUMAN---ZYX_HUMAN",20.7304527388674,2.33128318076656,-3.40051275806563,-3.00110969527909
"WAP53_HUMAN---WAPL_HUMAN",20.7304527388674,2.33128318076656,-3.40051275806563,-3.00110969527908
