"","V1","V2","V3","V4","V5"
"1433G_HUMAN---3BP5L_HUMAN",-19.1006542632264,6.57683462423726,-5.8639101193884,-3.61833779519262,-3.69462770304717
"1433G_HUMAN---AFAD_HUMAN",-19.6392829228406,-6.97804650565936,6.54179170629287,1.21201205955302,-0.673348871563807
"1433G_HUMAN---ANS1A_HUMAN",-19.6392829228406,-6.97804650565936,6.54179170629287,1.21201205955302,-0.673348871563807
"1433G_HUMAN---BCLF1_HUMAN",-19.6392829228406,-6.97804650565936,6.54179170629287,1.21201205955302,-0.673348871563807
"1433G_HUMAN---CDK16_HUMAN",-20.9399155470582,-1.99123638876615,-3.85893992129228,2.96576923941638,1.07845161845121
"1433G_HUMAN---CLAP1_HUMAN",-19.6392829228406,-6.97804650565936,6.54179170629287,1.21201205955302,-0.673348871563807
"1433G_HUMAN---CRTC2_HUMAN",-20.9399155470582,-1.99123638876615,-3.85893992129228,2.96576923941638,1.07845161845121
"1433G_HUMAN---DYR1A_HUMAN",-20.9399155470582,-1.99123638876615,-3.85893992129228,2.96576923941638,1.07845161845121
"1433G_HUMAN---E41L2_HUMAN",-19.6392829228406,-6.97804650565936,6.54179170629287,1.21201205955302,-0.673348871563807
"1433G_HUMAN---EDC3_HUMAN",-20.9399155470582,-1.99123638876615,-3.85893992129228,2.96576923941638,1.07845161845121
"1433G_HUMAN---FA53C_HUMAN",-19.6392829228406,-6.97804650565936,6.54179170629287,1.21201205955302,-0.673348871563807
"1433G_HUMAN---GSK3A_HUMAN",-20.9399155470582,-1.99123638876615,-3.85893992129228,2.96576923941638,1.07845161845121
"1433G_HUMAN---HDAC4_HUMAN",-15.123977943947,12.5819483253593,-1.98668297346393,-5.99433375385386,4.19686111842978
"1433G_HUMAN---LARP1_HUMAN",6.11853057901075,-19.1907774804199,-3.35587106231319,-4.47960005026134,-2.38157739722594
"1433G_HUMAN---LSR_HUMAN",-19.6392829228406,-6.97804650565936,6.54179170629287,1.21201205955302,-0.673348871563807
"1433G_HUMAN---MARK2_HUMAN",-19.6392829228406,-6.97804650565936,6.54179170629287,1.21201205955302,-0.673348871563807
"1433G_HUMAN---MFAP1_HUMAN",-20.9399155470582,-1.99123638876615,-3.85893992129228,2.96576923941638,1.07845161845121
"1433G_HUMAN---PANK2_HUMAN",-19.6392829228406,-6.97804650565936,6.54179170629287,1.21201205955302,-0.673348871563807
"1433G_HUMAN---PPIG_HUMAN",-19.6392829228406,-6.97804650565936,6.54179170629287,1.21201205955302,-0.673348871563807
"1433G_HUMAN---PRP4B_HUMAN",-19.6392829228406,-6.97804650565936,6.54179170629287,1.21201205955302,-0.673348871563807
"1433G_HUMAN---SMAG2_HUMAN",-19.6392829228406,-6.97804650565936,6.54179170629287,1.21201205955302,-0.673348871563807
"1433G_HUMAN---SON_HUMAN",-20.9399155470582,-1.99123638876615,-3.85893992129228,2.96576923941638,1.07845161845121
"1433G_HUMAN---SRPK1_HUMAN",-15.123977943947,12.5819483253593,-1.98668297346393,-5.99433375385386,4.19686111842978
"1433G_HUMAN---SRRM2_HUMAN",-19.6392829228406,-6.97804650565936,6.54179170629287,1.21201205955302,-0.673348871563807
"1433G_HUMAN---TR150_HUMAN",-20.9399155470582,-1.99123638876615,-3.85893992129228,2.96576923941638,1.07845161845121
"1433G_HUMAN---TRA2A_HUMAN",-19.6392829228406,-6.97804650565936,6.54179170629287,1.21201205955302,-0.673348871563807
"1433G_HUMAN---UBP8_HUMAN",-20.9399155470582,-1.99123638876615,-3.85893992129228,2.96576923941638,1.07845161845121
"1433G_HUMAN---ZCH18_HUMAN",6.11853057901075,-19.1907774804199,-3.35587106231319,-4.47960005026134,-2.38157739722594
"1433G_HUMAN---ZN638_HUMAN",-19.6392829228406,-6.97804650565936,6.54179170629287,1.21201205955302,-0.673348871563807
"1433G_HUMAN---ZO2_HUMAN",-19.6392829228406,-6.97804650565936,6.54179170629287,1.21201205955302,-0.673348871563807
"3BP5L_HUMAN---EYA4_HUMAN",-19.1006542632264,6.57683462423726,-5.8639101193884,-3.61833779519262,-3.69462770304717
"4ET_HUMAN---ATX1_HUMAN",-20.9399155470582,-1.99123638876615,-3.85893992129228,2.96576923941638,1.07845161845121
"A8K015_HUMAN---STAT3_HUMAN",-19.1006542632264,6.57683462423726,-5.8639101193884,-3.61833779519262,-3.69462770304717
"A8K015_HUMAN---TMX1_HUMAN",-19.1006542632264,6.57683462423726,-5.8639101193884,-3.61833779519262,-3.69462770304717
"AAGAB_HUMAN---EIF3C_HUMAN",-20.9399155470582,-1.99123638876615,-3.85893992129228,2.96576923941638,1.07845161845121
"AAPK2_HUMAN-->ACACA_HUMAN",-20.9399155470582,-1.99123638876615,-3.85893992129228,2.96576923941638,1.07845161845121
"AAPK2_HUMAN---AMOT_HUMAN",-20.9399155470582,-1.99123638876615,-3.85893992129228,2.96576923941638,1.07845161845121
"AAPK2_HUMAN---C170B_HUMAN",-20.9399155470582,-1.99123638876615,-3.85893992129228,2.96576923941638,1.07845161845121
"ABI2_HUMAN---PCM1_HUMAN",-14.9862095278745,3.4639111786447,-9.16103626478449,-9.18142647672664,1.13375628567161
"ABI2_HUMAN---VINC_HUMAN",11.3486541027233,-3.80255887000113,-16.1283479589982,-2.49035893231107,-4.68709664422377
"ABLM1_HUMAN---T22D4_HUMAN",-19.6392829228406,-6.97804650565936,6.54179170629287,1.21201205955302,-0.673348871563807
"ACAP2_HUMAN---LMNB1_HUMAN",9.50939281889146,-12.3706298830045,-14.1233777609021,4.09374810229793,0.0859826772746116
"ACK1_HUMAN---CDC42_HUMAN",-16.9632392277788,4.01387731235584,0.0182872246321839,0.589773280755142,8.96994043992815
"ACLY_HUMAN---HGS_HUMAN",-20.9399155470582,-1.99123638876615,-3.85893992129228,2.96576923941638,1.07845161845121
"ACTB_HUMAN---KHDR1_HUMAN",-20.9399155470582,-1.99123638876615,-3.85893992129228,2.96576923941638,1.07845161845121
"ACTB_HUMAN---MIPT3_HUMAN",-19.6392829228406,-6.97804650565936,6.54179170629287,1.21201205955302,-0.673348871563807
"ACTB_HUMAN---PRSR2_HUMAN",-20.9399155470582,-1.99123638876615,-3.85893992129228,2.96576923941638,1.07845161845121
"ACTB_HUMAN---SVIL_HUMAN",10.810025443109,-17.3574399998977,-3.72264613331693,2.33999092243456,-1.6658178127404
"ADCY6_HUMAN---ATX1_HUMAN",-15.123977943947,12.5819483253593,-1.98668297346393,-5.99433375385386,4.19686111842978
"ADNP_HUMAN---SUMO2_HUMAN",-19.6392829228406,-6.97804650565936,6.54179170629287,1.21201205955302,-0.673348871563807
"ADT1_HUMAN---B2L13_HUMAN",-20.9399155470582,-1.99123638876615,-3.85893992129228,2.96576923941638,1.07845161845121
"AFAD_HUMAN---DREB_HUMAN",-19.6392829228406,-6.97804650565936,6.54179170629287,1.21201205955302,-0.673348871563807
"AFAD_HUMAN---ZO1_HUMAN",-19.6392829228406,-6.97804650565936,6.54179170629287,1.21201205955302,-0.673348871563807
"AFTIN_HUMAN---GGA3_HUMAN",-20.9399155470582,-1.99123638876615,-3.85893992129228,2.96576923941638,1.07845161845121
"AHNK_HUMAN---SUMO2_HUMAN",-20.9399155470582,-1.99123638876615,-3.85893992129228,2.96576923941638,1.07845161845121
"AKA10_HUMAN---NHRF1_HUMAN",11.3486541027233,-3.80255887000113,-16.1283479589982,-2.49035893231107,-4.68709664422377
"AKA11_HUMAN---KAP2_HUMAN",-19.6392829228406,-6.97804650565936,6.54179170629287,1.21201205955302,-0.673348871563807
"AKA12_HUMAN---DC1L1_HUMAN",10.6338355579044,0.369217350598758,-11.88434574207,-11.6859458636682,2.48863259276765
"AKA12_HUMAN---EGFR_HUMAN",10.0952068982902,-13.1856637792979,0.521356083611278,-6.85559600892258,5.50991142425101
"AKA12_HUMAN---KAP2_HUMAN",-19.6392829228406,-6.97804650565936,6.54179170629287,1.21201205955302,-0.673348871563807
"AKAP1_HUMAN---KAP2_HUMAN",-19.6392829228406,-6.97804650565936,6.54179170629287,1.21201205955302,-0.673348871563807
"AKAP2_HUMAN---KAP2_HUMAN",-19.6392829228406,-6.97804650565936,6.54179170629287,1.21201205955302,-0.673348871563807
"AKT1_HUMAN-->1433Z_HUMAN",-20.9399155470582,-1.99123638876615,-3.85893992129228,2.96576923941638,1.07845161845121
"AKT1_HUMAN-->ATX1_HUMAN",-20.9399155470582,-1.99123638876615,-3.85893992129228,2.96576923941638,1.07845161845121
"AKT1_HUMAN-->HJURP_HUMAN",-20.9399155470582,-1.99123638876615,-3.85893992129228,2.96576923941638,1.07845161845121
"AKT1_HUMAN-->PALLD_HUMAN",-20.9399155470582,-1.99123638876615,-3.85893992129228,2.96576923941638,1.07845161845121
"AKT1_HUMAN-->PDCD4_HUMAN",-20.9399155470582,-1.99123638876615,-3.85893992129228,2.96576923941638,1.07845161845121
"AKT1_HUMAN-->RANB3_HUMAN",-20.9399155470582,-1.99123638876615,-3.85893992129228,2.96576923941638,1.07845161845121
"AKT1_HUMAN-->SRPK2_HUMAN",-20.9399155470582,-1.99123638876615,-3.85893992129228,2.96576923941638,1.07845161845121
"AKT1_HUMAN-->TBCD1_HUMAN",-20.9399155470582,-1.99123638876615,-3.85893992129228,2.96576923941638,1.07845161845121
"AKT1_HUMAN-->TBCD4_HUMAN",-20.9399155470582,-1.99123638876615,-3.85893992129228,2.96576923941638,1.07845161845121
"AKT1_HUMAN-->WNK1_HUMAN",-20.9399155470582,-1.99123638876615,-3.85893992129228,2.96576923941638,1.07845161845121
"AKT1_HUMAN-->YAP1_HUMAN",-20.9399155470582,-1.99123638876615,-3.85893992129228,2.96576923941638,1.07845161845121
"AKT1_HUMAN-->ZYX_HUMAN",-20.9399155470582,-1.99123638876615,-3.85893992129228,2.96576923941638,1.07845161845121
"AMOT_HUMAN---FOXK1_HUMAN",-20.9399155470582,-1.99123638876615,-3.85893992129228,2.96576923941638,1.07845161845121
"AMOT_HUMAN---MPP5_HUMAN",-20.9399155470582,-1.99123638876615,-3.85893992129228,2.96576923941638,1.07845161845121
"AMOT_HUMAN---RHG17_HUMAN",-20.9399155470582,-1.99123638876615,-3.85893992129228,2.96576923941638,1.07845161845121
"ANXA2_HUMAN---TRM7_HUMAN",-20.9399155470582,-1.99123638876615,-3.85893992129228,2.96576923941638,1.07845161845121
"AP3D1_HUMAN---CTNB1_HUMAN",-9.48944364892688,-0.45730459368234,-7.87269298431903,-15.4484615195733,-2.30264281143029
"AR6P4_HUMAN---ARL6_HUMAN",-19.6392829228406,-6.97804650565936,6.54179170629287,1.21201205955302,-0.673348871563807
"AR6P4_HUMAN---SRPK2_HUMAN",-20.9399155470582,-1.99123638876615,-3.85893992129228,2.96576923941638,1.07845161845121
"AR6P6_HUMAN---ARL6_HUMAN",-19.6392829228406,-6.97804650565936,6.54179170629287,1.21201205955302,-0.673348871563807
"ARHG5_HUMAN---CRKL_HUMAN",-19.6392829228406,-6.97804650565936,6.54179170629287,1.21201205955302,-0.673348871563807
"ARHG7_HUMAN---GIT1_HUMAN",-20.9399155470582,-1.99123638876615,-3.85893992129228,2.96576923941638,1.07845161845121
"ARHG7_HUMAN---NAA10_HUMAN",-3.94728201761945,5.82918361196299,-11.9582047507634,7.29688508684626,-11.5049162711675
"ARHG7_HUMAN---PAK1_HUMAN",14.7867017623884,-11.3523262987758,0.154581012607541,-0.0360050362266786,6.22567100873654
"ARHG7_HUMAN---SCRIB_HUMAN",-19.6392829228406,-6.97804650565936,6.54179170629287,1.21201205955302,-0.673348871563807
"ARHGB_HUMAN---CDC42_HUMAN",-16.9632392277788,4.01387731235584,0.0182872246321839,0.589773280755142,8.96994043992815
"ARIP4_HUMAN---SUMO2_HUMAN",-20.9399155470582,-1.99123638876615,-3.85893992129228,2.96576923941638,1.07845161845121
"ARL4D_HUMAN---EMAL4_HUMAN",-20.9399155470582,-1.99123638876615,-3.85893992129228,2.96576923941638,1.07845161845121
"ARL4D_HUMAN---PGAM1_HUMAN",-20.9399155470582,-1.99123638876615,-3.85893992129228,2.96576923941638,1.07845161845121
"ARP8_HUMAN---TFPT_HUMAN",-20.9399155470582,-1.99123638876615,-3.85893992129228,2.96576923941638,1.07845161845121
"ARPC3_HUMAN---BAG6_HUMAN",-19.1006542632264,6.57683462423726,-5.8639101193884,-3.61833779519262,-3.69462770304717
"ARPC3_HUMAN---OTUD5_HUMAN",-19.1006542632264,6.57683462423726,-5.8639101193884,-3.61833779519262,-3.69462770304717
"ASPM_HUMAN---SUMO2_HUMAN",-3.80471814288365,-3.05490785772685,-10.0340533276232,-13.4055818143499,3.12319192389656
"AT133_HUMAN---MD2L1_HUMAN",-20.9399155470582,-1.99123638876615,-3.85893992129228,2.96576923941638,1.07845161845121
"AT1A1_HUMAN---MK01_HUMAN",6.11853057901075,-19.1907774804199,-3.35587106231319,-4.47960005026134,-2.38157739722594
"AT2B1_HUMAN---CSK21_HUMAN",-19.6392829228406,-6.97804650565936,6.54179170629287,1.21201205955302,-0.673348871563807
"ATM_HUMAN-->BAG6_HUMAN",-19.1006542632264,6.57683462423726,-5.8639101193884,-3.61833779519262,-3.69462770304717
"ATM_HUMAN-->CCDC6_HUMAN",15.3253304220027,2.20255483112086,-12.2511208130737,-4.86635489097231,3.20439217725318
"ATM_HUMAN-->FACD2_HUMAN",-20.9399155470582,-1.99123638876615,-3.85893992129228,2.96576923941638,1.07845161845121
"ATM_HUMAN-->FUBP2_HUMAN",-19.1006542632264,6.57683462423726,-5.8639101193884,-3.61833779519262,-3.69462770304717
"ATM_HUMAN-->HUWE1_HUMAN",-20.9399155470582,-1.99123638876615,-3.85893992129228,2.96576923941638,1.07845161845121
"ATM_HUMAN-->SMC3_HUMAN",-20.9399155470582,-1.99123638876615,-3.85893992129228,2.96576923941638,1.07845161845121
"ATM_HUMAN-->TAOK1_HUMAN",-20.9399155470582,-1.99123638876615,-3.85893992129228,2.96576923941638,1.07845161845121
"ATM_HUMAN-->TOPB1_HUMAN",-20.9399155470582,-1.99123638876615,-3.85893992129228,2.96576923941638,1.07845161845121
"ATM_HUMAN-->TP53B_HUMAN",-5.64397942671547,-11.6229788707303,-8.02908312952707,-6.82147477974094,7.89627124539494
"ATM_HUMAN-->ZN148_HUMAN",-20.9399155470582,-1.99123638876615,-3.85893992129228,2.96576923941638,1.07845161845121
"ATRX_HUMAN---DAXX_HUMAN",-16.8254708117063,-5.10415983435871,-7.15606606668837,-2.59731944211764,5.90683560716999
"ATX1_HUMAN---BACH_HUMAN",-20.9399155470582,-1.99123638876615,-3.85893992129228,2.96576923941638,1.07845161845121
"ATX1_HUMAN---CCNK_HUMAN",-20.9399155470582,-1.99123638876615,-3.85893992129228,2.96576923941638,1.07845161845121
"ATX1_HUMAN---CLASR_HUMAN",-20.9399155470582,-1.99123638876615,-3.85893992129228,2.96576923941638,1.07845161845121
"ATX1_HUMAN---CPSF7_HUMAN",-20.9399155470582,-1.99123638876615,-3.85893992129228,2.96576923941638,1.07845161845121
"ATX1_HUMAN---FA21C_HUMAN",-20.9399155470582,-1.99123638876615,-3.85893992129228,2.96576923941638,1.07845161845121
"ATX1_HUMAN---PUM1_HUMAN",-20.9399155470582,-1.99123638876615,-3.85893992129228,2.96576923941638,1.07845161845121
"ATX1_HUMAN---UNK_HUMAN",-20.9399155470582,-1.99123638876615,-3.85893992129228,2.96576923941638,1.07845161845121
"ATX1_HUMAN---ZN609_HUMAN",4.81789795479318,-14.2039673635266,-13.7566026898983,-2.72584287039797,-0.62977690721092
"ATX2L_HUMAN---SUMO2_HUMAN",-19.6392829228406,-6.97804650565936,6.54179170629287,1.21201205955302,-0.673348871563807
"AURKB_HUMAN-->CCD86_HUMAN",-20.9399155470582,-1.99123638876615,-3.85893992129228,2.96576923941638,1.07845161845121
"AURKB_HUMAN-->DDA1_HUMAN",13.4860691381709,-6.36551618188255,-10.2461506149776,1.71775214363669,7.97747149875156
"AURKB_HUMAN---H31T_HUMAN",-20.9399155470582,-1.99123638876615,-3.85893992129228,2.96576923941638,1.07845161845121
"AURKB_HUMAN-->KI67_HUMAN",-20.9399155470582,-1.99123638876615,-3.85893992129228,2.96576923941638,1.07845161845121
"AURKB_HUMAN-->LMO7_HUMAN",-20.9399155470582,-1.99123638876615,-3.85893992129228,2.96576923941638,1.07845161845121
"AURKB_HUMAN-->MBB1A_HUMAN",-20.9399155470582,-1.99123638876615,-3.85893992129228,2.96576923941638,1.07845161845121
"AURKB_HUMAN-->NELFE_HUMAN",-20.9399155470582,-1.99123638876615,-3.85893992129228,2.96576923941638,1.07845161845121
"AURKB_HUMAN-->NSUN2_HUMAN",-20.9399155470582,-1.99123638876615,-3.85893992129228,2.96576923941638,1.07845161845121
"AURKB_HUMAN-->PARD3_HUMAN",-20.9399155470582,-1.99123638876615,-3.85893992129228,2.96576923941638,1.07845161845121
"AURKB_HUMAN-->PLEC_HUMAN",-19.1006542632264,6.57683462423726,-5.8639101193884,-3.61833779519262,-3.69462770304717
"AURKB_HUMAN-->PPHLN_HUMAN",-20.9399155470582,-1.99123638876615,-3.85893992129228,2.96576923941638,1.07845161845121
"AURKB_HUMAN---PSA3_HUMAN",-5.51276732964748,5.54780910743965,-3.99546583839457,-17.8244574782346,5.58884601004666
"AURKB_HUMAN---SKA1_HUMAN",-20.9399155470582,-1.99123638876615,-3.85893992129228,2.96576923941638,1.07845161845121
"AZI1_HUMAN---PCM1_HUMAN",-20.9399155470582,-1.99123638876615,-3.85893992129228,2.96576923941638,1.07845161845121
"B2R9N9_HUMAN---GRM1A_HUMAN",-20.9399155470582,-1.99123638876615,-3.85893992129228,2.96576923941638,1.07845161845121
"B2R9N9_HUMAN---MYD88_HUMAN",-20.9399155470582,-1.99123638876615,-3.85893992129228,2.96576923941638,1.07845161845121
"BACH2_HUMAN---JUN_HUMAN",-20.9399155470582,-1.99123638876615,-3.85893992129228,2.96576923941638,1.07845161845121
"BACH_HUMAN---NHLC2_HUMAN",-20.9399155470582,-1.99123638876615,-3.85893992129228,2.96576923941638,1.07845161845121
"BAG6_HUMAN---SGTA_HUMAN",-19.1006542632264,6.57683462423726,-5.8639101193884,-3.61833779519262,-3.69462770304717
"BAG6_HUMAN---UBL7_HUMAN",-19.1006542632264,6.57683462423726,-5.8639101193884,-3.61833779519262,-3.69462770304717
"BAP18_HUMAN---WDR82_HUMAN",4.81789795479318,-14.2039673635266,-13.7566026898983,-2.72584287039797,-0.62977690721092
"BAZ1B_HUMAN---SUMO2_HUMAN",-20.9399155470582,-1.99123638876615,-3.85893992129228,2.96576923941638,1.07845161845121
"BAZ2A_HUMAN---SUMO2_HUMAN",6.11853057901075,-19.1907774804199,-3.35587106231319,-4.47960005026134,-2.38157739722594
"BBX_HUMAN---HS90B_HUMAN",-15.123977943947,12.5819483253593,-1.98668297346393,-5.99433375385386,4.19686111842978
"BCAR1_HUMAN---CRKL_HUMAN",-19.6392829228406,-6.97804650565936,6.54179170629287,1.21201205955302,-0.673348871563807
"BCOR_HUMAN---KDM2B_HUMAN",-20.9399155470582,-1.99123638876615,-3.85893992129228,2.96576923941638,1.07845161845121
"BCOR_HUMAN---SUMO2_HUMAN",-20.9399155470582,-1.99123638876615,-3.85893992129228,2.96576923941638,1.07845161845121
"BCS1_HUMAN---DDX24_HUMAN",-20.9399155470582,-1.99123638876615,-3.85893992129228,2.96576923941638,1.07845161845121
"BIG3_HUMAN---PP1A_HUMAN",-19.1006542632264,6.57683462423726,-5.8639101193884,-3.61833779519262,-3.69462770304717
"BMS1_HUMAN---SUMO2_HUMAN",-19.6392829228406,-6.97804650565936,6.54179170629287,1.21201205955302,-0.673348871563807
"BORG1_HUMAN---CDC42_HUMAN",-16.9632392277788,4.01387731235584,0.0182872246321839,0.589773280755142,8.96994043992815
"BRAP_HUMAN---KSR1_HUMAN",-20.9399155470582,-1.99123638876615,-3.85893992129228,2.96576923941638,1.07845161845121
"BRD2_HUMAN---E2F2_HUMAN",-15.123977943947,12.5819483253593,-1.98668297346393,-5.99433375385386,4.19686111842978
"BRD3_HUMAN---SRPK2_HUMAN",-9.48944364892688,-0.45730459368234,-7.87269298431903,-15.4484615195733,-2.30264281143029
"BRF2_HUMAN---HACD3_HUMAN",-11.3287049327587,-9.02537560668575,-5.86772278622291,-8.86435448496433,2.47043651006809
"BRF2_HUMAN---NOC2L_HUMAN",-11.3287049327587,-9.02537560668575,-5.86772278622291,-8.86435448496433,2.47043651006809
"BRF2_HUMAN---OTUD4_HUMAN",-11.3287049327587,-9.02537560668575,-5.86772278622291,-8.86435448496433,2.47043651006809
"BRF2_HUMAN---SF3B1_HUMAN",-11.3287049327587,-9.02537560668575,-5.86772278622291,-8.86435448496433,2.47043651006809
"BUD13_HUMAN---RBMX2_HUMAN",-20.9399155470582,-1.99123638876615,-3.85893992129228,2.96576923941638,1.07845161845121
"BZW2_HUMAN---EGFR_HUMAN",-20.9399155470582,-1.99123638876615,-3.85893992129228,2.96576923941638,1.07845161845121
"C2CD5_HUMAN---CDK5_HUMAN",-19.1006542632264,6.57683462423726,-5.8639101193884,-3.61833779519262,-3.69462770304717
"CA052_HUMAN---ETS1_HUMAN",-20.9399155470582,-1.99123638876615,-3.85893992129228,2.96576923941638,1.07845161845121
"CAAP1_HUMAN---KAT7_HUMAN",-20.9399155470582,-1.99123638876615,-3.85893992129228,2.96576923941638,1.07845161845121
"CAF1B_HUMAN---SUMO2_HUMAN",-19.1006542632264,6.57683462423726,-5.8639101193884,-3.61833779519262,-3.69462770304717
"CALX_HUMAN---PGRC1_HUMAN",-20.9399155470582,-1.99123638876615,-3.85893992129228,2.96576923941638,1.07845161845121
"CALX_HUMAN---SUMO2_HUMAN",-20.9399155470582,-1.99123638876615,-3.85893992129228,2.96576923941638,1.07845161845121
"CBLB_HUMAN---EGFR_HUMAN",-19.6392829228406,-6.97804650565936,6.54179170629287,1.21201205955302,-0.673348871563807
"CBLB_HUMAN---MYD88_HUMAN",-20.9399155470582,-1.99123638876615,-3.85893992129228,2.96576923941638,1.07845161845121
"CBL_HUMAN---CD2AP_HUMAN",-19.6392829228406,-6.97804650565936,6.54179170629287,1.21201205955302,-0.673348871563807
"CBL_HUMAN---CRKL_HUMAN",-19.6392829228406,-6.97804650565936,6.54179170629287,1.21201205955302,-0.673348871563807
"CBL_HUMAN---EGFR_HUMAN",-15.255190041015,-4.58883965281066,-6.02030026459644,5.00864894463977,6.50428635377806
"CBL_HUMAN---EPHA2_HUMAN",-19.6392829228406,-6.97804650565936,6.54179170629287,1.21201205955302,-0.673348871563807
"CBL_HUMAN---ITSN1_HUMAN",-20.9399155470582,-1.99123638876615,-3.85893992129228,2.96576923941638,1.07845161845121
"CBL_HUMAN---PLCG1_HUMAN",-19.6392829228406,-6.97804650565936,6.54179170629287,1.21201205955302,-0.673348871563807
"CBL_HUMAN---SHIP2_HUMAN",-19.6392829228406,-6.97804650565936,6.54179170629287,1.21201205955302,-0.673348871563807
"CBL_HUMAN---SPY1_HUMAN",-19.6392829228406,-6.97804650565936,6.54179170629287,1.21201205955302,-0.673348871563807
"CCD25_HUMAN---SMAD2_HUMAN",-20.9399155470582,-1.99123638876615,-3.85893992129228,2.96576923941638,1.07845161845121
"CCD97_HUMAN---SRPK2_HUMAN",-19.1006542632264,6.57683462423726,-5.8639101193884,-3.61833779519262,-3.69462770304717
"CCNK_HUMAN---STX11_HUMAN",-20.9399155470582,-1.99123638876615,-3.85893992129228,2.96576923941638,1.07845161845121
"CD2AP_HUMAN---CD2_HUMAN",-20.9399155470582,-1.99123638876615,-3.85893992129228,2.96576923941638,1.07845161845121
"CD2B2_HUMAN---CD2_HUMAN",-20.9399155470582,-1.99123638876615,-3.85893992129228,2.96576923941638,1.07845161845121
"CD2B2_HUMAN---SF01_HUMAN",-20.9399155470582,-1.99123638876615,-3.85893992129228,2.96576923941638,1.07845161845121
"CD2B2_HUMAN---SNUT2_HUMAN",-20.9399155470582,-1.99123638876615,-3.85893992129228,2.96576923941638,1.07845161845121
"CDC20_HUMAN---MD2L1_HUMAN",-19.1006542632264,6.57683462423726,-5.8639101193884,-3.61833779519262,-3.69462770304717
"CDC20_HUMAN---MDC1_HUMAN",-19.1006542632264,6.57683462423726,-5.8639101193884,-3.61833779519262,-3.69462770304717
"CDC42_HUMAN---FETUA_HUMAN",-15.123977943947,12.5819483253593,-1.98668297346393,-5.99433375385386,4.19686111842978
"CDC42_HUMAN---IQGA1_HUMAN",-16.9632392277788,4.01387731235584,0.0182872246321839,0.589773280755142,8.96994043992815
"CDC42_HUMAN---PAK1_HUMAN",13.4860691381709,-6.36551618188255,-10.2461506149776,1.71775214363669,7.97747149875156
"CDC42_HUMAN---PAK4_HUMAN",-16.9632392277788,4.01387731235584,0.0182872246321839,0.589773280755142,8.96994043992815
"CDCA3_HUMAN---TRAF2_HUMAN",-20.9399155470582,-1.99123638876615,-3.85893992129228,2.96576923941638,1.07845161845121
"CDK12_HUMAN---PR40A_HUMAN",-20.9399155470582,-1.99123638876615,-3.85893992129228,2.96576923941638,1.07845161845121
"CDK13_HUMAN---PR40A_HUMAN",-20.9399155470582,-1.99123638876615,-3.85893992129228,2.96576923941638,1.07845161845121
"CDK1_HUMAN-->41_HUMAN",-19.6392829228406,-6.97804650565936,6.54179170629287,1.21201205955302,-0.673348871563807
"CDK1_HUMAN-->APC1_HUMAN",-20.9399155470582,-1.99123638876615,-3.85893992129228,2.96576923941638,1.07845161845121
"CDK1_HUMAN-->DDX3X_HUMAN",-19.6392829228406,-6.97804650565936,6.54179170629287,1.21201205955302,-0.673348871563807
"CDK1_HUMAN-->DLG1_HUMAN",-20.9399155470582,-1.99123638876615,-3.85893992129228,2.96576923941638,1.07845161845121
"CDK1_HUMAN-->DNLI3_HUMAN",6.11853057901075,-19.1907774804199,-3.35587106231319,-4.47960005026134,-2.38157739722594
"CDK1_HUMAN-->DNM1L_HUMAN",6.11853057901075,-19.1907774804199,-3.35587106231319,-4.47960005026134,-2.38157739722594
"CDK1_HUMAN-->EZH2_HUMAN",-20.9399155470582,-1.99123638876615,-3.85893992129228,2.96576923941638,1.07845161845121
"CDK1_HUMAN-->FOXM1_HUMAN",-19.1006542632264,6.57683462423726,-5.8639101193884,-3.61833779519262,-3.69462770304717
"CDK1_HUMAN-->GUAA_HUMAN",6.11853057901075,-19.1907774804199,-3.35587106231319,-4.47960005026134,-2.38157739722594
"CDK1_HUMAN-->H14_HUMAN",-20.9399155470582,-1.99123638876615,-3.85893992129228,2.96576923941638,1.07845161845121
"CDK1_HUMAN-->KAT7_HUMAN",-5.64397942671547,-11.6229788707303,-8.02908312952707,-6.82147477974094,7.89627124539494
"CDK1_HUMAN-->LAP2A_HUMAN",-20.9399155470582,-1.99123638876615,-3.85893992129228,2.96576923941638,1.07845161845121
"CDK1_HUMAN-->LMNB1_HUMAN",9.50939281889146,-12.3706298830045,-14.1233777609021,4.09374810229793,0.0859826772746116
"CDK1_HUMAN-->MP2K1_HUMAN",-19.1006542632264,6.57683462423726,-5.8639101193884,-3.61833779519262,-3.69462770304717
"CDK1_HUMAN-->NIPA_HUMAN",4.81789795479318,-14.2039673635266,-13.7566026898983,-2.72584287039797,-0.62977690721092
"CDK1_HUMAN-->NPM_HUMAN",-20.9399155470582,-1.99123638876615,-3.85893992129228,2.96576923941638,1.07845161845121
"CDK1_HUMAN-->NSF1C_HUMAN",-19.6392829228406,-6.97804650565936,6.54179170629287,1.21201205955302,-0.673348871563807
"CDK1_HUMAN-->NUCKS_HUMAN",6.11853057901075,-19.1907774804199,-3.35587106231319,-4.47960005026134,-2.38157739722594
"CDK1_HUMAN-->NUP98_HUMAN",-19.6392829228406,-6.97804650565936,6.54179170629287,1.21201205955302,-0.673348871563807
"CDK1_HUMAN-->P3C2A_HUMAN",-19.6392829228406,-6.97804650565936,6.54179170629287,1.21201205955302,-0.673348871563807
"CDK1_HUMAN-->PKN2_HUMAN",-16.9632392277788,4.01387731235584,0.0182872246321839,0.589773280755142,8.96994043992815
"CDK1_HUMAN-->PTN2_HUMAN",-19.6392829228406,-6.97804650565936,6.54179170629287,1.21201205955302,-0.673348871563807
"CDK1_HUMAN-->PUR6_HUMAN",6.11853057901075,-19.1907774804199,-3.35587106231319,-4.47960005026134,-2.38157739722594
"CDK1_HUMAN-->RFC1_HUMAN",-20.9399155470582,-1.99123638876615,-3.85893992129228,2.96576923941638,1.07845161845121
"CDK1_HUMAN-->TCOF_HUMAN",6.11853057901075,-19.1907774804199,-3.35587106231319,-4.47960005026134,-2.38157739722594
"CDK1_HUMAN-->TFPT_HUMAN",-20.9399155470582,-1.99123638876615,-3.85893992129228,2.96576923941638,1.07845161845121
"CDK1_HUMAN-->UBP2L_HUMAN",-20.9399155470582,-1.99123638876615,-3.85893992129228,2.96576923941638,1.07845161845121
"CDK1_HUMAN-->UNG_HUMAN",-19.1006542632264,6.57683462423726,-5.8639101193884,-3.61833779519262,-3.69462770304717
"CDK5_HUMAN-->ATM_HUMAN",-20.9399155470582,-1.99123638876615,-3.85893992129228,2.96576923941638,1.07845161845121
"CDK5_HUMAN-->HD_HUMAN",-19.1006542632264,6.57683462423726,-5.8639101193884,-3.61833779519262,-3.69462770304717
"CDK5_HUMAN---HS90B_HUMAN",15.3253304220027,2.20255483112086,-12.2511208130737,-4.86635489097231,3.20439217725318
"CDK5_HUMAN---K0195_HUMAN",-15.123977943947,12.5819483253593,-1.98668297346393,-5.99433375385386,4.19686111842978
"CDK5_HUMAN-->LMTK2_HUMAN",-19.1006542632264,6.57683462423726,-5.8639101193884,-3.61833779519262,-3.69462770304717
"CDKL5_HUMAN---FYN_HUMAN",-20.9399155470582,-1.99123638876615,-3.85893992129228,2.96576923941638,1.07845161845121
"CDS2_HUMAN---TS101_HUMAN",-15.123977943947,12.5819483253593,-1.98668297346393,-5.99433375385386,4.19686111842978
"CEBPZ_HUMAN---DDX55_HUMAN",6.24974267607874,-2.01998950224994,0.67774622881932,-15.482582748755,-4.68900263257422
"CEBPZ_HUMAN---PHS_HUMAN",-5.64397942671547,-11.6229788707303,-8.02908312952707,-6.82147477974094,7.89627124539494
"CEBPZ_HUMAN---RBM34_HUMAN",10.6338355579044,0.369217350598758,-11.88434574207,-11.6859458636682,2.48863259276765
"CFDP1_HUMAN---CSK21_HUMAN",-19.6392829228406,-6.97804650565936,6.54179170629287,1.21201205955302,-0.673348871563807
"CG050_HUMAN---HDGF_HUMAN",-19.1006542632264,6.57683462423726,-5.8639101193884,-3.61833779519262,-3.69462770304717
"CH10_HUMAN---SAT1_HUMAN",-14.142517043893,-10.8992622779864,7.83013498675832,-5.05502298329367,-4.1097479686657
"CHAP1_HUMAN---SUMO2_HUMAN",-19.6392829228406,-6.97804650565936,6.54179170629287,1.21201205955302,-0.673348871563807
"CHD3_HUMAN---F134A_HUMAN",-19.1006542632264,6.57683462423726,-5.8639101193884,-3.61833779519262,-3.69462770304717
"CHD3_HUMAN---PAIRB_HUMAN",-19.1006542632264,6.57683462423726,-5.8639101193884,-3.61833779519262,-3.69462770304717
"CHD3_HUMAN---SUMO2_HUMAN",-19.1006542632264,6.57683462423726,-5.8639101193884,-3.61833779519262,-3.69462770304717
"CHD4_HUMAN---HDAC2_HUMAN",9.50939281889146,-12.3706298830045,-14.1233777609021,4.09374810229793,0.0859826772746116
"CHIP_HUMAN---HS90B_HUMAN",15.3253304220027,2.20255483112086,-12.2511208130737,-4.86635489097231,3.20439217725318
"CHIP_HUMAN---PSA3_HUMAN",-15.123977943947,12.5819483253593,-1.98668297346393,-5.99433375385386,4.19686111842978
"CHIP_HUMAN---UBE2N_HUMAN",-19.1006542632264,6.57683462423726,-5.8639101193884,-3.61833779519262,-3.69462770304717
"CK052_HUMAN---SRPK1_HUMAN",-15.123977943947,12.5819483253593,-1.98668297346393,-5.99433375385386,4.19686111842978
"CLSPN_HUMAN---SUMO2_HUMAN",-19.6392829228406,-6.97804650565936,6.54179170629287,1.21201205955302,-0.673348871563807
"CPSF4_HUMAN---CSTFT_HUMAN",-19.1006542632264,6.57683462423726,-5.8639101193884,-3.61833779519262,-3.69462770304717
"CPSF4_HUMAN---FIP1_HUMAN",-19.1006542632264,6.57683462423726,-5.8639101193884,-3.61833779519262,-3.69462770304717
"CRKL_HUMAN---M4K5_HUMAN",-19.6392829228406,-6.97804650565936,6.54179170629287,1.21201205955302,-0.673348871563807
"CRKL_HUMAN---STA5A_HUMAN",-19.6392829228406,-6.97804650565936,6.54179170629287,1.21201205955302,-0.673348871563807
"CRKL_HUMAN---TENC1_HUMAN",-19.6392829228406,-6.97804650565936,6.54179170629287,1.21201205955302,-0.673348871563807
"CRKL_HUMAN---WAC_HUMAN",-20.9399155470582,-1.99123638876615,-3.85893992129228,2.96576923941638,1.07845161845121
"CRK_HUMAN---ZAP70_HUMAN",-20.9399155470582,-1.99123638876615,-3.85893992129228,2.96576923941638,1.07845161845121
"CSK21_HUMAN-->ABCF1_HUMAN",-19.6392829228406,-6.97804650565936,6.54179170629287,1.21201205955302,-0.673348871563807
"CSK21_HUMAN-->AKT1_HUMAN",9.50939281889146,-12.3706298830045,-14.1233777609021,4.09374810229793,0.0859826772746116
"CSK21_HUMAN-->CALM_HUMAN",-19.6392829228406,-6.97804650565936,6.54179170629287,1.21201205955302,-0.673348871563807
"CSK21_HUMAN-->CDK1_HUMAN",-19.6392829228406,-6.97804650565936,6.54179170629287,1.21201205955302,-0.673348871563807
"CSK21_HUMAN-->DAXX_HUMAN",-16.8254708117063,-5.10415983435871,-7.15606606668837,-2.59731944211764,5.90683560716999
"CSK21_HUMAN---DDX54_HUMAN",-19.6392829228406,-6.97804650565936,6.54179170629287,1.21201205955302,-0.673348871563807
"CSK21_HUMAN-->DNLI1_HUMAN",4.81789795479318,-14.2039673635266,-13.7566026898983,-2.72584287039797,-0.62977690721092
"CSK21_HUMAN---EF1B_HUMAN",-20.9399155470582,-1.99123638876615,-3.85893992129228,2.96576923941638,1.07845161845121
"CSK21_HUMAN-->EF1D_HUMAN",-20.9399155470582,-1.99123638876615,-3.85893992129228,2.96576923941638,1.07845161845121
"CSK21_HUMAN---ENPL_HUMAN",-20.9399155470582,-1.99123638876615,-3.85893992129228,2.96576923941638,1.07845161845121
"CSK21_HUMAN---FIP1_HUMAN",-20.9399155470582,-1.99123638876615,-3.85893992129228,2.96576923941638,1.07845161845121
"CSK21_HUMAN---GPN1_HUMAN",-20.9399155470582,-1.99123638876615,-3.85893992129228,2.96576923941638,1.07845161845121
"CSK21_HUMAN---HAP28_HUMAN",-20.9399155470582,-1.99123638876615,-3.85893992129228,2.96576923941638,1.07845161845121
"CSK21_HUMAN---HIRP3_HUMAN",-19.6392829228406,-6.97804650565936,6.54179170629287,1.21201205955302,-0.673348871563807
"CSK21_HUMAN-->HNRPC_HUMAN",-20.9399155470582,-1.99123638876615,-3.85893992129228,2.96576923941638,1.07845161845121
"CSK21_HUMAN---ICLN_HUMAN",-19.6392829228406,-6.97804650565936,6.54179170629287,1.21201205955302,-0.673348871563807
"CSK21_HUMAN---IMA3_HUMAN",-5.64397942671547,-11.6229788707303,-8.02908312952707,-6.82147477974094,7.89627124539494
"CSK21_HUMAN-->JUN_HUMAN",-20.9399155470582,-1.99123638876615,-3.85893992129228,2.96576923941638,1.07845161845121
"CSK21_HUMAN---KRI1_HUMAN",-15.123977943947,12.5819483253593,-1.98668297346393,-5.99433375385386,4.19686111842978
"CSK21_HUMAN-->LA_HUMAN",-19.6392829228406,-6.97804650565936,6.54179170629287,1.21201205955302,-0.673348871563807
"CSK21_HUMAN---LYRIC_HUMAN",-19.6392829228406,-6.97804650565936,6.54179170629287,1.21201205955302,-0.673348871563807
"CSK21_HUMAN-->MCM2_HUMAN",-20.9399155470582,-1.99123638876615,-3.85893992129228,2.96576923941638,1.07845161845121
"CSK21_HUMAN-->MDC1_HUMAN",-20.9399155470582,-1.99123638876615,-3.85893992129228,2.96576923941638,1.07845161845121
"CSK21_HUMAN---MGMT_HUMAN",-20.9399155470582,-1.99123638876615,-3.85893992129228,2.96576923941638,1.07845161845121
"CSK21_HUMAN-->MPRI_HUMAN",-19.6392829228406,-6.97804650565936,6.54179170629287,1.21201205955302,-0.673348871563807
"CSK21_HUMAN-->MYH10_HUMAN",-19.6392829228406,-6.97804650565936,6.54179170629287,1.21201205955302,-0.673348871563807
"CSK21_HUMAN-->NCOR2_HUMAN",-19.1006542632264,6.57683462423726,-5.8639101193884,-3.61833779519262,-3.69462770304717
"CSK21_HUMAN---NMD3_HUMAN",-20.9399155470582,-1.99123638876615,-3.85893992129228,2.96576923941638,1.07845161845121
"CSK21_HUMAN---OSBP1_HUMAN",10.810025443109,-17.3574399998977,-3.72264613331693,2.33999092243456,-1.6658178127404
"CSK21_HUMAN-->PDIA6_HUMAN",-19.6392829228406,-6.97804650565936,6.54179170629287,1.21201205955302,-0.673348871563807
"CSK21_HUMAN-->PIAS1_HUMAN",-20.9399155470582,-1.99123638876615,-3.85893992129228,2.96576923941638,1.07845161845121
"CSK21_HUMAN---PSIP1_HUMAN",-19.6392829228406,-6.97804650565936,6.54179170629287,1.21201205955302,-0.673348871563807
"CSK21_HUMAN---PURB_HUMAN",-20.9399155470582,-1.99123638876615,-3.85893992129228,2.96576923941638,1.07845161845121
"CSK21_HUMAN---RBM33_HUMAN",-19.6392829228406,-6.97804650565936,6.54179170629287,1.21201205955302,-0.673348871563807
"CSK21_HUMAN---RL1D1_HUMAN",-19.6392829228406,-6.97804650565936,6.54179170629287,1.21201205955302,-0.673348871563807
"CSK21_HUMAN---RPRD2_HUMAN",-19.6392829228406,-6.97804650565936,6.54179170629287,1.21201205955302,-0.673348871563807
"CSK21_HUMAN-->SAT1_HUMAN",-14.142517043893,-10.8992622779864,7.83013498675832,-5.05502298329367,-4.1097479686657
"CSK21_HUMAN-->SEPT2_HUMAN",-19.1006542632264,6.57683462423726,-5.8639101193884,-3.61833779519262,-3.69462770304717
"CSK21_HUMAN-->SIR1_HUMAN",-19.1006542632264,6.57683462423726,-5.8639101193884,-3.61833779519262,-3.69462770304717
"CSK21_HUMAN-->SPTB2_HUMAN",-20.9399155470582,-1.99123638876615,-3.85893992129228,2.96576923941638,1.07845161845121
"CSK21_HUMAN---T2FA_HUMAN",4.81789795479318,-14.2039673635266,-13.7566026898983,-2.72584287039797,-0.62977690721092
"CSK21_HUMAN---TB182_HUMAN",4.81789795479318,-14.2039673635266,-13.7566026898983,-2.72584287039797,-0.62977690721092
"CSK21_HUMAN---TCP4_HUMAN",-19.6392829228406,-6.97804650565936,6.54179170629287,1.21201205955302,-0.673348871563807
"CSK21_HUMAN-->TEBP_HUMAN",13.4860691381709,-6.36551618188255,-10.2461506149776,1.71775214363669,7.97747149875156
"CSK21_HUMAN-->TELO2_HUMAN",-19.6392829228406,-6.97804650565936,6.54179170629287,1.21201205955302,-0.673348871563807
"CSK21_HUMAN---UBP24_HUMAN",-19.6392829228406,-6.97804650565936,6.54179170629287,1.21201205955302,-0.673348871563807
"CSK21_HUMAN---VAMP4_HUMAN",-19.6392829228406,-6.97804650565936,6.54179170629287,1.21201205955302,-0.673348871563807
"CSK21_HUMAN-->XRCC1_HUMAN",-19.6392829228406,-6.97804650565936,6.54179170629287,1.21201205955302,-0.673348871563807
"CTNA1_HUMAN---CTNB1_HUMAN",-19.1006542632264,6.57683462423726,-5.8639101193884,-3.61833779519262,-3.69462770304717
"CTNA1_HUMAN---LIMA1_HUMAN",-19.1006542632264,6.57683462423726,-5.8639101193884,-3.61833779519262,-3.69462770304717
"CTNA1_HUMAN---VINC_HUMAN",-19.1006542632264,6.57683462423726,-5.8639101193884,-3.61833779519262,-3.69462770304717
"CTNB1_HUMAN---GLIS2_HUMAN",-19.1006542632264,6.57683462423726,-5.8639101193884,-3.61833779519262,-3.69462770304717
"CTNB1_HUMAN---IQGA1_HUMAN",-19.1006542632264,6.57683462423726,-5.8639101193884,-3.61833779519262,-3.69462770304717
"CTNB1_HUMAN---KMT2D_HUMAN",-19.1006542632264,6.57683462423726,-5.8639101193884,-3.61833779519262,-3.69462770304717
"CTNB1_HUMAN---LAP2_HUMAN",-15.123977943947,12.5819483253593,-1.98668297346393,-5.99433375385386,4.19686111842978
"CTND1_HUMAN---SUMO2_HUMAN",-19.6392829228406,-6.97804650565936,6.54179170629287,1.21201205955302,-0.673348871563807
"CTR9_HUMAN---SSRP1_HUMAN",-19.1006542632264,6.57683462423726,-5.8639101193884,-3.61833779519262,-3.69462770304717
"CUL4B_HUMAN---DDA1_HUMAN",-19.1006542632264,6.57683462423726,-5.8639101193884,-3.61833779519262,-3.69462770304717
"CUL4B_HUMAN---RL35A_HUMAN",-14.4091593991281,8.41017210475937,-6.23068519039214,3.20125317750329,-2.97886811856164
"CYTSA_HUMAN---GLIS2_HUMAN",-19.6392829228406,-6.97804650565936,6.54179170629287,1.21201205955302,-0.673348871563807
"CYTSB_HUMAN---TRAF2_HUMAN",-20.9399155470582,-1.99123638876615,-3.85893992129228,2.96576923941638,1.07845161845121
"DAXX_HUMAN---ETS1_HUMAN",-16.8254708117063,-5.10415983435871,-7.15606606668837,-2.59731944211764,5.90683560716999
"DAXX_HUMAN---FRIH_HUMAN",-16.8254708117063,-5.10415983435871,-7.15606606668837,-2.59731944211764,5.90683560716999
"DAXX_HUMAN---MCRS1_HUMAN",-16.8254708117063,-5.10415983435871,-7.15606606668837,-2.59731944211764,5.90683560716999
"DBNL_HUMAN---SH24A_HUMAN",-20.9399155470582,-1.99123638876615,-3.85893992129228,2.96576923941638,1.07845161845121
"DC1L1_HUMAN---DC1L2_HUMAN",-20.9399155470582,-1.99123638876615,-3.85893992129228,2.96576923941638,1.07845161845121
"DCAF8_HUMAN---SUV91_HUMAN",-19.1006542632264,6.57683462423726,-5.8639101193884,-3.61833779519262,-3.69462770304717
"DDA1_HUMAN---VPRBP_HUMAN",-20.9399155470582,-1.99123638876615,-3.85893992129228,2.96576923941638,1.07845161845121
"DDX21_HUMAN---JUN_HUMAN",-20.9399155470582,-1.99123638876615,-3.85893992129228,2.96576923941638,1.07845161845121
"DDX24_HUMAN---HS90B_HUMAN",-15.123977943947,12.5819483253593,-1.98668297346393,-5.99433375385386,4.19686111842978
"DDX24_HUMAN---SPTN1_HUMAN",-20.9399155470582,-1.99123638876615,-3.85893992129228,2.96576923941638,1.07845161845121
"DDX3X_HUMAN---EIF3B_HUMAN",13.4860691381709,-6.36551618188255,-10.2461506149776,1.71775214363669,7.97747149875156
"DDX3Y_HUMAN---SMAD2_HUMAN",-20.9399155470582,-1.99123638876615,-3.85893992129228,2.96576923941638,1.07845161845121
"DDX41_HUMAN---NKAP_HUMAN",-20.9399155470582,-1.99123638876615,-3.85893992129228,2.96576923941638,1.07845161845121
"DDX42_HUMAN---MEPCE_HUMAN",-20.9399155470582,-1.99123638876615,-3.85893992129228,2.96576923941638,1.07845161845121
"DDX46_HUMAN---SUMO2_HUMAN",-19.6392829228406,-6.97804650565936,6.54179170629287,1.21201205955302,-0.673348871563807
"DDX54_HUMAN---WDHD1_HUMAN",-19.6392829228406,-6.97804650565936,6.54179170629287,1.21201205955302,-0.673348871563807
"DENR_HUMAN---PP1B_HUMAN",-19.6392829228406,-6.97804650565936,6.54179170629287,1.21201205955302,-0.673348871563807
"DEP1B_HUMAN---MDC1_HUMAN",-20.9399155470582,-1.99123638876615,-3.85893992129228,2.96576923941638,1.07845161845121
"DESP_HUMAN---PKP2_HUMAN",-19.1006542632264,6.57683462423726,-5.8639101193884,-3.61833779519262,-3.69462770304717
"DESP_HUMAN---PKP4_HUMAN",-19.6392829228406,-6.97804650565936,6.54179170629287,1.21201205955302,-0.673348871563807
"DHX29_HUMAN---FOXM1_HUMAN",-19.1006542632264,6.57683462423726,-5.8639101193884,-3.61833779519262,-3.69462770304717
"DHX57_HUMAN---LYAR_HUMAN",-5.51276732964748,5.54780910743965,-3.99546583839457,-17.8244574782346,5.58884601004666
"DIDO1_HUMAN---HNRPK_HUMAN",-19.1006542632264,6.57683462423726,-5.8639101193884,-3.61833779519262,-3.69462770304717
"DLG1_HUMAN---IRK12_HUMAN",-20.9399155470582,-1.99123638876615,-3.85893992129228,2.96576923941638,1.07845161845121
"DLG1_HUMAN---TJAP1_HUMAN",-20.9399155470582,-1.99123638876615,-3.85893992129228,2.96576923941638,1.07845161845121
"DLG3_HUMAN---PP1A_HUMAN",-19.1006542632264,6.57683462423726,-5.8639101193884,-3.61833779519262,-3.69462770304717
"DNMT1_HUMAN---HDAC2_HUMAN",9.50939281889146,-12.3706298830045,-14.1233777609021,4.09374810229793,0.0859826772746116
"DOCK1_HUMAN---FYN_HUMAN",-20.9399155470582,-1.99123638876615,-3.85893992129228,2.96576923941638,1.07845161845121
"DOCK4_HUMAN---GRB2_HUMAN",-19.6392829228406,-6.97804650565936,6.54179170629287,1.21201205955302,-0.673348871563807
"DREB_HUMAN---NIPBL_HUMAN",-19.6392829228406,-6.97804650565936,6.54179170629287,1.21201205955302,-0.673348871563807
"DREB_HUMAN---ZC3H4_HUMAN",-19.6392829228406,-6.97804650565936,6.54179170629287,1.21201205955302,-0.673348871563807
"DYR1A_HUMAN-->CCNL2_HUMAN",-20.9399155470582,-1.99123638876615,-3.85893992129228,2.96576923941638,1.07845161845121
"DYR1A_HUMAN-->SF3B1_HUMAN",-20.9399155470582,-1.99123638876615,-3.85893992129228,2.96576923941638,1.07845161845121
"DYR1B_HUMAN---MK01_HUMAN",-19.6392829228406,-6.97804650565936,6.54179170629287,1.21201205955302,-0.673348871563807
"DYRK4_HUMAN---HS90B_HUMAN",-15.123977943947,12.5819483253593,-1.98668297346393,-5.99433375385386,4.19686111842978
"E2F2_HUMAN---RB_HUMAN",-15.123977943947,12.5819483253593,-1.98668297346393,-5.99433375385386,4.19686111842978
"E7ETM7_HUMAN---PTSS2_HUMAN",-19.1006542632264,6.57683462423726,-5.8639101193884,-3.61833779519262,-3.69462770304717
"E7ETM7_HUMAN---SUMO2_HUMAN",-19.1006542632264,6.57683462423726,-5.8639101193884,-3.61833779519262,-3.69462770304717
"E9PAU2_HUMAN---SUMO2_HUMAN",-19.6392829228406,-6.97804650565936,6.54179170629287,1.21201205955302,-0.673348871563807
"EDC3_HUMAN---EDC4_HUMAN",-20.9399155470582,-1.99123638876615,-3.85893992129228,2.96576923941638,1.07845161845121
"EF1A1_HUMAN---MAGD2_HUMAN",-20.9399155470582,-1.99123638876615,-3.85893992129228,2.96576923941638,1.07845161845121
"EF1A1_HUMAN---SUMO2_HUMAN",-20.9399155470582,-1.99123638876615,-3.85893992129228,2.96576923941638,1.07845161845121
"EFNA5_HUMAN---EPHA2_HUMAN",-19.6392829228406,-6.97804650565936,6.54179170629287,1.21201205955302,-0.673348871563807
"EFNA5_HUMAN---EPHA3_HUMAN",-19.6392829228406,-6.97804650565936,6.54179170629287,1.21201205955302,-0.673348871563807
"EFNA5_HUMAN---EPHA7_HUMAN",-19.6392829228406,-6.97804650565936,6.54179170629287,1.21201205955302,-0.673348871563807
"EFNB2_HUMAN---EPHA3_HUMAN",-19.6392829228406,-6.97804650565936,6.54179170629287,1.21201205955302,-0.673348871563807
"EGFR_HUMAN-->CCD50_HUMAN",-19.6392829228406,-6.97804650565936,6.54179170629287,1.21201205955302,-0.673348871563807
"EGFR_HUMAN---EGF_HUMAN",-19.6392829228406,-6.97804650565936,6.54179170629287,1.21201205955302,-0.673348871563807
"EGFR_HUMAN---ENPL_HUMAN",-20.9399155470582,-1.99123638876615,-3.85893992129228,2.96576923941638,1.07845161845121
"EGFR_HUMAN---EPN1_HUMAN",-19.6392829228406,-6.97804650565936,6.54179170629287,1.21201205955302,-0.673348871563807
"EGFR_HUMAN-->FAK1_HUMAN",-19.6392829228406,-6.97804650565936,6.54179170629287,1.21201205955302,-0.673348871563807
"EGFR_HUMAN---GRB2_HUMAN",-19.6392829228406,-6.97804650565936,6.54179170629287,1.21201205955302,-0.673348871563807
"EGFR_HUMAN-->GSTP1_HUMAN",-20.9399155470582,-1.99123638876615,-3.85893992129228,2.96576923941638,1.07845161845121
"EGFR_HUMAN---HGS_HUMAN",-19.6392829228406,-6.97804650565936,6.54179170629287,1.21201205955302,-0.673348871563807
"EGFR_HUMAN---HS90B_HUMAN",-15.123977943947,12.5819483253593,-1.98668297346393,-5.99433375385386,4.19686111842978
"EGFR_HUMAN---IQGA1_HUMAN",13.4860691381709,-6.36551618188255,-10.2461506149776,1.71775214363669,7.97747149875156
"EGFR_HUMAN---TPPC3_HUMAN",1.21197954701918,-4.822514380834,-14.0412377136407,-12.1936824546101,-1.30405613542931
"EGFR_HUMAN---UBP8_HUMAN",-20.9399155470582,-1.99123638876615,-3.85893992129228,2.96576923941638,1.07845161845121
"EGLN1_HUMAN---ING4_HUMAN",-5.78654330145128,-2.73888740104043,-9.95323455266728,13.8809921214553,-6.73183694966912
"EIF3B_HUMAN---EIF3C_HUMAN",9.50939281889146,-12.3706298830045,-14.1233777609021,4.09374810229793,0.0859826772746116
"EIF3B_HUMAN---EIF3G_HUMAN",-19.1006542632264,6.57683462423726,-5.8639101193884,-3.61833779519262,-3.69462770304717
"ELF2_HUMAN---SUMO2_HUMAN",-19.6392829228406,-6.97804650565936,6.54179170629287,1.21201205955302,-0.673348871563807
"EP15R_HUMAN---EPN1_HUMAN",-20.9399155470582,-1.99123638876615,-3.85893992129228,2.96576923941638,1.07845161845121
"EPN1_HUMAN---EPS15_HUMAN",-19.6392829228406,-6.97804650565936,6.54179170629287,1.21201205955302,-0.673348871563807
"ESF1_HUMAN---SUMO2_HUMAN",-19.1006542632264,6.57683462423726,-5.8639101193884,-3.61833779519262,-3.69462770304717
"ETS1_HUMAN---IF2P_HUMAN",-20.9399155470582,-1.99123638876615,-3.85893992129228,2.96576923941638,1.07845161845121
"ETS1_HUMAN---SRS11_HUMAN",4.81789795479318,-14.2039673635266,-13.7566026898983,-2.72584287039797,-0.62977690721092
"ETS1_HUMAN---TCAL3_HUMAN",-20.9399155470582,-1.99123638876615,-3.85893992129228,2.96576923941638,1.07845161845121
"F122B_HUMAN---RAE1L_HUMAN",-15.123977943947,12.5819483253593,-1.98668297346393,-5.99433375385386,4.19686111842978
"F208A_HUMAN---TM1L1_HUMAN",-19.6392829228406,-6.97804650565936,6.54179170629287,1.21201205955302,-0.673348871563807
"FA21A_HUMAN---ROCK1_HUMAN",-20.9399155470582,-1.99123638876615,-3.85893992129228,2.96576923941638,1.07845161845121
"FACD2_HUMAN---WDR48_HUMAN",-19.6392829228406,-6.97804650565936,6.54179170629287,1.21201205955302,-0.673348871563807
"FAK1_HUMAN---PAXI_HUMAN",-20.9399155470582,-1.99123638876615,-3.85893992129228,2.96576923941638,1.07845161845121
"FARP1_HUMAN---PP1A_HUMAN",-19.1006542632264,6.57683462423726,-5.8639101193884,-3.61833779519262,-3.69462770304717
"FBX4_HUMAN---HS90B_HUMAN",-15.123977943947,12.5819483253593,-1.98668297346393,-5.99433375385386,4.19686111842978
"FGR_HUMAN---KSYK_HUMAN",-15.123977943947,12.5819483253593,-1.98668297346393,-5.99433375385386,4.19686111842978
"FKB15_HUMAN---PP1A_HUMAN",-19.1006542632264,6.57683462423726,-5.8639101193884,-3.61833779519262,-3.69462770304717
"FNBP4_HUMAN---KHDR1_HUMAN",-20.9399155470582,-1.99123638876615,-3.85893992129228,2.96576923941638,1.07845161845121
"FUBP1_HUMAN---MK14_HUMAN",-20.9399155470582,-1.99123638876615,-3.85893992129228,2.96576923941638,1.07845161845121
"FUBP2_HUMAN---HNRH1_HUMAN",-19.1006542632264,6.57683462423726,-5.8639101193884,-3.61833779519262,-3.69462770304717
"FUND2_HUMAN---SAT1_HUMAN",-14.142517043893,-10.8992622779864,7.83013498675832,-5.05502298329367,-4.1097479686657
"FYN_HUMAN---KHDR1_HUMAN",-20.9399155470582,-1.99123638876615,-3.85893992129228,2.96576923941638,1.07845161845121
"FYN_HUMAN---SPN90_HUMAN",-20.9399155470582,-1.99123638876615,-3.85893992129228,2.96576923941638,1.07845161845121
"FYN_HUMAN---TM1L1_HUMAN",-20.9399155470582,-1.99123638876615,-3.85893992129228,2.96576923941638,1.07845161845121
"G3BP1_HUMAN---RL14_HUMAN",-20.9399155470582,-1.99123638876615,-3.85893992129228,2.96576923941638,1.07845161845121
"G3BP1_HUMAN---UBP10_HUMAN",-20.9399155470582,-1.99123638876615,-3.85893992129228,2.96576923941638,1.07845161845121
"GAB1_HUMAN---PTN11_HUMAN",-19.6392829228406,-6.97804650565936,6.54179170629287,1.21201205955302,-0.673348871563807
"GAREM_HUMAN---GRB2_HUMAN",-19.6392829228406,-6.97804650565936,6.54179170629287,1.21201205955302,-0.673348871563807
"GBRL1_HUMAN---TB10B_HUMAN",-20.9399155470582,-1.99123638876615,-3.85893992129228,2.96576923941638,1.07845161845121
"GBRL1_HUMAN---TBCD1_HUMAN",-20.9399155470582,-1.99123638876615,-3.85893992129228,2.96576923941638,1.07845161845121
"GGA3_HUMAN---MPRI_HUMAN",-19.6392829228406,-6.97804650565936,6.54179170629287,1.21201205955302,-0.673348871563807
"GLCI1_HUMAN---Q548N1_HUMAN",-19.1006542632264,6.57683462423726,-5.8639101193884,-3.61833779519262,-3.69462770304717
"GRB2_HUMAN---IRS4_HUMAN",-19.6392829228406,-6.97804650565936,6.54179170629287,1.21201205955302,-0.673348871563807
"GRB2_HUMAN---KHDR1_HUMAN",-20.9399155470582,-1.99123638876615,-3.85893992129228,2.96576923941638,1.07845161845121
"GRB2_HUMAN---MEP50_HUMAN",-19.1006542632264,6.57683462423726,-5.8639101193884,-3.61833779519262,-3.69462770304717
"GRB2_HUMAN---PTN11_HUMAN",-19.6392829228406,-6.97804650565936,6.54179170629287,1.21201205955302,-0.673348871563807
"GRB2_HUMAN---PTN18_HUMAN",-19.6392829228406,-6.97804650565936,6.54179170629287,1.21201205955302,-0.673348871563807
"GRB2_HUMAN---PTPRA_HUMAN",-19.6392829228406,-6.97804650565936,6.54179170629287,1.21201205955302,-0.673348871563807
"GRB2_HUMAN---SHC1_HUMAN",-19.6392829228406,-6.97804650565936,6.54179170629287,1.21201205955302,-0.673348871563807
"GRB2_HUMAN---ST32C_HUMAN",-20.9399155470582,-1.99123638876615,-3.85893992129228,2.96576923941638,1.07845161845121
"GRB2_HUMAN---WDR44_HUMAN",-15.123977943947,12.5819483253593,-1.98668297346393,-5.99433375385386,4.19686111842978
"GRB2_HUMAN---WIPF2_HUMAN",-19.6392829228406,-6.97804650565936,6.54179170629287,1.21201205955302,-0.673348871563807
"GSTP1_HUMAN---SFR19_HUMAN",-20.9399155470582,-1.99123638876615,-3.85893992129228,2.96576923941638,1.07845161845121
"H1X_HUMAN---HDGF_HUMAN",4.81789795479318,-14.2039673635266,-13.7566026898983,-2.72584287039797,-0.62977690721092
"H2AY_HUMAN---HDAC2_HUMAN",9.50939281889146,-12.3706298830045,-14.1233777609021,4.09374810229793,0.0859826772746116
"HAUS6_HUMAN---YBOX3_HUMAN",-19.1006542632264,6.57683462423726,-5.8639101193884,-3.61833779519262,-3.69462770304717
"HDAC2_HUMAN---KDM5C_HUMAN",-19.1006542632264,6.57683462423726,-5.8639101193884,-3.61833779519262,-3.69462770304717
"HDAC2_HUMAN---P66B_HUMAN",9.50939281889146,-12.3706298830045,-14.1233777609021,4.09374810229793,0.0859826772746116
"HDAC2_HUMAN---PP6R3_HUMAN",-20.9399155470582,-1.99123638876615,-3.85893992129228,2.96576923941638,1.07845161845121
"HDAC2_HUMAN---RB_HUMAN",15.3253304220027,2.20255483112086,-12.2511208130737,-4.86635489097231,3.20439217725318
"HDAC2_HUMAN---RCOR1_HUMAN",-20.9399155470582,-1.99123638876615,-3.85893992129228,2.96576923941638,1.07845161845121
"HDAC2_HUMAN---SIN3A_HUMAN",9.50939281889146,-12.3706298830045,-14.1233777609021,4.09374810229793,0.0859826772746116
"HDAC2_HUMAN---SUV91_HUMAN",11.3486541027233,-3.80255887000113,-16.1283479589982,-2.49035893231107,-4.68709664422377
"HDGF_HUMAN---RBMX_HUMAN",-20.9399155470582,-1.99123638876615,-3.85893992129228,2.96576923941638,1.07845161845121
"HD_HUMAN---OPTN_HUMAN",-19.1006542632264,6.57683462423726,-5.8639101193884,-3.61833779519262,-3.69462770304717
"HD_HUMAN---PR40A_HUMAN",-19.1006542632264,6.57683462423726,-5.8639101193884,-3.61833779519262,-3.69462770304717
"HD_HUMAN---TRAD1_HUMAN",-19.1006542632264,6.57683462423726,-5.8639101193884,-3.61833779519262,-3.69462770304717
"HD_HUMAN---ZFY19_HUMAN",-19.1006542632264,6.57683462423726,-5.8639101193884,-3.61833779519262,-3.69462770304717
"HERC2_HUMAN---MDC1_HUMAN",-19.1006542632264,6.57683462423726,-5.8639101193884,-3.61833779519262,-3.69462770304717
"HERC2_HUMAN---UBP16_HUMAN",-20.9399155470582,-1.99123638876615,-3.85893992129228,2.96576923941638,1.07845161845121
"HEXI2_HUMAN---MEPCE_HUMAN",-20.9399155470582,-1.99123638876615,-3.85893992129228,2.96576923941638,1.07845161845121
"HGS_HUMAN---STAM2_HUMAN",-19.6392829228406,-6.97804650565936,6.54179170629287,1.21201205955302,-0.673348871563807
"HGS_HUMAN---TS101_HUMAN",-19.1006542632264,6.57683462423726,-5.8639101193884,-3.61833779519262,-3.69462770304717
"HIPK2_HUMAN---SUMO2_HUMAN",-19.6392829228406,-6.97804650565936,6.54179170629287,1.21201205955302,-0.673348871563807
"HIPK3_HUMAN---ZYX_HUMAN",-19.6392829228406,-6.97804650565936,6.54179170629287,1.21201205955302,-0.673348871563807
"HN1_HUMAN---IMA1_HUMAN",-19.1006542632264,6.57683462423726,-5.8639101193884,-3.61833779519262,-3.69462770304717
"HNRL1_HUMAN---PR40A_HUMAN",4.81789795479318,-14.2039673635266,-13.7566026898983,-2.72584287039797,-0.62977690721092
"HNRPK_HUMAN---KHDR1_HUMAN",-20.9399155470582,-1.99123638876615,-3.85893992129228,2.96576923941638,1.07845161845121
"HNRPK_HUMAN---RBMX_HUMAN",-20.9399155470582,-1.99123638876615,-3.85893992129228,2.96576923941638,1.07845161845121
"HNRPU_HUMAN---PLCG1_HUMAN",-20.9399155470582,-1.99123638876615,-3.85893992129228,2.96576923941638,1.07845161845121
"HNRPU_HUMAN---SMN_HUMAN",-15.123977943947,12.5819483253593,-1.98668297346393,-5.99433375385386,4.19686111842978
"HOIL1_HUMAN---RNF31_HUMAN",-19.6392829228406,-6.97804650565936,6.54179170629287,1.21201205955302,-0.673348871563807
"HS90B_HUMAN---KKCC1_HUMAN",15.3253304220027,2.20255483112086,-12.2511208130737,-4.86635489097231,3.20439217725318
"HS90B_HUMAN---KSR1_HUMAN",-15.123977943947,12.5819483253593,-1.98668297346393,-5.99433375385386,4.19686111842978
"HS90B_HUMAN---LAR4B_HUMAN",-15.123977943947,12.5819483253593,-1.98668297346393,-5.99433375385386,4.19686111842978
"HS90B_HUMAN---MKX_HUMAN",15.3253304220027,2.20255483112086,-12.2511208130737,-4.86635489097231,3.20439217725318
"HS90B_HUMAN---MP2K7_HUMAN",15.3253304220027,2.20255483112086,-12.2511208130737,-4.86635489097231,3.20439217725318
"HS90B_HUMAN---SG223_HUMAN",-15.123977943947,12.5819483253593,-1.98668297346393,-5.99433375385386,4.19686111842978
"HS90B_HUMAN---STIP1_HUMAN",15.3253304220027,2.20255483112086,-12.2511208130737,-4.86635489097231,3.20439217725318
"HTSF1_HUMAN---SRSF4_HUMAN",-15.5248381874888,-10.0909699512519,3.24466556089678,-4.351076621981,4.15503511715497
"I2BP1_HUMAN---SUMO2_HUMAN",-19.6392829228406,-6.97804650565936,6.54179170629287,1.21201205955302,-0.673348871563807
"I2BP2_HUMAN---SUMO2_HUMAN",-19.6392829228406,-6.97804650565936,6.54179170629287,1.21201205955302,-0.673348871563807
"ICK_HUMAN---MK01_HUMAN",-19.6392829228406,-6.97804650565936,6.54179170629287,1.21201205955302,-0.673348871563807
"ICLN_HUMAN---PDLI1_HUMAN",-19.6392829228406,-6.97804650565936,6.54179170629287,1.21201205955302,-0.673348871563807
"IF2B1_HUMAN---LYAR_HUMAN",-5.51276732964748,5.54780910743965,-3.99546583839457,-17.8244574782346,5.58884601004666
"IF4G1_HUMAN---TRAF2_HUMAN",-20.9399155470582,-1.99123638876615,-3.85893992129228,2.96576923941638,1.07845161845121
"IGF1R_HUMAN---SHC1_HUMAN",-19.6392829228406,-6.97804650565936,6.54179170629287,1.21201205955302,-0.673348871563807
"IMA1_HUMAN---JUN_HUMAN",-19.1006542632264,6.57683462423726,-5.8639101193884,-3.61833779519262,-3.69462770304717
"IMA1_HUMAN---KLC4_HUMAN",-19.1006542632264,6.57683462423726,-5.8639101193884,-3.61833779519262,-3.69462770304717
"IMA1_HUMAN---MEPCE_HUMAN",0.972433732581774,-3.03829308647872,-13.6002125446903,-11.3528296102304,-10.8286909640362
"INADL_HUMAN---MPP5_HUMAN",-20.9399155470582,-1.99123638876615,-3.85893992129228,2.96576923941638,1.07845161845121
"ING4_HUMAN---KAT7_HUMAN",-5.78654330145128,-2.73888740104043,-9.95323455266728,13.8809921214553,-6.73183694966912
"IQGA1_HUMAN---KPRB_HUMAN",-19.1006542632264,6.57683462423726,-5.8639101193884,-3.61833779519262,-3.69462770304717
"IQGA1_HUMAN---PODXL_HUMAN",-20.9399155470582,-1.99123638876615,-3.85893992129228,2.96576923941638,1.07845161845121
"IRK12_HUMAN---SNTB1_HUMAN",-20.9399155470582,-1.99123638876615,-3.85893992129228,2.96576923941638,1.07845161845121
"ITSN1_HUMAN---WASL_HUMAN",-20.9399155470582,-1.99123638876615,-3.85893992129228,2.96576923941638,1.07845161845121
"ITSN2_HUMAN---MCRS1_HUMAN",-19.6392829228406,-6.97804650565936,6.54179170629287,1.21201205955302,-0.673348871563807
"IWS1_HUMAN---SUMO2_HUMAN",-19.6392829228406,-6.97804650565936,6.54179170629287,1.21201205955302,-0.673348871563807
"JIP4_HUMAN---MK14_HUMAN",4.81789795479318,-14.2039673635266,-13.7566026898983,-2.72584287039797,-0.62977690721092
"JUN_HUMAN---PEBB_HUMAN",-19.1006542632264,6.57683462423726,-5.8639101193884,-3.61833779519262,-3.69462770304717
"JUN_HUMAN---PRC2A_HUMAN",-20.9399155470582,-1.99123638876615,-3.85893992129228,2.96576923941638,1.07845161845121
"JUN_HUMAN---RB_HUMAN",10.6338355579044,0.369217350598758,-11.88434574207,-11.6859458636682,2.48863259276765
"JUN_HUMAN---STRN4_HUMAN",-20.9399155470582,-1.99123638876615,-3.85893992129228,2.96576923941638,1.07845161845121
"KCD12_HUMAN---OSBP1_HUMAN",-20.9399155470582,-1.99123638876615,-3.85893992129228,2.96576923941638,1.07845161845121
"KHDR1_HUMAN---LCK_HUMAN",-20.9399155470582,-1.99123638876615,-3.85893992129228,2.96576923941638,1.07845161845121
"KI21A_HUMAN---SRP72_HUMAN",-20.9399155470582,-1.99123638876615,-3.85893992129228,2.96576923941638,1.07845161845121
"KI67_HUMAN---KIF15_HUMAN",-19.6392829228406,-6.97804650565936,6.54179170629287,1.21201205955302,-0.673348871563807
"KIF4A_HUMAN---SUMO2_HUMAN",-19.6392829228406,-6.97804650565936,6.54179170629287,1.21201205955302,-0.673348871563807
"KKCC1_HUMAN-->KCC1A_HUMAN",-19.6392829228406,-6.97804650565936,6.54179170629287,1.21201205955302,-0.673348871563807
"KLC4_HUMAN---LR16A_HUMAN",-20.9399155470582,-1.99123638876615,-3.85893992129228,2.96576923941638,1.07845161845121
"KPRA_HUMAN---MK01_HUMAN",-19.6392829228406,-6.97804650565936,6.54179170629287,1.21201205955302,-0.673348871563807
"KPRB_HUMAN---LRC47_HUMAN",-19.1006542632264,6.57683462423726,-5.8639101193884,-3.61833779519262,-3.69462770304717
"KS6A1_HUMAN-->IF4B_HUMAN",-20.9399155470582,-1.99123638876615,-3.85893992129228,2.96576923941638,1.07845161845121
"KS6A1_HUMAN---MK01_HUMAN",-20.9399155470582,-1.99123638876615,-3.85893992129228,2.96576923941638,1.07845161845121
"KS6A1_HUMAN-->YBOX1_HUMAN",-16.9632392277788,4.01387731235584,0.0182872246321839,0.589773280755142,8.96994043992815
"KSYK_HUMAN---LCK_HUMAN",-15.123977943947,12.5819483253593,-1.98668297346393,-5.99433375385386,4.19686111842978
"KSYK_HUMAN---TBA1A_HUMAN",15.3253304220027,2.20255483112086,-12.2511208130737,-4.86635489097231,3.20439217725318
"LAP2B_HUMAN---SUMO2_HUMAN",-19.6392829228406,-6.97804650565936,6.54179170629287,1.21201205955302,-0.673348871563807
"LAP2_HUMAN---PKP4_HUMAN",-20.9399155470582,-1.99123638876615,-3.85893992129228,2.96576923941638,1.07845161845121
"LARP4_HUMAN---SUMO2_HUMAN",-19.1006542632264,6.57683462423726,-5.8639101193884,-3.61833779519262,-3.69462770304717
"LAS1L_HUMAN---PELP1_HUMAN",-20.9399155470582,-1.99123638876615,-3.85893992129228,2.96576923941638,1.07845161845121
"LCK_HUMAN-->ADT1_HUMAN",-20.9399155470582,-1.99123638876615,-3.85893992129228,2.96576923941638,1.07845161845121
"LCK_HUMAN-->G3BP1_HUMAN",-20.9399155470582,-1.99123638876615,-3.85893992129228,2.96576923941638,1.07845161845121
"LCK_HUMAN---PSRC1_HUMAN",-15.123977943947,12.5819483253593,-1.98668297346393,-5.99433375385386,4.19686111842978
"LCK_HUMAN---RHG17_HUMAN",6.65715923862501,-5.63589635052323,-15.7615728879945,-9.30994990500697,-5.4028562287093
"LCK_HUMAN-->ZAP70_HUMAN",-20.9399155470582,-1.99123638876615,-3.85893992129228,2.96576923941638,1.07845161845121
"LHX4_HUMAN---RFC1_HUMAN",-20.9399155470582,-1.99123638876615,-3.85893992129228,2.96576923941638,1.07845161845121
"LHX4_HUMAN---RRP36_HUMAN",-20.9399155470582,-1.99123638876615,-3.85893992129228,2.96576923941638,1.07845161845121
"LMNB2_HUMAN---SVIL_HUMAN",6.11853057901075,-19.1907774804199,-3.35587106231319,-4.47960005026134,-2.38157739722594
"LMTK2_HUMAN---MYO6_HUMAN",-19.1006542632264,6.57683462423726,-5.8639101193884,-3.61833779519262,-3.69462770304717
"LNX1_HUMAN---PHS_HUMAN",-15.123977943947,12.5819483253593,-1.98668297346393,-5.99433375385386,4.19686111842978
"LNX1_HUMAN---S6A15_HUMAN",-15.123977943947,12.5819483253593,-1.98668297346393,-5.99433375385386,4.19686111842978
"LNX1_HUMAN---SAT1_HUMAN",10.6338355579044,0.369217350598758,-11.88434574207,-11.6859458636682,2.48863259276765
"LNX1_HUMAN---STRN_HUMAN",10.6338355579044,0.369217350598758,-11.88434574207,-11.6859458636682,2.48863259276765
"LYAR_HUMAN---MBB1A_HUMAN",-5.51276732964748,5.54780910743965,-3.99546583839457,-17.8244574782346,5.58884601004666
"LYAR_HUMAN---PWP1_HUMAN",-5.51276732964748,5.54780910743965,-3.99546583839457,-17.8244574782346,5.58884601004666
"LYAR_HUMAN---SRP14_HUMAN",-5.51276732964748,5.54780910743965,-3.99546583839457,-17.8244574782346,5.58884601004666
"MA7D1_HUMAN---RBM48_HUMAN",-11.3287049327587,-9.02537560668575,-5.86772278622291,-8.86435448496433,2.47043651006809
"MA7D3_HUMAN---TRM7_HUMAN",-20.9399155470582,-1.99123638876615,-3.85893992129228,2.96576923941638,1.07845161845121
"MAGG1_HUMAN---NSE1_HUMAN",9.50939281889146,-12.3706298830045,-14.1233777609021,4.09374810229793,0.0859826772746116
"MAP1B_HUMAN---PP1A_HUMAN",-19.1006542632264,6.57683462423726,-5.8639101193884,-3.61833779519262,-3.69462770304717
"MCAF1_HUMAN---SUMO2_HUMAN",-19.1006542632264,6.57683462423726,-5.8639101193884,-3.61833779519262,-3.69462770304717
"MCM2_HUMAN---MCM6_HUMAN",-20.9399155470582,-1.99123638876615,-3.85893992129228,2.96576923941638,1.07845161845121
"MCM6_HUMAN---MCMBP_HUMAN",-20.9399155470582,-1.99123638876615,-3.85893992129228,2.96576923941638,1.07845161845121
"MCM6_HUMAN---SCNM1_HUMAN",-20.9399155470582,-1.99123638876615,-3.85893992129228,2.96576923941638,1.07845161845121
"MCRS1_HUMAN---RN213_HUMAN",-19.6392829228406,-6.97804650565936,6.54179170629287,1.21201205955302,-0.673348871563807
"MDC1_HUMAN---ML12A_HUMAN",-15.123977943947,12.5819483253593,-1.98668297346393,-5.99433375385386,4.19686111842978
"MDC1_HUMAN---RAD50_HUMAN",-20.9399155470582,-1.99123638876615,-3.85893992129228,2.96576923941638,1.07845161845121
"MDN1_HUMAN---PELP1_HUMAN",-20.9399155470582,-1.99123638876615,-3.85893992129228,2.96576923941638,1.07845161845121
"MED12_HUMAN---MED13_HUMAN",-19.1006542632264,6.57683462423726,-5.8639101193884,-3.61833779519262,-3.69462770304717
"MED12_HUMAN---MED8_HUMAN",-19.1006542632264,6.57683462423726,-5.8639101193884,-3.61833779519262,-3.69462770304717
"MED8_HUMAN---SUMO2_HUMAN",-19.1006542632264,6.57683462423726,-5.8639101193884,-3.61833779519262,-3.69462770304717
"MEP50_HUMAN---RBM5_HUMAN",-20.9399155470582,-1.99123638876615,-3.85893992129228,2.96576923941638,1.07845161845121
"MEP50_HUMAN---SMYD1_HUMAN",-19.1006542632264,6.57683462423726,-5.8639101193884,-3.61833779519262,-3.69462770304717
"MEPCE_HUMAN---SDE2_HUMAN",-20.9399155470582,-1.99123638876615,-3.85893992129228,2.96576923941638,1.07845161845121
"MEPCE_HUMAN---SRP72_HUMAN",-11.3287049327587,-9.02537560668575,-5.86772278622291,-8.86435448496433,2.47043651006809
"MEPCE_HUMAN---YRDC_HUMAN",-20.9399155470582,-1.99123638876615,-3.85893992129228,2.96576923941638,1.07845161845121
"MK01_HUMAN-->ABI1_HUMAN",-19.6392829228406,-6.97804650565936,6.54179170629287,1.21201205955302,-0.673348871563807
"MK01_HUMAN-->ERF_HUMAN",-19.6392829228406,-6.97804650565936,6.54179170629287,1.21201205955302,-0.673348871563807
"MK01_HUMAN-->MKL1_HUMAN",-19.6392829228406,-6.97804650565936,6.54179170629287,1.21201205955302,-0.673348871563807
"MK01_HUMAN-->TFE2_HUMAN",-20.9399155470582,-1.99123638876615,-3.85893992129228,2.96576923941638,1.07845161845121
"MK01_HUMAN---YBOX3_HUMAN",-19.1006542632264,6.57683462423726,-5.8639101193884,-3.61833779519262,-3.69462770304717
"MK03_HUMAN-->NUP50_HUMAN",-19.6392829228406,-6.97804650565936,6.54179170629287,1.21201205955302,-0.673348871563807
"MK03_HUMAN-->SMAD2_HUMAN",-20.9399155470582,-1.99123638876615,-3.85893992129228,2.96576923941638,1.07845161845121
"MK09_HUMAN-->STAT3_HUMAN",-19.6392829228406,-6.97804650565936,6.54179170629287,1.21201205955302,-0.673348871563807
"MK09_HUMAN---WDR62_HUMAN",-20.9399155470582,-1.99123638876615,-3.85893992129228,2.96576923941638,1.07845161845121
"MK14_HUMAN---PLSL_HUMAN",-20.9399155470582,-1.99123638876615,-3.85893992129228,2.96576923941638,1.07845161845121
"MMTA2_HUMAN---SRPK2_HUMAN",-20.9399155470582,-1.99123638876615,-3.85893992129228,2.96576923941638,1.07845161845121
"MP2K1_HUMAN-->MK01_HUMAN",-17.8000216390088,1.59002450734405,4.53682150819675,-5.37209497505598,-5.44642819306218
"MP2K1_HUMAN-->MK03_HUMAN",-17.8000216390088,1.59002450734405,4.53682150819675,-5.37209497505598,-5.44642819306218
"MP2K7_HUMAN-->MK09_HUMAN",-20.9399155470582,-1.99123638876615,-3.85893992129228,2.96576923941638,1.07845161845121
"MPZL1_HUMAN---PTN11_HUMAN",-19.6392829228406,-6.97804650565936,6.54179170629287,1.21201205955302,-0.673348871563807
"MRE11_HUMAN---RAD50_HUMAN",-19.6392829228406,-6.97804650565936,6.54179170629287,1.21201205955302,-0.673348871563807
"NADAP_HUMAN---SUMO2_HUMAN",-20.9399155470582,-1.99123638876615,-3.85893992129228,2.96576923941638,1.07845161845121
"NASP_HUMAN---TRM7_HUMAN",-20.9399155470582,-1.99123638876615,-3.85893992129228,2.96576923941638,1.07845161845121
"NHRF1_HUMAN---PHAG1_HUMAN",-19.1006542632264,6.57683462423726,-5.8639101193884,-3.61833779519262,-3.69462770304717
"NHRF1_HUMAN---YAP1_HUMAN",-19.1006542632264,6.57683462423726,-5.8639101193884,-3.61833779519262,-3.69462770304717
"NKAP_HUMAN---PR40A_HUMAN",-20.9399155470582,-1.99123638876615,-3.85893992129228,2.96576923941638,1.07845161845121
"NKAP_HUMAN---RBMX2_HUMAN",-20.9399155470582,-1.99123638876615,-3.85893992129228,2.96576923941638,1.07845161845121
"NOP2_HUMAN---SUMO2_HUMAN",-20.9399155470582,-1.99123638876615,-3.85893992129228,2.96576923941638,1.07845161845121
"NOVA1_HUMAN---SRPK1_HUMAN",-15.123977943947,12.5819483253593,-1.98668297346393,-5.99433375385386,4.19686111842978
"NP1L1_HUMAN---TRAF2_HUMAN",-20.9399155470582,-1.99123638876615,-3.85893992129228,2.96576923941638,1.07845161845121
"NPM_HUMAN---NUCL_HUMAN",-20.9399155470582,-1.99123638876615,-3.85893992129228,2.96576923941638,1.07845161845121
"NRBP_HUMAN---T22D4_HUMAN",-19.6392829228406,-6.97804650565936,6.54179170629287,1.21201205955302,-0.673348871563807
"NSD1_HUMAN---ZN496_HUMAN",-20.9399155470582,-1.99123638876615,-3.85893992129228,2.96576923941638,1.07845161845121
"NSE1_HUMAN---SUMO2_HUMAN",9.50939281889146,-12.3706298830045,-14.1233777609021,4.09374810229793,0.0859826772746116
"NUCL_HUMAN---NUP62_HUMAN",-13.6855769036569,-1.52289893824851,1.23969536280066,-10.93518365659,-0.618044204343409
"NUCL_HUMAN---PP1B_HUMAN",10.810025443109,-17.3574399998977,-3.72264613331693,2.33999092243456,-1.6658178127404
"NUMA1_HUMAN---SUMO2_HUMAN",-20.9399155470582,-1.99123638876615,-3.85893992129228,2.96576923941638,1.07845161845121
"NUP98_HUMAN---RAE1L_HUMAN",-15.123977943947,12.5819483253593,-1.98668297346393,-5.99433375385386,4.19686111842978
"ODPA_HUMAN---STIP1_HUMAN",-15.123977943947,12.5819483253593,-1.98668297346393,-5.99433375385386,4.19686111842978
"OTUL_HUMAN---RNF31_HUMAN",-19.6392829228406,-6.97804650565936,6.54179170629287,1.21201205955302,-0.673348871563807
"PAK1_HUMAN-->BAD_HUMAN",13.4860691381709,-6.36551618188255,-10.2461506149776,1.71775214363669,7.97747149875156
"PAK1_HUMAN-->PCBP1_HUMAN",13.4860691381709,-6.36551618188255,-10.2461506149776,1.71775214363669,7.97747149875156
"PAK1_HUMAN-->PGAM1_HUMAN",14.7867017623884,-11.3523262987758,0.154581012607541,-0.0360050362266786,6.22567100873654
"PAK1_HUMAN-->STMN1_HUMAN",14.7867017623884,-11.3523262987758,0.154581012607541,-0.0360050362266786,6.22567100873654
"PAK1_HUMAN-->TBCB_HUMAN",14.7867017623884,-11.3523262987758,0.154581012607541,-0.0360050362266786,6.22567100873654
"PARD3_HUMAN---PSME3_HUMAN",-4.3433468024979,-16.6097889876235,2.37164849805808,-8.57523195960431,6.14447075537993
"PCBP1_HUMAN---T22D4_HUMAN",-20.9399155470582,-1.99123638876615,-3.85893992129228,2.96576923941638,1.07845161845121
"PCBP1_HUMAN---ZN830_HUMAN",-20.9399155470582,-1.99123638876615,-3.85893992129228,2.96576923941638,1.07845161845121
"PCNP_HUMAN---TE2IP_HUMAN",-11.3287049327587,-9.02537560668575,-5.86772278622291,-8.86435448496433,2.47043651006809
"PDS5A_HUMAN---SMC3_HUMAN",-19.6392829228406,-6.97804650565936,6.54179170629287,1.21201205955302,-0.673348871563807
"PDS5B_HUMAN---SMC3_HUMAN",-19.6392829228406,-6.97804650565936,6.54179170629287,1.21201205955302,-0.673348871563807
"PELP1_HUMAN---SUMO2_HUMAN",4.81789795479318,-14.2039673635266,-13.7566026898983,-2.72584287039797,-0.62977690721092
"PHIP_HUMAN---SUMO2_HUMAN",-19.6392829228406,-6.97804650565936,6.54179170629287,1.21201205955302,-0.673348871563807
"PHS_HUMAN---PRC2C_HUMAN",-20.9399155470582,-1.99123638876615,-3.85893992129228,2.96576923941638,1.07845161845121
"PHS_HUMAN---TIM_HUMAN",-20.9399155470582,-1.99123638876615,-3.85893992129228,2.96576923941638,1.07845161845121
"PI4KA_HUMAN---STRN4_HUMAN",-19.6392829228406,-6.97804650565936,6.54179170629287,1.21201205955302,-0.673348871563807
"PIAS1_HUMAN---SUMO2_HUMAN",-19.6392829228406,-6.97804650565936,6.54179170629287,1.21201205955302,-0.673348871563807
"PININ_HUMAN---SRRM2_HUMAN",-19.6392829228406,-6.97804650565936,6.54179170629287,1.21201205955302,-0.673348871563807
"PININ_HUMAN---SRSF4_HUMAN",-19.6392829228406,-6.97804650565936,6.54179170629287,1.21201205955302,-0.673348871563807
"PNKP_HUMAN---XRCC1_HUMAN",-19.6392829228406,-6.97804650565936,6.54179170629287,1.21201205955302,-0.673348871563807
"PO2F1_HUMAN---XRCC6_HUMAN",-20.9399155470582,-1.99123638876615,-3.85893992129228,2.96576923941638,1.07845161845121
"POGZ_HUMAN---SUMO2_HUMAN",-19.6392829228406,-6.97804650565936,6.54179170629287,1.21201205955302,-0.673348871563807
"PP1A_HUMAN---PPR3D_HUMAN",-19.1006542632264,6.57683462423726,-5.8639101193884,-3.61833779519262,-3.69462770304717
"PP1A_HUMAN---RB_HUMAN",-9.43925243790375,9.98434506131474,-4.14804331676809,-3.95145404863048,9.62269585375663
"PP1A_HUMAN---TOIP1_HUMAN",-19.1006542632264,6.57683462423726,-5.8639101193884,-3.61833779519262,-3.69462770304717
"PP1A_HUMAN---WDR82_HUMAN",6.65715923862501,-5.63589635052323,-15.7615728879945,-9.30994990500697,-5.4028562287093
"PP1A_HUMAN---ZFY16_HUMAN",-19.1006542632264,6.57683462423726,-5.8639101193884,-3.61833779519262,-3.69462770304717
"PR38A_HUMAN---SRPK1_HUMAN",-15.123977943947,12.5819483253593,-1.98668297346393,-5.99433375385386,4.19686111842978
"PR40A_HUMAN---SF3A1_HUMAN",-20.9399155470582,-1.99123638876615,-3.85893992129228,2.96576923941638,1.07845161845121
"PRR12_HUMAN---PUM1_HUMAN",-20.9399155470582,-1.99123638876615,-3.85893992129228,2.96576923941638,1.07845161845121
"PSA3_HUMAN---PSA5_HUMAN",15.3253304220027,2.20255483112086,-12.2511208130737,-4.86635489097231,3.20439217725318
"PSMD1_HUMAN---SUMO2_HUMAN",-20.9399155470582,-1.99123638876615,-3.85893992129228,2.96576923941638,1.07845161845121
"PUR6_HUMAN---TRM7_HUMAN",-20.9399155470582,-1.99123638876615,-3.85893992129228,2.96576923941638,1.07845161845121
"Q548N1_HUMAN---TS101_HUMAN",-19.1006542632264,6.57683462423726,-5.8639101193884,-3.61833779519262,-3.69462770304717
"Q6FIE9_HUMAN---TM1L1_HUMAN",-14.142517043893,-10.8992622779864,7.83013498675832,-5.05502298329367,-4.1097479686657
"Q6FIE9_HUMAN---TM1L2_HUMAN",-14.142517043893,-10.8992622779864,7.83013498675832,-5.05502298329367,-4.1097479686657
"Q6FIE9_HUMAN---WRIP1_HUMAN",-13.6038883842788,2.65561885191022,-4.57556683892295,-9.88537283803931,-7.13102680014907
"Q6FIE9_HUMAN---XRN2_HUMAN",-14.142517043893,-10.8992622779864,7.83013498675832,-5.05502298329367,-4.1097479686657
"RAD50_HUMAN---TERF2_HUMAN",-19.1006542632264,6.57683462423726,-5.8639101193884,-3.61833779519262,-3.69462770304717
"RAE1L_HUMAN---WDR75_HUMAN",-15.123977943947,12.5819483253593,-1.98668297346393,-5.99433375385386,4.19686111842978
"RAM_HUMAN---RBMX_HUMAN",-20.9399155470582,-1.99123638876615,-3.85893992129228,2.96576923941638,1.07845161845121
"RBM10_HUMAN---SF3A1_HUMAN",-19.1006542632264,6.57683462423726,-5.8639101193884,-3.61833779519262,-3.69462770304717
"RBM10_HUMAN---SUGP1_HUMAN",-19.1006542632264,6.57683462423726,-5.8639101193884,-3.61833779519262,-3.69462770304717
"RBM15_HUMAN---SUMO2_HUMAN",-19.6392829228406,-6.97804650565936,6.54179170629287,1.21201205955302,-0.673348871563807
"RBM39_HUMAN---SRPK2_HUMAN",-19.1006542632264,6.57683462423726,-5.8639101193884,-3.61833779519262,-3.69462770304717
"RBM48_HUMAN---SAT1_HUMAN",-11.3287049327587,-9.02537560668575,-5.86772278622291,-8.86435448496433,2.47043651006809
"RBP2_HUMAN---SUMO2_HUMAN",-19.6392829228406,-6.97804650565936,6.54179170629287,1.21201205955302,-0.673348871563807
"RB_HUMAN---SMCA4_HUMAN",-15.123977943947,12.5819483253593,-1.98668297346393,-5.99433375385386,4.19686111842978
"REC8_HUMAN---SMC3_HUMAN",-19.6392829228406,-6.97804650565936,6.54179170629287,1.21201205955302,-0.673348871563807
"RECQ4_HUMAN---TE2IP_HUMAN",-20.9399155470582,-1.99123638876615,-3.85893992129228,2.96576923941638,1.07845161845121
"RGPA1_HUMAN---TFE2_HUMAN",-20.9399155470582,-1.99123638876615,-3.85893992129228,2.96576923941638,1.07845161845121
"RL15_HUMAN---SUMO2_HUMAN",-20.9399155470582,-1.99123638876615,-3.85893992129228,2.96576923941638,1.07845161845121
"RLA1_HUMAN---SMAP_HUMAN",-20.9399155470582,-1.99123638876615,-3.85893992129228,2.96576923941638,1.07845161845121
"RLA1_HUMAN---XRCC6_HUMAN",-20.9399155470582,-1.99123638876615,-3.85893992129228,2.96576923941638,1.07845161845121
"RNF31_HUMAN---TNFA_HUMAN",-19.1006542632264,6.57683462423726,-5.8639101193884,-3.61833779519262,-3.69462770304717
"RNF31_HUMAN---TRI25_HUMAN",-14.142517043893,-10.8992622779864,7.83013498675832,-5.05502298329367,-4.1097479686657
"ROCK1_HUMAN-->ADDA_HUMAN",-20.9399155470582,-1.99123638876615,-3.85893992129228,2.96576923941638,1.07845161845121
"ROCK1_HUMAN-->MARCS_HUMAN",4.81789795479318,-14.2039673635266,-13.7566026898983,-2.72584287039797,-0.62977690721092
"ROCK1_HUMAN---TS101_HUMAN",-19.1006542632264,6.57683462423726,-5.8639101193884,-3.61833779519262,-3.69462770304717
"RRAS2_HUMAN---XRCC6_HUMAN",-20.9399155470582,-1.99123638876615,-3.85893992129228,2.96576923941638,1.07845161845121
"RREB1_HUMAN---SUMO2_HUMAN",-19.6392829228406,-6.97804650565936,6.54179170629287,1.21201205955302,-0.673348871563807
"RSF1_HUMAN---SUMO2_HUMAN",-20.9399155470582,-1.99123638876615,-3.85893992129228,2.96576923941638,1.07845161845121
"RU17_HUMAN---SRPK1_HUMAN",-15.123977943947,12.5819483253593,-1.98668297346393,-5.99433375385386,4.19686111842978
"RU17_HUMAN---ZRAB2_HUMAN",-15.123977943947,12.5819483253593,-1.98668297346393,-5.99433375385386,4.19686111842978
"RUSD2_HUMAN---WRIP1_HUMAN",1.21197954701918,-4.822514380834,-14.0412377136407,-12.1936824546101,-1.30405613542931
"S38A2_HUMAN---STX11_HUMAN",-20.9399155470582,-1.99123638876615,-3.85893992129228,2.96576923941638,1.07845161845121
"SAT1_HUMAN---SPB1_HUMAN",-14.142517043893,-10.8992622779864,7.83013498675832,-5.05502298329367,-4.1097479686657
"SC16A_HUMAN---TNFA_HUMAN",-19.1006542632264,6.57683462423726,-5.8639101193884,-3.61833779519262,-3.69462770304717
"SCAFB_HUMAN---SUMO2_HUMAN",-20.9399155470582,-1.99123638876615,-3.85893992129228,2.96576923941638,1.07845161845121
"SCAM3_HUMAN---TS101_HUMAN",-19.1006542632264,6.57683462423726,-5.8639101193884,-3.61833779519262,-3.69462770304717
"SCFD1_HUMAN---VINC_HUMAN",-0.627281736812644,-13.3905853938374,-12.0362675155446,-5.6095754200011,3.46902318606907
"SENP3_HUMAN---SUMO2_HUMAN",-19.6392829228406,-6.97804650565936,6.54179170629287,1.21201205955302,-0.673348871563807
"SF3A1_HUMAN---SF3A3_HUMAN",-20.9399155470582,-1.99123638876615,-3.85893992129228,2.96576923941638,1.07845161845121
"SIN3A_HUMAN---SMRC1_HUMAN",-19.1006542632264,6.57683462423726,-5.8639101193884,-3.61833779519262,-3.69462770304717
"SKA1_HUMAN---SKA3_HUMAN",-20.9399155470582,-1.99123638876615,-3.85893992129228,2.96576923941638,1.07845161845121
"SMC3_HUMAN---WAPL_HUMAN",-19.6392829228406,-6.97804650565936,6.54179170629287,1.21201205955302,-0.673348871563807
"SMN_HUMAN---WAP53_HUMAN",-15.123977943947,12.5819483253593,-1.98668297346393,-5.99433375385386,4.19686111842978
"SMRCD_HUMAN---SUMO2_HUMAN",-20.9399155470582,-1.99123638876615,-3.85893992129228,2.96576923941638,1.07845161845121
"SMYD1_HUMAN---TTC33_HUMAN",-19.1006542632264,6.57683462423726,-5.8639101193884,-3.61833779519262,-3.69462770304717
"SNUT1_HUMAN---SUMO2_HUMAN",-15.123977943947,12.5819483253593,-1.98668297346393,-5.99433375385386,4.19686111842978
"SRPK1_HUMAN-->RBM8A_HUMAN",-15.123977943947,12.5819483253593,-1.98668297346393,-5.99433375385386,4.19686111842978
"SRPK1_HUMAN---WDR55_HUMAN",-15.123977943947,12.5819483253593,-1.98668297346393,-5.99433375385386,4.19686111842978
"SRPK2_HUMAN-->ACINU_HUMAN",-20.9399155470582,-1.99123638876615,-3.85893992129228,2.96576923941638,1.07845161845121
"SRRM1_HUMAN---SRRM2_HUMAN",-19.6392829228406,-6.97804650565936,6.54179170629287,1.21201205955302,-0.673348871563807
"SRSF4_HUMAN---SRSF6_HUMAN",-19.6392829228406,-6.97804650565936,6.54179170629287,1.21201205955302,-0.673348871563807
"SSRP1_HUMAN---SUMO2_HUMAN",-19.1006542632264,6.57683462423726,-5.8639101193884,-3.61833779519262,-3.69462770304717
"STML2_HUMAN---TRM7_HUMAN",-20.9399155470582,-1.99123638876615,-3.85893992129228,2.96576923941638,1.07845161845121
"STRN3_HUMAN---STRN_HUMAN",10.6338355579044,0.369217350598758,-11.88434574207,-11.6859458636682,2.48863259276765
"STRN4_HUMAN---WIPI2_HUMAN",-20.9399155470582,-1.99123638876615,-3.85893992129228,2.96576923941638,1.07845161845121
"SUMO2_HUMAN---TF3C1_HUMAN",-19.6392829228406,-6.97804650565936,6.54179170629287,1.21201205955302,-0.673348871563807
"SUMO2_HUMAN---TFP11_HUMAN",-19.6392829228406,-6.97804650565936,6.54179170629287,1.21201205955302,-0.673348871563807
"SUMO2_HUMAN---TOP2A_HUMAN",-19.1006542632264,6.57683462423726,-5.8639101193884,-3.61833779519262,-3.69462770304717
"SUMO2_HUMAN---TOP2B_HUMAN",-19.6392829228406,-6.97804650565936,6.54179170629287,1.21201205955302,-0.673348871563807
"SUMO2_HUMAN---TPR_HUMAN",-19.6392829228406,-6.97804650565936,6.54179170629287,1.21201205955302,-0.673348871563807
"SUMO2_HUMAN---U520_HUMAN",-20.9399155470582,-1.99123638876615,-3.85893992129228,2.96576923941638,1.07845161845121
"SUMO2_HUMAN---UIMC1_HUMAN",-20.9399155470582,-1.99123638876615,-3.85893992129228,2.96576923941638,1.07845161845121
"SUMO2_HUMAN---WIZ_HUMAN",-19.6392829228406,-6.97804650565936,6.54179170629287,1.21201205955302,-0.673348871563807
"SUMO2_HUMAN---XRCC6_HUMAN",13.4860691381709,-6.36551618188255,-10.2461506149776,1.71775214363669,7.97747149875156
"SUMO2_HUMAN---Z280C_HUMAN",-19.6392829228406,-6.97804650565936,6.54179170629287,1.21201205955302,-0.673348871563807
"SUMO2_HUMAN---ZBT7A_HUMAN",-20.9399155470582,-1.99123638876615,-3.85893992129228,2.96576923941638,1.07845161845121
"SUMO2_HUMAN---ZC11A_HUMAN",-15.123977943947,12.5819483253593,-1.98668297346393,-5.99433375385386,4.19686111842978
"SUMO2_HUMAN---ZKSC1_HUMAN",-19.6392829228406,-6.97804650565936,6.54179170629287,1.21201205955302,-0.673348871563807
"SUMO2_HUMAN---ZMYM4_HUMAN",-19.6392829228406,-6.97804650565936,6.54179170629287,1.21201205955302,-0.673348871563807
"SUMO2_HUMAN---ZN318_HUMAN",-19.6392829228406,-6.97804650565936,6.54179170629287,1.21201205955302,-0.673348871563807
"SUMO2_HUMAN---ZN496_HUMAN",9.50939281889146,-12.3706298830045,-14.1233777609021,4.09374810229793,0.0859826772746116
"TE2IP_HUMAN---TERF2_HUMAN",-19.1006542632264,6.57683462423726,-5.8639101193884,-3.61833779519262,-3.69462770304717
"TERF2_HUMAN---ZN703_HUMAN",-19.1006542632264,6.57683462423726,-5.8639101193884,-3.61833779519262,-3.69462770304717
"TF3C1_HUMAN---TF3C4_HUMAN",-20.9399155470582,-1.99123638876615,-3.85893992129228,2.96576923941638,1.07845161845121
"TICRR_HUMAN---TOPB1_HUMAN",-20.9399155470582,-1.99123638876615,-3.85893992129228,2.96576923941638,1.07845161845121
"TNFA_HUMAN---TRAF2_HUMAN",-19.1006542632264,6.57683462423726,-5.8639101193884,-3.61833779519262,-3.69462770304717
"TNIK_HUMAN---TRAF2_HUMAN",-20.9399155470582,-1.99123638876615,-3.85893992129228,2.96576923941638,1.07845161845121
"TPC12_HUMAN---TPPC3_HUMAN",1.21197954701918,-4.822514380834,-14.0412377136407,-12.1936824546101,-1.30405613542931
"TRAF2_HUMAN---UBE2N_HUMAN",-20.9399155470582,-1.99123638876615,-3.85893992129228,2.96576923941638,1.07845161845121
"TRAF2_HUMAN---UBE2O_HUMAN",4.81789795479318,-14.2039673635266,-13.7566026898983,-2.72584287039797,-0.62977690721092
"TRI18_HUMAN---UBE2N_HUMAN",-20.9399155470582,-1.99123638876615,-3.85893992129228,2.96576923941638,1.07845161845121
"TS101_HUMAN---VRK3_HUMAN",-19.1006542632264,6.57683462423726,-5.8639101193884,-3.61833779519262,-3.69462770304717
"TXLNA_HUMAN---XRN2_HUMAN",-20.9399155470582,-1.99123638876615,-3.85893992129228,2.96576923941638,1.07845161845121
"UBE2N_HUMAN---ZNRF2_HUMAN",-20.9399155470582,-1.99123638876615,-3.85893992129228,2.96576923941638,1.07845161845121
"WDR48_HUMAN---WDR70_HUMAN",-19.6392829228406,-6.97804650565936,6.54179170629287,1.21201205955302,-0.673348871563807
"WNK1_HUMAN-->STK39_HUMAN",-19.6392829228406,-6.97804650565936,6.54179170629287,1.21201205955302,-0.673348871563807
"ZAP70_HUMAN-->DBNL_HUMAN",-20.9399155470582,-1.99123638876615,-3.85893992129228,2.96576923941638,1.07845161845121
"ZAP70_HUMAN-->MK14_HUMAN",-20.9399155470582,-1.99123638876615,-3.85893992129228,2.96576923941638,1.07845161845121
"1433G_HUMAN---ARHG7_HUMAN",-14.7618800324786,11.3410319139708,-0.17022640445928,0.0203484523103974,-6.2241534245915
"ABI2_HUMAN---CCD53_HUMAN",15.0110312577843,-3.47520556344964,9.14539087293274,9.16576989281035,-1.13223870152657
"ACAP2_HUMAN---CBX1_HUMAN",-10.7852037131992,17.3461456150928,3.70700074146519,-2.35564750635084,1.66733539688544
"AKA10_HUMAN---MYH9_HUMAN",-10.7852037131992,17.3461456150928,3.70700074146519,-2.35564750635084,1.66733539688544
"AKT1_HUMAN-->CDK2_HUMAN",4.36816853240774,16.5984946028185,-2.38729388990982,8.55957537568803,-6.14295317123489
"AP3D1_HUMAN---MYC_HUMAN",10.052894038451,14.000891338774,-4.54865423321398,10.6024550809114,-0.717118435908035
"ARMX3_HUMAN---CSK21_HUMAN",-0.648529157495091,18.3661011259257,1.61989049610766,7.34767601594818,-1.71570511190902
"ASCC1_HUMAN---JUN_HUMAN",-0.648529157495091,18.3661011259257,1.61989049610766,7.34767601594818,-1.71570511190902
"ASCC1_HUMAN---TM87A_HUMAN",-0.648529157495091,18.3661011259257,1.61989049610766,7.34767601594818,-1.71570511190902
"ASPM_HUMAN---P53_HUMAN",4.36816853240774,16.5984946028185,-2.38729388990982,8.55957537568803,-6.14295317123489
"AT1A1_HUMAN---CDK2_HUMAN",-6.09370884910092,19.1794830956149,3.34022567046145,4.46394346634506,2.38309498137097
"ATM_HUMAN-->RIF1_HUMAN",-6.09370884910092,19.1794830956149,3.34022567046145,4.46394346634506,2.38309498137097
"ATRX_HUMAN---Z512B_HUMAN",15.5496599173986,10.079675566447,-3.26031095274852,4.33542003806472,-4.15351753300993
"AURKB_HUMAN---SUMO2_HUMAN",4.23695643533974,-0.572293375351383,-6.42091118104232,19.5625580741817,-3.8355279358866
"BRD3_HUMAN---MYC_HUMAN",10.052894038451,14.000891338774,-4.54865423321398,10.6024550809114,-0.717118435908035
"CAND1_HUMAN---CUL4B_HUMAN",10.052894038451,14.000891338774,-4.54865423321398,10.6024550809114,-0.717118435908035
"CAND1_HUMAN---DDX55_HUMAN",10.052894038451,14.000891338774,-4.54865423321398,10.6024550809114,-0.717118435908035
"CAND1_HUMAN---DHX57_HUMAN",10.052894038451,14.000891338774,-4.54865423321398,10.6024550809114,-0.717118435908035
"CAND1_HUMAN---HACD3_HUMAN",10.052894038451,14.000891338774,-4.54865423321398,10.6024550809114,-0.717118435908035
"CAND1_HUMAN---MCM9_HUMAN",10.052894038451,14.000891338774,-4.54865423321398,10.6024550809114,-0.717118435908035
"CAND1_HUMAN---MEPCE_HUMAN",10.052894038451,14.000891338774,-4.54865423321398,10.6024550809114,-0.717118435908035
"CAND1_HUMAN---PCNP_HUMAN",10.052894038451,14.000891338774,-4.54865423321398,10.6024550809114,-0.717118435908035
"CAND1_HUMAN---PWP1_HUMAN",10.052894038451,14.000891338774,-4.54865423321398,10.6024550809114,-0.717118435908035
"CAND1_HUMAN---SRP72_HUMAN",10.052894038451,14.000891338774,-4.54865423321398,10.6024550809114,-0.717118435908035
"CBL_HUMAN---MYH9_HUMAN",-10.7852037131992,17.3461456150928,3.70700074146519,-2.35564750635084,1.66733539688544
"CBX1_HUMAN---TIF1B_HUMAN",-10.7852037131992,17.3461456150928,3.70700074146519,-2.35564750635084,1.66733539688544
"CCD53_HUMAN---MCRS1_HUMAN",15.0110312577843,-3.47520556344964,9.14539087293274,9.16576989281035,-1.13223870152657
"CCD53_HUMAN---NUP62_HUMAN",15.0110312577843,-3.47520556344964,9.14539087293274,9.16576989281035,-1.13223870152657
"CCD53_HUMAN---OPTN_HUMAN",15.0110312577843,-3.47520556344964,9.14539087293274,9.16576989281035,-1.13223870152657
"CCD53_HUMAN---PCM1_HUMAN",13.7103986335668,1.51160455344357,-1.2553407546524,10.9195270726737,0.619561788488448
"CCDC6_HUMAN---HDAC1_HUMAN",-10.7852037131992,17.3461456150928,3.70700074146519,-2.35564750635084,1.66733539688544
"CDCA5_HUMAN---SMC3_HUMAN",-0.648529157495091,18.3661011259257,1.61989049610766,7.34767601594818,-1.71570511190902
"CDK2_HUMAN-->AMOT_HUMAN",-6.09370884910092,19.1794830956149,3.34022567046145,4.46394346634506,2.38309498137097
"CDK2_HUMAN-->BAP18_HUMAN",-6.09370884910092,19.1794830956149,3.34022567046145,4.46394346634506,2.38309498137097
"CDK2_HUMAN-->BAZ2A_HUMAN",-6.09370884910092,19.1794830956149,3.34022567046145,4.46394346634506,2.38309498137097
"CDK2_HUMAN-->CT2NL_HUMAN",-6.09370884910092,19.1794830956149,3.34022567046145,4.46394346634506,2.38309498137097
"CDK2_HUMAN-->DNLI1_HUMAN",-6.09370884910092,19.1794830956149,3.34022567046145,4.46394346634506,2.38309498137097
"CDK2_HUMAN-->DNLI3_HUMAN",-6.09370884910092,19.1794830956149,3.34022567046145,4.46394346634506,2.38309498137097
"CDK2_HUMAN-->DNM1L_HUMAN",-6.09370884910092,19.1794830956149,3.34022567046145,4.46394346634506,2.38309498137097
"CDK2_HUMAN-->F122A_HUMAN",-6.09370884910092,19.1794830956149,3.34022567046145,4.46394346634506,2.38309498137097
"CDK2_HUMAN-->GUAA_HUMAN",-6.09370884910092,19.1794830956149,3.34022567046145,4.46394346634506,2.38309498137097
"CDK2_HUMAN---H1X_HUMAN",-6.09370884910092,19.1794830956149,3.34022567046145,4.46394346634506,2.38309498137097
"CDK2_HUMAN-->HNRL1_HUMAN",-6.09370884910092,19.1794830956149,3.34022567046145,4.46394346634506,2.38309498137097
"CDK2_HUMAN-->JIP4_HUMAN",-6.09370884910092,19.1794830956149,3.34022567046145,4.46394346634506,2.38309498137097
"CDK2_HUMAN-->LARP1_HUMAN",-6.09370884910092,19.1794830956149,3.34022567046145,4.46394346634506,2.38309498137097
"CDK2_HUMAN-->LMNB2_HUMAN",-6.09370884910092,19.1794830956149,3.34022567046145,4.46394346634506,2.38309498137097
"CDK2_HUMAN-->MARCS_HUMAN",-6.09370884910092,19.1794830956149,3.34022567046145,4.46394346634506,2.38309498137097
"CDK2_HUMAN-->NIPA_HUMAN",-6.09370884910092,19.1794830956149,3.34022567046145,4.46394346634506,2.38309498137097
"CDK2_HUMAN-->NUCKS_HUMAN",-6.09370884910092,19.1794830956149,3.34022567046145,4.46394346634506,2.38309498137097
"CDK2_HUMAN-->NUFP2_HUMAN",-6.09370884910092,19.1794830956149,3.34022567046145,4.46394346634506,2.38309498137097
"CDK2_HUMAN-->PELP1_HUMAN",-6.09370884910092,19.1794830956149,3.34022567046145,4.46394346634506,2.38309498137097
"CDK2_HUMAN-->PUR6_HUMAN",-6.09370884910092,19.1794830956149,3.34022567046145,4.46394346634506,2.38309498137097
"CDK2_HUMAN-->SRS11_HUMAN",-6.09370884910092,19.1794830956149,3.34022567046145,4.46394346634506,2.38309498137097
"CDK2_HUMAN-->T2FA_HUMAN",-6.09370884910092,19.1794830956149,3.34022567046145,4.46394346634506,2.38309498137097
"CDK2_HUMAN-->TB182_HUMAN",-6.09370884910092,19.1794830956149,3.34022567046145,4.46394346634506,2.38309498137097
"CDK2_HUMAN-->TCOF_HUMAN",-6.09370884910092,19.1794830956149,3.34022567046145,4.46394346634506,2.38309498137097
"CDK2_HUMAN-->UBE2O_HUMAN",-6.09370884910092,19.1794830956149,3.34022567046145,4.46394346634506,2.38309498137097
"CDK2_HUMAN-->ZCH18_HUMAN",-6.09370884910092,19.1794830956149,3.34022567046145,4.46394346634506,2.38309498137097
"CDK2_HUMAN-->ZN609_HUMAN",-6.09370884910092,19.1794830956149,3.34022567046145,4.46394346634506,2.38309498137097
"CDK5_HUMAN---HS90A_HUMAN",-14.7618800324786,11.3410319139708,-0.17022640445928,0.0203484523103974,-6.2241534245915
"CEBPZ_HUMAN---P53_HUMAN",4.36816853240774,16.5984946028185,-2.38729388990982,8.55957537568803,-6.14295317123489
"CHD4_HUMAN---HDAC1_HUMAN",-10.7852037131992,17.3461456150928,3.70700074146519,-2.35564750635084,1.66733539688544
"CHIP_HUMAN---HS90A_HUMAN",-14.7618800324786,11.3410319139708,-0.17022640445928,0.0203484523103974,-6.2241534245915
"CHIP_HUMAN---P53_HUMAN",4.36816853240774,16.5984946028185,-2.38729388990982,8.55957537568803,-6.14295317123489
"CI078_HUMAN---TE2IP_HUMAN",-10.7852037131992,17.3461456150928,3.70700074146519,-2.35564750635084,1.66733539688544
"CSK21_HUMAN---DKC1_HUMAN",-6.09370884910092,19.1794830956149,3.34022567046145,4.46394346634506,2.38309498137097
"CSK21_HUMAN---PRCC_HUMAN",-10.7852037131992,17.3461456150928,3.70700074146519,-2.35564750635084,1.66733539688544
"CSK21_HUMAN---ROA2_HUMAN",-10.7852037131992,17.3461456150928,3.70700074146519,-2.35564750635084,1.66733539688544
"CSK21_HUMAN---ZC3HD_HUMAN",10.052894038451,14.000891338774,-4.54865423321398,10.6024550809114,-0.717118435908035
"CT2NL_HUMAN---STRN3_HUMAN",-6.09370884910092,19.1794830956149,3.34022567046145,4.46394346634506,2.38309498137097
"CTF18_HUMAN---SUMO2_HUMAN",-0.648529157495091,18.3661011259257,1.61989049610766,7.34767601594818,-1.71570511190902
"CTNB1_HUMAN---DLG5_HUMAN",-6.09370884910092,19.1794830956149,3.34022567046145,4.46394346634506,2.38309498137097
"CUL4B_HUMAN---HS90A_HUMAN",-14.7618800324786,11.3410319139708,-0.17022640445928,0.0203484523103974,-6.2241534245915
"DC1L1_HUMAN---MD2L1_HUMAN",9.86493441135536,12.6772788304915,-1.09895060944436,2.29254033284134,-9.57935226833679
"DDX24_HUMAN---EIF3E_HUMAN",-10.7852037131992,17.3461456150928,3.70700074146519,-2.35564750635084,1.66733539688544
"DKC1_HUMAN---RBM34_HUMAN",-6.09370884910092,19.1794830956149,3.34022567046145,4.46394346634506,2.38309498137097
"DNMT1_HUMAN---HDAC1_HUMAN",-10.7852037131992,17.3461456150928,3.70700074146519,-2.35564750635084,1.66733539688544
"EGFR_HUMAN---HS90A_HUMAN",-14.7618800324786,11.3410319139708,-0.17022640445928,0.0203484523103974,-6.2241534245915
"EIF3B_HUMAN---EIF3E_HUMAN",-10.7852037131992,17.3461456150928,3.70700074146519,-2.35564750635084,1.66733539688544
"EIF3C_HUMAN---EIF3E_HUMAN",-10.7852037131992,17.3461456150928,3.70700074146519,-2.35564750635084,1.66733539688544
"EIF3E_HUMAN---GPBL1_HUMAN",-10.7852037131992,17.3461456150928,3.70700074146519,-2.35564750635084,1.66733539688544
"ETS1_HUMAN---SUMO2_HUMAN",15.5496599173986,10.079675566447,-3.26031095274852,4.33542003806472,-4.15351753300993
"FRIH_HUMAN---IMA1_HUMAN",15.5496599173986,10.079675566447,-3.26031095274852,4.33542003806472,-4.15351753300993
"FYN_HUMAN-->CAV1_HUMAN",-10.7852037131992,17.3461456150928,3.70700074146519,-2.35564750635084,1.66733539688544
"GCP60_HUMAN---PI4KB_HUMAN",-0.648529157495091,18.3661011259257,1.61989049610766,7.34767601594818,-1.71570511190902
"GCP60_HUMAN---RUSD2_HUMAN",-0.648529157495091,18.3661011259257,1.61989049610766,7.34767601594818,-1.71570511190902
"GNL1_HUMAN---TP4A1_HUMAN",-10.7852037131992,17.3461456150928,3.70700074146519,-2.35564750635084,1.66733539688544
"H2AY_HUMAN---HDAC1_HUMAN",-10.7852037131992,17.3461456150928,3.70700074146519,-2.35564750635084,1.66733539688544
"HDAC1_HUMAN---HDAC2_HUMAN",-10.7852037131992,17.3461456150928,3.70700074146519,-2.35564750635084,1.66733539688544
"HDAC1_HUMAN---MKX_HUMAN",-10.7852037131992,17.3461456150928,3.70700074146519,-2.35564750635084,1.66733539688544
"HDAC1_HUMAN---MTG8_HUMAN",10.052894038451,14.000891338774,-4.54865423321398,10.6024550809114,-0.717118435908035
"HDAC1_HUMAN---MYC_HUMAN",10.052894038451,14.000891338774,-4.54865423321398,10.6024550809114,-0.717118435908035
"HDAC1_HUMAN---P53_HUMAN",4.36816853240774,16.5984946028185,-2.38729388990982,8.55957537568803,-6.14295317123489
"HDAC1_HUMAN---P66B_HUMAN",-10.7852037131992,17.3461456150928,3.70700074146519,-2.35564750635084,1.66733539688544
"HDAC1_HUMAN---RB_HUMAN",-10.7852037131992,17.3461456150928,3.70700074146519,-2.35564750635084,1.66733539688544
"HDAC1_HUMAN---SIN3A_HUMAN",-10.7852037131992,17.3461456150928,3.70700074146519,-2.35564750635084,1.66733539688544
"HDAC1_HUMAN---SUV91_HUMAN",-10.7852037131992,17.3461456150928,3.70700074146519,-2.35564750635084,1.66733539688544
"HS90A_HUMAN---HSF1_HUMAN",-6.09370884910092,19.1794830956149,3.34022567046145,4.46394346634506,2.38309498137097
"HS90A_HUMAN---KKCC1_HUMAN",-14.7618800324786,11.3410319139708,-0.17022640445928,0.0203484523103974,-6.2241534245915
"HS90A_HUMAN---MP2K7_HUMAN",-14.7618800324786,11.3410319139708,-0.17022640445928,0.0203484523103974,-6.2241534245915
"HS90A_HUMAN---STIP1_HUMAN",-14.7618800324786,11.3410319139708,-0.17022640445928,0.0203484523103974,-6.2241534245915
"HS90A_HUMAN---TBA1A_HUMAN",-14.7618800324786,11.3410319139708,-0.17022640445928,0.0203484523103974,-6.2241534245915
"HS90A_HUMAN---TEBP_HUMAN",-14.7618800324786,11.3410319139708,-0.17022640445928,0.0203484523103974,-6.2241534245915
"HS90B_HUMAN---KPCD1_HUMAN",-10.7852037131992,17.3461456150928,3.70700074146519,-2.35564750635084,1.66733539688544
"HTSF1_HUMAN---Z512B_HUMAN",15.5496599173986,10.079675566447,-3.26031095274852,4.33542003806472,-4.15351753300993
"IF2B1_HUMAN---TRM7_HUMAN",6.07621771917157,7.99577763765203,-8.42588137913844,12.9784510395727,-8.60860725738498
"IMA3_HUMAN---P53_HUMAN",4.36816853240774,16.5984946028185,-2.38729388990982,8.55957537568803,-6.14295317123489
"ING4_HUMAN---P53_HUMAN",4.36816853240774,16.5984946028185,-2.38729388990982,8.55957537568803,-6.14295317123489
"KAP2_HUMAN---MTG8_HUMAN",10.052894038451,14.000891338774,-4.54865423321398,10.6024550809114,-0.717118435908035
"KCRB_HUMAN---SUMO2_HUMAN",-10.7852037131992,17.3461456150928,3.70700074146519,-2.35564750635084,1.66733539688544
"KCRB_HUMAN---TBCB_HUMAN",-10.7852037131992,17.3461456150928,3.70700074146519,-2.35564750635084,1.66733539688544
"KIF4A_HUMAN---MMS19_HUMAN",-6.09370884910092,19.1794830956149,3.34022567046145,4.46394346634506,2.38309498137097
"KPCD1_HUMAN-->AKT1_HUMAN",-10.7852037131992,17.3461456150928,3.70700074146519,-2.35564750635084,1.66733539688544
"KPCD1_HUMAN-->BAD_HUMAN",-10.7852037131992,17.3461456150928,3.70700074146519,-2.35564750635084,1.66733539688544
"KPCD1_HUMAN-->COF1_HUMAN",-6.09370884910092,19.1794830956149,3.34022567046145,4.46394346634506,2.38309498137097
"KPCD1_HUMAN-->CTNB1_HUMAN",-10.7852037131992,17.3461456150928,3.70700074146519,-2.35564750635084,1.66733539688544
"KPCD1_HUMAN---MK13_HUMAN",-10.7852037131992,17.3461456150928,3.70700074146519,-2.35564750635084,1.66733539688544
"KPCD1_HUMAN-->OSBP1_HUMAN",-10.7852037131992,17.3461456150928,3.70700074146519,-2.35564750635084,1.66733539688544
"KPCD1_HUMAN-->PI4KB_HUMAN",-0.648529157495091,18.3661011259257,1.61989049610766,7.34767601594818,-1.71570511190902
"LNX1_HUMAN---RBMX_HUMAN",-6.09370884910092,19.1794830956149,3.34022567046145,4.46394346634506,2.38309498137097
"MA7D1_HUMAN---MYC_HUMAN",10.052894038451,14.000891338774,-4.54865423321398,10.6024550809114,-0.717118435908035
"MAGG1_HUMAN---TIF1B_HUMAN",-10.7852037131992,17.3461456150928,3.70700074146519,-2.35564750635084,1.66733539688544
"MARK2_HUMAN-->RFIP2_HUMAN",15.5496599173986,10.079675566447,-3.26031095274852,4.33542003806472,-4.15351753300993
"MBD1_HUMAN---MCAF1_HUMAN",-10.7852037131992,17.3461456150928,3.70700074146519,-2.35564750635084,1.66733539688544
"MK13_HUMAN-->STMN1_HUMAN",-10.7852037131992,17.3461456150928,3.70700074146519,-2.35564750635084,1.66733539688544
"MMS19_HUMAN---NUP53_HUMAN",-6.09370884910092,19.1794830956149,3.34022567046145,4.46394346634506,2.38309498137097
"MTG8_HUMAN---OTUD4_HUMAN",10.052894038451,14.000891338774,-4.54865423321398,10.6024550809114,-0.717118435908035
"MYC_HUMAN---NOC2L_HUMAN",10.052894038451,14.000891338774,-4.54865423321398,10.6024550809114,-0.717118435908035
"MYC_HUMAN---NOL9_HUMAN",10.052894038451,14.000891338774,-4.54865423321398,10.6024550809114,-0.717118435908035
"MYH10_HUMAN---Z512B_HUMAN",15.5496599173986,10.079675566447,-3.26031095274852,4.33542003806472,-4.15351753300993
"MYH9_HUMAN---SVIL_HUMAN",-10.7852037131992,17.3461456150928,3.70700074146519,-2.35564750635084,1.66733539688544
"NPM_HUMAN---PPIL4_HUMAN",15.5496599173986,10.079675566447,-3.26031095274852,4.33542003806472,-4.15351753300993
"NSF1C_HUMAN---SRP14_HUMAN",4.23695643533974,-0.572293375351383,-6.42091118104232,19.5625580741817,-3.8355279358866
"OXSR1_HUMAN---SCFD1_HUMAN",-0.648529157495091,18.3661011259257,1.61989049610766,7.34767601594818,-1.71570511190902
"P53_HUMAN---PSME3_HUMAN",4.36816853240774,16.5984946028185,-2.38729388990982,8.55957537568803,-6.14295317123489
"P53_HUMAN---TP53B_HUMAN",4.36816853240774,16.5984946028185,-2.38729388990982,8.55957537568803,-6.14295317123489
"P53_HUMAN---TPC11_HUMAN",4.36816853240774,16.5984946028185,-2.38729388990982,8.55957537568803,-6.14295317123489
"PGAM1_HUMAN---XRCC6_HUMAN",-14.7618800324786,11.3410319139708,-0.17022640445928,0.0203484523103974,-6.2241534245915
"PP1B_HUMAN---TIF1B_HUMAN",-10.7852037131992,17.3461456150928,3.70700074146519,-2.35564750635084,1.66733539688544
"PSA3_HUMAN---PSA7_HUMAN",-10.7852037131992,17.3461456150928,3.70700074146519,-2.35564750635084,1.66733539688544
"PSA5_HUMAN---PSA7_HUMAN",-10.7852037131992,17.3461456150928,3.70700074146519,-2.35564750635084,1.66733539688544
"PSA7_HUMAN---SAMD1_HUMAN",-10.7852037131992,17.3461456150928,3.70700074146519,-2.35564750635084,1.66733539688544
"PSMG1_HUMAN---PSMG2_HUMAN",15.5496599173986,10.079675566447,-3.26031095274852,4.33542003806472,-4.15351753300993
"PSMG2_HUMAN---S35F6_HUMAN",15.5496599173986,10.079675566447,-3.26031095274852,4.33542003806472,-4.15351753300993
"RB_HUMAN---TFDP1_HUMAN",4.36816853240774,16.5984946028185,-2.38729388990982,8.55957537568803,-6.14295317123489
"RFIP1_HUMAN---RFIP2_HUMAN",15.5496599173986,10.079675566447,-3.26031095274852,4.33542003806472,-4.15351753300993
"S35F6_HUMAN---SPS1_HUMAN",15.5496599173986,10.079675566447,-3.26031095274852,4.33542003806472,-4.15351753300993
"SAT1_HUMAN---SPS1_HUMAN",15.5496599173986,10.079675566447,-3.26031095274852,4.33542003806472,-4.15351753300993
"SAT1_HUMAN---T22D4_HUMAN",-7.96448152931341,2.43300602475057,11.5188485035913,-8.00044377039966,-11.4123530117084
"SEPT2_HUMAN---SEPT9_HUMAN",15.5496599173986,10.079675566447,-3.26031095274852,4.33542003806472,-4.15351753300993
"SIR1_HUMAN---XRCC6_HUMAN",-14.7618800324786,11.3410319139708,-0.17022640445928,0.0203484523103974,-6.2241534245915
"SPTN1_HUMAN---TP4A1_HUMAN",-10.7852037131992,17.3461456150928,3.70700074146519,-2.35564750635084,1.66733539688544
"SUMO2_HUMAN---TIF1B_HUMAN",-10.7852037131992,17.3461456150928,3.70700074146519,-2.35564750635084,1.66733539688544
"SUMO2_HUMAN---XPC_HUMAN",-10.7852037131992,17.3461456150928,3.70700074146519,-2.35564750635084,1.66733539688544
"SUMO2_HUMAN---ZEB1_HUMAN",-10.7852037131992,17.3461456150928,3.70700074146519,-2.35564750635084,1.66733539688544
"TERF2_HUMAN---WDR4_HUMAN",10.052894038451,14.000891338774,-4.54865423321398,10.6024550809114,-0.717118435908035
"TIF1B_HUMAN---ZN496_HUMAN",-10.7852037131992,17.3461456150928,3.70700074146519,-2.35564750635084,1.66733539688544
"TPC11_HUMAN---TPC12_HUMAN",4.36816853240774,16.5984946028185,-2.38729388990982,8.55957537568803,-6.14295317123489
"WNK1_HUMAN-->OXSR1_HUMAN",-0.648529157495091,18.3661011259257,1.61989049610766,7.34767601594818,-1.71570511190902
"1433G_HUMAN---PAK4_HUMAN",15.6874283334711,0.961638419732426,-10.4346642440691,1.14832731519195,-7.2166223657681
"ACINU_HUMAN---PHS_HUMAN",13.8481670496393,-7.60643259327099,-8.42969404597295,7.73243434980095,-2.44354304426972
"ACK1_HUMAN---BCAR1_HUMAN",16.9880609576886,-4.02517169716078,-0.0339326164839227,-0.605429864671422,-8.96842285578311
"AKA11_HUMAN---PP1A_HUMAN",-0.45917455408081,6.14023017657332,-2.54578434039365,-4.99018429937441,-4.11640894848909
"AKT1_HUMAN-->DNMT1_HUMAN",13.8481670496393,-7.60643259327099,-8.42969404597295,7.73243434980095,-2.44354304426972
"AKT1_HUMAN-->YBOX1_HUMAN",15.6874283334711,0.961638419732426,-10.4346642440691,1.14832731519195,-7.2166223657681
"ARHG7_HUMAN---LAP2_HUMAN",15.6874283334711,0.961638419732426,-10.4346642440691,1.14832731519195,-7.2166223657681
"ARHGB_HUMAN---GSK3A_HUMAN",16.9880609576886,-4.02517169716078,-0.0339326164839227,-0.605429864671422,-8.96842285578311
"BORG1_HUMAN---RHOQ_HUMAN",15.6874283334711,0.961638419732426,-10.4346642440691,1.14832731519195,-7.2166223657681
"BRD2_HUMAN---BRD7_HUMAN",13.8481670496393,-7.60643259327099,-8.42969404597295,7.73243434980095,-2.44354304426972
"BRD7_HUMAN---HNRL1_HUMAN",13.8481670496393,-7.60643259327099,-8.42969404597295,7.73243434980095,-2.44354304426972
"CALX_HUMAN---KSR1_HUMAN",15.6874283334711,0.961638419732426,-10.4346642440691,1.14832731519195,-7.2166223657681
"CDK1_HUMAN-->STMN1_HUMAN",15.6874283334711,0.961638419732426,-10.4346642440691,1.14832731519195,-7.2166223657681
"CHD4_HUMAN---SMCA4_HUMAN",15.1487996738568,-12.5932427101642,1.9710375816122,5.97867716993758,-4.19534353428474
"CSK21_HUMAN-->CTNA1_HUMAN",15.6874283334711,0.961638419732426,-10.4346642440691,1.14832731519195,-7.2166223657681
"CSK21_HUMAN---WDR55_HUMAN",15.6874283334711,0.961638419732426,-10.4346642440691,1.14832731519195,-7.2166223657681
"DC1L2_HUMAN---YBOX1_HUMAN",15.6874283334711,0.961638419732426,-10.4346642440691,1.14832731519195,-7.2166223657681
"DDA1_HUMAN---PWP1_HUMAN",15.6874283334711,0.961638419732426,-10.4346642440691,1.14832731519195,-7.2166223657681
"DDX24_HUMAN---GIT1_HUMAN",13.8481670496393,-7.60643259327099,-8.42969404597295,7.73243434980095,-2.44354304426972
"DDX54_HUMAN---DDX55_HUMAN",3.3862896681306,-5.0254441004746,-2.70217448560169,3.63680244045797,6.08250510833614
"DYRK4_HUMAN---HS90A_HUMAN",15.6874283334711,0.961638419732426,-10.4346642440691,1.14832731519195,-7.2166223657681
"EIF3G_HUMAN---PKN2_HUMAN",15.6874283334711,0.961638419732426,-10.4346642440691,1.14832731519195,-7.2166223657681
"F122B_HUMAN---WDR48_HUMAN",13.8481670496393,-7.60643259327099,-8.42969404597295,7.73243434980095,-2.44354304426972
"FBX4_HUMAN---HS90A_HUMAN",15.6874283334711,0.961638419732426,-10.4346642440691,1.14832731519195,-7.2166223657681
"FGR_HUMAN---KHDR1_HUMAN",13.8481670496393,-7.60643259327099,-8.42969404597295,7.73243434980095,-2.44354304426972
"HS90A_HUMAN---LAR4B_HUMAN",15.6874283334711,0.961638419732426,-10.4346642440691,1.14832731519195,-7.2166223657681
"HS90A_HUMAN---SG223_HUMAN",15.6874283334711,0.961638419732426,-10.4346642440691,1.14832731519195,-7.2166223657681
"KAP2_HUMAN---RBM34_HUMAN",13.8481670496393,-7.60643259327099,-8.42969404597295,7.73243434980095,-2.44354304426972
"KS6A1_HUMAN-->BAD_HUMAN",15.6874283334711,0.961638419732426,-10.4346642440691,1.14832731519195,-7.2166223657681
"LMTK2_HUMAN-->PP1A_HUMAN",10.0027028274278,3.55924168377694,-8.27330390076491,-0.894552390031436,-12.642457101095
"MKX_HUMAN---SIN3A_HUMAN",13.8481670496393,-7.60643259327099,-8.42969404597295,7.73243434980095,-2.44354304426972
"NOVA1_HUMAN---PCBP1_HUMAN",13.8481670496393,-7.60643259327099,-8.42969404597295,7.73243434980095,-2.44354304426972
"PKN2_HUMAN---PLCG1_HUMAN",15.6874283334711,0.961638419732426,-10.4346642440691,1.14832731519195,-7.2166223657681
"PP1A_HUMAN---TBCB_HUMAN",15.6874283334711,0.961638419732426,-10.4346642440691,1.14832731519195,-7.2166223657681
"PR38A_HUMAN---SRPK2_HUMAN",13.8481670496393,-7.60643259327099,-8.42969404597295,7.73243434980095,-2.44354304426972
"RBM8A_HUMAN---SRRM2_HUMAN",15.1487996738568,-12.5932427101642,1.9710375816122,5.97867716993758,-4.19534353428474
"RHOQ_HUMAN---WASL_HUMAN",15.6874283334711,0.961638419732426,-10.4346642440691,1.14832731519195,-7.2166223657681
"RU17_HUMAN---SRPK2_HUMAN",13.8481670496393,-7.60643259327099,-8.42969404597295,7.73243434980095,-2.44354304426972
"STK24_HUMAN---STRN3_HUMAN",13.8481670496393,-7.60643259327099,-8.42969404597295,7.73243434980095,-2.44354304426972
"STK24_HUMAN---STRN4_HUMAN",13.8481670496393,-7.60643259327099,-8.42969404597295,7.73243434980095,-2.44354304426972
"TEBP_HUMAN---WAP53_HUMAN",13.8481670496393,-7.60643259327099,-8.42969404597295,7.73243434980095,-2.44354304426972
"ABI2_HUMAN---MIPT3_HUMAN",-6.67075897784732,14.2332221695002,0.409874596069104,-7.91873618788487,6.49571938560422
"CDK2_HUMAN---HS90A_HUMAN",9.20222727124183,9.5477406136508,-0.829917537773341,-5.32330055281227,9.20091460831471
"CDK2_HUMAN-->RB_HUMAN",9.20222727124183,9.5477406136508,-0.829917537773341,-5.32330055281227,9.20091460831471
"D0VY79_HUMAN---EGLN1_HUMAN",4.51073240714354,7.7144031331287,-0.463142466769604,-12.1428915255082,8.48515502382918
"D0VY79_HUMAN---NAA10_HUMAN",4.51073240714354,7.7144031331287,-0.463142466769604,-12.1428915255082,8.48515502382918
"D0VY79_HUMAN---PSA7_HUMAN",4.51073240714354,7.7144031331287,-0.463142466769604,-12.1428915255082,8.48515502382918
"DC1L1_HUMAN---EIF3E_HUMAN",3.7054613922942,13.4689563859778,-2.11826081823879,0.94373449003442,12.6373137054166
"HNRL1_HUMAN---MEPCE_HUMAN",7.36296598741,0.97966960064739,1.17505266032278,1.26080648179673,13.9739939298131
"TFP11_HUMAN---TPPC4_HUMAN",12.8081456790158,0.166287630958152,-0.545282514031007,4.14453903139985,9.8751938365331
"TPC12_HUMAN---TPPC4_HUMAN",12.8081456790158,0.166287630958152,-0.545282514031007,4.14453903139985,9.8751938365331
"CH10_HUMAN---EF1A1_HUMAN",14.1673387738029,10.8879678931815,-7.84578037861006,5.03936639937739,4.11126555281074
"CSK21_HUMAN-->DDX58_HUMAN",13.6287101141886,-2.66691323671516,4.55992144707121,9.86971625412303,7.1325443842941
"CSK21_HUMAN---SPB1_HUMAN",14.1673387738029,10.8879678931815,-7.84578037861006,5.03936639937739,4.11126555281074
"DDX58_HUMAN---TRI25_HUMAN",13.6287101141886,-2.66691323671516,4.55992144707121,9.86971625412303,7.1325443842941
"DDX58_HUMAN---WRIP1_HUMAN",14.1673387738029,10.8879678931815,-7.84578037861006,5.03936639937739,4.11126555281074
"EF1A1_HUMAN---XRN2_HUMAN",14.1673387738029,10.8879678931815,-7.84578037861006,5.03936639937739,4.11126555281074
"EPS15_HUMAN---LAPM5_HUMAN",14.1673387738029,10.8879678931815,-7.84578037861006,5.03936639937739,4.11126555281074
"FUND2_HUMAN---UBP13_HUMAN",14.1673387738029,10.8879678931815,-7.84578037861006,5.03936639937739,4.11126555281074
"LAPM5_HUMAN---TM1L2_HUMAN",14.1673387738029,10.8879678931815,-7.84578037861006,5.03936639937739,4.11126555281074
"LAPM5_HUMAN---UBP13_HUMAN",14.1673387738029,10.8879678931815,-7.84578037861006,5.03936639937739,4.11126555281074
"PCBP1_HUMAN---PPIG_HUMAN",14.1673387738029,10.8879678931815,-7.84578037861006,5.03936639937739,4.11126555281074
"F122A_HUMAN---TE2IP_HUMAN",14.9726097886522,5.13341464033231,-6.19066202714087,-8.0472596161652,-0.0408931287766848
"HDGF_HUMAN---RL35A_HUMAN",13.1333485048204,-3.4346563726711,-4.18569182904475,-1.4631525815562,4.73218619272169
"1433G_HUMAN---KLC4_HUMAN",17.8248433689187,-1.60131889214899,-4.55246690004849,5.3564383911397,5.44794577720723
"1433G_HUMAN---PR40A_HUMAN",17.8248433689187,-1.60131889214899,-4.55246690004849,5.3564383911397,5.44794577720723
"AAPK2_HUMAN---KKCC1_HUMAN",17.8248433689187,-1.60131889214899,-4.55246690004849,5.3564383911397,5.44794577720723
"AKA10_HUMAN---KAP2_HUMAN",17.8248433689187,-1.60131889214899,-4.55246690004849,5.3564383911397,5.44794577720723
"AP3D1_HUMAN---HTSF1_HUMAN",19.1254759931362,-6.5881290090422,5.84826472753666,3.60268121127633,3.69614528719221
"ATM_HUMAN-->DYRK2_HUMAN",17.8248433689187,-1.60131889214899,-4.55246690004849,5.3564383911397,5.44794577720723
"ATM_HUMAN-->MED1_HUMAN",17.8248433689187,-1.60131889214899,-4.55246690004849,5.3564383911397,5.44794577720723
"BIG3_HUMAN---EGFR_HUMAN",17.8248433689187,-1.60131889214899,-4.55246690004849,5.3564383911397,5.44794577720723
"CBL_HUMAN---TBA1A_HUMAN",19.1254759931362,-6.5881290090422,5.84826472753666,3.60268121127633,3.69614528719221
"CDK19_HUMAN---FKB15_HUMAN",17.8248433689187,-1.60131889214899,-4.55246690004849,5.3564383911397,5.44794577720723
"CDK19_HUMAN---MED1_HUMAN",17.8248433689187,-1.60131889214899,-4.55246690004849,5.3564383911397,5.44794577720723
"CDK5_HUMAN---IRS4_HUMAN",17.8248433689187,-1.60131889214899,-4.55246690004849,5.3564383911397,5.44794577720723
"DC1L1_HUMAN---PAIRB_HUMAN",17.8248433689187,-1.60131889214899,-4.55246690004849,5.3564383911397,5.44794577720723
"DLG1_HUMAN---DLG3_HUMAN",17.8248433689187,-1.60131889214899,-4.55246690004849,5.3564383911397,5.44794577720723
"DYRK2_HUMAN---DYRK4_HUMAN",17.8248433689187,-1.60131889214899,-4.55246690004849,5.3564383911397,5.44794577720723
"EGFR_HUMAN---STIP1_HUMAN",17.8248433689187,-1.60131889214899,-4.55246690004849,5.3564383911397,5.44794577720723
"FYN_HUMAN---PHAG1_HUMAN",17.8248433689187,-1.60131889214899,-4.55246690004849,5.3564383911397,5.44794577720723
"FYN_HUMAN---PPR3D_HUMAN",17.8248433689187,-1.60131889214899,-4.55246690004849,5.3564383911397,5.44794577720723
"GLIS2_HUMAN---WNK1_HUMAN",19.1254759931362,-6.5881290090422,5.84826472753666,3.60268121127633,3.69614528719221
"GRB2_HUMAN---RHG17_HUMAN",17.8248433689187,-1.60131889214899,-4.55246690004849,5.3564383911397,5.44794577720723
"HERC2_HUMAN---RNF8_HUMAN",17.8248433689187,-1.60131889214899,-4.55246690004849,5.3564383911397,5.44794577720723
"HGS_HUMAN---SCAM3_HUMAN",19.1254759931362,-6.5881290090422,5.84826472753666,3.60268121127633,3.69614528719221
"IQGA1_HUMAN---LRC47_HUMAN",17.8248433689187,-1.60131889214899,-4.55246690004849,5.3564383911397,5.44794577720723
"IQGA1_HUMAN---MK01_HUMAN",17.8248433689187,-1.60131889214899,-4.55246690004849,5.3564383911397,5.44794577720723
"JUN_HUMAN---MP2K7_HUMAN",17.8248433689187,-1.60131889214899,-4.55246690004849,5.3564383911397,5.44794577720723
"KMT2D_HUMAN---SRRM1_HUMAN",17.8248433689187,-1.60131889214899,-4.55246690004849,5.3564383911397,5.44794577720723
"KMT2D_HUMAN---WDR82_HUMAN",17.8248433689187,-1.60131889214899,-4.55246690004849,5.3564383911397,5.44794577720723
"KSR1_HUMAN---MP2K2_HUMAN",17.8248433689187,-1.60131889214899,-4.55246690004849,5.3564383911397,5.44794577720723
"MAP1B_HUMAN---PHS_HUMAN",17.8248433689187,-1.60131889214899,-4.55246690004849,5.3564383911397,5.44794577720723
"MD2L1_HUMAN---T22D4_HUMAN",17.8248433689187,-1.60131889214899,-4.55246690004849,5.3564383911397,5.44794577720723
"MDC1_HUMAN---RNF8_HUMAN",17.8248433689187,-1.60131889214899,-4.55246690004849,5.3564383911397,5.44794577720723
"MED12_HUMAN---MED1_HUMAN",17.8248433689187,-1.60131889214899,-4.55246690004849,5.3564383911397,5.44794577720723
"MED13_HUMAN---MED1_HUMAN",17.8248433689187,-1.60131889214899,-4.55246690004849,5.3564383911397,5.44794577720723
"MK01_HUMAN---MP2K2_HUMAN",17.8248433689187,-1.60131889214899,-4.55246690004849,5.3564383911397,5.44794577720723
"MP2K2_HUMAN-->MK03_HUMAN",17.8248433689187,-1.60131889214899,-4.55246690004849,5.3564383911397,5.44794577720723
"MYO6_HUMAN---TOM1_HUMAN",19.1254759931362,-6.5881290090422,5.84826472753666,3.60268121127633,3.69614528719221
"PAIRB_HUMAN---SUMO2_HUMAN",19.1254759931362,-6.5881290090422,5.84826472753666,3.60268121127633,3.69614528719221
"PEBB_HUMAN---SCG1_HUMAN",19.1254759931362,-6.5881290090422,5.84826472753666,3.60268121127633,3.69614528719221
"PGAM1_HUMAN---PKP4_HUMAN",17.8248433689187,-1.60131889214899,-4.55246690004849,5.3564383911397,5.44794577720723
"PIAS1_HUMAN---SGTA_HUMAN",17.8248433689187,-1.60131889214899,-4.55246690004849,5.3564383911397,5.44794577720723
"PKN2_HUMAN---SCG1_HUMAN",17.8248433689187,-1.60131889214899,-4.55246690004849,5.3564383911397,5.44794577720723
"PR40A_HUMAN---VINC_HUMAN",17.8248433689187,-1.60131889214899,-4.55246690004849,5.3564383911397,5.44794577720723
"Q6FIE9_HUMAN---TOM1_HUMAN",19.1254759931362,-6.5881290090422,5.84826472753666,3.60268121127633,3.69614528719221
"RAD50_HUMAN---TE2IP_HUMAN",17.8248433689187,-1.60131889214899,-4.55246690004849,5.3564383911397,5.44794577720723
"RBM5_HUMAN---U520_HUMAN",17.8248433689187,-1.60131889214899,-4.55246690004849,5.3564383911397,5.44794577720723
"RNF8_HUMAN---UBE2N_HUMAN",17.8248433689187,-1.60131889214899,-4.55246690004849,5.3564383911397,5.44794577720723
"ROCK1_HUMAN---SMAD2_HUMAN",17.8248433689187,-1.60131889214899,-4.55246690004849,5.3564383911397,5.44794577720723
"SCG1_HUMAN---SG223_HUMAN",19.1254759931362,-6.5881290090422,5.84826472753666,3.60268121127633,3.69614528719221
"SGTA_HUMAN---UBL7_HUMAN",17.8248433689187,-1.60131889214899,-4.55246690004849,5.3564383911397,5.44794577720723
"TE2IP_HUMAN---TOIP1_HUMAN",17.8248433689187,-1.60131889214899,-4.55246690004849,5.3564383911397,5.44794577720723
"TOM1_HUMAN---ZFY16_HUMAN",19.1254759931362,-6.5881290090422,5.84826472753666,3.60268121127633,3.69614528719221
"CBL_HUMAN---GRB2_HUMAN",15.2800117709248,4.57754526800572,6.0046548727447,-5.02430552855605,-6.50276876963302
"1433G_HUMAN---ACINU_HUMAN",20.964737276968,1.97994200396121,3.84329452944054,-2.98142582333267,-1.07693403430617
"1433G_HUMAN---NELFE_HUMAN",20.964737276968,1.97994200396121,3.84329452944054,-2.98142582333267,-1.07693403430617
"1433G_HUMAN---PPR3D_HUMAN",20.964737276968,1.97994200396121,3.84329452944054,-2.98142582333267,-1.07693403430617
"1433G_HUMAN---SPN90_HUMAN",20.964737276968,1.97994200396121,3.84329452944054,-2.98142582333267,-1.07693403430617
"1433G_HUMAN---WNK1_HUMAN",20.964737276968,1.97994200396121,3.84329452944054,-2.98142582333267,-1.07693403430617
"1433G_HUMAN---YAP1_HUMAN",20.964737276968,1.97994200396121,3.84329452944054,-2.98142582333267,-1.07693403430617
"ABL2_HUMAN-->CRK_HUMAN",20.964737276968,1.97994200396121,3.84329452944054,-2.98142582333267,-1.07693403430617
"ABL2_HUMAN---PLCG1_HUMAN",20.964737276968,1.97994200396121,3.84329452944054,-2.98142582333267,-1.07693403430617
"ACTB_HUMAN---SUMO2_HUMAN",20.964737276968,1.97994200396121,3.84329452944054,-2.98142582333267,-1.07693403430617
"ADDA_HUMAN---AT1A1_HUMAN",20.964737276968,1.97994200396121,3.84329452944054,-2.98142582333267,-1.07693403430617
"AFAD_HUMAN---RRAS2_HUMAN",20.964737276968,1.97994200396121,3.84329452944054,-2.98142582333267,-1.07693403430617
"AMOT_HUMAN---PARD3_HUMAN",20.964737276968,1.97994200396121,3.84329452944054,-2.98142582333267,-1.07693403430617
"AR6P4_HUMAN---CSK21_HUMAN",20.964737276968,1.97994200396121,3.84329452944054,-2.98142582333267,-1.07693403430617
"AT2B4_HUMAN---DLG3_HUMAN",20.964737276968,1.97994200396121,3.84329452944054,-2.98142582333267,-1.07693403430617
"BCAR1_HUMAN---DOCK1_HUMAN",20.964737276968,1.97994200396121,3.84329452944054,-2.98142582333267,-1.07693403430617
"BCAR1_HUMAN---ZYX_HUMAN",20.964737276968,1.97994200396121,3.84329452944054,-2.98142582333267,-1.07693403430617
"CBL_HUMAN---FGR_HUMAN",20.964737276968,1.97994200396121,3.84329452944054,-2.98142582333267,-1.07693403430617
"CCNK_HUMAN---T22D4_HUMAN",20.964737276968,1.97994200396121,3.84329452944054,-2.98142582333267,-1.07693403430617
"CDK16_HUMAN---CDK5_HUMAN",20.964737276968,1.97994200396121,3.84329452944054,-2.98142582333267,-1.07693403430617
"CDK1_HUMAN-->GAPD1_HUMAN",20.964737276968,1.97994200396121,3.84329452944054,-2.98142582333267,-1.07693403430617
"CDK1_HUMAN-->KI67_HUMAN",20.964737276968,1.97994200396121,3.84329452944054,-2.98142582333267,-1.07693403430617
"CDK5_HUMAN-->DNMT1_HUMAN",20.964737276968,1.97994200396121,3.84329452944054,-2.98142582333267,-1.07693403430617
"CEBPZ_HUMAN---PEBB_HUMAN",20.964737276968,1.97994200396121,3.84329452944054,-2.98142582333267,-1.07693403430617
"CEBPZ_HUMAN---SUMO2_HUMAN",20.964737276968,1.97994200396121,3.84329452944054,-2.98142582333267,-1.07693403430617
"CHD4_HUMAN---SUMO2_HUMAN",20.964737276968,1.97994200396121,3.84329452944054,-2.98142582333267,-1.07693403430617
"CP3A4_HUMAN---PGRC1_HUMAN",20.964737276968,1.97994200396121,3.84329452944054,-2.98142582333267,-1.07693403430617
"CSK21_HUMAN---IF2P_HUMAN",20.964737276968,1.97994200396121,3.84329452944054,-2.98142582333267,-1.07693403430617
"CSK21_HUMAN---IF4B_HUMAN",20.964737276968,1.97994200396121,3.84329452944054,-2.98142582333267,-1.07693403430617
"CSK21_HUMAN---RU17_HUMAN",20.964737276968,1.97994200396121,3.84329452944054,-2.98142582333267,-1.07693403430617
"CSK21_HUMAN-->SMC3_HUMAN",20.964737276968,1.97994200396121,3.84329452944054,-2.98142582333267,-1.07693403430617
"CTND1_HUMAN---EGFR_HUMAN",20.964737276968,1.97994200396121,3.84329452944054,-2.98142582333267,-1.07693403430617
"DDX21_HUMAN---SUMO2_HUMAN",20.964737276968,1.97994200396121,3.84329452944054,-2.98142582333267,-1.07693403430617
"DDX3X_HUMAN---IF4G1_HUMAN",20.964737276968,1.97994200396121,3.84329452944054,-2.98142582333267,-1.07693403430617
"DPP3_HUMAN---NHLC2_HUMAN",20.964737276968,1.97994200396121,3.84329452944054,-2.98142582333267,-1.07693403430617
"DPP3_HUMAN---SUMO2_HUMAN",20.964737276968,1.97994200396121,3.84329452944054,-2.98142582333267,-1.07693403430617
"DREB_HUMAN---MARCS_HUMAN",20.964737276968,1.97994200396121,3.84329452944054,-2.98142582333267,-1.07693403430617
"EGFR_HUMAN---KAPCA_HUMAN",20.964737276968,1.97994200396121,3.84329452944054,-2.98142582333267,-1.07693403430617
"EGFR_HUMAN---PAK1_HUMAN",20.964737276968,1.97994200396121,3.84329452944054,-2.98142582333267,-1.07693403430617
"EGFR_HUMAN---TM1L1_HUMAN",20.964737276968,1.97994200396121,3.84329452944054,-2.98142582333267,-1.07693403430617
"EMAL4_HUMAN---NEK6_HUMAN",20.964737276968,1.97994200396121,3.84329452944054,-2.98142582333267,-1.07693403430617
"FACD2_HUMAN---SUMO2_HUMAN",20.964737276968,1.97994200396121,3.84329452944054,-2.98142582333267,-1.07693403430617
"FAK1_HUMAN-->AT2B4_HUMAN",20.964737276968,1.97994200396121,3.84329452944054,-2.98142582333267,-1.07693403430617
"FNBP4_HUMAN---SUMO2_HUMAN",20.964737276968,1.97994200396121,3.84329452944054,-2.98142582333267,-1.07693403430617
"GAPD1_HUMAN---LRC47_HUMAN",20.964737276968,1.97994200396121,3.84329452944054,-2.98142582333267,-1.07693403430617
"GRB2_HUMAN---MK09_HUMAN",20.964737276968,1.97994200396121,3.84329452944054,-2.98142582333267,-1.07693403430617
"GRB2_HUMAN---PHAG1_HUMAN",20.964737276968,1.97994200396121,3.84329452944054,-2.98142582333267,-1.07693403430617
"GRB2_HUMAN---WASL_HUMAN",20.964737276968,1.97994200396121,3.84329452944054,-2.98142582333267,-1.07693403430617
"H2AY_HUMAN---SUMO2_HUMAN",20.964737276968,1.97994200396121,3.84329452944054,-2.98142582333267,-1.07693403430617
"HACD3_HUMAN---NEK6_HUMAN",20.964737276968,1.97994200396121,3.84329452944054,-2.98142582333267,-1.07693403430617
"HNRL1_HUMAN---SUMO2_HUMAN",20.964737276968,1.97994200396121,3.84329452944054,-2.98142582333267,-1.07693403430617
"KAPCA_HUMAN-->1433Z_HUMAN",20.964737276968,1.97994200396121,3.84329452944054,-2.98142582333267,-1.07693403430617
"KAPCA_HUMAN-->CDK16_HUMAN",20.964737276968,1.97994200396121,3.84329452944054,-2.98142582333267,-1.07693403430617
"KAPCA_HUMAN-->CP3A4_HUMAN",20.964737276968,1.97994200396121,3.84329452944054,-2.98142582333267,-1.07693403430617
"KAPCA_HUMAN-->DESP_HUMAN",20.964737276968,1.97994200396121,3.84329452944054,-2.98142582333267,-1.07693403430617
"KAPCA_HUMAN-->GSK3A_HUMAN",20.964737276968,1.97994200396121,3.84329452944054,-2.98142582333267,-1.07693403430617
"KAPCA_HUMAN-->KKCC1_HUMAN",20.964737276968,1.97994200396121,3.84329452944054,-2.98142582333267,-1.07693403430617
"KAPCA_HUMAN-->PLSL_HUMAN",20.964737276968,1.97994200396121,3.84329452944054,-2.98142582333267,-1.07693403430617
"LAS1L_HUMAN---PNKP_HUMAN",20.964737276968,1.97994200396121,3.84329452944054,-2.98142582333267,-1.07693403430617
"MARK2_HUMAN-->PARD3_HUMAN",20.964737276968,1.97994200396121,3.84329452944054,-2.98142582333267,-1.07693403430617
"MARK2_HUMAN---TAOK1_HUMAN",20.964737276968,1.97994200396121,3.84329452944054,-2.98142582333267,-1.07693403430617
"MBB1A_HUMAN---SUMO2_HUMAN",20.964737276968,1.97994200396121,3.84329452944054,-2.98142582333267,-1.07693403430617
"MCMBP_HUMAN---SUMO2_HUMAN",20.964737276968,1.97994200396121,3.84329452944054,-2.98142582333267,-1.07693403430617
"MK01_HUMAN-->CSK21_HUMAN",20.964737276968,1.97994200396121,3.84329452944054,-2.98142582333267,-1.07693403430617
"NEK6_HUMAN---SMC3_HUMAN",20.964737276968,1.97994200396121,3.84329452944054,-2.98142582333267,-1.07693403430617
"NKAP_HUMAN---PPIG_HUMAN",20.964737276968,1.97994200396121,3.84329452944054,-2.98142582333267,-1.07693403430617
"NUCL_HUMAN---SUMO2_HUMAN",20.964737276968,1.97994200396121,3.84329452944054,-2.98142582333267,-1.07693403430617
"NUP50_HUMAN---TOIP1_HUMAN",20.964737276968,1.97994200396121,3.84329452944054,-2.98142582333267,-1.07693403430617
"OSBP1_HUMAN---PI4KA_HUMAN",20.964737276968,1.97994200396121,3.84329452944054,-2.98142582333267,-1.07693403430617
"PAK1_HUMAN-->MP2K1_HUMAN",20.964737276968,1.97994200396121,3.84329452944054,-2.98142582333267,-1.07693403430617
"PNKP_HUMAN---UBE2O_HUMAN",20.964737276968,1.97994200396121,3.84329452944054,-2.98142582333267,-1.07693403430617
"RAD50_HUMAN---SUMO2_HUMAN",20.964737276968,1.97994200396121,3.84329452944054,-2.98142582333267,-1.07693403430617
"RLA1_HUMAN---SAT1_HUMAN",20.964737276968,1.97994200396121,3.84329452944054,-2.98142582333267,-1.07693403430617
"SCFD1_HUMAN---XRN2_HUMAN",20.964737276968,1.97994200396121,3.84329452944054,-2.98142582333267,-1.07693403430617
"SNUT2_HUMAN---SUMO2_HUMAN",20.964737276968,1.97994200396121,3.84329452944054,-2.98142582333267,-1.07693403430617
"SRRM2_HUMAN---SUMO2_HUMAN",20.964737276968,1.97994200396121,3.84329452944054,-2.98142582333267,-1.07693403430617
"UBL7_HUMAN---ZYX_HUMAN",20.964737276968,1.97994200396121,3.84329452944054,-2.98142582333267,-1.07693403430617
"WAP53_HUMAN---WAPL_HUMAN",20.9647372769681,1.97994200396121,3.84329452944054,-2.98142582333266,-1.07693403430617
