"","V1","V2","V3","V4","V5","V6","V7","V8","V9","V10"
"4ET_HUMAN---MK08_HUMAN",-86.1465341089664,-25.5483944201873,18.5842193926173,-3.281953742009,-3.52788317469365,-0.797274404359997,-0.287610605941008,-0.358658554480258,-0.279205088750267,0.127989188601014
"AAPK1_HUMAN---ACACA_HUMAN",-86.2410003458747,11.6845050240276,-21.9992932522766,-18.1477247122843,6.42181836748976,3.66214739709761,-0.295781656793267,0.374237832999424,0.0736278419831722,-0.103732806367916
"AAPK1_HUMAN---IMA1_HUMAN",39.3767486314618,-10.4198572957851,-28.0935359385071,-73.0747576350982,-10.331968040164,-11.0033162368669,19.4757498676915,1.39450829630371,2.39502155783862,-1.83208547975747
"ABI1_HUMAN---MK01_HUMAN",-69.1779066112944,-41.0644022343421,-3.08429240996848,35.1354800216879,25.6872733281406,-4.85592729660666,-1.90811761532684,-2.23105167467812,-3.61471644877697,1.88463441714842
"ABL1_HUMAN---CRK_HUMAN",-86.1465341089664,-25.5483944201873,18.5842193926173,-3.281953742009,-3.52788317469365,-0.797274404359997,-0.287610605941008,-0.358658554480258,-0.279205088750267,0.127989188601014
"ABL1_HUMAN---CTNB1_HUMAN",-86.1465341089664,-25.5483944201873,18.5842193926173,-3.281953742009,-3.52788317469365,-0.797274404359997,-0.287610605941008,-0.358658554480258,-0.279205088750267,0.127989188601014
"ACLY_HUMAN---HGS_HUMAN",-86.2410003458747,11.6845050240276,-21.9992932522766,-18.1477247122843,6.42181836748976,3.66214739709761,-0.295781656793267,0.374237832999424,0.0736278419831722,-0.103732806367916
"ACTB_HUMAN---E41L2_HUMAN",-86.1465341089664,-25.5483944201873,18.5842193926173,-3.281953742009,-3.52788317469365,-0.797274404359997,-0.287610605941008,-0.358658554480258,-0.279205088750267,0.127989188601014
"ACTB_HUMAN---KHDR1_HUMAN",-86.1465341089664,-25.5483944201873,18.5842193926173,-3.281953742009,-3.52788317469365,-0.797274404359997,-0.287610605941008,-0.358658554480258,-0.279205088750267,0.127989188601014
"ADDA_HUMAN---ROCK1_HUMAN",-86.1465341089664,-25.5483944201873,18.5842193926173,-3.281953742009,-3.52788317469365,-0.797274404359997,-0.287610605941008,-0.358658554480258,-0.279205088750267,0.127989188601014
"ADNP_HUMAN---PLCG1_HUMAN",-86.1465341089664,-25.5483944201873,18.5842193926173,-3.281953742009,-3.52788317469365,-0.797274404359997,-0.287610605941008,-0.358658554480258,-0.279205088750267,0.127989188601014
"AFAD_HUMAN---DREB_HUMAN",-69.1779066112944,-41.0644022343421,-3.08429240996848,35.1354800216879,25.6872733281406,-4.85592729660666,-1.90811761532684,-2.23105167467812,-3.61471644877697,1.88463441714842
"AFTIN_HUMAN---GGA3_HUMAN",-86.2410003458747,11.6845050240276,-21.9992932522766,-18.1477247122843,6.42181836748976,3.66214739709761,-0.295781656793267,0.374237832999424,0.0736278419831722,-0.103732806367916
"AMOT_HUMAN---FOXK1_HUMAN",-86.2410003458747,11.6845050240276,-21.9992932522766,-18.1477247122843,6.42181836748976,3.66214739709761,-0.295781656793267,0.374237832999424,0.0736278419831722,-0.103732806367916
"AMOT_HUMAN---RHG17_HUMAN",-86.2410003458747,11.6845050240276,-21.9992932522766,-18.1477247122843,6.42181836748976,3.66214739709761,-0.295781656793267,0.374237832999424,0.0736278419831722,-0.103732806367916
"APC_HUMAN---CYTSA_HUMAN",-86.1465341089664,-25.5483944201873,18.5842193926173,-3.281953742009,-3.52788317469365,-0.797274404359997,-0.287610605941008,-0.358658554480258,-0.279205088750267,0.127989188601014
"A4_HUMAN---AR6P6_HUMAN",-86.1465341089664,-25.5483944201873,18.5842193926173,-3.281953742009,-3.52788317469365,-0.797274404359997,-0.287610605941008,-0.358658554480258,-0.279205088750267,0.127989188601014
"ARHG7_HUMAN---SCRIB_HUMAN",-86.1465341089664,-25.5483944201873,18.5842193926173,-3.281953742009,-3.52788317469365,-0.797274404359997,-0.287610605941008,-0.358658554480258,-0.279205088750267,0.127989188601014
"ARHGB_HUMAN---GSK3A_HUMAN",-86.1465341089664,-25.5483944201873,18.5842193926173,-3.281953742009,-3.52788317469365,-0.797274404359997,-0.287610605941008,-0.358658554480258,-0.279205088750267,0.127989188601014
"ARI2_HUMAN---EMAL4_HUMAN",-86.1465341089664,-25.5483944201873,18.5842193926173,-3.281953742009,-3.52788317469365,-0.797274404359997,-0.287610605941008,-0.358658554480258,-0.279205088750267,0.127989188601014
"ARI2_HUMAN---P53_HUMAN",-86.1465341089664,-25.5483944201873,18.5842193926173,-3.281953742009,-3.52788317469365,-0.797274404359997,-0.287610605941008,-0.358658554480258,-0.279205088750267,0.127989188601014
"AT2B1_HUMAN---LAP2_HUMAN",-86.1465341089664,-25.5483944201873,18.5842193926173,-3.281953742009,-3.52788317469365,-0.797274404359997,-0.287610605941008,-0.358658554480258,-0.279205088750267,0.127989188601014
"B2RBV7_HUMAN---OTUL_HUMAN",-86.2410003458747,11.6845050240276,-21.9992932522766,-18.1477247122843,6.42181836748976,3.66214739709761,-0.295781656793267,0.374237832999424,0.0736278419831722,-0.103732806367916
"B2RBV7_HUMAN---VPRBP_HUMAN",-86.2410003458747,11.6845050240276,-21.9992932522766,-18.1477247122843,6.42181836748976,3.66214739709761,-0.295781656793267,0.374237832999424,0.0736278419831722,-0.103732806367916
"BACH_HUMAN---CDK2_HUMAN",-86.2410003458747,11.6845050240276,-21.9992932522766,-18.1477247122843,6.42181836748976,3.66214739709761,-0.295781656793267,0.374237832999424,0.0736278419831722,-0.103732806367916
"BACH_HUMAN---NHLC2_HUMAN",-86.2410003458747,11.6845050240276,-21.9992932522766,-18.1477247122843,6.42181836748976,3.66214739709761,-0.295781656793267,0.374237832999424,0.0736278419831722,-0.103732806367916
"BAG6_HUMAN---SGTA_HUMAN",-86.2410003458747,11.6845050240276,-21.9992932522766,-18.1477247122843,6.42181836748976,3.66214739709761,-0.295781656793267,0.374237832999424,0.0736278419831722,-0.103732806367916
"BAP18_HUMAN---CDK2_HUMAN",-86.1465341089664,-25.5483944201873,18.5842193926173,-3.281953742009,-3.52788317469365,-0.797274404359997,-0.287610605941008,-0.358658554480258,-0.279205088750267,0.127989188601014
"BAZ2A_HUMAN---HDAC1_HUMAN",-86.1465341089664,-25.5483944201873,18.5842193926173,-3.281953742009,-3.52788317469365,-0.797274404359997,-0.287610605941008,-0.358658554480258,-0.279205088750267,0.127989188601014
"ACK1_HUMAN---BCAR1_HUMAN",-86.1465341089664,-25.5483944201873,18.5842193926173,-3.281953742009,-3.52788317469365,-0.797274404359997,-0.287610605941008,-0.358658554480258,-0.279205088750267,0.127989188601014
"BCAR1_HUMAN---ZYX_HUMAN",-86.1465341089664,-25.5483944201873,18.5842193926173,-3.281953742009,-3.52788317469365,-0.797274404359997,-0.287610605941008,-0.358658554480258,-0.279205088750267,0.127989188601014
"BCLF1_HUMAN---SRRM1_HUMAN",-86.1465341089664,-25.5483944201873,18.5842193926173,-3.281953742009,-3.52788317469365,-0.797274404359997,-0.287610605941008,-0.358658554480258,-0.279205088750267,0.127989188601014
"BCS1_HUMAN---DDX24_HUMAN",-86.2410003458747,11.6845050240276,-21.9992932522766,-18.1477247122843,6.42181836748976,3.66214739709761,-0.295781656793267,0.374237832999424,0.0736278419831722,-0.103732806367916
"BMS1_HUMAN---HDGF_HUMAN",-86.2410003458747,11.6845050240276,-21.9992932522766,-18.1477247122843,6.42181836748976,3.66214739709761,-0.295781656793267,0.374237832999424,0.0736278419831722,-0.103732806367916
"B2R4R0_HUMAN---BRD2_HUMAN",-86.2410003458747,11.6845050240276,-21.9992932522766,-18.1477247122843,6.42181836748976,3.66214739709761,-0.295781656793267,0.374237832999424,0.0736278419831722,-0.103732806367916
"CA052_HUMAN---NFKB1_HUMAN",-86.2410003458747,11.6845050240276,-21.9992932522766,-18.1477247122843,6.42181836748976,3.66214739709761,-0.295781656793267,0.374237832999424,0.0736278419831722,-0.103732806367916
"1433T_HUMAN---CBL_HUMAN",-86.1465341089664,-25.5483944201873,18.5842193926173,-3.281953742009,-3.52788317469365,-0.797274404359997,-0.287610605941008,-0.358658554480258,-0.279205088750267,0.127989188601014
"CBL_HUMAN---CD2AP_HUMAN",-86.1465341089664,-25.5483944201873,18.5842193926173,-3.281953742009,-3.52788317469365,-0.797274404359997,-0.287610605941008,-0.358658554480258,-0.279205088750267,0.127989188601014
"CBL_HUMAN---CRKL_HUMAN",-69.1779066112944,-41.0644022343421,-3.08429240996848,35.1354800216879,25.6872733281406,-4.85592729660666,-1.90811761532684,-2.23105167467812,-3.61471644877697,1.88463441714842
"CBL_HUMAN---EGFR_HUMAN",-69.1779066112944,-41.0644022343421,-3.08429240996848,35.1354800216879,25.6872733281406,-4.85592729660666,-1.90811761532684,-2.23105167467812,-3.61471644877697,1.88463441714842
"CBL_HUMAN---EPHA2_HUMAN",-86.1465341089664,-25.5483944201873,18.5842193926173,-3.281953742009,-3.52788317469365,-0.797274404359997,-0.287610605941008,-0.358658554480258,-0.279205088750267,0.127989188601014
"CBL_HUMAN---FYN_HUMAN",-69.1779066112944,-41.0644022343421,-3.08429240996848,35.1354800216879,25.6872733281406,-4.85592729660666,-1.90811761532684,-2.23105167467812,-3.61471644877697,1.88463441714842
"CBL_HUMAN---ITSN1_HUMAN",-86.1465341089664,-25.5483944201873,18.5842193926173,-3.281953742009,-3.52788317469365,-0.797274404359997,-0.287610605941008,-0.358658554480258,-0.279205088750267,0.127989188601014
"CBL_HUMAN---PLCG1_HUMAN",-69.1779066112944,-41.0644022343421,-3.08429240996848,35.1354800216879,25.6872733281406,-4.85592729660666,-1.90811761532684,-2.23105167467812,-3.61471644877697,1.88463441714842
"CBL_HUMAN---SHIP2_HUMAN",-69.1779066112944,-41.0644022343421,-3.08429240996848,35.1354800216879,25.6872733281406,-4.85592729660666,-1.90811761532684,-2.23105167467812,-3.61471644877697,1.88463441714842
"CBL_HUMAN---SPY1_HUMAN",-86.1465341089664,-25.5483944201873,18.5842193926173,-3.281953742009,-3.52788317469365,-0.797274404359997,-0.287610605941008,-0.358658554480258,-0.279205088750267,0.127989188601014
"ACAP2_HUMAN---CBX1_HUMAN",-86.2410003458747,11.6845050240276,-21.9992932522766,-18.1477247122843,6.42181836748976,3.66214739709761,-0.295781656793267,0.374237832999424,0.0736278419831722,-0.103732806367916
"CCD25_HUMAN---SMAD2_HUMAN",-86.2410003458747,11.6845050240276,-21.9992932522766,-18.1477247122843,6.42181836748976,3.66214739709761,-0.295781656793267,0.374237832999424,0.0736278419831722,-0.103732806367916
"AURKB_HUMAN---CCD86_HUMAN",-86.2410003458747,11.6845050240276,-21.9992932522766,-18.1477247122843,6.42181836748976,3.66214739709761,-0.295781656793267,0.374237832999424,0.0736278419831722,-0.103732806367916
"CD2B2_HUMAN---KHDR1_HUMAN",39.47121486837,-47.65275674,12.4899767063868,-58.2089866648229,-20.2816695823474,-15.4627380383245,19.4839209185437,0.661611908824031,2.04218862710518,-1.60036348478854
"CD2B2_HUMAN---SF01_HUMAN",-86.1465341089664,-25.5483944201873,18.5842193926173,-3.281953742009,-3.52788317469365,-0.797274404359997,-0.287610605941008,-0.358658554480258,-0.279205088750267,0.127989188601014
"CD2B2_HUMAN---SNUT2_HUMAN",-86.1465341089664,-25.5483944201873,18.5842193926173,-3.281953742009,-3.52788317469365,-0.797274404359997,-0.287610605941008,-0.358658554480258,-0.279205088750267,0.127989188601014
"CDCA3_HUMAN---CUL1_HUMAN",-86.2410003458747,11.6845050240276,-21.9992932522766,-18.1477247122843,6.42181836748976,3.66214739709761,-0.295781656793267,0.374237832999424,0.0736278419831722,-0.103732806367916
"BAG6_HUMAN---CDK16_HUMAN",-86.2410003458747,11.6845050240276,-21.9992932522766,-18.1477247122843,6.42181836748976,3.66214739709761,-0.295781656793267,0.374237832999424,0.0736278419831722,-0.103732806367916
"CDK16_HUMAN---KAPCA_HUMAN",-86.2410003458747,11.6845050240276,-21.9992932522766,-18.1477247122843,6.42181836748976,3.66214739709761,-0.295781656793267,0.374237832999424,0.0736278419831722,-0.103732806367916
"41_HUMAN---CDK1_HUMAN",-86.1465341089664,-25.5483944201873,18.5842193926173,-3.281953742009,-3.52788317469365,-0.797274404359997,-0.287610605941008,-0.358658554480258,-0.279205088750267,0.127989188601014
"AHNK_HUMAN---CDK1_HUMAN",-86.2410003458747,11.6845050240276,-21.9992932522766,-18.1477247122843,6.42181836748976,3.66214739709761,-0.295781656793267,0.374237832999424,0.0736278419831722,-0.103732806367916
"APC1_HUMAN---CDK1_HUMAN",-86.2410003458747,11.6845050240276,-21.9992932522766,-18.1477247122843,6.42181836748976,3.66214739709761,-0.295781656793267,0.374237832999424,0.0736278419831722,-0.103732806367916
"BUD13_HUMAN---CDK1_HUMAN",-86.2410003458747,11.6845050240276,-21.9992932522766,-18.1477247122843,6.42181836748976,3.66214739709761,-0.295781656793267,0.374237832999424,0.0736278419831722,-0.103732806367916
"CDK1_HUMAN---DDX3X_HUMAN",-69.1779066112944,-41.0644022343421,-3.08429240996848,35.1354800216879,25.6872733281406,-4.85592729660666,-1.90811761532684,-2.23105167467812,-3.61471644877697,1.88463441714842
"CDK1_HUMAN---DNLI1_HUMAN",-86.2410003458747,11.6845050240276,-21.9992932522766,-18.1477247122843,6.42181836748976,3.66214739709761,-0.295781656793267,0.374237832999424,0.0736278419831722,-0.103732806367916
"CDK1_HUMAN---DNLI3_HUMAN",-86.1465341089664,-25.5483944201873,18.5842193926173,-3.281953742009,-3.52788317469365,-0.797274404359997,-0.287610605941008,-0.358658554480258,-0.279205088750267,0.127989188601014
"CDK1_HUMAN---DNM1L_HUMAN",-86.1465341089664,-25.5483944201873,18.5842193926173,-3.281953742009,-3.52788317469365,-0.797274404359997,-0.287610605941008,-0.358658554480258,-0.279205088750267,0.127989188601014
"CDK1_HUMAN---EF1D_HUMAN",-86.1465341089664,-25.5483944201873,18.5842193926173,-3.281953742009,-3.52788317469365,-0.797274404359997,-0.287610605941008,-0.358658554480258,-0.279205088750267,0.127989188601014
"CDK1_HUMAN---EZH2_HUMAN",-86.2410003458747,11.6845050240276,-21.9992932522766,-18.1477247122843,6.42181836748976,3.66214739709761,-0.295781656793267,0.374237832999424,0.0736278419831722,-0.103732806367916
"CDK1_HUMAN---GUAA_HUMAN",-86.2410003458747,11.6845050240276,-21.9992932522766,-18.1477247122843,6.42181836748976,3.66214739709761,-0.295781656793267,0.374237832999424,0.0736278419831722,-0.103732806367916
"CDK1_HUMAN---KAT7_HUMAN",-86.2410003458747,11.6845050240276,-21.9992932522766,-18.1477247122843,6.42181836748976,3.66214739709761,-0.295781656793267,0.374237832999424,0.0736278419831722,-0.103732806367916
"CDK1_HUMAN---KI67_HUMAN",-86.1465341089664,-25.5483944201873,18.5842193926173,-3.281953742009,-3.52788317469365,-0.797274404359997,-0.287610605941008,-0.358658554480258,-0.279205088750267,0.127989188601014
"CDK1_HUMAN---LAP2A_HUMAN",-86.2410003458747,11.6845050240276,-21.9992932522766,-18.1477247122843,6.42181836748976,3.66214739709761,-0.295781656793267,0.374237832999424,0.0736278419831722,-0.103732806367916
"CDK1_HUMAN---NPM_HUMAN",-69.1779066112944,-41.0644022343421,-3.08429240996848,35.1354800216879,25.6872733281406,-4.85592729660666,-1.90811761532684,-2.23105167467812,-3.61471644877697,1.88463441714842
"CDK1_HUMAN---NSF1C_HUMAN",-86.1465341089664,-25.5483944201873,18.5842193926173,-3.281953742009,-3.52788317469365,-0.797274404359997,-0.287610605941008,-0.358658554480258,-0.279205088750267,0.127989188601014
"CDK1_HUMAN---NUCKS_HUMAN",-69.1779066112944,-41.0644022343421,-3.08429240996848,35.1354800216879,25.6872733281406,-4.85592729660666,-1.90811761532684,-2.23105167467812,-3.61471644877697,1.88463441714842
"CDK1_HUMAN---NUP98_HUMAN",-86.1465341089664,-25.5483944201873,18.5842193926173,-3.281953742009,-3.52788317469365,-0.797274404359997,-0.287610605941008,-0.358658554480258,-0.279205088750267,0.127989188601014
"CDK1_HUMAN---PALLD_HUMAN",-86.2410003458747,11.6845050240276,-21.9992932522766,-18.1477247122843,6.42181836748976,3.66214739709761,-0.295781656793267,0.374237832999424,0.0736278419831722,-0.103732806367916
"CDK1_HUMAN---PDS5B_HUMAN",-23.3452093081679,-54.044968325607,-12.4741804669681,-16.5432211127752,-56.2966715852037,31.0758525802199,13.218312617839,-2.76030413848202,-4.03726629764084,11.1193368134006
"CDK1_HUMAN---PTN2_HUMAN",-86.1465341089664,-25.5483944201873,18.5842193926173,-3.281953742009,-3.52788317469365,-0.797274404359997,-0.287610605941008,-0.358658554480258,-0.279205088750267,0.127989188601014
"CDK1_HUMAN---PUR6_HUMAN",-86.1465341089664,-25.5483944201873,18.5842193926173,-3.281953742009,-3.52788317469365,-0.797274404359997,-0.287610605941008,-0.358658554480258,-0.279205088750267,0.127989188601014
"CDK1_HUMAN---RBP2_HUMAN",-86.1465341089664,-25.5483944201873,18.5842193926173,-3.281953742009,-3.52788317469365,-0.797274404359997,-0.287610605941008,-0.358658554480258,-0.279205088750267,0.127989188601014
"CDK1_HUMAN---RFC1_HUMAN",-86.2410003458747,11.6845050240276,-21.9992932522766,-18.1477247122843,6.42181836748976,3.66214739709761,-0.295781656793267,0.374237832999424,0.0736278419831722,-0.103732806367916
"CDK1_HUMAN---SRRM2_HUMAN",-83.0367044098589,-28.6312102901211,14.289458635051,4.33606812714753,2.66963467762275,-1.67116943496836,-0.726076452204773,-1.07984116484557,-1.62970034419092,1.2646760513232
"CDK1_HUMAN---STMN1_HUMAN",-86.1465341089664,-25.5483944201873,18.5842193926173,-3.281953742009,-3.52788317469365,-0.797274404359997,-0.287610605941008,-0.358658554480258,-0.279205088750267,0.127989188601014
"CDK1_HUMAN---TCOF_HUMAN",-86.1465341089664,-25.5483944201873,18.5842193926173,-3.281953742009,-3.52788317469365,-0.797274404359997,-0.287610605941008,-0.358658554480258,-0.279205088750267,0.127989188601014
"CDK1_HUMAN---TFPT_HUMAN",-86.2410003458747,11.6845050240276,-21.9992932522766,-18.1477247122843,6.42181836748976,3.66214739709761,-0.295781656793267,0.374237832999424,0.0736278419831722,-0.103732806367916
"CDK5_HUMAN---P53_HUMAN",-86.1465341089664,-25.5483944201873,18.5842193926173,-3.281953742009,-3.52788317469365,-0.797274404359997,-0.287610605941008,-0.358658554480258,-0.279205088750267,0.127989188601014
"CDKL5_HUMAN---FYN_HUMAN",-86.2410003458747,11.6845050240276,-21.9992932522766,-18.1477247122843,6.42181836748976,3.66214739709761,-0.295781656793267,0.374237832999424,0.0736278419831722,-0.103732806367916
"CEBPZ_HUMAN---PEBB_HUMAN",-86.1465341089664,-25.5483944201873,18.5842193926173,-3.281953742009,-3.52788317469365,-0.797274404359997,-0.287610605941008,-0.358658554480258,-0.279205088750267,0.127989188601014
"CFDP1_HUMAN---SMAD3_HUMAN",-86.1465341089664,-25.5483944201873,18.5842193926173,-3.281953742009,-3.52788317469365,-0.797274404359997,-0.287610605941008,-0.358658554480258,-0.279205088750267,0.127989188601014
"CFTR_HUMAN---NHRF1_HUMAN",-86.1465341089664,-25.5483944201873,18.5842193926173,-3.281953742009,-3.52788317469365,-0.797274404359997,-0.287610605941008,-0.358658554480258,-0.279205088750267,0.127989188601014
"B2L13_HUMAN---CH60_HUMAN",-86.2410003458747,11.6845050240276,-21.9992932522766,-18.1477247122843,6.42181836748976,3.66214739709761,-0.295781656793267,0.374237832999424,0.0736278419831722,-0.103732806367916
"CH10_HUMAN---CH60_HUMAN",-86.2410003458747,11.6845050240276,-21.9992932522766,-18.1477247122843,6.42181836748976,3.66214739709761,-0.295781656793267,0.374237832999424,0.0736278419831722,-0.103732806367916
"CHD3_HUMAN---PAIRB_HUMAN",-86.1465341089664,-25.5483944201873,18.5842193926173,-3.281953742009,-3.52788317469365,-0.797274404359997,-0.287610605941008,-0.358658554480258,-0.279205088750267,0.127989188601014
"CHD3_HUMAN---TIF1B_HUMAN",-86.2410003458747,11.6845050240276,-21.9992932522766,-18.1477247122843,6.42181836748976,3.66214739709761,-0.295781656793267,0.374237832999424,0.0736278419831722,-0.103732806367916
"CHIP_HUMAN---HS90A_HUMAN",-86.1465341089664,-25.5483944201873,18.5842193926173,-3.281953742009,-3.52788317469365,-0.797274404359997,-0.287610605941008,-0.358658554480258,-0.279205088750267,0.127989188601014
"CHIP_HUMAN---P53_HUMAN",-86.1465341089664,-25.5483944201873,18.5842193926173,-3.281953742009,-3.52788317469365,-0.797274404359997,-0.287610605941008,-0.358658554480258,-0.279205088750267,0.127989188601014
"1433G_HUMAN---CLAP1_HUMAN",-86.1465341089664,-25.5483944201873,18.5842193926173,-3.281953742009,-3.52788317469365,-0.797274404359997,-0.287610605941008,-0.358658554480258,-0.279205088750267,0.127989188601014
"CLSPN_HUMAN---HERC2_HUMAN",-86.2410003458747,11.6845050240276,-21.9992932522766,-18.1477247122843,6.42181836748976,3.66214739709761,-0.295781656793267,0.374237832999424,0.0736278419831722,-0.103732806367916
"ARHG5_HUMAN---CRKL_HUMAN",-69.1779066112944,-41.0644022343421,-3.08429240996848,35.1354800216879,25.6872733281406,-4.85592729660666,-1.90811761532684,-2.23105167467812,-3.61471644877697,1.88463441714842
"BCAR1_HUMAN---CRKL_HUMAN",-69.1779066112944,-41.0644022343421,-3.08429240996848,35.1354800216879,25.6872733281406,-4.85592729660666,-1.90811761532684,-2.23105167467812,-3.61471644877697,1.88463441714842
"ABCF1_HUMAN---CSK21_HUMAN",-86.1465341089664,-25.5483944201873,18.5842193926173,-3.281953742009,-3.52788317469365,-0.797274404359997,-0.287610605941008,-0.358658554480258,-0.279205088750267,0.127989188601014
"CALM_HUMAN---CSK21_HUMAN",-86.2410003458747,11.6845050240276,-21.9992932522766,-18.1477247122843,6.42181836748976,3.66214739709761,-0.295781656793267,0.374237832999424,0.0736278419831722,-0.103732806367916
"CPSF7_HUMAN---CSK21_HUMAN",-86.2410003458747,11.6845050240276,-21.9992932522766,-18.1477247122843,6.42181836748976,3.66214739709761,-0.295781656793267,0.374237832999424,0.0736278419831722,-0.103732806367916
"CSK21_HUMAN---RPRD2_HUMAN",-86.1465341089664,-25.5483944201873,18.5842193926173,-3.281953742009,-3.52788317469365,-0.797274404359997,-0.287610605941008,-0.358658554480258,-0.279205088750267,0.127989188601014
"CSK21_HUMAN---VAMP4_HUMAN",-86.1465341089664,-25.5483944201873,18.5842193926173,-3.281953742009,-3.52788317469365,-0.797274404359997,-0.287610605941008,-0.358658554480258,-0.279205088750267,0.127989188601014
"CSN6_HUMAN---MA7D1_HUMAN",-86.2410003458747,11.6845050240276,-21.9992932522766,-18.1477247122843,6.42181836748976,3.66214739709761,-0.295781656793267,0.374237832999424,0.0736278419831722,-0.103732806367916
"CSN6_HUMAN---VPRBP_HUMAN",-86.2410003458747,11.6845050240276,-21.9992932522766,-18.1477247122843,6.42181836748976,3.66214739709761,-0.295781656793267,0.374237832999424,0.0736278419831722,-0.103732806367916
"AP3D1_HUMAN---CTNB1_HUMAN",-86.1465341089664,-25.5483944201873,18.5842193926173,-3.281953742009,-3.52788317469365,-0.797274404359997,-0.287610605941008,-0.358658554480258,-0.279205088750267,0.127989188601014
"APC_HUMAN---CTNB1_HUMAN",-86.1465341089664,-25.5483944201873,18.5842193926173,-3.281953742009,-3.52788317469365,-0.797274404359997,-0.287610605941008,-0.358658554480258,-0.279205088750267,0.127989188601014
"CTNB1_HUMAN---LAP2_HUMAN",-86.1465341089664,-25.5483944201873,18.5842193926173,-3.281953742009,-3.52788317469365,-0.797274404359997,-0.287610605941008,-0.358658554480258,-0.279205088750267,0.127989188601014
"CTND1_HUMAN---FYN_HUMAN",-86.1465341089664,-25.5483944201873,18.5842193926173,-3.281953742009,-3.52788317469365,-0.797274404359997,-0.287610605941008,-0.358658554480258,-0.279205088750267,0.127989188601014
"CUL4B_HUMAN---HS90A_HUMAN",-86.2410003458747,11.6845050240276,-21.9992932522766,-18.1477247122843,6.42181836748976,3.66214739709761,-0.295781656793267,0.374237832999424,0.0736278419831722,-0.103732806367916
"CUL4B_HUMAN---VPRBP_HUMAN",-86.2410003458747,11.6845050240276,-21.9992932522766,-18.1477247122843,6.42181836748976,3.66214739709761,-0.295781656793267,0.374237832999424,0.0736278419831722,-0.103732806367916
"DDA1_HUMAN---VPRBP_HUMAN",-86.2410003458747,11.6845050240276,-21.9992932522766,-18.1477247122843,6.42181836748976,3.66214739709761,-0.295781656793267,0.374237832999424,0.0736278419831722,-0.103732806367916
"DDX21_HUMAN---JUN_HUMAN",-78.7955709426457,-31.9370596792103,9.28190140450131,12.7003646945188,8.39266227732194,-2.34104533257578,-0.811457937316472,-0.506922479521516,-0.570979849013679,-0.508457367690963
"DDX24_HUMAN---HS90B_HUMAN",-86.2410003458747,11.6845050240276,-21.9992932522766,-18.1477247122843,6.42181836748976,3.66214739709761,-0.295781656793267,0.374237832999424,0.0736278419831722,-0.103732806367916
"DDX24_HUMAN---SPTN1_HUMAN",-86.2410003458747,11.6845050240276,-21.9992932522766,-18.1477247122843,6.42181836748976,3.66214739709761,-0.295781656793267,0.374237832999424,0.0736278419831722,-0.103732806367916
"DDX3X_HUMAN---EIF3B_HUMAN",-86.1465341089664,-25.5483944201873,18.5842193926173,-3.281953742009,-3.52788317469365,-0.797274404359997,-0.287610605941008,-0.358658554480258,-0.279205088750267,0.127989188601014
"DDX3X_HUMAN---IF4G1_HUMAN",-86.1465341089664,-25.5483944201873,18.5842193926173,-3.281953742009,-3.52788317469365,-0.797274404359997,-0.287610605941008,-0.358658554480258,-0.279205088750267,0.127989188601014
"DDX46_HUMAN---SRPK2_HUMAN",-86.1465341089664,-25.5483944201873,18.5842193926173,-3.281953742009,-3.52788317469365,-0.797274404359997,-0.287610605941008,-0.358658554480258,-0.279205088750267,0.127989188601014
"DDX46_HUMAN---SRS11_HUMAN",-86.2410003458747,11.6845050240276,-21.9992932522766,-18.1477247122843,6.42181836748976,3.66214739709761,-0.295781656793267,0.374237832999424,0.0736278419831722,-0.103732806367916
"CEBPZ_HUMAN---DDX55_HUMAN",-86.1465341089664,-25.5483944201873,18.5842193926173,-3.281953742009,-3.52788317469365,-0.797274404359997,-0.287610605941008,-0.358658554480258,-0.279205088750267,0.127989188601014
"DDX55_HUMAN---NOC2L_HUMAN",-86.1465341089664,-25.5483944201873,18.5842193926173,-3.281953742009,-3.52788317469365,-0.797274404359997,-0.287610605941008,-0.358658554480258,-0.279205088750267,0.127989188601014
"DNMT1_HUMAN---SIR1_HUMAN",-86.1465341089664,-25.5483944201873,18.5842193926173,-3.281953742009,-3.52788317469365,-0.797274404359997,-0.287610605941008,-0.358658554480258,-0.279205088750267,0.127989188601014
"DOCK1_HUMAN---FYN_HUMAN",-83.0367044098589,-28.6312102901211,14.2894586350509,4.33606812714761,2.66963467762273,-1.67116943496907,-0.726076452204375,-1.07984116484601,-1.62970034419298,1.2646760513246
"DYR1B_HUMAN---MK01_HUMAN",-86.1465341089664,-25.5483944201873,18.5842193926173,-3.281953742009,-3.52788317469365,-0.797274404359997,-0.287610605941008,-0.358658554480258,-0.279205088750267,0.127989188601014
"DYR1B_HUMAN---SF3B1_HUMAN",-86.1465341089664,-25.5483944201873,18.5842193926173,-3.281953742009,-3.52788317469365,-0.797274404359997,-0.287610605941008,-0.358658554480258,-0.279205088750267,0.127989188601014
"CH10_HUMAN---EF1A1_HUMAN",-86.1465341089664,-25.5483944201873,18.5842193926173,-3.281953742009,-3.52788317469365,-0.797274404359997,-0.287610605941008,-0.358658554480258,-0.279205088750267,0.127989188601014
"EF1A1_HUMAN---PLCG1_HUMAN",-69.1779066112944,-41.0644022343421,-3.08429240996848,35.1354800216879,25.6872733281406,-4.85592729660666,-1.90811761532684,-2.23105167467812,-3.61471644877697,1.88463441714842
"EFNB2_HUMAN---EPHA3_HUMAN",-86.1465341089664,-25.5483944201873,18.5842193926173,-3.281953742009,-3.52788317469365,-0.797274404359997,-0.287610605941008,-0.358658554480258,-0.279205088750267,0.127989188601014
"AKA12_HUMAN---EGFR_HUMAN",-86.1465341089664,-25.5483944201873,18.5842193926173,-3.281953742009,-3.52788317469365,-0.797274404359997,-0.287610605941008,-0.358658554480258,-0.279205088750267,0.127989188601014
"ANS1A_HUMAN---EGFR_HUMAN",-86.1465341089664,-25.5483944201873,18.5842193926173,-3.281953742009,-3.52788317469365,-0.797274404359997,-0.287610605941008,-0.358658554480258,-0.279205088750267,0.127989188601014
"BIG3_HUMAN---EGFR_HUMAN",-86.2410003458747,11.6845050240276,-21.9992932522766,-18.1477247122843,6.42181836748976,3.66214739709761,-0.295781656793267,0.374237832999424,0.0736278419831722,-0.103732806367916
"CBLB_HUMAN---EGFR_HUMAN",-69.1779066112944,-41.0644022343421,-3.08429240996848,35.1354800216879,25.6872733281406,-4.85592729660666,-1.90811761532684,-2.23105167467812,-3.61471644877697,1.88463441714842
"EGFR_HUMAN---EPN1_HUMAN",-86.1465341089664,-25.5483944201873,18.5842193926173,-3.281953742009,-3.52788317469365,-0.797274404359997,-0.287610605941008,-0.358658554480258,-0.279205088750267,0.127989188601014
"EGFR_HUMAN---FAK1_HUMAN",-69.1779066112944,-41.0644022343421,-3.08429240996848,35.1354800216879,25.6872733281406,-4.85592729660666,-1.90811761532684,-2.23105167467812,-3.61471644877697,1.88463441714842
"EGFR_HUMAN---HGS_HUMAN",-69.1779066112944,-41.0644022343421,-3.08429240996848,35.1354800216879,25.6872733281406,-4.85592729660666,-1.90811761532684,-2.23105167467812,-3.61471644877697,1.88463441714842
"EGFR_HUMAN---HS90A_HUMAN",-86.1465341089664,-25.5483944201873,18.5842193926173,-3.281953742009,-3.52788317469365,-0.797274404359997,-0.287610605941008,-0.358658554480258,-0.279205088750267,0.127989188601014
"EGFR_HUMAN---TELO2_HUMAN",-69.1779066112944,-41.0644022343421,-3.08429240996848,35.1354800216879,25.6872733281406,-4.85592729660666,-1.90811761532684,-2.23105167467812,-3.61471644877697,1.88463441714842
"EGFR_HUMAN---TM1L1_HUMAN",-86.1465341089664,-25.5483944201873,18.5842193926173,-3.281953742009,-3.52788317469365,-0.797274404359997,-0.287610605941008,-0.358658554480258,-0.279205088750267,0.127989188601014
"EGFR_HUMAN---UBP8_HUMAN",-86.2410003458747,11.6845050240276,-21.9992932522766,-18.1477247122843,6.42181836748976,3.66214739709761,-0.295781656793267,0.374237832999424,0.0736278419831722,-0.103732806367916
"EGFR_HUMAN---EGF_HUMAN",-69.1779066112944,-41.0644022343421,-3.08429240996848,35.1354800216879,25.6872733281406,-4.85592729660666,-1.90811761532684,-2.23105167467812,-3.61471644877697,1.88463441714842
"EGLN1_HUMAN---HIF1A_HUMAN",-86.1465341089664,-25.5483944201873,18.5842193926173,-3.281953742009,-3.52788317469365,-0.797274404359997,-0.287610605941008,-0.358658554480258,-0.279205088750267,0.127989188601014
"EIF3B_HUMAN---EIF3G_HUMAN",-86.2410003458747,11.6845050240276,-21.9992932522766,-18.1477247122843,6.42181836748976,3.66214739709761,-0.295781656793267,0.374237832999424,0.0736278419831722,-0.103732806367916
"EGFR_HUMAN---ENPL_HUMAN",-86.1465341089664,-25.5483944201873,18.5842193926173,-3.281953742009,-3.52788317469365,-0.797274404359997,-0.287610605941008,-0.358658554480258,-0.279205088750267,0.127989188601014
"EP15R_HUMAN---EPN1_HUMAN",-86.2410003458747,11.6845050240276,-21.9992932522766,-18.1477247122843,6.42181836748976,3.66214739709761,-0.295781656793267,0.374237832999424,0.0736278419831722,-0.103732806367916
"AFAD_HUMAN---EPHA7_HUMAN",-69.1779066112944,-41.0644022343421,-3.08429240996848,35.1354800216879,25.6872733281406,-4.85592729660666,-1.90811761532684,-2.23105167467812,-3.61471644877697,1.88463441714842
"EPHA2_HUMAN---EPHA7_HUMAN",-86.1465341089664,-25.5483944201873,18.5842193926173,-3.281953742009,-3.52788317469365,-0.797274404359997,-0.287610605941008,-0.358658554480258,-0.279205088750267,0.127989188601014
"EPHA3_HUMAN---EPHA7_HUMAN",-69.1779066112944,-41.0644022343421,-3.08429240996848,35.1354800216879,25.6872733281406,-4.85592729660666,-1.90811761532684,-2.23105167467812,-3.61471644877697,1.88463441714842
"EPN1_HUMAN---EPS15_HUMAN",-86.1465341089664,-25.5483944201873,18.5842193926173,-3.281953742009,-3.52788317469365,-0.797274404359997,-0.287610605941008,-0.358658554480258,-0.279205088750267,0.127989188601014
"F208A_HUMAN---TM1L1_HUMAN",-86.1465341089664,-25.5483944201873,18.5842193926173,-3.281953742009,-3.52788317469365,-0.797274404359997,-0.287610605941008,-0.358658554480258,-0.279205088750267,0.127989188601014
"FA21A_HUMAN---ROCK1_HUMAN",-86.2410003458747,11.6845050240276,-21.9992932522766,-18.1477247122843,6.42181836748976,3.66214739709761,-0.295781656793267,0.374237832999424,0.0736278419831722,-0.103732806367916
"FA53C_HUMAN---WNK1_HUMAN",-86.1465341089664,-25.5483944201873,18.5842193926173,-3.281953742009,-3.52788317469365,-0.797274404359997,-0.287610605941008,-0.358658554480258,-0.279205088750267,0.127989188601014
"FACD2_HUMAN---MRE11_HUMAN",-86.1465341089664,-25.5483944201873,18.5842193926173,-3.281953742009,-3.52788317469365,-0.797274404359997,-0.287610605941008,-0.358658554480258,-0.279205088750267,0.127989188601014
"FACD2_HUMAN---WDR48_HUMAN",-86.1465341089664,-25.5483944201873,18.5842193926173,-3.281953742009,-3.52788317469365,-0.797274404359997,-0.287610605941008,-0.358658554480258,-0.279205088750267,0.127989188601014
"FAK1_HUMAN---FGR_HUMAN",-86.1465341089664,-25.5483944201873,18.5842193926173,-3.281953742009,-3.52788317469365,-0.797274404359997,-0.287610605941008,-0.358658554480258,-0.279205088750267,0.127989188601014
"FAK1_HUMAN---PAXI_HUMAN",-69.1779066112944,-41.0644022343421,-3.08429240996848,35.1354800216879,25.6872733281406,-4.85592729660666,-1.90811761532684,-2.23105167467812,-3.61471644877697,1.88463441714842
"FAK1_HUMAN---ROCK1_HUMAN",-86.1465341089664,-25.5483944201873,18.5842193926173,-3.281953742009,-3.52788317469365,-0.797274404359997,-0.287610605941008,-0.358658554480258,-0.279205088750267,0.127989188601014
"CUL1_HUMAN---FBX4_HUMAN",-86.2410003458747,11.6845050240276,-21.9992932522766,-18.1477247122843,6.42181836748976,3.66214739709761,-0.295781656793267,0.374237832999424,0.0736278419831722,-0.103732806367916
"FBX4_HUMAN---P53_HUMAN",-86.2410003458747,11.6845050240276,-21.9992932522766,-18.1477247122843,6.42181836748976,3.66214739709761,-0.295781656793267,0.374237832999424,0.0736278419831722,-0.103732806367916
"FKB15_HUMAN---SP1_HUMAN",-86.2410003458747,11.6845050240276,-21.9992932522766,-18.1477247122843,6.42181836748976,3.66214739709761,-0.295781656793267,0.374237832999424,0.0736278419831722,-0.103732806367916
"FNBP4_HUMAN---KHDR1_HUMAN",-86.1465341089664,-25.5483944201873,18.5842193926173,-3.281953742009,-3.52788317469365,-0.797274404359997,-0.287610605941008,-0.358658554480258,-0.279205088750267,0.127989188601014
"FRIH_HUMAN---IMA1_HUMAN",-86.2410003458747,11.6845050240276,-21.9992932522766,-18.1477247122843,6.42181836748976,3.66214739709761,-0.295781656793267,0.374237832999424,0.0736278419831722,-0.103732806367916
"FRIH_HUMAN---OPTN_HUMAN",-86.1465341089664,-25.5483944201873,18.5842193926173,-3.281953742009,-3.52788317469365,-0.797274404359997,-0.287610605941008,-0.358658554480258,-0.279205088750267,0.127989188601014
"CPSF5_HUMAN---FUND2_HUMAN",-86.1465341089664,-25.5483944201873,18.5842193926173,-3.281953742009,-3.52788317469365,-0.797274404359997,-0.287610605941008,-0.358658554480258,-0.279205088750267,0.127989188601014
"A4_HUMAN---FYN_HUMAN",-86.1465341089664,-25.5483944201873,18.5842193926173,-3.281953742009,-3.52788317469365,-0.797274404359997,-0.287610605941008,-0.358658554480258,-0.279205088750267,0.127989188601014
"ATX2L_HUMAN---G3BP1_HUMAN",-86.1465341089664,-25.5483944201873,18.5842193926173,-3.281953742009,-3.52788317469365,-0.797274404359997,-0.287610605941008,-0.358658554480258,-0.279205088750267,0.127989188601014
"EDC4_HUMAN---G3BP1_HUMAN",-86.2410003458747,11.6845050240276,-21.9992932522766,-18.1477247122843,6.42181836748976,3.66214739709761,-0.295781656793267,0.374237832999424,0.0736278419831722,-0.103732806367916
"G3BP1_HUMAN---LCK_HUMAN",-86.1465341089664,-25.5483944201873,18.5842193926173,-3.281953742009,-3.52788317469365,-0.797274404359997,-0.287610605941008,-0.358658554480258,-0.279205088750267,0.127989188601014
"G3BP1_HUMAN---RL14_HUMAN",-86.1465341089664,-25.5483944201873,18.5842193926173,-3.281953742009,-3.52788317469365,-0.797274404359997,-0.287610605941008,-0.358658554480258,-0.279205088750267,0.127989188601014
"G3BP1_HUMAN---UBP10_HUMAN",-86.1465341089664,-25.5483944201873,18.5842193926173,-3.281953742009,-3.52788317469365,-0.797274404359997,-0.287610605941008,-0.358658554480258,-0.279205088750267,0.127989188601014
"GAB1_HUMAN---PTN11_HUMAN",-69.1779066112944,-41.0644022343421,-3.08429240996848,35.1354800216879,25.6872733281406,-4.85592729660666,-1.90811761532684,-2.23105167467812,-3.61471644877697,1.88463441714842
"GGA3_HUMAN---HGS_HUMAN",-86.1465341089664,-25.5483944201873,18.5842193926173,-3.281953742009,-3.52788317469365,-0.797274404359997,-0.287610605941008,-0.358658554480258,-0.279205088750267,0.127989188601014
"ARHG7_HUMAN---GIT1_HUMAN",-86.1465341089664,-25.5483944201873,18.5842193926173,-3.281953742009,-3.52788317469365,-0.797274404359997,-0.287610605941008,-0.358658554480258,-0.279205088750267,0.127989188601014
"GPN1_HUMAN---TCOF_HUMAN",-65.7523660977115,-36.5744120842015,6.79684793755343,-3.15348311117247,-21.1233793522443,14.976710365903,13.2958567517606,20.5711272569395,26.2521114663554,-15.6856358471154
"CBL_HUMAN---GRB2_HUMAN",-69.1779066112944,-41.0644022343421,-3.08429240996848,35.1354800216879,25.6872733281406,-4.85592729660666,-1.90811761532684,-2.23105167467812,-3.61471644877697,1.88463441714842
"DAB2_HUMAN---GRB2_HUMAN",-86.2410003458747,11.6845050240276,-21.9992932522766,-18.1477247122843,6.42181836748976,3.66214739709761,-0.295781656793267,0.374237832999424,0.0736278419831722,-0.103732806367916
"DOCK4_HUMAN---GRB2_HUMAN",-86.1465341089664,-25.5483944201873,18.5842193926173,-3.281953742009,-3.52788317469365,-0.797274404359997,-0.287610605941008,-0.358658554480258,-0.279205088750267,0.127989188601014
"GAREM_HUMAN---GRB2_HUMAN",-69.1779066112944,-41.0644022343421,-3.08429240996848,35.1354800216879,25.6872733281406,-4.85592729660666,-1.90811761532684,-2.23105167467812,-3.61471644877697,1.88463441714842
"GIT1_HUMAN---GRB2_HUMAN",-86.1465341089664,-25.5483944201873,18.5842193926173,-3.281953742009,-3.52788317469365,-0.797274404359997,-0.287610605941008,-0.358658554480258,-0.279205088750267,0.127989188601014
"GRB2_HUMAN---IRS4_HUMAN",-69.1779066112944,-41.0644022343421,-3.08429240996848,35.1354800216879,25.6872733281406,-4.85592729660666,-1.90811761532684,-2.23105167467812,-3.61471644877697,1.88463441714842
"GRB2_HUMAN---PTN11_HUMAN",-69.1779066112944,-41.0644022343421,-3.08429240996848,35.1354800216879,25.6872733281406,-4.85592729660666,-1.90811761532684,-2.23105167467812,-3.61471644877697,1.88463441714842
"GRB2_HUMAN---PTN18_HUMAN",-86.1465341089664,-25.5483944201873,18.5842193926173,-3.281953742009,-3.52788317469365,-0.797274404359997,-0.287610605941008,-0.358658554480258,-0.279205088750267,0.127989188601014
"GRB2_HUMAN---PTPRA_HUMAN",-86.2410003458747,11.6845050240276,-21.9992932522766,-18.1477247122843,6.42181836748976,3.66214739709761,-0.295781656793267,0.374237832999424,0.0736278419831722,-0.103732806367916
"GRB2_HUMAN---RBM33_HUMAN",-86.1465341089664,-25.5483944201873,18.5842193926173,-3.281953742009,-3.52788317469365,-0.797274404359997,-0.287610605941008,-0.358658554480258,-0.279205088750267,0.127989188601014
"GRB2_HUMAN---SH24A_HUMAN",-86.2410003458747,11.6845050240276,-21.9992932522766,-18.1477247122843,6.42181836748976,3.66214739709761,-0.295781656793267,0.374237832999424,0.0736278419831722,-0.103732806367916
"GRB2_HUMAN---SHC1_HUMAN",-69.1779066112944,-41.0644022343421,-3.08429240996848,35.1354800216879,25.6872733281406,-4.85592729660666,-1.90811761532684,-2.23105167467812,-3.61471644877697,1.88463441714842
"GRB2_HUMAN---WIPF2_HUMAN",-86.1465341089664,-25.5483944201873,18.5842193926173,-3.281953742009,-3.52788317469365,-0.797274404359997,-0.287610605941008,-0.358658554480258,-0.279205088750267,0.127989188601014
"CTNB1_HUMAN---GSK3A_HUMAN",-86.1465341089664,-25.5483944201873,18.5842193926173,-3.281953742009,-3.52788317469365,-0.797274404359997,-0.287610605941008,-0.358658554480258,-0.279205088750267,0.127989188601014
"H1X_HUMAN---HDGF_HUMAN",-86.2410003458747,11.6845050240276,-21.9992932522766,-18.1477247122843,6.42181836748976,3.66214739709761,-0.295781656793267,0.374237832999424,0.0736278419831722,-0.103732806367916
"H31T_HUMAN---HS90A_HUMAN",-86.2410003458747,11.6845050240276,-21.9992932522766,-18.1477247122843,6.42181836748976,3.66214739709761,-0.295781656793267,0.374237832999424,0.0736278419831722,-0.103732806367916
"CFTR_HUMAN---HACD3_HUMAN",-86.1465341089664,-25.5483944201873,18.5842193926173,-3.281953742009,-3.52788317469365,-0.797274404359997,-0.287610605941008,-0.358658554480258,-0.279205088750267,0.127989188601014
"CHD4_HUMAN---HDAC1_HUMAN",-86.1465341089664,-25.5483944201873,18.5842193926173,-3.281953742009,-3.52788317469365,-0.797274404359997,-0.287610605941008,-0.358658554480258,-0.279205088750267,0.127989188601014
"CTNB1_HUMAN---HDAC1_HUMAN",-86.1465341089664,-25.5483944201873,18.5842193926173,-3.281953742009,-3.52788317469365,-0.797274404359997,-0.287610605941008,-0.358658554480258,-0.279205088750267,0.127989188601014
"DNMT1_HUMAN---HDAC1_HUMAN",-86.1465341089664,-25.5483944201873,18.5842193926173,-3.281953742009,-3.52788317469365,-0.797274404359997,-0.287610605941008,-0.358658554480258,-0.279205088750267,0.127989188601014
"H2AY_HUMAN---HDAC1_HUMAN",-86.1465341089664,-25.5483944201873,18.5842193926173,-3.281953742009,-3.52788317469365,-0.797274404359997,-0.287610605941008,-0.358658554480258,-0.279205088750267,0.127989188601014
"HDAC1_HUMAN---HDAC2_HUMAN",-86.1465341089664,-25.5483944201873,18.5842193926173,-3.281953742009,-3.52788317469365,-0.797274404359997,-0.287610605941008,-0.358658554480258,-0.279205088750267,0.127989188601014
"HDAC1_HUMAN---HDAC9_HUMAN",-86.1465341089664,-25.5483944201873,18.5842193926173,-3.281953742009,-3.52788317469365,-0.797274404359997,-0.287610605941008,-0.358658554480258,-0.279205088750267,0.127989188601014
"HDAC1_HUMAN---NFKB1_HUMAN",-86.2410003458747,11.6845050240276,-21.9992932522766,-18.1477247122843,6.42181836748976,3.66214739709761,-0.295781656793267,0.374237832999424,0.0736278419831722,-0.103732806367916
"HDAC1_HUMAN---P53_HUMAN",-86.1465341089664,-25.5483944201873,18.5842193926173,-3.281953742009,-3.52788317469365,-0.797274404359997,-0.287610605941008,-0.358658554480258,-0.279205088750267,0.127989188601014
"HDAC1_HUMAN---SP1_HUMAN",-86.2410003458747,11.6845050240276,-21.9992932522766,-18.1477247122843,6.42181836748976,3.66214739709761,-0.295781656793267,0.374237832999424,0.0736278419831722,-0.103732806367916
"HDAC1_HUMAN---SUV91_HUMAN",-86.1465341089664,-25.5483944201873,18.5842193926173,-3.281953742009,-3.52788317469365,-0.797274404359997,-0.287610605941008,-0.358658554480258,-0.279205088750267,0.127989188601014
"HDAC2_HUMAN---RCOR1_HUMAN",-86.2410003458747,11.6845050240276,-21.9992932522766,-18.1477247122843,6.42181836748976,3.66214739709761,-0.295781656793267,0.374237832999424,0.0736278419831722,-0.103732806367916
"1433G_HUMAN---HDAC4_HUMAN",-86.2410003458747,11.6845050240276,-21.9992932522766,-18.1477247122843,6.42181836748976,3.66214739709761,-0.295781656793267,0.374237832999424,0.0736278419831722,-0.103732806367916
"HDAC4_HUMAN---MARK2_HUMAN",-86.2410003458747,11.6845050240276,-21.9992932522766,-18.1477247122843,6.42181836748976,3.66214739709761,-0.295781656793267,0.374237832999424,0.0736278419831722,-0.103732806367916
"HDAC4_HUMAN---MK01_HUMAN",-86.2410003458747,11.6845050240276,-21.9992932522766,-18.1477247122843,6.42181836748976,3.66214739709761,-0.295781656793267,0.374237832999424,0.0736278419831722,-0.103732806367916
"DBNL_HUMAN---HERC2_HUMAN",-86.2410003458747,11.6845050240276,-21.9992932522766,-18.1477247122843,6.42181836748976,3.66214739709761,-0.295781656793267,0.374237832999424,0.0736278419831722,-0.103732806367916
"HEXI2_HUMAN---MEPCE_HUMAN",-86.2410003458747,11.6845050240276,-21.9992932522766,-18.1477247122843,6.42181836748976,3.66214739709761,-0.295781656793267,0.374237832999424,0.0736278419831722,-0.103732806367916
"HIF1A_HUMAN---HS90A_HUMAN",-86.1465341089664,-25.5483944201873,18.5842193926173,-3.281953742009,-3.52788317469365,-0.797274404359997,-0.287610605941008,-0.358658554480258,-0.279205088750267,0.127989188601014
"HIPK2_HUMAN---P53_HUMAN",-86.1465341089664,-25.5483944201873,18.5842193926173,-3.281953742009,-3.52788317469365,-0.797274404359997,-0.287610605941008,-0.358658554480258,-0.279205088750267,0.127989188601014
"HIPK3_HUMAN---ZYX_HUMAN",-86.1465341089664,-25.5483944201873,18.5842193926173,-3.281953742009,-3.52788317469365,-0.797274404359997,-0.287610605941008,-0.358658554480258,-0.279205088750267,0.127989188601014
"HNRH1_HUMAN---SRRM2_HUMAN",56.9426052107008,9.71744202238463,-5.3426833302939,-65.6680507015386,1.15068737180315,26.9543431045906,-2.73011843419025,2.59534503519988,3.48884054813122,-1.97186156299517
"HNRL1_HUMAN---SF01_HUMAN",-86.1465341089664,-25.5483944201873,18.5842193926173,-3.281953742009,-3.52788317469365,-0.797274404359997,-0.287610605941008,-0.358658554480258,-0.279205088750267,0.127989188601014
"HNRPK_HUMAN---KHDR1_HUMAN",-86.1465341089664,-25.5483944201873,18.5842193926173,-3.281953742009,-3.52788317469365,-0.797274404359997,-0.287610605941008,-0.358658554480258,-0.279205088750267,0.127989188601014
"HNRPK_HUMAN---RBMX_HUMAN",-86.2410003458747,11.6845050240276,-21.9992932522766,-18.1477247122843,6.42181836748976,3.66214739709761,-0.295781656793267,0.374237832999424,0.0736278419831722,-0.103732806367916
"HNRPU_HUMAN---PLCG1_HUMAN",-86.1465341089664,-25.5483944201873,18.5842193926173,-3.281953742009,-3.52788317469365,-0.797274404359997,-0.287610605941008,-0.358658554480258,-0.279205088750267,0.127989188601014
"HOIL1_HUMAN---RNF31_HUMAN",-86.1465341089664,-25.5483944201873,18.5842193926173,-3.281953742009,-3.52788317469365,-0.797274404359997,-0.287610605941008,-0.358658554480258,-0.279205088750267,0.127989188601014
"HS90A_HUMAN---TEBP_HUMAN",-86.1465341089664,-25.5483944201873,18.5842193926173,-3.281953742009,-3.52788317469365,-0.797274404359997,-0.287610605941008,-0.358658554480258,-0.279205088750267,0.127989188601014
"BBX_HUMAN---HS90B_HUMAN",-86.2410003458747,11.6845050240276,-21.9992932522766,-18.1477247122843,6.42181836748976,3.66214739709761,-0.295781656793267,0.374237832999424,0.0736278419831722,-0.103732806367916
"DYRK4_HUMAN---HS90B_HUMAN",-86.1465341089664,-25.5483944201873,18.5842193926173,-3.281953742009,-3.52788317469365,-0.797274404359997,-0.287610605941008,-0.358658554480258,-0.279205088750267,0.127989188601014
"HS90A_HUMAN---HS90B_HUMAN",-86.1465341089664,-25.5483944201873,18.5842193926173,-3.281953742009,-3.52788317469365,-0.797274404359997,-0.287610605941008,-0.358658554480258,-0.279205088750267,0.127989188601014
"HTSF1_HUMAN---SRSF4_HUMAN",-44.4189322826934,-46.3425753326245,-4.44215478968673,-7.67723365308623,-40.8284811230582,27.4057044091709,19.3249217801097,17.9878652906181,22.0400272664367,-3.93270801159063
"HUWE1_HUMAN---P53_HUMAN",-86.1465341089664,-25.5483944201873,18.5842193926173,-3.281953742009,-3.52788317469365,-0.797274404359997,-0.287610605941008,-0.358658554480258,-0.279205088750267,0.127989188601014
"I2BP2_HUMAN---IRF2_HUMAN",-86.1465341089664,-25.5483944201873,18.5842193926173,-3.281953742009,-3.52788317469365,-0.797274404359997,-0.287610605941008,-0.358658554480258,-0.279205088750267,0.127989188601014
"BAG6_HUMAN---ICK_HUMAN",-86.2410003458747,11.6845050240276,-21.9992932522766,-18.1477247122843,6.42181836748976,3.66214739709761,-0.295781656793267,0.374237832999424,0.0736278419831722,-0.103732806367916
"ICLN_HUMAN---MEP50_HUMAN",-86.1465341089664,-25.5483944201873,18.5842193926173,-3.281953742009,-3.52788317469365,-0.797274404359997,-0.287610605941008,-0.358658554480258,-0.279205088750267,0.127989188601014
"ICLN_HUMAN---PDIA6_HUMAN",-86.1465341089664,-25.5483944201873,18.5842193926173,-3.281953742009,-3.52788317469365,-0.797274404359997,-0.287610605941008,-0.358658554480258,-0.279205088750267,0.127989188601014
"ICLN_HUMAN---PDLI1_HUMAN",-86.1465341089664,-25.5483944201873,18.5842193926173,-3.281953742009,-3.52788317469365,-0.797274404359997,-0.287610605941008,-0.358658554480258,-0.279205088750267,0.127989188601014
"HDGF_HUMAN---IF2P_HUMAN",-86.2410003458747,11.6845050240276,-21.9992932522766,-18.1477247122843,6.42181836748976,3.66214739709761,-0.295781656793267,0.374237832999424,0.0736278419831722,-0.103732806367916
"IF4B_HUMAN---KS6A1_HUMAN",-86.1465341089664,-25.5483944201873,18.5842193926173,-3.281953742009,-3.52788317469365,-0.797274404359997,-0.287610605941008,-0.358658554480258,-0.279205088750267,0.127989188601014
"IF4B_HUMAN---OSBP1_HUMAN",57.0370714476091,-27.5154574218303,35.2408293146,-50.8022797312633,-8.79901417038027,22.494921303133,-2.72194738333799,1.8624486477202,3.13600761739778,-1.74013956802624
"IMA3_HUMAN---P53_HUMAN",-86.1465341089664,-25.5483944201873,18.5842193926173,-3.281953742009,-3.52788317469365,-0.797274404359997,-0.287610605941008,-0.358658554480258,-0.279205088750267,0.127989188601014
"I2BP1_HUMAN---IRF2_HUMAN",-86.1465341089664,-25.5483944201873,18.5842193926173,-3.281953742009,-3.52788317469365,-0.797274404359997,-0.287610605941008,-0.358658554480258,-0.279205088750267,0.127989188601014
"ITSN1_HUMAN---WASL_HUMAN",-86.1465341089664,-25.5483944201873,18.5842193926173,-3.281953742009,-3.52788317469365,-0.797274404359997,-0.287610605941008,-0.358658554480258,-0.279205088750267,0.127989188601014
"ITSN2_HUMAN---MCRS1_HUMAN",-86.1465341089664,-25.5483944201873,18.5842193926173,-3.281953742009,-3.52788317469365,-0.797274404359997,-0.287610605941008,-0.358658554480258,-0.279205088750267,0.127989188601014
"IWS1_HUMAN---WDR48_HUMAN",-86.1465341089664,-25.5483944201873,18.5842193926173,-3.281953742009,-3.52788317469365,-0.797274404359997,-0.287610605941008,-0.358658554480258,-0.279205088750267,0.127989188601014
"BACH2_HUMAN---JUN_HUMAN",-86.2410003458747,11.6845050240276,-21.9992932522766,-18.1477247122843,6.42181836748976,3.66214739709761,-0.295781656793267,0.374237832999424,0.0736278419831722,-0.103732806367916
"HDGF_HUMAN---JUN_HUMAN",-86.1465341089664,-25.5483944201873,18.5842193926173,-3.281953742009,-3.52788317469365,-0.797274404359997,-0.287610605941008,-0.358658554480258,-0.279205088750267,0.127989188601014
"IMA1_HUMAN---JUN_HUMAN",-86.2410003458747,11.6845050240276,-21.9992932522766,-18.1477247122843,6.42181836748976,3.66214739709761,-0.295781656793267,0.374237832999424,0.0736278419831722,-0.103732806367916
"JUN_HUMAN---MK08_HUMAN",-86.1465341089664,-25.5483944201873,18.5842193926173,-3.281953742009,-3.52788317469365,-0.797274404359997,-0.287610605941008,-0.358658554480258,-0.279205088750267,0.127989188601014
"JUN_HUMAN---MK09_HUMAN",-86.1465341089664,-25.5483944201873,18.5842193926173,-3.281953742009,-3.52788317469365,-0.797274404359997,-0.287610605941008,-0.358658554480258,-0.279205088750267,0.127989188601014
"JUN_HUMAN---PRC2A_HUMAN",-86.2410003458747,11.6845050240276,-21.9992932522766,-18.1477247122843,6.42181836748976,3.66214739709761,-0.295781656793267,0.374237832999424,0.0736278419831722,-0.103732806367916
"JUN_HUMAN---RB_HUMAN",-86.1465341089664,-25.5483944201873,18.5842193926173,-3.281953742009,-3.52788317469365,-0.797274404359997,-0.287610605941008,-0.358658554480258,-0.279205088750267,0.127989188601014
"JUN_HUMAN---SMAD3_HUMAN",-86.1465341089664,-25.5483944201873,18.5842193926173,-3.281953742009,-3.52788317469365,-0.797274404359997,-0.287610605941008,-0.358658554480258,-0.279205088750267,0.127989188601014
"JUN_HUMAN---STRN4_HUMAN",-86.1465341089664,-25.5483944201873,18.5842193926173,-3.281953742009,-3.52788317469365,-0.797274404359997,-0.287610605941008,-0.358658554480258,-0.279205088750267,0.127989188601014
"AKA11_HUMAN---KAP2_HUMAN",-86.2410003458747,11.6845050240276,-21.9992932522766,-18.1477247122843,6.42181836748976,3.66214739709761,-0.295781656793267,0.374237832999424,0.0736278419831722,-0.103732806367916
"AKA12_HUMAN---KAP2_HUMAN",-86.1465341089664,-25.5483944201873,18.5842193926173,-3.281953742009,-3.52788317469365,-0.797274404359997,-0.287610605941008,-0.358658554480258,-0.279205088750267,0.127989188601014
"AKAP1_HUMAN---KAP2_HUMAN",-86.1465341089664,-25.5483944201873,18.5842193926173,-3.281953742009,-3.52788317469365,-0.797274404359997,-0.287610605941008,-0.358658554480258,-0.279205088750267,0.127989188601014
"AKAP2_HUMAN---KAP2_HUMAN",-86.1465341089664,-25.5483944201873,18.5842193926173,-3.281953742009,-3.52788317469365,-0.797274404359997,-0.287610605941008,-0.358658554480258,-0.279205088750267,0.127989188601014
"HDAC9_HUMAN---KCC1A_HUMAN",-86.1465341089664,-25.5483944201873,18.5842193926173,-3.281953742009,-3.52788317469365,-0.797274404359997,-0.287610605941008,-0.358658554480258,-0.279205088750267,0.127989188601014
"KHDR1_HUMAN---LCK_HUMAN",-86.1465341089664,-25.5483944201873,18.5842193926173,-3.281953742009,-3.52788317469365,-0.797274404359997,-0.287610605941008,-0.358658554480258,-0.279205088750267,0.127989188601014
"KHDR1_HUMAN---PLCG1_HUMAN",-86.1465341089664,-25.5483944201873,18.5842193926173,-3.281953742009,-3.52788317469365,-0.797274404359997,-0.287610605941008,-0.358658554480258,-0.279205088750267,0.127989188601014
"KI67_HUMAN---KIF15_HUMAN",-86.2410003458747,11.6845050240276,-21.9992932522766,-18.1477247122843,6.42181836748976,3.66214739709761,-0.295781656793267,0.374237832999424,0.0736278419831722,-0.103732806367916
"KIF4A_HUMAN---SUMO2_HUMAN",-86.1465341089664,-25.5483944201873,18.5842193926173,-3.281953742009,-3.52788317469365,-0.797274404359997,-0.287610605941008,-0.358658554480258,-0.279205088750267,0.127989188601014
"IMA1_HUMAN---KLC4_HUMAN",-86.2410003458747,11.6845050240276,-21.9992932522766,-18.1477247122843,6.42181836748976,3.66214739709761,-0.295781656793267,0.374237832999424,0.0736278419831722,-0.103732806367916
"CTNB1_HUMAN---KMT2D_HUMAN",-86.2410003458747,11.6845050240276,-21.9992932522766,-18.1477247122843,6.42181836748976,3.66214739709761,-0.295781656793267,0.374237832999424,0.0736278419831722,-0.103732806367916
"KPRA_HUMAN---MK01_HUMAN",-86.1465341089664,-25.5483944201873,18.5842193926173,-3.281953742009,-3.52788317469365,-0.797274404359997,-0.287610605941008,-0.358658554480258,-0.279205088750267,0.127989188601014
"BAD_HUMAN---KS6A1_HUMAN",-86.2410003458747,11.6845050240276,-21.9992932522766,-18.1477247122843,6.42181836748976,3.66214739709761,-0.295781656793267,0.374237832999424,0.0736278419831722,-0.103732806367916
"KS6A1_HUMAN---MK01_HUMAN",-86.1465341089664,-25.5483944201873,18.5842193926173,-3.281953742009,-3.52788317469365,-0.797274404359997,-0.287610605941008,-0.358658554480258,-0.279205088750267,0.127989188601014
"KS6A1_HUMAN---PDCD4_HUMAN",-86.2410003458747,11.6845050240276,-21.9992932522766,-18.1477247122843,6.42181836748976,3.66214739709761,-0.295781656793267,0.374237832999424,0.0736278419831722,-0.103732806367916
"KS6A1_HUMAN---RANB3_HUMAN",-86.2410003458747,11.6845050240276,-21.9992932522766,-18.1477247122843,6.42181836748976,3.66214739709761,-0.295781656793267,0.374237832999424,0.0736278419831722,-0.103732806367916
"KS6A1_HUMAN---YBOX1_HUMAN",-86.1465341089664,-25.5483944201873,18.5842193926173,-3.281953742009,-3.52788317469365,-0.797274404359997,-0.287610605941008,-0.358658554480258,-0.279205088750267,0.127989188601014
"KS6A1_HUMAN---ZN318_HUMAN",-86.1465341089664,-25.5483944201873,18.5842193926173,-3.281953742009,-3.52788317469365,-0.797274404359997,-0.287610605941008,-0.358658554480258,-0.279205088750267,0.127989188601014
"HS90B_HUMAN---KSR1_HUMAN",-86.2410003458747,11.6845050240276,-21.9992932522766,-18.1477247122843,6.42181836748976,3.66214739709761,-0.295781656793267,0.374237832999424,0.0736278419831722,-0.103732806367916
"LAP2B_HUMAN---RB_HUMAN",-86.1465341089664,-25.5483944201873,18.5842193926173,-3.281953742009,-3.52788317469365,-0.797274404359997,-0.287610605941008,-0.358658554480258,-0.279205088750267,0.127989188601014
"CUL4B_HUMAN---LARP1_HUMAN",-23.4396755450762,-16.8120688813921,-53.057693111862,-31.4089920830505,-46.3469700430202,35.5352743816775,13.2101415669867,-2.02740775100234,-3.6844333669074,10.8876148184317
"LAS1L_HUMAN---PELP1_HUMAN",-86.2410003458747,11.6845050240276,-21.9992932522766,-18.1477247122843,6.42181836748976,3.66214739709761,-0.295781656793267,0.374237832999424,0.0736278419831722,-0.103732806367916
"CCD50_HUMAN---LCK_HUMAN",-86.1465341089664,-25.5483944201873,18.5842193926173,-3.281953742009,-3.52788317469365,-0.797274404359997,-0.287610605941008,-0.358658554480258,-0.279205088750267,0.127989188601014
"LHX4_HUMAN---RFC1_HUMAN",-86.2410003458747,11.6845050240276,-21.9992932522766,-18.1477247122843,6.42181836748976,3.66214739709761,-0.295781656793267,0.374237832999424,0.0736278419831722,-0.103732806367916
"LHX4_HUMAN---RRP36_HUMAN",-86.2410003458747,11.6845050240276,-21.9992932522766,-18.1477247122843,6.42181836748976,3.66214739709761,-0.295781656793267,0.374237832999424,0.0736278419831722,-0.103732806367916
"LMNB2_HUMAN---SVIL_HUMAN",-86.2410003458747,11.6845050240276,-21.9992932522766,-18.1477247122843,6.42181836748976,3.66214739709761,-0.295781656793267,0.374237832999424,0.0736278419831722,-0.103732806367916
"AURKB_HUMAN---LMO7_HUMAN",-86.2410003458747,11.6845050240276,-21.9992932522766,-18.1477247122843,6.42181836748976,3.66214739709761,-0.295781656793267,0.374237832999424,0.0736278419831722,-0.103732806367916
"LRC47_HUMAN---PSA1_HUMAN",56.9426052107008,9.71744202238463,-5.3426833302939,-65.6680507015386,1.15068737180315,26.9543431045906,-2.73011843419025,2.59534503519988,3.48884054813122,-1.97186156299517
"1433G_HUMAN---LSR_HUMAN",-86.2410003458747,11.6845050240276,-21.9992932522766,-18.1477247122843,6.42181836748976,3.66214739709761,-0.295781656793267,0.374237832999424,0.0736278419831722,-0.103732806367916
"CRKL_HUMAN---M4K5_HUMAN",-69.1779066112944,-41.0644022343421,-3.08429240996848,35.1354800216879,25.6872733281406,-4.85592729660666,-1.90811761532684,-2.23105167467812,-3.61471644877697,1.88463441714842
"MA7D3_HUMAN---TRM7_HUMAN",-86.2410003458747,11.6845050240276,-21.9992932522766,-18.1477247122843,6.42181836748976,3.66214739709761,-0.295781656793267,0.374237832999424,0.0736278419831722,-0.103732806367916
"EF1A1_HUMAN---MAGD2_HUMAN",-86.2410003458747,11.6845050240276,-21.9992932522766,-18.1477247122843,6.42181836748976,3.66214739709761,-0.295781656793267,0.374237832999424,0.0736278419831722,-0.103732806367916
"MAGG1_HUMAN---TIF1B_HUMAN",-86.2410003458747,11.6845050240276,-21.9992932522766,-18.1477247122843,6.42181836748976,3.66214739709761,-0.295781656793267,0.374237832999424,0.0736278419831722,-0.103732806367916
"EF1D_HUMAN---MAP1B_HUMAN",-86.1465341089664,-25.5483944201873,18.5842193926173,-3.281953742009,-3.52788317469365,-0.797274404359997,-0.287610605941008,-0.358658554480258,-0.279205088750267,0.127989188601014
"MARCS_HUMAN---ROCK1_HUMAN",-86.2410003458747,11.6845050240276,-21.9992932522766,-18.1477247122843,6.42181836748976,3.66214739709761,-0.295781656793267,0.374237832999424,0.0736278419831722,-0.103732806367916
"MARK2_HUMAN---PARD3_HUMAN",-86.1465341089664,-25.5483944201873,18.5842193926173,-3.281953742009,-3.52788317469365,-0.797274404359997,-0.287610605941008,-0.358658554480258,-0.279205088750267,0.127989188601014
"MBB1A_HUMAN---NOP2_HUMAN",-86.1465341089664,-25.5483944201873,18.5842193926173,-3.281953742009,-3.52788317469365,-0.797274404359997,-0.287610605941008,-0.358658554480258,-0.279205088750267,0.127989188601014
"MBB1A_HUMAN---P53_HUMAN",-86.1465341089664,-25.5483944201873,18.5842193926173,-3.281953742009,-3.52788317469365,-0.797274404359997,-0.287610605941008,-0.358658554480258,-0.279205088750267,0.127989188601014
"CDC7_HUMAN---MCM2_HUMAN",-86.2410003458747,11.6845050240276,-21.9992932522766,-18.1477247122843,6.42181836748976,3.66214739709761,-0.295781656793267,0.374237832999424,0.0736278419831722,-0.103732806367916
"KAT7_HUMAN---MCM2_HUMAN",-86.2410003458747,11.6845050240276,-21.9992932522766,-18.1477247122843,6.42181836748976,3.66214739709761,-0.295781656793267,0.374237832999424,0.0736278419831722,-0.103732806367916
"MCM2_HUMAN---SSRP1_HUMAN",-86.2410003458747,11.6845050240276,-21.9992932522766,-18.1477247122843,6.42181836748976,3.66214739709761,-0.295781656793267,0.374237832999424,0.0736278419831722,-0.103732806367916
"DEP1B_HUMAN---MDC1_HUMAN",-86.1465341089664,-25.5483944201873,18.5842193926173,-3.281953742009,-3.52788317469365,-0.797274404359997,-0.287610605941008,-0.358658554480258,-0.279205088750267,0.127989188601014
"MDC1_HUMAN---RAD50_HUMAN",-86.1465341089664,-25.5483944201873,18.5842193926173,-3.281953742009,-3.52788317469365,-0.797274404359997,-0.287610605941008,-0.358658554480258,-0.279205088750267,0.127989188601014
"MDC1_HUMAN---TP53B_HUMAN",-86.1465341089664,-25.5483944201873,18.5842193926173,-3.281953742009,-3.52788317469365,-0.797274404359997,-0.287610605941008,-0.358658554480258,-0.279205088750267,0.127989188601014
"MDM2_HUMAN---P53_HUMAN",-86.2410003458747,11.6845050240276,-21.9992932522766,-18.1477247122843,6.42181836748976,3.66214739709761,-0.295781656793267,0.374237832999424,0.0736278419831722,-0.103732806367916
"MDN1_HUMAN---TRM7_HUMAN",-78.0863878087972,8.54929894303076,-24.9901906960939,-20.7196085450498,3.30193878694291,3.04164972340407,-3.08490646324144,2.25983176941106,8.17914383447999,-24.6235575288603
"MED12_HUMAN---MED13_HUMAN",-86.2410003458747,11.6845050240276,-21.9992932522766,-18.1477247122843,6.42181836748976,3.66214739709761,-0.295781656793267,0.374237832999424,0.0736278419831722,-0.103732806367916
"MED13_HUMAN---MED1_HUMAN",-86.2410003458747,11.6845050240276,-21.9992932522766,-18.1477247122843,6.42181836748976,3.66214739709761,-0.295781656793267,0.374237832999424,0.0736278419831722,-0.103732806367916
"MED1_HUMAN---MK01_HUMAN",-86.1465341089664,-25.5483944201873,18.5842193926173,-3.281953742009,-3.52788317469365,-0.797274404359997,-0.287610605941008,-0.358658554480258,-0.279205088750267,0.127989188601014
"MEP50_HUMAN---SF01_HUMAN",-86.1465341089664,-25.5483944201873,18.5842193926173,-3.281953742009,-3.52788317469365,-0.797274404359997,-0.287610605941008,-0.358658554480258,-0.279205088750267,0.127989188601014
"ABI2_HUMAN---MIPT3_HUMAN",-86.1465341089664,-25.5483944201873,18.5842193926173,-3.281953742009,-3.52788317469365,-0.797274404359997,-0.287610605941008,-0.358658554480258,-0.279205088750267,0.127989188601014
"ACTB_HUMAN---MIPT3_HUMAN",-86.1465341089664,-25.5483944201873,18.5842193926173,-3.281953742009,-3.52788317469365,-0.797274404359997,-0.287610605941008,-0.358658554480258,-0.279205088750267,0.127989188601014
"AT1A1_HUMAN---MK01_HUMAN",-86.1465341089664,-25.5483944201873,18.5842193926173,-3.281953742009,-3.52788317469365,-0.797274404359997,-0.287610605941008,-0.358658554480258,-0.279205088750267,0.127989188601014
"ICK_HUMAN---MK01_HUMAN",-86.1465341089664,-25.5483944201873,18.5842193926173,-3.281953742009,-3.52788317469365,-0.797274404359997,-0.287610605941008,-0.358658554480258,-0.279205088750267,0.127989188601014
"MK01_HUMAN---P53_HUMAN",-86.1465341089664,-25.5483944201873,18.5842193926173,-3.281953742009,-3.52788317469365,-0.797274404359997,-0.287610605941008,-0.358658554480258,-0.279205088750267,0.127989188601014
"ABI1_HUMAN---MK03_HUMAN",-69.1779066112944,-41.0644022343421,-3.08429240996848,35.1354800216879,25.6872733281406,-4.85592729660666,-1.90811761532684,-2.23105167467812,-3.61471644877697,1.88463441714842
"CALX_HUMAN---MK03_HUMAN",-86.1465341089664,-25.5483944201873,18.5842193926173,-3.281953742009,-3.52788317469365,-0.797274404359997,-0.287610605941008,-0.358658554480258,-0.279205088750267,0.127989188601014
"MK03_HUMAN---MKL1_HUMAN",-86.1465341089664,-25.5483944201873,18.5842193926173,-3.281953742009,-3.52788317469365,-0.797274404359997,-0.287610605941008,-0.358658554480258,-0.279205088750267,0.127989188601014
"MK03_HUMAN---NUP50_HUMAN",-69.1779066112944,-41.0644022343421,-3.08429240996848,35.1354800216879,25.6872733281406,-4.85592729660666,-1.90811761532684,-2.23105167467812,-3.61471644877697,1.88463441714842
"MK03_HUMAN---SMAD2_HUMAN",-86.2410003458747,11.6845050240276,-21.9992932522766,-18.1477247122843,6.42181836748976,3.66214739709761,-0.295781656793267,0.374237832999424,0.0736278419831722,-0.103732806367916
"1433Z_HUMAN---MK08_HUMAN",-86.1465341089664,-25.5483944201873,18.5842193926173,-3.281953742009,-3.52788317469365,-0.797274404359997,-0.287610605941008,-0.358658554480258,-0.279205088750267,0.127989188601014
"MK09_HUMAN---MP2K7_HUMAN",-86.2410003458747,11.6845050240276,-21.9992932522766,-18.1477247122843,6.42181836748976,3.66214739709761,-0.295781656793267,0.374237832999424,0.0736278419831722,-0.103732806367916
"MK09_HUMAN---STAT3_HUMAN",-86.1465341089664,-25.5483944201873,18.5842193926173,-3.281953742009,-3.52788317469365,-0.797274404359997,-0.287610605941008,-0.358658554480258,-0.279205088750267,0.127989188601014
"FUBP1_HUMAN---MK14_HUMAN",-86.1465341089664,-25.5483944201873,18.5842193926173,-3.281953742009,-3.52788317469365,-0.797274404359997,-0.287610605941008,-0.358658554480258,-0.279205088750267,0.127989188601014
"MK14_HUMAN---P53_HUMAN",-86.1465341089664,-25.5483944201873,18.5842193926173,-3.281953742009,-3.52788317469365,-0.797274404359997,-0.287610605941008,-0.358658554480258,-0.279205088750267,0.127989188601014
"MK14_HUMAN---STK39_HUMAN",57.0370714476091,-27.5154574218303,35.2408293146,-50.8022797312633,-8.79901417038027,22.494921303133,-2.72194738333799,1.8624486477202,3.13600761739778,-1.74013956802624
"MKX_HUMAN---SIN3A_HUMAN",-86.1465341089664,-25.5483944201873,18.5842193926173,-3.281953742009,-3.52788317469365,-0.797274404359997,-0.287610605941008,-0.358658554480258,-0.279205088750267,0.127989188601014
"GGA3_HUMAN---MPRI_HUMAN",-86.1465341089664,-25.5483944201873,18.5842193926173,-3.281953742009,-3.52788317469365,-0.797274404359997,-0.287610605941008,-0.358658554480258,-0.279205088750267,0.127989188601014
"MPZL1_HUMAN---PTN11_HUMAN",-86.1465341089664,-25.5483944201873,18.5842193926173,-3.281953742009,-3.52788317469365,-0.797274404359997,-0.287610605941008,-0.358658554480258,-0.279205088750267,0.127989188601014
"MRE11_HUMAN---RAD50_HUMAN",-86.1465341089664,-25.5483944201873,18.5842193926173,-3.281953742009,-3.52788317469365,-0.797274404359997,-0.287610605941008,-0.358658554480258,-0.279205088750267,0.127989188601014
"41_HUMAN---MYH10_HUMAN",-23.3452093081679,-54.044968325607,-12.4741804669681,-16.5432211127752,-56.2966715852037,31.0758525802199,13.218312617839,-2.76030413848202,-4.03726629764084,11.1193368134006
"DAB2_HUMAN---MYO6_HUMAN",-86.2410003458747,11.6845050240276,-21.9992932522766,-18.1477247122843,6.42181836748976,3.66214739709761,-0.295781656793267,0.374237832999424,0.0736278419831722,-0.103732806367916
"AKA10_HUMAN---NHRF1_HUMAN",56.9426052107008,9.71744202238463,-5.3426833302939,-65.6680507015386,1.15068737180315,26.9543431045906,-2.73011843419025,2.59534503519988,3.48884054813122,-1.97186156299517
"NHRF1_HUMAN---PHAG1_HUMAN",-86.1465341089664,-25.5483944201873,18.5842193926173,-3.281953742009,-3.52788317469365,-0.797274404359997,-0.287610605941008,-0.358658554480258,-0.279205088750267,0.127989188601014
"NHRF1_HUMAN---RHG17_HUMAN",-86.2410003458747,11.6845050240276,-21.9992932522766,-18.1477247122843,6.42181836748976,3.66214739709761,-0.295781656793267,0.374237832999424,0.0736278419831722,-0.103732806367916
"NHRF1_HUMAN---YAP1_HUMAN",-86.1465341089664,-25.5483944201873,18.5842193926173,-3.281953742009,-3.52788317469365,-0.797274404359997,-0.287610605941008,-0.358658554480258,-0.279205088750267,0.127989188601014
"DREB_HUMAN---NIPBL_HUMAN",-86.2410003458747,11.6845050240276,-21.9992932522766,-18.1477247122843,6.42181836748976,3.66214739709761,-0.295781656793267,0.374237832999424,0.0736278419831722,-0.103732806367916
"NKAP_HUMAN---PPIG_HUMAN",-86.1465341089664,-25.5483944201873,18.5842193926173,-3.281953742009,-3.52788317469365,-0.797274404359997,-0.287610605941008,-0.358658554480258,-0.279205088750267,0.127989188601014
"NP1L1_HUMAN---OSBP1_HUMAN",-86.1465341089664,-25.5483944201873,18.5842193926173,-3.281953742009,-3.52788317469365,-0.797274404359997,-0.287610605941008,-0.358658554480258,-0.279205088750267,0.127989188601014
"HJURP_HUMAN---NPM_HUMAN",-86.2410003458747,11.6845050240276,-21.9992932522766,-18.1477247122843,6.42181836748976,3.66214739709761,-0.295781656793267,0.374237832999424,0.0736278419831722,-0.103732806367916
"NPM_HUMAN---P53_HUMAN",-86.1465341089664,-25.5483944201873,18.5842193926173,-3.281953742009,-3.52788317469365,-0.797274404359997,-0.287610605941008,-0.358658554480258,-0.279205088750267,0.127989188601014
"NPM_HUMAN---SENP3_HUMAN",-86.1465341089664,-25.5483944201873,18.5842193926173,-3.281953742009,-3.52788317469365,-0.797274404359997,-0.287610605941008,-0.358658554480258,-0.279205088750267,0.127989188601014
"NSF1C_HUMAN---SRP14_HUMAN",-86.1465341089664,-25.5483944201873,18.5842193926173,-3.281953742009,-3.52788317469365,-0.797274404359997,-0.287610605941008,-0.358658554480258,-0.279205088750267,0.127989188601014
"FUBP1_HUMAN---NSUN2_HUMAN",-86.2410003458747,11.6845050240276,-21.9992932522766,-18.1477247122843,6.42181836748976,3.66214739709761,-0.295781656793267,0.374237832999424,0.0736278419831722,-0.103732806367916
"LA_HUMAN---NUCL_HUMAN",-86.1465341089664,-25.5483944201873,18.5842193926173,-3.281953742009,-3.52788317469365,-0.797274404359997,-0.287610605941008,-0.358658554480258,-0.279205088750267,0.127989188601014
"NPM_HUMAN---NUCL_HUMAN",-69.1779066112944,-41.0644022343421,-3.08429240996848,35.1354800216879,25.6872733281406,-4.85592729660666,-1.90811761532684,-2.23105167467812,-3.61471644877697,1.88463441714842
"NUCL_HUMAN---NUP62_HUMAN",-86.1465341089664,-25.5483944201873,18.5842193926173,-3.281953742009,-3.52788317469365,-0.797274404359997,-0.287610605941008,-0.358658554480258,-0.279205088750267,0.127989188601014
"AURKB_HUMAN---P53_HUMAN",-86.2410003458747,11.6845050240276,-21.9992932522766,-18.1477247122843,6.42181836748976,3.66214739709761,-0.295781656793267,0.374237832999424,0.0736278419831722,-0.103732806367916
"CEBPZ_HUMAN---P53_HUMAN",-86.1465341089664,-25.5483944201873,18.5842193926173,-3.281953742009,-3.52788317469365,-0.797274404359997,-0.287610605941008,-0.358658554480258,-0.279205088750267,0.127989188601014
"BAD_HUMAN---PAK1_HUMAN",56.9426052107008,9.71744202238463,-5.3426833302939,-65.6680507015386,1.15068737180315,26.9543431045906,-2.73011843419025,2.59534503519988,3.48884054813122,-1.97186156299517
"1433T_HUMAN---PANK2_HUMAN",-86.1465341089664,-25.5483944201873,18.5842193926173,-3.281953742009,-3.52788317469365,-0.797274404359997,-0.287610605941008,-0.358658554480258,-0.279205088750267,0.127989188601014
"NOVA1_HUMAN---PCBP1_HUMAN",-86.2410003458747,11.6845050240276,-21.9992932522766,-18.1477247122843,6.42181836748976,3.66214739709761,-0.295781656793267,0.374237832999424,0.0736278419831722,-0.103732806367916
"PCBP1_HUMAN---PPIG_HUMAN",-86.1465341089664,-25.5483944201873,18.5842193926173,-3.281953742009,-3.52788317469365,-0.797274404359997,-0.287610605941008,-0.358658554480258,-0.279205088750267,0.127989188601014
"PCBP1_HUMAN---ZN830_HUMAN",-86.2410003458747,11.6845050240276,-21.9992932522766,-18.1477247122843,6.42181836748976,3.66214739709761,-0.295781656793267,0.374237832999424,0.0736278419831722,-0.103732806367916
"ABI2_HUMAN---PCM1_HUMAN",-86.2410003458747,11.6845050240276,-21.9992932522766,-18.1477247122843,6.42181836748976,3.66214739709761,-0.295781656793267,0.374237832999424,0.0736278419831722,-0.103732806367916
"AZI1_HUMAN---PCM1_HUMAN",-86.2410003458747,11.6845050240276,-21.9992932522766,-18.1477247122843,6.42181836748976,3.66214739709761,-0.295781656793267,0.374237832999424,0.0736278419831722,-0.103732806367916
"PDS5A_HUMAN---SMC3_HUMAN",-86.1465341089664,-25.5483944201873,18.5842193926173,-3.281953742009,-3.52788317469365,-0.797274404359997,-0.287610605941008,-0.358658554480258,-0.279205088750267,0.127989188601014
"PDS5B_HUMAN---SMC3_HUMAN",-86.1465341089664,-25.5483944201873,18.5842193926173,-3.281953742009,-3.52788317469365,-0.797274404359997,-0.287610605941008,-0.358658554480258,-0.279205088750267,0.127989188601014
"MDN1_HUMAN---PELP1_HUMAN",-86.2410003458747,11.6845050240276,-21.9992932522766,-18.1477247122843,6.42181836748976,3.66214739709761,-0.295781656793267,0.374237832999424,0.0736278419831722,-0.103732806367916
"PELP1_HUMAN---SENP3_HUMAN",-86.2410003458747,11.6845050240276,-21.9992932522766,-18.1477247122843,6.42181836748976,3.66214739709761,-0.295781656793267,0.374237832999424,0.0736278419831722,-0.103732806367916
"CALX_HUMAN---PGRC1_HUMAN",-86.1465341089664,-25.5483944201873,18.5842193926173,-3.281953742009,-3.52788317469365,-0.797274404359997,-0.287610605941008,-0.358658554480258,-0.279205088750267,0.127989188601014
"CUL4B_HUMAN---PHIP_HUMAN",-86.2410003458747,11.6845050240276,-21.9992932522766,-18.1477247122843,6.42181836748976,3.66214739709761,-0.295781656793267,0.374237832999424,0.0736278419831722,-0.103732806367916
"PI4KA_HUMAN---STRN4_HUMAN",-86.1465341089664,-25.5483944201873,18.5842193926173,-3.281953742009,-3.52788317469365,-0.797274404359997,-0.287610605941008,-0.358658554480258,-0.279205088750267,0.127989188601014
"P53_HUMAN---PIAS1_HUMAN",-86.1465341089664,-25.5483944201873,18.5842193926173,-3.281953742009,-3.52788317469365,-0.797274404359997,-0.287610605941008,-0.358658554480258,-0.279205088750267,0.127989188601014
"PIAS1_HUMAN---SUMO2_HUMAN",-86.1465341089664,-25.5483944201873,18.5842193926173,-3.281953742009,-3.52788317469365,-0.797274404359997,-0.287610605941008,-0.358658554480258,-0.279205088750267,0.127989188601014
"PININ_HUMAN---SRSF4_HUMAN",-86.1465341089664,-25.5483944201873,18.5842193926173,-3.281953742009,-3.52788317469365,-0.797274404359997,-0.287610605941008,-0.358658554480258,-0.279205088750267,0.127989188601014
"DESP_HUMAN---PKP4_HUMAN",-86.1465341089664,-25.5483944201873,18.5842193926173,-3.281953742009,-3.52788317469365,-0.797274404359997,-0.287610605941008,-0.358658554480258,-0.279205088750267,0.127989188601014
"LAP2_HUMAN---PKP4_HUMAN",-86.1465341089664,-25.5483944201873,18.5842193926173,-3.281953742009,-3.52788317469365,-0.797274404359997,-0.287610605941008,-0.358658554480258,-0.279205088750267,0.127989188601014
"LYRIC_HUMAN---PLEC_HUMAN",-86.2410003458747,11.6845050240276,-21.9992932522766,-18.1477247122843,6.42181836748976,3.66214739709761,-0.295781656793267,0.374237832999424,0.0736278419831722,-0.103732806367916
"KAPCA_HUMAN---PLSL_HUMAN",-86.2410003458747,11.6845050240276,-21.9992932522766,-18.1477247122843,6.42181836748976,3.66214739709761,-0.295781656793267,0.374237832999424,0.0736278419831722,-0.103732806367916
"PNKP_HUMAN---SUV91_HUMAN",-86.1465341089664,-25.5483944201873,18.5842193926173,-3.281953742009,-3.52788317469365,-0.797274404359997,-0.287610605941008,-0.358658554480258,-0.279205088750267,0.127989188601014
"MDC1_HUMAN---POGZ_HUMAN",-86.2410003458747,11.6845050240276,-21.9992932522766,-18.1477247122843,6.42181836748976,3.66214739709761,-0.295781656793267,0.374237832999424,0.0736278419831722,-0.103732806367916
"DLG3_HUMAN---PP1A_HUMAN",-86.1465341089664,-25.5483944201873,18.5842193926173,-3.281953742009,-3.52788317469365,-0.797274404359997,-0.287610605941008,-0.358658554480258,-0.279205088750267,0.127989188601014
"FARP1_HUMAN---PP1A_HUMAN",-86.2410003458747,11.6845050240276,-21.9992932522766,-18.1477247122843,6.42181836748976,3.66214739709761,-0.295781656793267,0.374237832999424,0.0736278419831722,-0.103732806367916
"PP1A_HUMAN---RB_HUMAN",-86.1465341089664,-25.5483944201873,18.5842193926173,-3.281953742009,-3.52788317469365,-0.797274404359997,-0.287610605941008,-0.358658554480258,-0.279205088750267,0.127989188601014
"PP1A_HUMAN---ZFY16_HUMAN",-86.1465341089664,-25.5483944201873,18.5842193926173,-3.281953742009,-3.52788317469365,-0.797274404359997,-0.287610605941008,-0.358658554480258,-0.279205088750267,0.127989188601014
"DENR_HUMAN---PP1B_HUMAN",-86.1465341089664,-25.5483944201873,18.5842193926173,-3.281953742009,-3.52788317469365,-0.797274404359997,-0.287610605941008,-0.358658554480258,-0.279205088750267,0.127989188601014
"PP1B_HUMAN---TIF1B_HUMAN",-86.2410003458747,11.6845050240276,-21.9992932522766,-18.1477247122843,6.42181836748976,3.66214739709761,-0.295781656793267,0.374237832999424,0.0736278419831722,-0.103732806367916
"AURKB_HUMAN---PPHLN_HUMAN",-86.2410003458747,11.6845050240276,-21.9992932522766,-18.1477247122843,6.42181836748976,3.66214739709761,-0.295781656793267,0.374237832999424,0.0736278419831722,-0.103732806367916
"PININ_HUMAN---PPIG_HUMAN",-86.1465341089664,-25.5483944201873,18.5842193926173,-3.281953742009,-3.52788317469365,-0.797274404359997,-0.287610605941008,-0.358658554480258,-0.279205088750267,0.127989188601014
"FYN_HUMAN---PPR3D_HUMAN",-86.1465341089664,-25.5483944201873,18.5842193926173,-3.281953742009,-3.52788317469365,-0.797274404359997,-0.287610605941008,-0.358658554480258,-0.279205088750267,0.127989188601014
"MDM2_HUMAN---PRC2C_HUMAN",-86.2410003458747,11.6845050240276,-21.9992932522766,-18.1477247122843,6.42181836748976,3.66214739709761,-0.295781656793267,0.374237832999424,0.0736278419831722,-0.103732806367916
"PININ_HUMAN---PRP4B_HUMAN",-86.1465341089664,-25.5483944201873,18.5842193926173,-3.281953742009,-3.52788317469365,-0.797274404359997,-0.287610605941008,-0.358658554480258,-0.279205088750267,0.127989188601014
"CHIP_HUMAN---PSA3_HUMAN",-86.2410003458747,11.6845050240276,-21.9992932522766,-18.1477247122843,6.42181836748976,3.66214739709761,-0.295781656793267,0.374237832999424,0.0736278419831722,-0.103732806367916
"PSA1_HUMAN---PSA3_HUMAN",56.9426052107008,9.71744202238463,-5.3426833302939,-65.6680507015386,1.15068737180315,26.9543431045906,-2.73011843419025,2.59534503519988,3.48884054813122,-1.97186156299517
"CDC7_HUMAN---PSIP1_HUMAN",-86.2410003458747,11.6845050240276,-21.9992932522766,-18.1477247122843,6.42181836748976,3.66214739709761,-0.295781656793267,0.374237832999424,0.0736278419831722,-0.103732806367916
"PSA3_HUMAN---PSMD1_HUMAN",-86.2410003458747,11.6845050240276,-21.9992932522766,-18.1477247122843,6.42181836748976,3.66214739709761,-0.295781656793267,0.374237832999424,0.0736278419831722,-0.103732806367916
"P53_HUMAN---PSME3_HUMAN",-86.1465341089664,-25.5483944201873,18.5842193926173,-3.281953742009,-3.52788317469365,-0.797274404359997,-0.287610605941008,-0.358658554480258,-0.279205088750267,0.127989188601014
"Q6FIE9_HUMAN---TM1L1_HUMAN",-86.1465341089664,-25.5483944201873,18.5842193926173,-3.281953742009,-3.52788317469365,-0.797274404359997,-0.287610605941008,-0.358658554480258,-0.279205088750267,0.127989188601014
"RBM34_HUMAN---WDHD1_HUMAN",-86.1465341089664,-25.5483944201873,18.5842193926173,-3.281953742009,-3.52788317469365,-0.797274404359997,-0.287610605941008,-0.358658554480258,-0.279205088750267,0.127989188601014
"MEP50_HUMAN---RBM5_HUMAN",-86.2410003458747,11.6845050240276,-21.9992932522766,-18.1477247122843,6.42181836748976,3.66214739709761,-0.295781656793267,0.374237832999424,0.0736278419831722,-0.103732806367916
"CDK2_HUMAN---RB_HUMAN",-86.1465341089664,-25.5483944201873,18.5842193926173,-3.281953742009,-3.52788317469365,-0.797274404359997,-0.287610605941008,-0.358658554480258,-0.279205088750267,0.127989188601014
"HDAC1_HUMAN---RB_HUMAN",-86.1465341089664,-25.5483944201873,18.5842193926173,-3.281953742009,-3.52788317469365,-0.797274404359997,-0.287610605941008,-0.358658554480258,-0.279205088750267,0.127989188601014
"REC8_HUMAN---SMC3_HUMAN",-86.327321504494,4.13812309116773,-14.1591459514627,-15.2949024049173,4.94706913484103,3.1391867635568,-0.649980418116304,-3.08636199610285,1.95227150150547,0.122657930902753
"RECQ4_HUMAN---TE2IP_HUMAN",-86.2410003458747,11.6845050240276,-21.9992932522766,-18.1477247122843,6.42181836748976,3.66214739709761,-0.295781656793267,0.374237832999424,0.0736278419831722,-0.103732806367916
"RGPA1_HUMAN---TFE2_HUMAN",-86.2410003458747,11.6845050240276,-21.9992932522766,-18.1477247122843,6.42181836748976,3.66214739709761,-0.295781656793267,0.374237832999424,0.0736278419831722,-0.103732806367916
"CUL4B_HUMAN---RL15_HUMAN",-86.2410003458747,11.6845050240276,-21.9992932522766,-18.1477247122843,6.42181836748976,3.66214739709761,-0.295781656793267,0.374237832999424,0.0736278419831722,-0.103732806367916
"HDGF_HUMAN---RL1D1_HUMAN",-86.1465341089664,-25.5483944201873,18.5842193926173,-3.281953742009,-3.52788317469365,-0.797274404359997,-0.287610605941008,-0.358658554480258,-0.279205088750267,0.127989188601014
"HDGF_HUMAN---RL35A_HUMAN",-86.2410003458747,11.6845050240276,-21.9992932522766,-18.1477247122843,6.42181836748976,3.66214739709761,-0.295781656793267,0.374237832999424,0.0736278419831722,-0.103732806367916
"CPSF5_HUMAN---RLA1_HUMAN",-86.1465341089664,-25.5483944201873,18.5842193926173,-3.281953742009,-3.52788317469365,-0.797274404359997,-0.287610605941008,-0.358658554480258,-0.279205088750267,0.127989188601014
"RLA1_HUMAN---SMAP_HUMAN",-86.2410003458747,11.6845050240276,-21.9992932522766,-18.1477247122843,6.42181836748976,3.66214739709761,-0.295781656793267,0.374237832999424,0.0736278419831722,-0.103732806367916
"EGFR_HUMAN---RN213_HUMAN",-86.1465341089664,-25.5483944201873,18.5842193926173,-3.281953742009,-3.52788317469365,-0.797274404359997,-0.287610605941008,-0.358658554480258,-0.279205088750267,0.127989188601014
"MCRS1_HUMAN---RN213_HUMAN",-86.1465341089664,-25.5483944201873,18.5842193926173,-3.281953742009,-3.52788317469365,-0.797274404359997,-0.287610605941008,-0.358658554480258,-0.279205088750267,0.127989188601014
"HDAC2_HUMAN---RREB1_HUMAN",-86.1465341089664,-25.5483944201873,18.5842193926173,-3.281953742009,-3.52788317469365,-0.797274404359997,-0.287610605941008,-0.358658554480258,-0.279205088750267,0.127989188601014
"HGS_HUMAN---SCAM3_HUMAN",-86.1465341089664,-25.5483944201873,18.5842193926173,-3.281953742009,-3.52788317469365,-0.797274404359997,-0.287610605941008,-0.358658554480258,-0.279205088750267,0.127989188601014
"SCFD1_HUMAN---VINC_HUMAN",57.0370714476091,-27.5154574218303,35.2408293146,-50.8022797312633,-8.79901417038027,22.494921303133,-2.72194738333799,1.8624486477202,3.13600761739778,-1.74013956802624
"SCRIB_HUMAN---ZO2_HUMAN",-86.1465341089664,-25.5483944201873,18.5842193926173,-3.281953742009,-3.52788317469365,-0.797274404359997,-0.287610605941008,-0.358658554480258,-0.279205088750267,0.127989188601014
"MEPCE_HUMAN---SDE2_HUMAN",-86.2410003458747,11.6845050240276,-21.9992932522766,-18.1477247122843,6.42181836748976,3.66214739709761,-0.295781656793267,0.374237832999424,0.0736278419831722,-0.103732806367916
"SF3A1_HUMAN---SF3A3_HUMAN",-86.2410003458747,11.6845050240276,-21.9992932522766,-18.1477247122843,6.42181836748976,3.66214739709761,-0.295781656793267,0.374237832999424,0.0736278419831722,-0.103732806367916
"HS90B_HUMAN---SG223_HUMAN",-86.1465341089664,-25.5483944201873,18.5842193926173,-3.281953742009,-3.52788317469365,-0.797274404359997,-0.287610605941008,-0.358658554480258,-0.279205088750267,0.127989188601014
"DBNL_HUMAN---SH24A_HUMAN",-86.2410003458747,11.6845050240276,-21.9992932522766,-18.1477247122843,6.42181836748976,3.66214739709761,-0.295781656793267,0.374237832999424,0.0736278419831722,-0.103732806367916
"IGF1R_HUMAN---SHC1_HUMAN",-69.1779066112944,-41.0644022343421,-3.08429240996848,35.1354800216879,25.6872733281406,-4.85592729660666,-1.90811761532684,-2.23105167467812,-3.61471644877697,1.88463441714842
"HDAC1_HUMAN---SIN3A_HUMAN",-86.1465341089664,-25.5483944201873,18.5842193926173,-3.281953742009,-3.52788317469365,-0.797274404359997,-0.287610605941008,-0.358658554480258,-0.279205088750267,0.127989188601014
"DDX3Y_HUMAN---SMAD2_HUMAN",-23.978174687281,23.3046549915144,-12.443618338882,-24.4926139516521,-7.1678508300393,3.48834751635314,-0.508077112948557,-54.4528865344178,49.5953300802431,3.85081741281871
"SMAP_HUMAN---TRA2A_HUMAN",-86.2410003458747,11.6845050240276,-21.9992932522766,-18.1477247122843,6.42181836748976,3.66214739709761,-0.295781656793267,0.374237832999424,0.0736278419831722,-0.103732806367916
"MCMBP_HUMAN---SMC3_HUMAN",-86.1465341089664,-25.5483944201873,18.5842193926173,-3.281953742009,-3.52788317469365,-0.797274404359997,-0.287610605941008,-0.358658554480258,-0.279205088750267,0.127989188601014
"CHD4_HUMAN---SMCA4_HUMAN",-86.1465341089664,-25.5483944201873,18.5842193926173,-3.281953742009,-3.52788317469365,-0.797274404359997,-0.287610605941008,-0.358658554480258,-0.279205088750267,0.127989188601014
"HNRPU_HUMAN---SMN_HUMAN",-86.2410003458747,11.6845050240276,-21.9992932522766,-18.1477247122843,6.42181836748976,3.66214739709761,-0.295781656793267,0.374237832999424,0.0736278419831722,-0.103732806367916
"SMN_HUMAN---WAP53_HUMAN",-86.2410003458747,11.6845050240276,-21.9992932522766,-18.1477247122843,6.42181836748976,3.66214739709761,-0.295781656793267,0.374237832999424,0.0736278419831722,-0.103732806367916
"SMRCD_HUMAN---TIF1B_HUMAN",-86.2410003458747,11.6845050240276,-21.9992932522766,-18.1477247122843,6.42181836748976,3.66214739709761,-0.295781656793267,0.374237832999424,0.0736278419831722,-0.103732806367916
"SMRCD_HUMAN---WIZ_HUMAN",-86.1465341089664,-25.5483944201873,18.5842193926173,-3.281953742009,-3.52788317469365,-0.797274404359997,-0.287610605941008,-0.358658554480258,-0.279205088750267,0.127989188601014
"NOP2_HUMAN---SPB1_HUMAN",-86.1465341089664,-25.5483944201873,18.5842193926173,-3.281953742009,-3.52788317469365,-0.797274404359997,-0.287610605941008,-0.358658554480258,-0.279205088750267,0.127989188601014
"PALLD_HUMAN---SPN90_HUMAN",-86.2410003458747,11.6845050240276,-21.9992932522766,-18.1477247122843,6.42181836748976,3.66214739709761,-0.295781656793267,0.374237832999424,0.0736278419831722,-0.103732806367916
"HDGF_HUMAN---SRP72_HUMAN",-86.2410003458747,11.6845050240276,-21.9992932522766,-18.1477247122843,6.42181836748976,3.66214739709761,-0.295781656793267,0.374237832999424,0.0736278419831722,-0.103732806367916
"KI21A_HUMAN---SRP72_HUMAN",-86.2410003458747,11.6845050240276,-21.9992932522766,-18.1477247122843,6.42181836748976,3.66214739709761,-0.295781656793267,0.374237832999424,0.0736278419831722,-0.103732806367916
"MEPCE_HUMAN---SRP72_HUMAN",-86.2410003458747,11.6845050240276,-21.9992932522766,-18.1477247122843,6.42181836748976,3.66214739709761,-0.295781656793267,0.374237832999424,0.0736278419831722,-0.103732806367916
"ACINU_HUMAN---SRPK2_HUMAN",-82.4758254565852,-28.9632059574824,14.3957276648764,5.1020267043602,2.36360975396687,-1.78714448037131,-0.580650839666448,-0.631905856941661,-0.509360609076051,-0.124819700494714
"HIRP3_HUMAN---SRPK2_HUMAN",-86.1465341089664,-25.5483944201873,18.5842193926173,-3.281953742009,-3.52788317469365,-0.797274404359997,-0.287610605941008,-0.358658554480258,-0.279205088750267,0.127989188601014
"HNRPC_HUMAN---SRPK2_HUMAN",-86.1465341089664,-25.5483944201873,18.5842193926173,-3.281953742009,-3.52788317469365,-0.797274404359997,-0.287610605941008,-0.358658554480258,-0.279205088750267,0.127989188601014
"MMTA2_HUMAN---SRPK2_HUMAN",-86.2410003458747,11.6845050240276,-21.9992932522766,-18.1477247122843,6.42181836748976,3.66214739709761,-0.295781656793267,0.374237832999424,0.0736278419831722,-0.103732806367916
"NELFE_HUMAN---SRPK2_HUMAN",-86.1465341089664,-25.5483944201873,18.5842193926173,-3.281953742009,-3.52788317469365,-0.797274404359997,-0.287610605941008,-0.358658554480258,-0.279205088750267,0.127989188601014
"PR38A_HUMAN---SRPK2_HUMAN",-86.2410003458747,11.6845050240276,-21.9992932522766,-18.1477247122843,6.42181836748976,3.66214739709761,-0.295781656793267,0.374237832999424,0.0736278419831722,-0.103732806367916
"RBM15_HUMAN---SRPK2_HUMAN",-86.2410003458747,11.6845050240276,-21.9992932522766,-18.1477247122843,6.42181836748976,3.66214739709761,-0.295781656793267,0.374237832999424,0.0736278419831722,-0.103732806367916
"RU17_HUMAN---SRPK2_HUMAN",-86.1465341089664,-25.5483944201873,18.5842193926173,-3.281953742009,-3.52788317469365,-0.797274404359997,-0.287610605941008,-0.358658554480258,-0.279205088750267,0.127989188601014
"CDK12_HUMAN---SRRM2_HUMAN",-86.2410003458747,11.6845050240276,-21.9992932522766,-18.1477247122843,6.42181836748976,3.66214739709761,-0.295781656793267,0.374237832999424,0.0736278419831722,-0.103732806367916
"PININ_HUMAN---SRRM2_HUMAN",-86.1465341089664,-25.5483944201873,18.5842193926173,-3.281953742009,-3.52788317469365,-0.797274404359997,-0.287610605941008,-0.358658554480258,-0.279205088750267,0.127989188601014
"PLEC_HUMAN---SRRM2_HUMAN",-86.2410003458747,11.6845050240276,-21.9992932522766,-18.1477247122843,6.42181836748976,3.66214739709761,-0.295781656793267,0.374237832999424,0.0736278419831722,-0.103732806367916
"RBM8A_HUMAN---SRRM2_HUMAN",-86.1465341089664,-25.5483944201873,18.5842193926173,-3.281953742009,-3.52788317469365,-0.797274404359997,-0.287610605941008,-0.358658554480258,-0.279205088750267,0.127989188601014
"SRRM1_HUMAN---SRRM2_HUMAN",-86.1465341089664,-25.5483944201873,18.5842193926173,-3.281953742009,-3.52788317469365,-0.797274404359997,-0.287610605941008,-0.358658554480258,-0.279205088750267,0.127989188601014
"SON_HUMAN---SRS11_HUMAN",56.9426052107008,9.71744202238463,-5.3426833302939,-65.6680507015386,1.15068737180315,26.9543431045906,-2.73011843419025,2.59534503519988,3.48884054813122,-1.97186156299517
"SRSF4_HUMAN---SRSF6_HUMAN",-86.1465341089664,-25.5483944201873,18.5842193926173,-3.281953742009,-3.52788317469365,-0.797274404359997,-0.287610605941008,-0.358658554480258,-0.279205088750267,0.127989188601014
"CRKL_HUMAN---STA5A_HUMAN",-69.1779066112944,-41.0644022343421,-3.08429240996848,35.1354800216879,25.6872733281406,-4.85592729660666,-1.90811761532684,-2.23105167467812,-3.61471644877697,1.88463441714842
"HGS_HUMAN---STAM2_HUMAN",-69.1779066112944,-41.0644022343421,-3.08429240996848,35.1354800216879,25.6872733281406,-4.85592729660666,-1.90811761532684,-2.23105167467812,-3.61471644877697,1.88463441714842
"SF3A3_HUMAN---STAM2_HUMAN",-86.2410003458747,11.6845050240276,-21.9992932522766,-18.1477247122843,6.42181836748976,3.66214739709761,-0.295781656793267,0.374237832999424,0.0736278419831722,-0.103732806367916
"HS90A_HUMAN---STIP1_HUMAN",-86.1465341089664,-25.5483944201873,18.5842193926173,-3.281953742009,-3.52788317469365,-0.797274404359997,-0.287610605941008,-0.358658554480258,-0.279205088750267,0.127989188601014
"STK39_HUMAN---WNK1_HUMAN",-86.1465341089664,-25.5483944201873,18.5842193926173,-3.281953742009,-3.52788317469365,-0.797274404359997,-0.287610605941008,-0.358658554480258,-0.279205088750267,0.127989188601014
"ELF2_HUMAN---SUMO2_HUMAN",-86.1465341089664,-25.5483944201873,18.5842193926173,-3.281953742009,-3.52788317469365,-0.797274404359997,-0.287610605941008,-0.358658554480258,-0.279205088750267,0.127989188601014
"I2BP1_HUMAN---SUMO2_HUMAN",-86.1465341089664,-25.5483944201873,18.5842193926173,-3.281953742009,-3.52788317469365,-0.797274404359997,-0.287610605941008,-0.358658554480258,-0.279205088750267,0.127989188601014
"SUMO2_HUMAN---Z280C_HUMAN",-86.1465341089664,-25.5483944201873,18.5842193926173,-3.281953742009,-3.52788317469365,-0.797274404359997,-0.287610605941008,-0.358658554480258,-0.279205088750267,0.127989188601014
"SUMO2_HUMAN---ZKSC1_HUMAN",-86.1465341089664,-25.5483944201873,18.5842193926173,-3.281953742009,-3.52788317469365,-0.797274404359997,-0.287610605941008,-0.358658554480258,-0.279205088750267,0.127989188601014
"KIF4A_HUMAN---SVIL_HUMAN",57.0370714476091,-27.5154574218303,35.2408293146,-50.8022797312633,-8.79901417038027,22.494921303133,-2.72194738333799,1.8624486477202,3.13600761739778,-1.74013956802624
"ABLM1_HUMAN---T22D4_HUMAN",-86.1465341089664,-25.5483944201873,18.5842193926173,-3.281953742009,-3.52788317469365,-0.797274404359997,-0.287610605941008,-0.358658554480258,-0.279205088750267,0.127989188601014
"CCNK_HUMAN---T22D4_HUMAN",-86.1465341089664,-25.5483944201873,18.5842193926173,-3.281953742009,-3.52788317469365,-0.797274404359997,-0.287610605941008,-0.358658554480258,-0.279205088750267,0.127989188601014
"NRBP_HUMAN---T22D4_HUMAN",-86.1465341089664,-25.5483944201873,18.5842193926173,-3.281953742009,-3.52788317469365,-0.797274404359997,-0.287610605941008,-0.358658554480258,-0.279205088750267,0.127989188601014
"PCBP1_HUMAN---T22D4_HUMAN",-86.1465341089664,-25.5483944201873,18.5842193926173,-3.281953742009,-3.52788317469365,-0.797274404359997,-0.287610605941008,-0.358658554480258,-0.279205088750267,0.127989188601014
"JUN_HUMAN---T2FA_HUMAN",-86.2410003458747,11.6845050240276,-21.9992932522766,-18.1477247122843,6.42181836748976,3.66214739709761,-0.295781656793267,0.374237832999424,0.0736278419831722,-0.103732806367916
"MARK2_HUMAN---TAOK1_HUMAN",-86.1465341089664,-25.5483944201873,18.5842193926173,-3.281953742009,-3.52788317469365,-0.797274404359997,-0.287610605941008,-0.358658554480258,-0.279205088750267,0.127989188601014
"CDK2_HUMAN---TB182_HUMAN",-86.2410003458747,11.6845050240276,-21.9992932522766,-18.1477247122843,6.42181836748976,3.66214739709761,-0.295781656793267,0.374237832999424,0.0736278419831722,-0.103732806367916
"HS90A_HUMAN---TBA1A_HUMAN",-86.1465341089664,-25.5483944201873,18.5842193926173,-3.281953742009,-3.52788317469365,-0.797274404359997,-0.287610605941008,-0.358658554480258,-0.279205088750267,0.127989188601014
"PAK1_HUMAN---TBCB_HUMAN",57.0370714476091,-27.5154574218303,35.2408293146,-50.8022797312633,-8.79901417038027,22.494921303133,-2.72194738333799,1.8624486477202,3.13600761739778,-1.74013956802624
"TCP4_HUMAN---TF3C1_HUMAN",-86.1465341089664,-25.5483944201873,18.5842193926173,-3.281953742009,-3.52788317469365,-0.797274404359997,-0.287610605941008,-0.358658554480258,-0.279205088750267,0.127989188601014
"RAD50_HUMAN---TE2IP_HUMAN",-86.2410003458747,11.6845050240276,-21.9992932522766,-18.1477247122843,6.42181836748976,3.66214739709761,-0.295781656793267,0.374237832999424,0.0736278419831722,-0.103732806367916
"TE2IP_HUMAN---TOIP1_HUMAN",-86.2410003458747,11.6845050240276,-21.9992932522766,-18.1477247122843,6.42181836748976,3.66214739709761,-0.295781656793267,0.374237832999424,0.0736278419831722,-0.103732806367916
"CRKL_HUMAN---TENC1_HUMAN",-86.1465341089664,-25.5483944201873,18.5842193926173,-3.281953742009,-3.52788317469365,-0.797274404359997,-0.287610605941008,-0.358658554480258,-0.279205088750267,0.127989188601014
"E9PAU2_HUMAN---TERF2_HUMAN",-86.2410003458747,11.6845050240276,-21.9992932522766,-18.1477247122843,6.42181836748976,3.66214739709761,-0.295781656793267,0.374237832999424,0.0736278419831722,-0.103732806367916
"TE2IP_HUMAN---TERF2_HUMAN",-86.2410003458747,11.6845050240276,-21.9992932522766,-18.1477247122843,6.42181836748976,3.66214739709761,-0.295781656793267,0.374237832999424,0.0736278419831722,-0.103732806367916
"PR38A_HUMAN---TF3C1_HUMAN",-86.2410003458747,11.6845050240276,-21.9992932522766,-18.1477247122843,6.42181836748976,3.66214739709761,-0.295781656793267,0.374237832999424,0.0736278419831722,-0.103732806367916
"RB_HUMAN---TF3C1_HUMAN",-86.1465341089664,-25.5483944201873,18.5842193926173,-3.281953742009,-3.52788317469365,-0.797274404359997,-0.287610605941008,-0.358658554480258,-0.279205088750267,0.127989188601014
"TF3C1_HUMAN---TF3C4_HUMAN",-86.2410003458747,11.6845050240276,-21.9992932522766,-18.1477247122843,6.42181836748976,3.66214739709761,-0.295781656793267,0.374237832999424,0.0736278419831722,-0.103732806367916
"MK01_HUMAN---TFE2_HUMAN",-86.2410003458747,11.6845050240276,-21.9992932522766,-18.1477247122843,6.42181836748976,3.66214739709761,-0.295781656793267,0.374237832999424,0.0736278419831722,-0.103732806367916
"SUMO2_HUMAN---TFP11_HUMAN",-86.1465341089664,-25.5483944201873,18.5842193926173,-3.281953742009,-3.52788317469365,-0.797274404359997,-0.287610605941008,-0.358658554480258,-0.279205088750267,0.127989188601014
"ARP8_HUMAN---TFPT_HUMAN",-86.2410003458747,11.6845050240276,-21.9992932522766,-18.1477247122843,6.42181836748976,3.66214739709761,-0.295781656793267,0.374237832999424,0.0736278419831722,-0.103732806367916
"CBX1_HUMAN---TIF1B_HUMAN",-86.2410003458747,11.6845050240276,-21.9992932522766,-18.1477247122843,6.42181836748976,3.66214739709761,-0.295781656793267,0.374237832999424,0.0736278419831722,-0.103732806367916
"P53_HUMAN---TIF1B_HUMAN",-86.2410003458747,11.6845050240276,-21.9992932522766,-18.1477247122843,6.42181836748976,3.66214739709761,-0.295781656793267,0.374237832999424,0.0736278419831722,-0.103732806367916
"Q6FIE9_HUMAN---TM1L2_HUMAN",-86.1465341089664,-25.5483944201873,18.5842193926173,-3.281953742009,-3.52788317469365,-0.797274404359997,-0.287610605941008,-0.358658554480258,-0.279205088750267,0.127989188601014
"ANXA2_HUMAN---TNIK_HUMAN",-86.1465341089664,-25.5483944201873,18.5842193926173,-3.281953742009,-3.52788317469365,-0.797274404359997,-0.287610605941008,-0.358658554480258,-0.279205088750267,0.127989188601014
"CTNB1_HUMAN---TNIK_HUMAN",-86.1465341089664,-25.5483944201873,18.5842193926173,-3.281953742009,-3.52788317469365,-0.797274404359997,-0.287610605941008,-0.358658554480258,-0.279205088750267,0.127989188601014
"TNIK_HUMAN---TRAF2_HUMAN",-86.1465341089664,-25.5483944201873,18.5842193926173,-3.281953742009,-3.52788317469365,-0.797274404359997,-0.287610605941008,-0.358658554480258,-0.279205088750267,0.127989188601014
"HDAC1_HUMAN---TOP2B_HUMAN",-86.1465341089664,-25.5483944201873,18.5842193926173,-3.281953742009,-3.52788317469365,-0.797274404359997,-0.287610605941008,-0.358658554480258,-0.279205088750267,0.127989188601014
"B2R4R0_HUMAN---TP53B_HUMAN",-86.2410003458747,11.6845050240276,-21.9992932522766,-18.1477247122843,6.42181836748976,3.66214739709761,-0.295781656793267,0.374237832999424,0.0736278419831722,-0.103732806367916
"P53_HUMAN---TP53B_HUMAN",-86.1465341089664,-25.5483944201873,18.5842193926173,-3.281953742009,-3.52788317469365,-0.797274404359997,-0.287610605941008,-0.358658554480258,-0.279205088750267,0.127989188601014
"NUP98_HUMAN---TPR_HUMAN",-86.1465341089664,-25.5483944201873,18.5842193926173,-3.281953742009,-3.52788317469365,-0.797274404359997,-0.287610605941008,-0.358658554480258,-0.279205088750267,0.127989188601014
"RBM8A_HUMAN---TR150_HUMAN",-86.2410003458747,11.6845050240276,-21.9992932522766,-18.1477247122843,6.42181836748976,3.66214739709761,-0.295781656793267,0.374237832999424,0.0736278419831722,-0.103732806367916
"CYTSB_HUMAN---TRAF2_HUMAN",-86.1465341089664,-25.5483944201873,18.5842193926173,-3.281953742009,-3.52788317469365,-0.797274404359997,-0.287610605941008,-0.358658554480258,-0.279205088750267,0.127989188601014
"RNF31_HUMAN---TRI25_HUMAN",-86.1465341089664,-25.5483944201873,18.5842193926173,-3.281953742009,-3.52788317469365,-0.797274404359997,-0.287610605941008,-0.358658554480258,-0.279205088750267,0.127989188601014
"SNUT2_HUMAN---TRI25_HUMAN",-86.1465341089664,-25.5483944201873,18.5842193926173,-3.281953742009,-3.52788317469365,-0.797274404359997,-0.287610605941008,-0.358658554480258,-0.279205088750267,0.127989188601014
"CD2B2_HUMAN---U520_HUMAN",-86.1465341089664,-25.5483944201873,18.5842193926173,-3.281953742009,-3.52788317469365,-0.797274404359997,-0.287610605941008,-0.358658554480258,-0.279205088750267,0.127989188601014
"CHIP_HUMAN---UBE2N_HUMAN",-86.2410003458747,11.6845050240276,-21.9992932522766,-18.1477247122843,6.42181836748976,3.66214739709761,-0.295781656793267,0.374237832999424,0.0736278419831722,-0.103732806367916
"UBE2N_HUMAN---ZNRF2_HUMAN",-86.2410003458747,11.6845050240276,-21.9992932522766,-18.1477247122843,6.42181836748976,3.66214739709761,-0.295781656793267,0.374237832999424,0.0736278419831722,-0.103732806367916
"PNKP_HUMAN---UBE2O_HUMAN",-86.1465341089664,-25.5483944201873,18.5842193926173,-3.281953742009,-3.52788317469365,-0.797274404359997,-0.287610605941008,-0.358658554480258,-0.279205088750267,0.127989188601014
"BAG6_HUMAN---UBL7_HUMAN",-86.2410003458747,11.6845050240276,-21.9992932522766,-18.1477247122843,6.42181836748976,3.66214739709761,-0.295781656793267,0.374237832999424,0.0736278419831722,-0.103732806367916
"FOXK1_HUMAN---UBP24_HUMAN",-86.2410003458747,11.6845050240276,-21.9992932522766,-18.1477247122843,6.42181836748976,3.66214739709761,-0.295781656793267,0.374237832999424,0.0736278419831722,-0.103732806367916
"ABI2_HUMAN---VINC_HUMAN",-86.1465341089664,-25.5483944201873,18.5842193926173,-3.281953742009,-3.52788317469365,-0.797274404359997,-0.287610605941008,-0.358658554480258,-0.279205088750267,0.127989188601014
"DDX54_HUMAN---WDHD1_HUMAN",-86.1465341089664,-25.5483944201873,18.5842193926173,-3.281953742009,-3.52788317469365,-0.797274404359997,-0.287610605941008,-0.358658554480258,-0.279205088750267,0.127989188601014
"NMD3_HUMAN---WDHD1_HUMAN",-86.2410003458747,11.6845050240276,-21.9992932522766,-18.1477247122843,6.42181836748976,3.66214739709761,-0.295781656793267,0.374237832999424,0.0736278419831722,-0.103732806367916
"SPB1_HUMAN---WDHD1_HUMAN",-24.1431238337604,0.815811717300822,11.5101128174665,-15.4724242439102,-11.9370317130371,1.61928857817818,-1.41903622672096,-63.8190947398799,54.7327622635876,4.56102810361748
"WDR48_HUMAN---WDR70_HUMAN",-86.1465341089664,-25.5483944201873,18.5842193926173,-3.281953742009,-3.52788317469365,-0.797274404359997,-0.287610605941008,-0.358658554480258,-0.279205088750267,0.127989188601014
"CSK21_HUMAN---XRCC1_HUMAN",-86.1465341089664,-25.5483944201873,18.5842193926173,-3.281953742009,-3.52788317469365,-0.797274404359997,-0.287610605941008,-0.358658554480258,-0.279205088750267,0.127989188601014
"PNKP_HUMAN---XRCC1_HUMAN",-86.1465341089664,-25.5483944201873,18.5842193926173,-3.281953742009,-3.52788317469365,-0.797274404359997,-0.287610605941008,-0.358658554480258,-0.279205088750267,0.127989188601014
"PGAM1_HUMAN---XRCC6_HUMAN",-86.1465341089664,-25.5483944201873,18.5842193926173,-3.281953742009,-3.52788317469365,-0.797274404359997,-0.287610605941008,-0.358658554480258,-0.279205088750267,0.127989188601014
"PO2F1_HUMAN---XRCC6_HUMAN",-86.1465341089664,-25.5483944201873,18.5842193926173,-3.281953742009,-3.52788317469365,-0.797274404359997,-0.287610605941008,-0.358658554480258,-0.279205088750267,0.127989188601014
"RLA1_HUMAN---XRCC6_HUMAN",-86.1465341089664,-25.5483944201873,18.5842193926173,-3.281953742009,-3.52788317469365,-0.797274404359997,-0.287610605941008,-0.358658554480258,-0.279205088750267,0.127989188601014
"RRAS2_HUMAN---XRCC6_HUMAN",-86.1465341089664,-25.5483944201873,18.5842193926173,-3.281953742009,-3.52788317469365,-0.797274404359997,-0.287610605941008,-0.358658554480258,-0.279205088750267,0.127989188601014
"SIR1_HUMAN---XRCC6_HUMAN",-86.1465341089664,-25.5483944201873,18.5842193926173,-3.281953742009,-3.52788317469365,-0.797274404359997,-0.287610605941008,-0.358658554480258,-0.279205088750267,0.127989188601014
"EF1A1_HUMAN---XRN2_HUMAN",-86.1465341089664,-25.5483944201873,18.5842193926173,-3.281953742009,-3.52788317469365,-0.797274404359997,-0.287610605941008,-0.358658554480258,-0.279205088750267,0.127989188601014
"CTNB1_HUMAN---YAP1_HUMAN",-86.1465341089664,-25.5483944201873,18.5842193926173,-3.281953742009,-3.52788317469365,-0.797274404359997,-0.287610605941008,-0.358658554480258,-0.279205088750267,0.127989188601014
"WIZ_HUMAN---ZC3H4_HUMAN",-86.2410003458747,11.6845050240276,-21.9992932522766,-18.1477247122843,6.42181836748976,3.66214739709761,-0.295781656793267,0.374237832999424,0.0736278419831722,-0.103732806367916
"SMRCD_HUMAN---ZCH18_HUMAN",-86.1465341089664,-25.5483944201873,18.5842193926173,-3.281953742009,-3.52788317469365,-0.797274404359997,-0.287610605941008,-0.358658554480258,-0.279205088750267,0.127989188601014
"SUMO2_HUMAN---ZMYM4_HUMAN",-86.2410003458747,11.6845050240276,-21.9992932522766,-18.1477247122843,6.42181836748976,3.66214739709761,-0.295781656793267,0.374237832999424,0.0736278419831722,-0.103732806367916
"HDAC1_HUMAN---ZN609_HUMAN",-86.1465341089664,-25.5483944201873,18.5842193926173,-3.281953742009,-3.52788317469365,-0.797274404359997,-0.287610605941008,-0.358658554480258,-0.279205088750267,0.127989188601014
"1433G_HUMAN---ZN638_HUMAN",-86.2410003458747,11.6845050240276,-21.9992932522766,-18.1477247122843,6.42181836748976,3.66214739709761,-0.295781656793267,0.374237832999424,0.0736278419831722,-0.103732806367916
"TERF2_HUMAN---ZN703_HUMAN",-86.2410003458747,11.6845050240276,-21.9992932522766,-18.1477247122843,6.42181836748976,3.66214739709761,-0.295781656793267,0.374237832999424,0.0736278419831722,-0.103732806367916
"AFAD_HUMAN---ZO1_HUMAN",-86.1465341089664,-25.5483944201873,18.5842193926173,-3.281953742009,-3.52788317469365,-0.797274404359997,-0.287610605941008,-0.358658554480258,-0.279205088750267,0.127989188601014
"1433T_HUMAN---CRTC2_HUMAN",-56.4469788381405,63.1881992868917,9.18988237643965,19.7603417570525,-8.9470382637049,19.5285997482054,-17.8642165055573,1.20710478878704,1.28689965445247,-0.16274187444077
"AAPK1_HUMAN---TBCD1_HUMAN",-74.0128354173795,43.050899968722,-13.5609702317736,12.3536348234929,-20.429693675672,-18.429059593252,4.34165179632446,0.00626804989086771,0.193080664159873,-0.022965791203073
"ACTB_HUMAN---COF1_HUMAN",-36.3203862022643,71.9644188445134,26.2036116739592,8.47657765788802,12.7374946687481,17.0406710974977,25.1709665932535,-6.62010732931751,-5.8223083082687,-4.98030005791227
"ACTB_HUMAN---PRSR2_HUMAN",-56.4469788381405,63.1881992868917,9.18988237643965,19.7603417570525,-8.9470382637049,19.5285997482054,-17.8642165055573,1.20710478878704,1.28689965445247,-0.16274187444077
"AKA12_HUMAN---DC1L1_HUMAN",-74.0128354173795,43.050899968722,-13.5609702317736,12.3536348234929,-20.429693675672,-18.429059593252,4.34165179632446,0.00626804989086771,0.193080664159873,-0.022965791203073
"AR6P4_HUMAN---SRPK2_HUMAN",-74.0128354173795,43.050899968722,-13.5609702317736,12.3536348234929,-20.429693675672,-18.429059593252,4.34165179632446,0.00626804989086771,0.193080664159873,-0.022965791203073
"ARHG7_HUMAN---NAA10_HUMAN",-36.3203862022643,71.9644188445134,26.2036116739592,8.47657765788802,12.7374946687481,17.0406710974977,25.1709665932535,-6.62010732931751,-5.8223083082687,-4.98030005791227
"ASPM_HUMAN---KS6A1_HUMAN",-15.3169755316906,72.4053013685965,32.8737725128999,-7.19925668833078,24.6158796812817,-6.32019492574695,10.5332125522605,12.6789763920408,12.3819211999169,20.7272437284404
"AT133_HUMAN---MD2L1_HUMAN",-74.0128354173795,43.050899968722,-13.5609702317736,12.3536348234929,-20.429693675672,-18.429059593252,4.34165179632446,0.00626804989086771,0.193080664159873,-0.022965791203073
"ATRX_HUMAN---EZH2_HUMAN",-32.2852335911065,22.2567190562849,-36.5873444140776,7.95835491241567,-57.7302916240366,9.77391922027884,23.9541841823752,18.3527918949892,22.5123130193469,-4.08366299139471
"ATX2L_HUMAN---OXSR1_HUMAN",-74.0128354173795,43.050899968722,-13.5609702317736,12.3536348234929,-20.429693675672,-18.429059593252,4.34165179632446,0.00626804989086771,0.193080664159873,-0.022965791203073
"AURKB_HUMAN---SKA1_HUMAN",-56.4469788381405,63.1881992868917,9.18988237643965,19.7603417570525,-8.9470382637049,19.5285997482054,-17.8642165055573,1.20710478878704,1.28689965445247,-0.16274187444077
"B2R4R0_HUMAN---NSD1_HUMAN",-74.0128354173795,43.050899968722,-13.5609702317736,12.3536348234929,-20.429693675672,-18.429059593252,4.34165179632446,0.00626804989086771,0.193080664159873,-0.022965791203073
"B2R9N9_HUMAN---GRM1A_HUMAN",-74.0128354173795,43.050899968722,-13.5609702317736,12.3536348234929,-20.429693675672,-18.429059593252,4.34165179632446,0.00626804989086771,0.193080664159873,-0.022965791203073
"B2R9N9_HUMAN---MYD88_HUMAN",-74.0128354173795,43.050899968722,-13.5609702317736,12.3536348234929,-20.429693675672,-18.429059593252,4.34165179632446,0.00626804989086771,0.193080664159873,-0.022965791203073
"B4DJ51_HUMAN---STRN3_HUMAN",-74.0128354173795,43.050899968722,-13.5609702317736,12.3536348234929,-20.429693675672,-18.429059593252,4.34165179632446,0.00626804989086771,0.193080664159873,-0.022965791203073
"BAD_HUMAN---D0PNI1_HUMAN",-74.0128354173795,43.050899968722,-13.5609702317736,12.3536348234929,-20.429693675672,-18.429059593252,4.34165179632446,0.00626804989086771,0.193080664159873,-0.022965791203073
"ARPC3_HUMAN---BAG6_HUMAN",-36.3203862022643,71.9644188445134,26.2036116739592,8.47657765788802,12.7374946687481,17.0406710974977,25.1709665932535,-6.62010732931751,-5.8223083082687,-4.98030005791227
"BARD1_HUMAN---DHX57_HUMAN",-56.4469788381405,63.1881992868917,9.18988237643965,19.7603417570525,-8.9470382637049,19.5285997482054,-17.8642165055573,1.20710478878704,1.28689965445247,-0.16274187444077
"BARD1_HUMAN---P53_HUMAN",-56.4469788381405,63.1881992868917,9.18988237643965,19.7603417570525,-8.9470382637049,19.5285997482054,-17.8642165055573,1.20710478878704,1.28689965445247,-0.16274187444077
"BARD1_HUMAN---SCAFB_HUMAN",-15.3169755316906,72.4053013685965,32.8737725128999,-7.19925668833078,24.6158796812817,-6.32019492574695,10.5332125522605,12.6789763920408,12.3819211999169,20.7272437284404
"BARD1_HUMAN---TBCD1_HUMAN",-56.4469788381405,63.1881992868917,9.18988237643965,19.7603417570525,-8.9470382637049,19.5285997482054,-17.8642165055573,1.20710478878704,1.28689965445247,-0.16274187444077
"BAZ1B_HUMAN---CAF1B_HUMAN",-15.3169755316906,72.4053013685965,32.8737725128999,-7.19925668833078,24.6158796812817,-6.32019492574695,10.5332125522605,12.6789763920408,12.3819211999169,20.7272437284404
"BAZ1B_HUMAN---SMCA5_HUMAN",-56.4469788381405,63.1881992868917,9.18988237643965,19.7603417570525,-8.9470382637049,19.5285997482054,-17.8642165055573,1.20710478878704,1.28689965445247,-0.16274187444077
"BAZ1B_HUMAN---TOP2B_HUMAN",-74.0128354173795,43.050899968722,-13.5609702317736,12.3536348234929,-20.429693675672,-18.429059593252,4.34165179632446,0.00626804989086771,0.193080664159873,-0.022965791203073
"BCOR_HUMAN---KDM2B_HUMAN",-74.0128354173795,43.050899968722,-13.5609702317736,12.3536348234929,-20.429693675672,-18.429059593252,4.34165179632446,0.00626804989086771,0.193080664159873,-0.022965791203073
"B4E1U9_HUMAN---BORG1_HUMAN",-74.0128354173795,43.050899968722,-13.5609702317736,12.3536348234929,-20.429693675672,-18.429059593252,4.34165179632446,0.00626804989086771,0.193080664159873,-0.022965791203073
"BRD3_HUMAN---SRPK2_HUMAN",-15.3169755316906,72.4053013685965,32.8737725128999,-7.19925668833078,24.6158796812817,-6.32019492574695,10.5332125522605,12.6789763920408,12.3819211999169,20.7272437284404
"C1QBP_HUMAN---PRC2A_HUMAN",-74.0128354173795,43.050899968722,-13.5609702317736,12.3536348234929,-20.429693675672,-18.429059593252,4.34165179632446,0.00626804989086771,0.193080664159873,-0.022965791203073
"CADH1_HUMAN---CTNB1_HUMAN",-56.4469788381405,63.1881992868917,9.18988237643965,19.7603417570525,-8.9470382637049,19.5285997482054,-17.8642165055573,1.20710478878704,1.28689965445247,-0.16274187444077
"CBL_HUMAN---MYH9_HUMAN",-74.0128354173795,43.050899968722,-13.5609702317736,12.3536348234929,-20.429693675672,-18.429059593252,4.34165179632446,0.00626804989086771,0.193080664159873,-0.022965791203073
"CCDC6_HUMAN---E7ETM7_HUMAN",-15.3169755316906,72.4053013685965,32.8737725128999,-7.19925668833078,24.6158796812817,-6.32019492574695,10.5332125522605,12.6789763920408,12.3819211999169,20.7272437284404
"CCNL2_HUMAN---DYR1A_HUMAN",-74.0128354173795,43.050899968722,-13.5609702317736,12.3536348234929,-20.429693675672,-18.429059593252,4.34165179632446,0.00626804989086771,0.193080664159873,-0.022965791203073
"CDC20_HUMAN---MD2L1_HUMAN",-74.0128354173795,43.050899968722,-13.5609702317736,12.3536348234929,-20.429693675672,-18.429059593252,4.34165179632446,0.00626804989086771,0.193080664159873,-0.022965791203073
"C1QBP_HUMAN---CDK13_HUMAN",-74.0128354173795,43.050899968722,-13.5609702317736,12.3536348234929,-20.429693675672,-18.429059593252,4.34165179632446,0.00626804989086771,0.193080664159873,-0.022965791203073
"CDK1_HUMAN---DLG1_HUMAN",-74.0128354173795,43.050899968722,-13.5609702317736,12.3536348234929,-20.429693675672,-18.429059593252,4.34165179632446,0.00626804989086771,0.193080664159873,-0.022965791203073
"CDK1_HUMAN---NUMA1_HUMAN",-74.0128354173795,43.050899968722,-13.5609702317736,12.3536348234929,-20.429693675672,-18.429059593252,4.34165179632446,0.00626804989086771,0.193080664159873,-0.022965791203073
"CDK1_HUMAN---P3C2A_HUMAN",-74.0128354173795,43.050899968722,-13.5609702317736,12.3536348234929,-20.429693675672,-18.429059593252,4.34165179632446,0.00626804989086771,0.193080664159873,-0.022965791203073
"CDK1_HUMAN---PKN2_HUMAN",-56.4469788381405,63.1881992868917,9.18988237643965,19.7603417570525,-8.9470382637049,19.5285997482054,-17.8642165055573,1.20710478878704,1.28689965445247,-0.16274187444077
"CDK1_HUMAN---UBP2L_HUMAN",-74.0128354173795,43.050899968722,-13.5609702317736,12.3536348234929,-20.429693675672,-18.429059593252,4.34165179632446,0.00626804989086771,0.193080664159873,-0.022965791203073
"CDK2_HUMAN---NUFP2_HUMAN",-56.4469788381405,63.1881992868917,9.18988237643965,19.7603417570525,-8.9470382637049,19.5285997482054,-17.8642165055573,1.20710478878704,1.28689965445247,-0.16274187444077
"CHIP_HUMAN---SMAD1_HUMAN",-74.0128354173795,43.050899968722,-13.5609702317736,12.3536348234929,-20.429693675672,-18.429059593252,4.34165179632446,0.00626804989086771,0.193080664159873,-0.022965791203073
"CHIP_HUMAN---UB2D2_HUMAN",-74.0128354173795,43.050899968722,-13.5609702317736,12.3536348234929,-20.429693675672,-18.429059593252,4.34165179632446,0.00626804989086771,0.193080664159873,-0.022965791203073
"A4D1G0_HUMAN---CLASR_HUMAN",-56.4469788381405,63.1881992868917,9.18988237643965,19.7603417570525,-8.9470382637049,19.5285997482054,-17.8642165055573,1.20710478878704,1.28689965445247,-0.16274187444077
"CSK21_HUMAN---MGMT_HUMAN",-74.0128354173795,43.050899968722,-13.5609702317736,12.3536348234929,-20.429693675672,-18.429059593252,4.34165179632446,0.00626804989086771,0.193080664159873,-0.022965791203073
"CTNB1_HUMAN---IF2B1_HUMAN",2.19015871999275,70.446399913244,34.5323280027525,-19.2309198961182,27.0263196194036,-23.5025996608626,-6.84621076893949,4.31488828000148,9.41931113066936,1.68858774896031
"DC1L1_HUMAN---DC1L2_HUMAN",-56.4469788381405,63.1881992868917,9.18988237643965,19.7603417570525,-8.9470382637049,19.5285997482054,-17.8642165055573,1.20710478878704,1.28689965445247,-0.16274187444077
"DCAF8_HUMAN---SUV91_HUMAN",-36.3203862022643,71.9644188445134,26.2036116739592,8.47657765788802,12.7374946687481,17.0406710974977,25.1709665932535,-6.62010732931751,-5.8223083082687,-4.98030005791227
"DDA1_HUMAN---PWP1_HUMAN",-74.0128354173795,43.050899968722,-13.5609702317736,12.3536348234929,-20.429693675672,-18.429059593252,4.34165179632446,0.00626804989086771,0.193080664159873,-0.022965791203073
"DDX41_HUMAN---NKAP_HUMAN",-56.4469788381405,63.1881992868917,9.18988237643965,19.7603417570525,-8.9470382637049,19.5285997482054,-17.8642165055573,1.20710478878704,1.28689965445247,-0.16274187444077
"DDX42_HUMAN---MEPCE_HUMAN",-74.0128354173795,43.050899968722,-13.5609702317736,12.3536348234929,-20.429693675672,-18.429059593252,4.34165179632446,0.00626804989086771,0.193080664159873,-0.022965791203073
"DESP_HUMAN---PKP2_HUMAN",-36.3203862022643,71.9644188445134,26.2036116739592,8.47657765788802,12.7374946687481,17.0406710974977,25.1709665932535,-6.62010732931751,-5.8223083082687,-4.98030005791227
"DIDO1_HUMAN---HNRPK_HUMAN",-74.0128354173795,43.050899968722,-13.5609702317736,12.3536348234929,-20.429693675672,-18.429059593252,4.34165179632446,0.00626804989086771,0.193080664159873,-0.022965791203073
"DKC1_HUMAN---WDR48_HUMAN",-19.3208702605045,70.7554150905003,29.6120289805254,-4.89993718663469,20.5623702845534,-5.94334149635328,1.80969611557184,12.1799880785637,17.6906184696783,24.4327127514707
"DYR1A_HUMAN---SF3B1_HUMAN",-74.0128354173795,43.050899968722,-13.5609702317736,12.3536348234929,-20.429693675672,-18.429059593252,4.34165179632446,0.00626804989086771,0.193080664159873,-0.022965791203073
"E7ETM7_HUMAN---PTSS2_HUMAN",-18.6268030363826,68.5860272273581,28.2813781281056,-9.42590872061536,21.8367047662796,-14.9529104921864,17.3912318873209,10.6740092187924,17.4679016238994,23.8892870947893
"EDC3_HUMAN---EDC4_HUMAN",-74.0128354173795,43.050899968722,-13.5609702317736,12.3536348234929,-20.429693675672,-18.429059593252,4.34165179632446,0.00626804989086771,0.193080664159873,-0.022965791203073
"EF1A1_HUMAN---EF1B_HUMAN",-74.0128354173795,43.050899968722,-13.5609702317736,12.3536348234929,-20.429693675672,-18.429059593252,4.34165179632446,0.00626804989086771,0.193080664159873,-0.022965791203073
"B4DJ51_HUMAN---EGFR_HUMAN",-74.0128354173795,43.050899968722,-13.5609702317736,12.3536348234929,-20.429693675672,-18.429059593252,4.34165179632446,0.00626804989086771,0.193080664159873,-0.022965791203073
"EGFR_HUMAN---GSTP1_HUMAN",-36.3203862022643,71.9644188445134,26.2036116739592,8.47657765788802,12.7374946687481,17.0406710974977,25.1709665932535,-6.62010732931751,-5.8223083082687,-4.98030005791227
"AAGAB_HUMAN---EIF3C_HUMAN",-74.0128354173795,43.050899968722,-13.5609702317736,12.3536348234929,-20.429693675672,-18.429059593252,4.34165179632446,0.00626804989086771,0.193080664159873,-0.022965791203073
"EIF3B_HUMAN---EIF3C_HUMAN",-74.0128354173795,43.050899968722,-13.5609702317736,12.3536348234929,-20.429693675672,-18.429059593252,4.34165179632446,0.00626804989086771,0.193080664159873,-0.022965791203073
"ERF_HUMAN---MK01_HUMAN",-56.4469788381405,63.1881992868917,9.18988237643965,19.7603417570525,-8.9470382637049,19.5285997482054,-17.8642165055573,1.20710478878704,1.28689965445247,-0.16274187444077
"EYA4_HUMAN---SMRD1_HUMAN",-36.3203862022643,71.9644188445134,26.2036116739592,8.47657765788802,12.7374946687481,17.0406710974977,25.1709665932535,-6.62010732931751,-5.8223083082687,-4.98030005791227
"F122B_HUMAN---WDR48_HUMAN",-56.4469788381405,63.1881992868917,9.18988237643965,19.7603417570525,-8.9470382637049,19.5285997482054,-17.8642165055573,1.20710478878704,1.28689965445247,-0.16274187444077
"CHD3_HUMAN---F134A_HUMAN",-15.3169755316906,72.4053013685965,32.8737725128999,-7.19925668833078,24.6158796812817,-6.32019492574695,10.5332125522605,12.6789763920408,12.3819211999169,20.7272437284404
"FAK1_HUMAN---NASP_HUMAN",-74.0128354173795,43.050899968722,-13.5609702317736,12.3536348234929,-20.429693675672,-18.429059593252,4.34165179632446,0.00626804989086771,0.193080664159873,-0.022965791203073
"FIP1_HUMAN---SRC_HUMAN",-36.3203862022643,71.9644188445134,26.2036116739592,8.47657765788802,12.7374946687481,17.0406710974977,25.1709665932535,-6.62010732931751,-5.8223083082687,-4.98030005791227
"FUBP2_HUMAN---HNRH1_HUMAN",-36.3203862022643,71.9644188445134,26.2036116739592,8.47657765788802,12.7374946687481,17.0406710974977,25.1709665932535,-6.62010732931751,-5.8223083082687,-4.98030005791227
"CAV1_HUMAN---FYN_HUMAN",-36.3203862022643,71.9644188445134,26.2036116739592,8.47657765788802,12.7374946687481,17.0406710974977,25.1709665932535,-6.62010732931751,-5.8223083082687,-4.98030005791227
"DHX29_HUMAN---G4XH65_HUMAN",-31.8011553922622,68.797275255956,23.5028317890438,3.35251051018889,11.2559761484315,4.14561201559662,-0.367094486314243,24.750754179471,-7.25487070526131,8.8255387623664
"G4XH65_HUMAN---HS90A_HUMAN",-43.5673424968851,33.4708913262118,27.9245039853535,-5.86788673356932,12.9144215689158,-4.46445690649048,7.08526604637688,47.4639117731243,-25.585577267693,7.05355182432638
"GSTP1_HUMAN---SFR19_HUMAN",-36.3203862022643,71.9644188445134,26.2036116739592,8.47657765788802,12.7374946687481,17.0406710974977,25.1709665932535,-6.62010732931751,-5.8223083082687,-4.98030005791227
"CDK1_HUMAN---H14_HUMAN",-56.4469788381405,63.1881992868917,9.18988237643965,19.7603417570525,-8.9470382637049,19.5285997482054,-17.8642165055573,1.20710478878704,1.28689965445247,-0.16274187444077
"CSK21_HUMAN---HAP28_HUMAN",-74.0128354173795,43.050899968722,-13.5609702317736,12.3536348234929,-20.429693675672,-18.429059593252,4.34165179632446,0.00626804989086771,0.193080664159873,-0.022965791203073
"CCDC6_HUMAN---HDAC1_HUMAN",-15.3169755316906,72.4053013685965,32.8737725128999,-7.19925668833078,24.6158796812817,-6.32019492574695,10.5332125522605,12.6789763920408,12.3819211999169,20.7272437284404
"HDAC1_HUMAN---KDM1A_HUMAN",-19.3372486982861,70.7675249698638,29.6206582480443,-4.86923640742961,20.6182191217448,-5.8904969984069,1.5034801778543,12.6161810453557,18.771257113682,25.75651175273
"HDAC1_HUMAN---MTG8_HUMAN",-36.3203862022643,71.9644188445134,26.2036116739592,8.47657765788802,12.7374946687481,17.0406710974977,25.1709665932535,-6.62010732931751,-5.8223083082687,-4.98030005791227
"HDAC1_HUMAN---NCOR2_HUMAN",-56.4469788381405,63.1881992868917,9.18988237643965,19.7603417570525,-8.9470382637049,19.5285997482054,-17.8642165055573,1.20710478878704,1.28689965445247,-0.16274187444077
"HDAC1_HUMAN---P66B_HUMAN",-56.4469788381405,63.1881992868917,9.18988237643965,19.7603417570525,-8.9470382637049,19.5285997482054,-17.8642165055573,1.20710478878704,1.28689965445247,-0.16274187444077
"HDAC1_HUMAN---TOP2A_HUMAN",-74.0128354173795,43.050899968722,-13.5609702317736,12.3536348234929,-20.429693675672,-18.429059593252,4.34165179632446,0.00626804989086771,0.193080664159873,-0.022965791203073
"1433E_HUMAN---HDAC4_HUMAN",-74.0128354173795,43.050899968722,-13.5609702317736,12.3536348234929,-20.429693675672,-18.429059593252,4.34165179632446,0.00626804989086771,0.193080664159873,-0.022965791203073
"CG050_HUMAN---HDGF_HUMAN",-15.3169755316906,72.4053013685965,32.8737725128999,-7.19925668833078,24.6158796812817,-6.32019492574695,10.5332125522605,12.6789763920408,12.3819211999169,20.7272437284404
"HNRH1_HUMAN---ROA2_HUMAN",-56.4469788381405,63.1881992868917,9.18988237643965,19.7603417570525,-8.9470382637049,19.5285997482054,-17.8642165055573,1.20710478878704,1.28689965445247,-0.16274187444077
"HNRPK_HUMAN---SRC_HUMAN",-36.3203862022643,71.9644188445134,26.2036116739592,8.47657765788802,12.7374946687481,17.0406710974977,25.1709665932535,-6.62010732931751,-5.8223083082687,-4.98030005791227
"HS90B_HUMAN---LAR4B_HUMAN",-36.3203862022643,71.9644188445134,26.2036116739592,8.47657765788802,12.7374946687481,17.0406710974977,25.1709665932535,-6.62010732931751,-5.8223083082687,-4.98030005791227
"IF2B1_HUMAN---TRM7_HUMAN",61.0161576021184,44.2190430480759,6.08653713402646,-32.594807332996,-22.5809450908118,5.48363378793445,4.69643982537566,0.341781315679691,-4.49722262218889,22.6287301746621
"HN1_HUMAN---IMA1_HUMAN",-11.211510616581,14.5543260633024,-44.6193700913589,-0.907632547273305,-73.198482086182,13.4440673913279,17.8475750201045,-2.39537753411089,-3.5649805447307,10.9683818335965
"INADL_HUMAN---MPP5_HUMAN",-56.4469788381405,63.1881992868917,9.18988237643965,19.7603417570525,-8.9470382637049,19.5285997482054,-17.8642165055573,1.20710478878704,1.28689965445247,-0.16274187444077
"CTNB1_HUMAN---IQGA1_HUMAN",-36.3203862022643,71.9644188445134,26.2036116739592,8.47657765788802,12.7374946687481,17.0406710974977,25.1709665932535,-6.62010732931751,-5.8223083082687,-4.98030005791227
"IQGA1_HUMAN---PODXL_HUMAN",-36.3203862022643,71.9644188445134,26.2036116739592,8.47657765788802,12.7374946687481,17.0406710974977,25.1709665932535,-6.62010732931751,-5.8223083082687,-4.98030005791227
"ATF2_HUMAN---JUN_HUMAN",-36.3203862022643,71.9644188445134,26.2036116739592,8.47657765788802,12.7374946687481,17.0406710974977,25.1709665932535,-6.62010732931751,-5.8223083082687,-4.98030005791227
"ETS1_HUMAN---JUN_HUMAN",-74.0128354173795,43.050899968722,-13.5609702317736,12.3536348234929,-20.429693675672,-18.429059593252,4.34165179632446,0.00626804989086771,0.193080664159873,-0.022965791203073
"CAAP1_HUMAN---KAT7_HUMAN",-56.4469788381405,63.1881992868917,9.18988237643965,19.7603417570525,-8.9470382637049,19.5285997482054,-17.8642165055573,1.20710478878704,1.28689965445247,-0.16274187444077
"KCD12_HUMAN---OSBP1_HUMAN",-74.0128354173795,43.050899968722,-13.5609702317736,12.3536348234929,-20.429693675672,-18.429059593252,4.34165179632446,0.00626804989086771,0.193080664159873,-0.022965791203073
"KCRB_HUMAN---MIPT3_HUMAN",-74.0128354173795,43.050899968722,-13.5609702317736,12.3536348234929,-20.429693675672,-18.429059593252,4.34165179632446,0.00626804989086771,0.193080664159873,-0.022965791203073
"HDAC2_HUMAN---KDM5C_HUMAN",-15.3169755316906,72.4053013685965,32.8737725128999,-7.19925668833078,24.6158796812817,-6.32019492574695,10.5332125522605,12.6789763920408,12.3819211999169,20.7272437284404
"KLC4_HUMAN---LR16A_HUMAN",-74.0128354173795,43.050899968722,-13.5609702317736,12.3536348234929,-20.429693675672,-18.429059593252,4.34165179632446,0.00626804989086771,0.193080664159873,-0.022965791203073
"1433E_HUMAN---KPRB_HUMAN",-74.0128354173795,43.050899968722,-13.5609702317736,12.3536348234929,-20.429693675672,-18.429059593252,4.34165179632446,0.00626804989086771,0.193080664159873,-0.022965791203073
"KPRB_HUMAN---LRC47_HUMAN",-74.0128354173795,43.050899968722,-13.5609702317736,12.3536348234929,-20.429693675672,-18.429059593252,4.34165179632446,0.00626804989086771,0.193080664159873,-0.022965791203073
"BRAP_HUMAN---KSR1_HUMAN",-56.4469788381405,63.1881992868917,9.18988237643965,19.7603417570525,-8.9470382637049,19.5285997482054,-17.8642165055573,1.20710478878704,1.28689965445247,-0.16274187444077
"KSYK_HUMAN---LCK_HUMAN",-74.0128354173795,43.050899968722,-13.5609702317736,12.3536348234929,-20.429693675672,-18.429059593252,4.34165179632446,0.00626804989086771,0.193080664159873,-0.022965791203073
"CADH1_HUMAN---LIMA1_HUMAN",-56.4469788381405,63.1881992868917,9.18988237643965,19.7603417570525,-8.9470382637049,19.5285997482054,-17.8642165055573,1.20710478878704,1.28689965445247,-0.16274187444077
"LNX1_HUMAN---S6A15_HUMAN",-36.3203862022643,71.9644188445134,26.2036116739592,8.47657765788802,12.7374946687481,17.0406710974977,25.1709665932535,-6.62010732931751,-5.8223083082687,-4.98030005791227
"LNX1_HUMAN---T22D4_HUMAN",-36.3203862022643,71.9644188445134,26.2036116739592,8.47657765788802,12.7374946687481,17.0406710974977,25.1709665932535,-6.62010732931751,-5.8223083082687,-4.98030005791227
"M3K3_HUMAN---MARK2_HUMAN",-36.3203862022643,71.9644188445134,26.2036116739592,8.47657765788802,12.7374946687481,17.0406710974977,25.1709665932535,-6.62010732931751,-5.8223083082687,-4.98030005791227
"M3K3_HUMAN---SC16A_HUMAN",-36.3203862022643,71.9644188445134,26.2036116739592,8.47657765788802,12.7374946687481,17.0406710974977,25.1709665932535,-6.62010732931751,-5.8223083082687,-4.98030005791227
"MARK2_HUMAN---UTRO_HUMAN",-56.4469788381405,63.1881992868917,9.18988237643965,19.7603417570525,-8.9470382637049,19.5285997482054,-17.8642165055573,1.20710478878704,1.28689965445247,-0.16274187444077
"MBD1_HUMAN---MCAF1_HUMAN",-56.4469788381405,63.1881992868917,9.18988237643965,19.7603417570525,-8.9470382637049,19.5285997482054,-17.8642165055573,1.20710478878704,1.28689965445247,-0.16274187444077
"MBD1_HUMAN---SUV91_HUMAN",-56.4469788381405,63.1881992868917,9.18988237643965,19.7603417570525,-8.9470382637049,19.5285997482054,-17.8642165055573,1.20710478878704,1.28689965445247,-0.16274187444077
"MCM2_HUMAN---MCM6_HUMAN",-56.4469788381405,63.1881992868917,9.18988237643965,19.7603417570525,-8.9470382637049,19.5285997482054,-17.8642165055573,1.20710478878704,1.28689965445247,-0.16274187444077
"MCM6_HUMAN---SCNM1_HUMAN",-56.4469788381405,63.1881992868917,9.18988237643965,19.7603417570525,-8.9470382637049,19.5285997482054,-17.8642165055573,1.20710478878704,1.28689965445247,-0.16274187444077
"CDC20_HUMAN---MDC1_HUMAN",-74.0128354173795,43.050899968722,-13.5609702317736,12.3536348234929,-20.429693675672,-18.429059593252,4.34165179632446,0.00626804989086771,0.193080664159873,-0.022965791203073
"CHAP1_HUMAN---MDC1_HUMAN",-73.9078277459056,35.7343885899354,-5.29153559765174,15.6129248465392,-23.4242449506183,-20.4082539802938,5.07904091931382,4.98865854117802,-3.06725725640755,-0.326151996229522
"MDC1_HUMAN---UIMC1_HUMAN",-74.0128354173795,43.050899968722,-13.5609702317736,12.3536348234929,-20.429693675672,-18.429059593252,4.34165179632446,0.00626804989086771,0.193080664159873,-0.022965791203073
"MED12_HUMAN---MED8_HUMAN",-56.4469788381405,63.1881992868917,9.18988237643965,19.7603417570525,-8.9470382637049,19.5285997482054,-17.8642165055573,1.20710478878704,1.28689965445247,-0.16274187444077
"MFAP1_HUMAN---SNUT1_HUMAN",-56.4469788381405,63.1881992868917,9.18988237643965,19.7603417570525,-8.9470382637049,19.5285997482054,-17.8642165055573,1.20710478878704,1.28689965445247,-0.16274187444077
"MK09_HUMAN---WDR62_HUMAN",-56.4469788381405,63.1881992868917,9.18988237643965,19.7603417570525,-8.9470382637049,19.5285997482054,-17.8642165055573,1.20710478878704,1.28689965445247,-0.16274187444077
"MK13_HUMAN---STMN1_HUMAN",-36.3203862022643,71.9644188445134,26.2036116739592,8.47657765788802,12.7374946687481,17.0406710974977,25.1709665932535,-6.62010732931751,-5.8223083082687,-4.98030005791227
"JIP4_HUMAN---MK14_HUMAN",-74.0128354173795,43.050899968722,-13.5609702317736,12.3536348234929,-20.429693675672,-18.429059593252,4.34165179632446,0.00626804989086771,0.193080664159873,-0.022965791203073
"ML12A_HUMAN---TP53B_HUMAN",-15.3169755316906,72.4053013685965,32.8737725128999,-7.19925668833078,24.6158796812817,-6.32019492574695,10.5332125522605,12.6789763920408,12.3819211999169,20.7272437284404
"AMOT_HUMAN---MPP5_HUMAN",-56.4469788381405,63.1881992868917,9.18988237643965,19.7603417570525,-8.9470382637049,19.5285997482054,-17.8642165055573,1.20710478878704,1.28689965445247,-0.16274187444077
"CBLB_HUMAN---MYD88_HUMAN",-74.0128354173795,43.050899968722,-13.5609702317736,12.3536348234929,-20.429693675672,-18.429059593252,4.34165179632446,0.00626804989086771,0.193080664159873,-0.022965791203073
"AKA10_HUMAN---MYH9_HUMAN",-74.0128354173795,43.050899968722,-13.5609702317736,12.3536348234929,-20.429693675672,-18.429059593252,4.34165179632446,0.00626804989086771,0.193080664159873,-0.022965791203073
"MYH9_HUMAN---SVIL_HUMAN",-74.0128354173795,43.050899968722,-13.5609702317736,12.3536348234929,-20.429693675672,-18.429059593252,4.34165179632446,0.00626804989086771,0.193080664159873,-0.022965791203073
"CDK1_HUMAN---NIPA_HUMAN",-74.0128354173795,43.050899968722,-13.5609702317736,12.3536348234929,-20.429693675672,-18.429059593252,4.34165179632446,0.00626804989086771,0.193080664159873,-0.022965791203073
"EIF3G_HUMAN---ODPA_HUMAN",-36.3203862022643,71.9644188445134,26.2036116739592,8.47657765788802,12.7374946687481,17.0406710974977,25.1709665932535,-6.62010732931751,-5.8223083082687,-4.98030005791227
"OSBP1_HUMAN---ZRAB2_HUMAN",-74.0128354173795,43.050899968722,-13.5609702317736,12.3536348234929,-20.429693675672,-18.429059593252,4.34165179632446,0.00626804989086771,0.193080664159873,-0.022965791203073
"MTG8_HUMAN---OTUD4_HUMAN",-36.3203862022643,71.9644188445134,26.2036116739592,8.47657765788802,12.7374946687481,17.0406710974977,25.1709665932535,-6.62010732931751,-5.8223083082687,-4.98030005791227
"ARPC3_HUMAN---OTUD5_HUMAN",-36.3203862022643,71.9644188445134,26.2036116739592,8.47657765788802,12.7374946687481,17.0406710974977,25.1709665932535,-6.62010732931751,-5.8223083082687,-4.98030005791227
"OXSR1_HUMAN---WNK1_HUMAN",-74.0128354173795,43.050899968722,-13.5609702317736,12.3536348234929,-20.429693675672,-18.429059593252,4.34165179632446,0.00626804989086771,0.193080664159873,-0.022965791203073
"P53_HUMAN---TPC11_HUMAN",6.35434596265799,34.6916253814721,-21.8685174831457,6.49907438628625,-61.7158266742149,51.4017267327853,-4.35829328177724,-1.19454079521473,-2.4711615544381,10.8286057503588
"P53_HUMAN---ZN148_HUMAN",-74.0128354173795,43.050899968722,-13.5609702317736,12.3536348234929,-20.429693675672,-18.429059593252,4.34165179632446,0.00626804989086771,0.193080664159873,-0.022965791203073
"PAK4_HUMAN---PAXI_HUMAN",-56.4469788381405,63.1881992868917,9.18988237643965,19.7603417570525,-8.9470382637049,19.5285997482054,-17.8642165055573,1.20710478878704,1.28689965445247,-0.16274187444077
"PLK1_HUMAN---TOP2A_HUMAN",-36.3203862022643,71.9644188445134,26.2036116739592,8.47657765788802,12.7374946687481,17.0406710974977,25.1709665932535,-6.62010732931751,-5.8223083082687,-4.98030005791227
"PLK1_HUMAN---VRK3_HUMAN",-36.3203862022643,71.9644188445134,26.2036116739592,8.47657765788802,12.7374946687481,17.0406710974977,25.1709665932535,-6.62010732931751,-5.8223083082687,-4.98030005791227
"PRR12_HUMAN---PUM1_HUMAN",-56.4469788381405,63.1881992868917,9.18988237643965,19.7603417570525,-8.9470382637049,19.5285997482054,-17.8642165055573,1.20710478878704,1.28689965445247,-0.16274187444077
"PSA3_HUMAN---PSA5_HUMAN",-56.4469788381405,63.1881992868917,9.18988237643965,19.7603417570525,-8.9470382637049,19.5285997482054,-17.8642165055573,1.20710478878704,1.28689965445247,-0.16274187444077
"PUM1_HUMAN---SMAD1_HUMAN",-74.0128354173795,43.050899968722,-13.5609702317736,12.3536348234929,-20.429693675672,-18.429059593252,4.34165179632446,0.00626804989086771,0.193080664159873,-0.022965791203073
"CSK21_HUMAN---PURB_HUMAN",-74.0128354173795,43.050899968722,-13.5609702317736,12.3536348234929,-20.429693675672,-18.429059593252,4.34165179632446,0.00626804989086771,0.193080664159873,-0.022965791203073
"GLCI1_HUMAN---Q548N1_HUMAN",-15.3169755316906,72.4053013685965,32.8737725128999,-7.19925668833078,24.6158796812817,-6.32019492574695,10.5332125522605,12.6789763920408,12.3819211999169,20.7272437284404
"Q548N1_HUMAN---SMN_HUMAN",-15.3169755316906,72.4053013685965,32.8737725128999,-7.19925668833078,24.6158796812817,-6.32019492574695,10.5332125522605,12.6789763920408,12.3819211999169,20.7272437284404
"RAM_HUMAN---RBMX_HUMAN",-36.3203862022643,71.9644188445134,26.2036116739592,8.47657765788802,12.7374946687481,17.0406710974977,25.1709665932535,-6.62010732931751,-5.8223083082687,-4.98030005791227
"RBM10_HUMAN---SF3A1_HUMAN",-56.4469788381405,63.1881992868917,9.18988237643965,19.7603417570525,-8.9470382637049,19.5285997482054,-17.8642165055573,1.20710478878704,1.28689965445247,-0.16274187444077
"RBM10_HUMAN---SUGP1_HUMAN",-56.4469788381405,63.1881992868917,9.18988237643965,19.7603417570525,-8.9470382637049,19.5285997482054,-17.8642165055573,1.20710478878704,1.28689965445247,-0.16274187444077
"RBM39_HUMAN---SRPK2_HUMAN",-15.3169755316906,72.4053013685965,32.8737725128999,-7.19925668833078,24.6158796812817,-6.32019492574695,10.5332125522605,12.6789763920408,12.3819211999169,20.7272437284404
"A4D1G0_HUMAN---RB_HUMAN",-56.4469788381405,63.1881992868917,9.18988237643965,19.7603417570525,-8.9470382637049,19.5285997482054,-17.8642165055573,1.20710478878704,1.28689965445247,-0.16274187444077
"ROA2_HUMAN---YBOX1_HUMAN",-56.4469788381405,63.1881992868917,9.18988237643965,19.7603417570525,-8.9470382637049,19.5285997482054,-17.8642165055573,1.20710478878704,1.28689965445247,-0.16274187444077
"RSF1_HUMAN---SMCA5_HUMAN",-56.4469788381405,63.1881992868917,9.18988237643965,19.7603417570525,-8.9470382637049,19.5285997482054,-17.8642165055573,1.20710478878704,1.28689965445247,-0.16274187444077
"RU17_HUMAN---ZRAB2_HUMAN",-74.0128354173795,43.050899968722,-13.5609702317736,12.3536348234929,-20.429693675672,-18.429059593252,4.34165179632446,0.00626804989086771,0.193080664159873,-0.022965791203073
"OXSR1_HUMAN---SCFD1_HUMAN",-74.0128354173795,43.050899968722,-13.5609702317736,12.3536348234929,-20.429693675672,-18.429059593252,4.34165179632446,0.00626804989086771,0.193080664159873,-0.022965791203073
"SEPT2_HUMAN---SRRM2_HUMAN",-56.4469788381405,63.1881992868917,9.18988237643965,19.7603417570525,-8.9470382637049,19.5285997482054,-17.8642165055573,1.20710478878704,1.28689965445247,-0.16274187444077
"SIN3A_HUMAN---SMRC1_HUMAN",-74.0128354173795,43.050899968722,-13.5609702317736,12.3536348234929,-20.429693675672,-18.429059593252,4.34165179632446,0.00626804989086771,0.193080664159873,-0.022965791203073
"SKA1_HUMAN---SKA3_HUMAN",-56.4469788381405,63.1881992868917,9.18988237643965,19.7603417570525,-8.9470382637049,19.5285997482054,-17.8642165055573,1.20710478878704,1.28689965445247,-0.16274187444077
"D0PNI1_HUMAN---SMAG2_HUMAN",-74.0128354173795,43.050899968722,-13.5609702317736,12.3536348234929,-20.429693675672,-18.429059593252,4.34165179632446,0.00626804989086771,0.193080664159873,-0.022965791203073
"BZW2_HUMAN---SMAP_HUMAN",-56.4469788381405,63.1881992868917,9.18988237643965,19.7603417570525,-8.9470382637049,19.5285997482054,-17.8642165055573,1.20710478878704,1.28689965445247,-0.16274187444077
"SMRC1_HUMAN---SMRD1_HUMAN",-36.3203862022643,71.9644188445134,26.2036116739592,8.47657765788802,12.7374946687481,17.0406710974977,25.1709665932535,-6.62010732931751,-5.8223083082687,-4.98030005791227
"SNTB1_HUMAN---UTRO_HUMAN",-56.4469788381405,63.1881992868917,9.18988237643965,19.7603417570525,-8.9470382637049,19.5285997482054,-17.8642165055573,1.20710478878704,1.28689965445247,-0.16274187444077
"SNUT1_HUMAN---U520_HUMAN",-56.4469788381405,63.1881992868917,9.18988237643965,19.7603417570525,-8.9470382637049,19.5285997482054,-17.8642165055573,1.20710478878704,1.28689965445247,-0.16274187444077
"DIDO1_HUMAN---SON_HUMAN",-74.0128354173795,43.050899968722,-13.5609702317736,12.3536348234929,-20.429693675672,-18.429059593252,4.34165179632446,0.00626804989086771,0.193080664159873,-0.022965791203073
"SPTB2_HUMAN---SPTN1_HUMAN",-56.4469788381405,63.1881992868917,9.18988237643965,19.7603417570525,-8.9470382637049,19.5285997482054,-17.8642165055573,1.20710478878704,1.28689965445247,-0.16274187444077
"CK052_HUMAN---SRPK1_HUMAN",-56.4469788381405,63.1881992868917,9.18988237643965,19.7603417570525,-8.9470382637049,19.5285997482054,-17.8642165055573,1.20710478878704,1.28689965445247,-0.16274187444077
"RU17_HUMAN---SRPK1_HUMAN",-56.4469788381405,63.1881992868917,9.18988237643965,19.7603417570525,-8.9470382637049,19.5285997482054,-17.8642165055573,1.20710478878704,1.28689965445247,-0.16274187444077
"SNUT1_HUMAN---SRSF4_HUMAN",-56.4469788381405,63.1881992868917,9.18988237643965,19.7603417570525,-8.9470382637049,19.5285997482054,-17.8642165055573,1.20710478878704,1.28689965445247,-0.16274187444077
"CTR9_HUMAN---SSRP1_HUMAN",-36.3203862022643,71.9644188445134,26.2036116739592,8.47657765788802,12.7374946687481,17.0406710974977,25.1709665932535,-6.62010732931751,-5.8223083082687,-4.98030005791227
"GRB2_HUMAN---ST32C_HUMAN",-74.0128354173795,43.050899968722,-13.5609702317736,12.3536348234929,-20.429693675672,-18.429059593252,4.34165179632446,0.00626804989086771,0.193080664159873,-0.022965791203073
"HS90B_HUMAN---STML2_HUMAN",-56.4469788381405,63.1881992868917,9.18988237643965,19.7603417570525,-8.9470382637049,19.5285997482054,-17.8642165055573,1.20710478878704,1.28689965445247,-0.16274187444077
"STRN4_HUMAN---WIPI2_HUMAN",-74.0128354173795,43.050899968722,-13.5609702317736,12.3536348234929,-20.429693675672,-18.429059593252,4.34165179632446,0.00626804989086771,0.193080664159873,-0.022965791203073
"CCNK_HUMAN---STX11_HUMAN",-36.3203862022643,71.9644188445134,26.2036116739592,8.47657765788802,12.7374946687481,17.0406710974977,25.1709665932535,-6.62010732931751,-5.8223083082687,-4.98030005791227
"S38A2_HUMAN---STX11_HUMAN",-36.3203862022643,71.9644188445134,26.2036116739592,8.47657765788802,12.7374946687481,17.0406710974977,25.1709665932535,-6.62010732931751,-5.8223083082687,-4.98030005791227
"C170B_HUMAN---SUMO1_HUMAN",-56.4469788381405,63.1881992868917,9.18988237643965,19.7603417570525,-8.9470382637049,19.5285997482054,-17.8642165055573,1.20710478878704,1.28689965445247,-0.16274187444077
"P53_HUMAN---SUMO1_HUMAN",-56.4469788381405,63.1881992868917,9.18988237643965,19.7603417570525,-8.9470382637049,19.5285997482054,-17.8642165055573,1.20710478878704,1.28689965445247,-0.16274187444077
"TB10B_HUMAN---TERA_HUMAN",-74.0128354173795,43.050899968722,-13.5609702317736,12.3536348234929,-20.429693675672,-18.429059593252,4.34165179632446,0.00626804989086771,0.193080664159873,-0.022965791203073
"KCRB_HUMAN---TBCB_HUMAN",-74.0128354173795,43.050899968722,-13.5609702317736,12.3536348234929,-20.429693675672,-18.429059593252,4.34165179632446,0.00626804989086771,0.193080664159873,-0.022965791203073
"MEP50_HUMAN---TBCD4_HUMAN",-56.4469788381405,63.1881992868917,9.18988237643965,19.7603417570525,-8.9470382637049,19.5285997482054,-17.8642165055573,1.20710478878704,1.28689965445247,-0.16274187444077
"ETS1_HUMAN---TCAL3_HUMAN",-74.0128354173795,43.050899968722,-13.5609702317736,12.3536348234929,-20.429693675672,-18.429059593252,4.34165179632446,0.00626804989086771,0.193080664159873,-0.022965791203073
"PCNP_HUMAN---TE2IP_HUMAN",-74.0128354173795,43.050899968722,-13.5609702317736,12.3536348234929,-20.429693675672,-18.429059593252,4.34165179632446,0.00626804989086771,0.193080664159873,-0.022965791203073
"PP6R3_HUMAN---TE2IP_HUMAN",-74.0128354173795,43.050899968722,-13.5609702317736,12.3536348234929,-20.429693675672,-18.429059593252,4.34165179632446,0.00626804989086771,0.193080664159873,-0.022965791203073
"NSF1C_HUMAN---TERA_HUMAN",-74.0128354173795,43.050899968722,-13.5609702317736,12.3536348234929,-20.429693675672,-18.429059593252,4.34165179632446,0.00626804989086771,0.193080664159873,-0.022965791203073
"CLSPN_HUMAN---TIM_HUMAN",-74.0128354173795,43.050899968722,-13.5609702317736,12.3536348234929,-20.429693675672,-18.429059593252,4.34165179632446,0.00626804989086771,0.193080664159873,-0.022965791203073
"DLG1_HUMAN---TJAP1_HUMAN",-74.0128354173795,43.050899968722,-13.5609702317736,12.3536348234929,-20.429693675672,-18.429059593252,4.34165179632446,0.00626804989086771,0.193080664159873,-0.022965791203073
"ATF2_HUMAN---TMX1_HUMAN",-36.3203862022643,71.9644188445134,26.2036116739592,8.47657765788802,12.7374946687481,17.0406710974977,25.1709665932535,-6.62010732931751,-5.8223083082687,-4.98030005791227
"MDC1_HUMAN---TOPB1_HUMAN",-74.0128354173795,43.050899968722,-13.5609702317736,12.3536348234929,-20.429693675672,-18.429059593252,4.34165179632446,0.00626804989086771,0.193080664159873,-0.022965791203073
"TICRR_HUMAN---TOPB1_HUMAN",-74.0128354173795,43.050899968722,-13.5609702317736,12.3536348234929,-20.429693675672,-18.429059593252,4.34165179632446,0.00626804989086771,0.193080664159873,-0.022965791203073
"TPC11_HUMAN---TPC12_HUMAN",-56.4469788381405,63.1881992868917,9.18988237643965,19.7603417570525,-8.9470382637049,19.5285997482054,-17.8642165055573,1.20710478878704,1.28689965445247,-0.16274187444077
"TRAD1_HUMAN---TRAF6_HUMAN",-36.3203862022643,71.9644188445134,26.2036116739592,8.47657765788802,12.7374946687481,17.0406710974977,25.1709665932535,-6.62010732931751,-5.8223083082687,-4.98030005791227
"KSYK_HUMAN---TRAF6_HUMAN",-36.3203862022643,71.9644188445134,26.2036116739592,8.47657765788802,12.7374946687481,17.0406710974977,25.1709665932535,-6.62010732931751,-5.8223083082687,-4.98030005791227
"KDM1A_HUMAN---TTC33_HUMAN",-19.3372486982861,70.7675249698638,29.6206582480443,-4.86923640742961,20.6182191217448,-5.8904969984069,1.5034801778543,12.6161810453557,18.771257113682,25.75651175273
"TXLNA_HUMAN---XRN2_HUMAN",-74.0128354173795,43.050899968722,-13.5609702317736,12.3536348234929,-20.429693675672,-18.429059593252,4.34165179632446,0.00626804989086771,0.193080664159873,-0.022965791203073
"TRI18_HUMAN---UB2D2_HUMAN",-74.0128354173795,43.050899968722,-13.5609702317736,12.3536348234929,-20.429693675672,-18.429059593252,4.34165179632446,0.00626804989086771,0.193080664159873,-0.022965791203073
"HERC2_HUMAN---UBP16_HUMAN",-56.4469788381405,63.1881992868917,9.18988237643965,19.7603417570525,-8.9470382637049,19.5285997482054,-17.8642165055573,1.20710478878704,1.28689965445247,-0.16274187444077
"CSTFT_HUMAN---UBQL1_HUMAN",-56.4469788381405,63.1881992868917,9.18988237643965,19.7603417570525,-8.9470382637049,19.5285997482054,-17.8642165055573,1.20710478878704,1.28689965445247,-0.16274187444077
"HGS_HUMAN---UBQL1_HUMAN",-56.4469788381405,63.1881992868917,9.18988237643965,19.7603417570525,-8.9470382637049,19.5285997482054,-17.8642165055573,1.20710478878704,1.28689965445247,-0.16274187444077
"UNK_HUMAN---ZFY19_HUMAN",-56.4469788381405,63.1881992868917,9.18988237643965,19.7603417570525,-8.9470382637049,19.5285997482054,-17.8642165055573,1.20710478878704,1.28689965445247,-0.16274187444077
"UNK_HUMAN---ZRAB2_HUMAN",-74.0128354173795,43.050899968722,-13.5609702317736,12.3536348234929,-20.429693675672,-18.429059593252,4.34165179632446,0.00626804989086771,0.193080664159873,-0.022965791203073
"MIPT3_HUMAN---WAC_HUMAN",-74.0128354173795,43.050899968722,-13.5609702317736,12.3536348234929,-20.429693675672,-18.429059593252,4.34165179632446,0.00626804989086771,0.193080664159873,-0.022965791203073
"SMC3_HUMAN---WAPL_HUMAN",-74.0128354173795,43.050899968722,-13.5609702317736,12.3536348234929,-20.429693675672,-18.429059593252,4.34165179632446,0.00626804989086771,0.193080664159873,-0.022965791203073
"B4E1U9_HUMAN---WASL_HUMAN",-74.0128354173795,43.050899968722,-13.5609702317736,12.3536348234929,-20.429693675672,-18.429059593252,4.34165179632446,0.00626804989086771,0.193080664159873,-0.022965791203073
"NADAP_HUMAN---WIPF2_HUMAN",-36.3203862022643,71.9644188445134,26.2036116739592,8.47657765788802,12.7374946687481,17.0406710974977,25.1709665932535,-6.62010732931751,-5.8223083082687,-4.98030005791227
"RUSD2_HUMAN---WRIP1_HUMAN",-36.3203862022643,71.9644188445134,26.2036116739592,8.47657765788802,12.7374946687481,17.0406710974977,25.1709665932535,-6.62010732931751,-5.8223083082687,-4.98030005791227
"TIF1B_HUMAN---WRIP1_HUMAN",-36.3203862022643,71.9644188445134,26.2036116739592,8.47657765788802,12.7374946687481,17.0406710974977,25.1709665932535,-6.62010732931751,-5.8223083082687,-4.98030005791227
"MEPCE_HUMAN---YRDC_HUMAN",-74.0128354173795,43.050899968722,-13.5609702317736,12.3536348234929,-20.429693675672,-18.429059593252,4.34165179632446,0.00626804989086771,0.193080664159873,-0.022965791203073
"BCOR_HUMAN---ZBT7A_HUMAN",-74.0128354173795,43.050899968722,-13.5609702317736,12.3536348234929,-20.429693675672,-18.429059593252,4.34165179632446,0.00626804989086771,0.193080664159873,-0.022965791203073
"P53_HUMAN---ZBT7A_HUMAN",-74.0128354173795,43.050899968722,-13.5609702317736,12.3536348234929,-20.429693675672,-18.429059593252,4.34165179632446,0.00626804989086771,0.193080664159873,-0.022965791203073
"DDX3Y_HUMAN---G4XH65_HUMAN",7.16735986398994,14.7196308295909,10.16974626536,-22.9762206638603,-17.2916761330152,2.44657313170273,3.03874063970743,65.687811437491,-51.4036739820299,-6.32413346284679
"DDX54_HUMAN---G4XH65_HUMAN",7.16735986398994,14.7196308295909,10.16974626536,-22.9762206638603,-17.2916761330152,2.44657313170273,3.03874063970743,65.687811437491,-51.4036739820299,-6.32413346284679
"ATRX_HUMAN---Z512B_HUMAN",27.4431683129229,61.8780178795162,26.1220138725132,-30.7714112546842,11.5997732770058,-23.33984269929,-17.7052173671233,-16.119148593007,-18.7109389848791,2.16960265236131
"ADCY6_HUMAN---ATX1_HUMAN",48.7766021279411,52.1098546310932,14.883011145273,-35.295161796598,-8.10532849380804,-10.910848656022,-11.6761523387741,-18.7024105593284,-22.9230231847977,13.9225304878861
"ATX1_HUMAN---CHIP_HUMAN",48.7766021279411,52.1098546310932,14.883011145273,-35.295161796598,-8.10532849380804,-10.910848656022,-11.6761523387741,-18.7024105593284,-22.9230231847977,13.9225304878861
"BARD1_HUMAN---TPC11_HUMAN",6.36944533839746,69.5804108724987,34.1540395497945,-21.9054237949952,27.0679637391513,-27.009990870339,-11.5986082048525,4.62902083609309,7.36635457919849,-12.8824421726299
"ARMX3_HUMAN---BCAR1_HUMAN",48.7766021279411,52.1098546310932,14.883011145273,-35.295161796598,-8.10532849380804,-10.910848656022,-11.6761523387741,-18.7024105593284,-22.9230231847977,13.9225304878861
"CCD97_HUMAN---SRPK2_HUMAN",6.36944533839746,69.5804108724987,34.1540395497945,-21.9054237949952,27.0679637391513,-27.009990870339,-11.5986082048525,4.62902083609309,7.36635457919849,-12.8824421726299
"CDK1_HUMAN---UNG_HUMAN",6.36944533839746,69.5804108724987,34.1540395497945,-21.9054237949952,27.0679637391513,-27.009990870339,-11.5986082048525,4.62902083609309,7.36635457919849,-12.8824421726299
"C2CD5_HUMAN---CDK5_HUMAN",6.36944533839746,69.5804108724987,34.1540395497945,-21.9054237949952,27.0679637391513,-27.009990870339,-11.5986082048525,4.62902083609309,7.36635457919849,-12.8824421726299
"CAND1_HUMAN---CUL4B_HUMAN",6.36944533839746,69.5804108724987,34.1540395497945,-21.9054237949952,27.0679637391513,-27.009990870339,-11.5986082048525,4.62902083609309,7.36635457919849,-12.8824421726299
"ESF1_HUMAN---SUMO2_HUMAN",48.7766021279411,52.1098546310932,14.883011145273,-35.295161796598,-8.10532849380804,-10.910848656022,-11.6761523387741,-18.7024105593284,-22.9230231847977,13.9225304878861
"ATX1_HUMAN---FA21C_HUMAN",48.7766021279411,52.1098546310932,14.883011145273,-35.295161796598,-8.10532849380804,-10.910848656022,-11.6761523387741,-18.7024105593284,-22.9230231847977,13.9225304878861
"GNL1_HUMAN---RAD21_HUMAN",48.7766021279411,52.1098546310932,14.883011145273,-35.295161796598,-8.10532849380804,-10.910848656022,-11.6761523387741,-18.7024105593284,-22.9230231847977,13.9225304878861
"ARMX3_HUMAN---GPN1_HUMAN",48.7766021279411,52.1098546310932,14.883011145273,-35.295161796598,-8.10532849380804,-10.910848656022,-11.6761523387741,-18.7024105593284,-22.9230231847977,13.9225304878861
"HN1_HUMAN---SEPT9_HUMAN",6.36944533839746,69.5804108724987,34.1540395497945,-21.9054237949952,27.0679637391513,-27.009990870339,-11.5986082048525,4.62902083609309,7.36635457919849,-12.8824421726299
"HS90A_HUMAN---HSF1_HUMAN",6.36944533839746,69.5804108724987,34.1540395497945,-21.9054237949952,27.0679637391513,-27.009990870339,-11.5986082048525,4.62902083609309,7.36635457919849,-12.8824421726299
"HTSF1_HUMAN---Z512B_HUMAN",6.36944533839746,69.5804108724987,34.1540395497945,-21.9054237949952,27.0679637391513,-27.009990870339,-11.5986082048525,4.62902083609309,7.36635457919849,-12.8824421726299
"BARD1_HUMAN---LARP1_HUMAN",6.36944533839746,69.5804108724987,34.1540395497945,-21.9054237949952,27.0679637391513,-27.009990870339,-11.5986082048525,4.62902083609309,7.36635457919849,-12.8824421726299
"LARP4_HUMAN---SUMO2_HUMAN",27.4431683129229,61.8780178795162,26.1220138725132,-30.7714112546842,11.5997732770058,-23.33984269929,-17.7052173671233,-16.119148593007,-18.7109389848791,2.16960265236131
"CAND1_HUMAN---MCM9_HUMAN",6.36944533839746,69.5804108724987,34.1540395497945,-21.9054237949952,27.0679637391513,-27.009990870339,-11.5986082048525,4.62902083609309,7.36635457919849,-12.8824421726299
"MDM2_HUMAN---TM87A_HUMAN",48.7766021279411,52.1098546310932,14.883011145273,-35.295161796598,-8.10532849380804,-10.910848656022,-11.6761523387741,-18.7024105593284,-22.9230231847977,13.9225304878861
"MK01_HUMAN---YBOX3_HUMAN",6.36944533839746,69.5804108724987,34.1540395497945,-21.9054237949952,27.0679637391513,-27.009990870339,-11.5986082048525,4.62902083609309,7.36635457919849,-12.8824421726299
"CDCA5_HUMAN---MK03_HUMAN",6.36944533839746,69.5804108724987,34.1540395497945,-21.9054237949952,27.0679637391513,-27.009990870339,-11.5986082048525,4.62902083609309,7.36635457919849,-12.8824421726299
"MMS19_HUMAN---NUP53_HUMAN",48.7766021279411,52.1098546310932,14.883011145273,-35.295161796598,-8.10532849380804,-10.910848656022,-11.6761523387741,-18.7024105593284,-22.9230231847977,13.9225304878861
"HDAC1_HUMAN---MYC_HUMAN",6.36944533839746,69.5804108724987,34.1540395497945,-21.9054237949952,27.0679637391513,-27.009990870339,-11.5986082048525,4.62902083609309,7.36635457919849,-12.8824421726299
"MYC_HUMAN---NOL9_HUMAN",6.36944533839746,69.5804108724987,34.1540395497945,-21.9054237949952,27.0679637391513,-27.009990870339,-11.5986082048525,4.62902083609309,7.36635457919849,-12.8824421726299
"MYH10_HUMAN---Z512B_HUMAN",6.36944533839746,69.5804108724987,34.1540395497945,-21.9054237949952,27.0679637391513,-27.009990870339,-11.5986082048525,4.62902083609309,7.36635457919849,-12.8824421726299
"ARIP4_HUMAN---PIAS1_HUMAN",6.36944533839746,69.5804108724987,34.1540395497945,-21.9054237949952,27.0679637391513,-27.009990870339,-11.5986082048525,4.62902083609309,7.36635457919849,-12.8824421726299
"PSA3_HUMAN---PSA7_HUMAN",27.4431683129229,61.8780178795162,26.1220138725132,-30.7714112546842,11.5997732770058,-23.33984269929,-17.7052173671233,-16.119148593007,-18.7109389848791,2.16960265236131
"PSA7_HUMAN---SAMD1_HUMAN",27.4431683129229,61.8780178795162,26.1220138725132,-30.7714112546842,11.5997732770058,-23.33984269929,-17.7052173671233,-16.119148593007,-18.7109389848791,2.16960265236131
"LCK_HUMAN---PSRC1_HUMAN",27.4431683129229,61.8780178795162,26.1220138725132,-30.7714112546842,11.5997732770058,-23.33984269929,-17.7052173671233,-16.119148593007,-18.7109389848791,2.16960265236131
"NUP98_HUMAN---RAE1L_HUMAN",6.36944533839746,69.5804108724987,34.1540395497945,-21.9054237949952,27.0679637391513,-27.009990870339,-11.5986082048525,4.62902083609309,7.36635457919849,-12.8824421726299
"DDA1_HUMAN---SEPT9_HUMAN",6.36944533839746,69.5804108724987,34.1540395497945,-21.9054237949952,27.0679637391513,-27.009990870339,-11.5986082048525,4.62902083609309,7.36635457919849,-12.8824421726299
"CDCA5_HUMAN---SMC3_HUMAN",6.36944533839746,69.5804108724987,34.1540395497945,-21.9054237949952,27.0679637391513,-27.009990870339,-11.5986082048525,4.62902083609309,7.36635457919849,-12.8824421726299
"RAD21_HUMAN---SMC3_HUMAN",48.7766021279411,52.1098546310932,14.883011145273,-35.295161796598,-8.10532849380804,-10.910848656022,-11.6761523387741,-18.7024105593284,-22.9230231847977,13.9225304878861
"CSK21_HUMAN---WDR55_HUMAN",27.4431683129229,61.8780178795162,26.1220138725132,-30.7714112546842,11.5997732770058,-23.33984269929,-17.7052173671233,-16.119148593007,-18.7109389848791,2.16960265236131
"RIF1_HUMAN---WDR62_HUMAN",27.4431683129229,61.8780178795162,26.1220138725132,-30.7714112546842,11.5997732770058,-23.33984269929,-17.7052173671233,-16.119148593007,-18.7109389848791,2.16960265236131
"RAE1L_HUMAN---WDR75_HUMAN",6.36944533839746,69.5804108724987,34.1540395497945,-21.9054237949952,27.0679637391513,-27.009990870339,-11.5986082048525,4.62902083609309,7.36635457919849,-12.8824421726299
"XRCC6_HUMAN---Z512B_HUMAN",27.4431683129229,61.8780178795162,26.1220138725132,-30.7714112546842,11.5997732770058,-23.33984269929,-17.7052173671233,-16.119148593007,-18.7109389848791,2.16960265236131
"HAUS6_HUMAN---YBOX3_HUMAN",6.36944533839746,69.5804108724987,34.1540395497945,-21.9054237949952,27.0679637391513,-27.009990870339,-11.5986082048525,4.62902083609309,7.36635457919849,-12.8824421726299
"MMS19_HUMAN---ZN318_HUMAN",48.7766021279411,52.1098546310932,14.883011145273,-35.295161796598,-8.10532849380804,-10.910848656022,-11.6761523387741,-18.7024105593284,-22.9230231847977,13.9225304878861
"SCAFB_HUMAN---STAT3_HUMAN",10.474910253507,11.7294355672045,-43.3391030544644,-15.6137996539378,-70.7463980283124,-7.24572855326418,-4.28424573700859,-10.4453330900586,-8.58054716544908,-22.6413040674738
"MCAF1_HUMAN---SENP3_HUMAN",51.6049135599569,20.9465376489094,-19.6552129180041,-42.573398099321,-37.1834800833258,-33.0945232272165,24.1131833208092,1.02653851319516,2.51447438001532,-1.75131846459263
"ACTB_HUMAN---CBL_HUMAN",86.139397636868,25.5678291529243,-18.5728721123766,3.25074259793547,3.51433183147555,0.804483221994247,0.286808009541649,0.354982131893467,0.272782010281219,-0.134449319282925
"CDK1_HUMAN---NUP50_HUMAN",86.139397636868,25.5678291529243,-18.5728721123766,3.25074259793547,3.51433183147555,0.804483221994247,0.286808009541649,0.354982131893467,0.272782010281219,-0.134449319282925
"EPHA3_HUMAN---FYN_HUMAN",86.139397636868,25.5678291529243,-18.5728721123766,3.25074259793547,3.51433183147555,0.804483221994247,0.286808009541649,0.354982131893467,0.272782010281219,-0.134449319282925
"JUN_HUMAN---MK01_HUMAN",76.5217333055167,34.6951717080561,-6.20667829790684,-19.1843727292337,-13.7802792193431,3.31936518602512,1.38346768755202,2.07911132705007,3.31651861004451,-2.5275411041223
"MK03_HUMAN---PAXI_HUMAN",86.139397636868,25.5678291529243,-18.5728721123766,3.25074259793547,3.51433183147555,0.804483221994247,0.286808009541649,0.354982131893467,0.272782010281219,-0.134449319282925
"DDX21_HUMAN---SPB1_HUMAN",72.8510246531355,38.1099832453511,-2.01818657016592,-27.5683531756029,-19.6717721480036,4.30923526203644,1.67650792127746,2.35235862951147,3.54667413037029,-2.27473221502657
"CDK1_HUMAN---TOP2B_HUMAN",86.139397636868,25.5678291529243,-18.5728721123766,3.25074259793547,3.51433183147555,0.804483221994247,0.286808009541649,0.354982131893467,0.272782010281219,-0.134449319282925
"1433B_HUMAN---LSR_HUMAN",69.2652363761042,3.85093752286418,43.6791523351031,-20.3009201954861,-35.6505262135421,0.403714312783303,1.91548606977974,1.49447886461165,3.25546043957449,-1.6593725528614
"1433G_HUMAN---ANS1A_HUMAN",69.2652363761042,3.85093752286418,43.6791523351031,-20.3009201954861,-35.6505262135421,0.403714312783303,1.91548606977974,1.49447886461165,3.25546043957449,-1.6593725528614
"ARHG7_HUMAN---PAK1_HUMAN",69.2652363761042,3.85093752286418,43.6791523351031,-20.3009201954861,-35.6505262135421,0.403714312783303,1.91548606977974,1.49447886461165,3.25546043957449,-1.6593725528614
"CSN5_HUMAN---LRC47_HUMAN",69.2652363761042,3.85093752286418,43.6791523351031,-20.3009201954861,-35.6505262135421,0.403714312783303,1.91548606977974,1.49447886461165,3.25546043957449,-1.6593725528614
"E9PAU2_HUMAN---SUMO2_HUMAN",69.2652363761042,3.85093752286418,43.6791523351031,-20.3009201954861,-35.6505262135421,0.403714312783303,1.91548606977974,1.49447886461165,3.25546043957449,-1.6593725528614
"FRIH_HUMAN---GRB2_HUMAN",69.2652363761042,3.85093752286418,43.6791523351031,-20.3009201954861,-35.6505262135421,0.403714312783303,1.91548606977974,1.49447886461165,3.25546043957449,-1.6593725528614
"G4XH65_HUMAN---LYRIC_HUMAN",69.4301855225836,26.3397807970777,19.7254211787546,-29.321109903228,-30.8813453305443,2.27277325095826,2.82644518355214,10.8606870700738,-1.88197174377006,-2.36958324366017
"CHD3_HUMAN---GIT1_HUMAN",69.2652363761042,3.85093752286418,43.6791523351031,-20.3009201954861,-35.6505262135421,0.403714312783303,1.91548606977974,1.49447886461165,3.25546043957449,-1.6593725528614
"1433B_HUMAN---IGF1R_HUMAN",69.2652363761042,3.85093752286418,43.6791523351031,-20.3009201954861,-35.6505262135421,0.403714312783303,1.91548606977974,1.49447886461165,3.25546043957449,-1.6593725528614
"CSN5_HUMAN---JUN_HUMAN",69.2652363761042,3.85093752286418,43.6791523351031,-20.3009201954861,-35.6505262135421,0.403714312783303,1.91548606977974,1.49447886461165,3.25546043957449,-1.6593725528614
"LAS1L_HUMAN---PNKP_HUMAN",69.2652363761042,3.85093752286418,43.6791523351031,-20.3009201954861,-35.6505262135421,0.403714312783303,1.91548606977974,1.49447886461165,3.25546043957449,-1.6593725528614
"DREB_HUMAN---MARCS_HUMAN",72.6632413092405,0.889226707599928,39.9024800357659,-13.1018486066301,-30.7509508673562,-0.36337759003014,1.6957580842965,1.21271489018611,2.91271435069456,-1.53965449346779
"MED12_HUMAN---MED1_HUMAN",69.2652363761042,3.85093752286418,43.6791523351031,-20.3009201954861,-35.6505262135421,0.403714312783303,1.91548606977974,1.49447886461165,3.25546043957449,-1.6593725528614
"NUCL_HUMAN---PP1B_HUMAN",69.2652363761042,3.85093752286418,43.6791523351031,-20.3009201954861,-35.6505262135421,0.403714312783303,1.91548606977974,1.49447886461165,3.25546043957449,-1.6593725528614
"NUP50_HUMAN---TOIP1_HUMAN",69.2652363761042,3.85093752286418,43.6791523351031,-20.3009201954861,-35.6505262135421,0.403714312783303,1.91548606977974,1.49447886461165,3.25546043957449,-1.6593725528614
"IMA3_HUMAN---PARD3_HUMAN",69.2652363761042,3.85093752286418,43.6791523351031,-20.3009201954861,-35.6505262135421,0.403714312783303,1.91548606977974,1.49447886461165,3.25546043957449,-1.6593725528614
"PIAS1_HUMAN---SGTA_HUMAN",69.2652363761042,3.85093752286418,43.6791523351031,-20.3009201954861,-35.6505262135421,0.403714312783303,1.91548606977974,1.49447886461165,3.25546043957449,-1.6593725528614
"SGTA_HUMAN---UBL7_HUMAN",69.2652363761042,3.85093752286418,43.6791523351031,-20.3009201954861,-35.6505262135421,0.403714312783303,1.91548606977974,1.49447886461165,3.25546043957449,-1.6593725528614
"DDX21_HUMAN---SRPK2_HUMAN",72.9359450284855,0.436125985569139,39.4906606073622,-11.9169397491169,-29.7590332848816,-0.586155763228014,1.6224458360543,1.22123156215025,3.0253049192487,-1.91218144195713
"SUV91_HUMAN---WIZ_HUMAN",69.2652363761042,3.85093752286418,43.6791523351031,-20.3009201954861,-35.6505262135421,0.403714312783303,1.91548606977974,1.49447886461165,3.25546043957449,-1.6593725528614
"SRPK2_HUMAN---TRA2A_HUMAN",69.2652363761042,3.85093752286418,43.6791523351031,-20.3009201954861,-35.6505262135421,0.403714312783303,1.91548606977974,1.49447886461165,3.25546043957449,-1.6593725528614
"CDCA3_HUMAN---TRAF2_HUMAN",69.2652363761042,3.85093752286418,43.6791523351031,-20.3009201954861,-35.6505262135421,0.403714312783303,1.91548606977974,1.49447886461165,3.25546043957449,-1.6593725528614
"TEBP_HUMAN---WAP53_HUMAN",69.2652363761042,3.85093752286418,43.6791523351031,-20.3009201954861,-35.6505262135421,0.403714312783303,1.91548606977974,1.49447886461165,3.25546043957449,-1.6593725528614
"CD2AP_HUMAN---E7ETM7_HUMAN",65.8609426345039,37.2645628258406,-1.49675469458525,-37.393343198046,-28.4799995863607,-3.76957945219855,8.76533435398786,0.22240807884299,8.69427379429049,1.27094881851861
