"","V1","V2"
"1",-5.71764443737108,6.22880072482668
"2",20.3255968429971,18.1089009773739
"3",37.485717519582,29.0563782164175
"4",-6.30342022030547,9.90189257857756
"5",9.28816578138791,-5.61696553541351
"6",18.9181619244128,21.0067935866124
"7",26.6086840378617,22.7560827886802
"8",34.4909019740974,30.1549555364645
"9",-9.46045494141975,8.74841458138898
"10",22.7160745064325,24.059927665633
"11",25.5910020301048,27.9086832902683
"12",23.5522055898673,26.0243243921589
"13",18.1164680476535,17.7566753631707
"14",-8.12906669936424,8.01168707646859
"15",7.55598455256963,-5.31410705027547
"16",11.357250625565,16.9892232680593
"17",9.87687157887725,-5.48290610677893
"18",-5.31374090825847,6.52493171789556
"19",-6.14012181178126,9.79967673830357
"20",-5.55434602884687,6.12658488455269
"21",24.9919228640734,22.6932980439065
"22",-8.38352389737726,7.4304029847511
"23",32.3698780002979,31.2286665753484
"24",27.1705702921069,24.0359042226602
"25",33.4591901265165,28.7259083892265
"26",-6.76065986087605,6.42699520869337
"27",25.4766362949186,26.6555913573093
"28",35.7499263216669,31.1723463676447
"29",11.0191823230951,13.563560769468
"30",6.34412863874317,19.8578636359494
"31",33.2521435966657,31.394503036754
"32",-6.12966855067864,8.83606009481038
"33",34.0882746801005,33.3588997632799
"34",18.2037372874956,34.984899847761
"35",32.3594247391953,32.1922832188416
"36",13.6272171135422,27.9126325569911
"37",11.6737560672233,8.22190761811515
"38",-7.26830813224267,8.77303594025909
"39",3.91341095905216,21.6969305358561
"40",33.4402628407311,29.4988222901511
"41",17.3526103920318,19.7379612019001
"42",18.1393157338388,37.6634777836209
"43",9.17581231356017,14.8767372862933
"44",-9.29715653289555,8.64619874111499
"45",26.0771955420161,24.7765213588539
"46",21.2129375678392,18.8672500639613
"47",32.1742972361518,31.7640161546363
"48",36.9836095706243,29.3402862421734
"49",20.7818161412311,29.5161034714706
"50",19.8795121997893,29.4203308631137
"51",14.9348425076515,20.5722697837962
"52",29.1442817580298,22.143614735817
"53",37.4961707806846,28.0927615729244
"54",-8.78742742648987,7.13427199168222
"55",-7.05868185893103,6.28184279127126
"56",23.1146623521534,25.4419649398869
"57",8.14980826365638,-3.20142539896392
"58",22.0090775790827,16.4528304862179
"59",28.7739368196548,24.9144252236185
"60",9.42880049378945,28.3838072820643
"61",11.8370544757475,8.11969177784116
"62",23.758239615116,24.5253581693778
"63",31.4910113001386,30.6610202313296
"64",32.0184603477083,33.2265631622253
"65",28.0957260121158,24.4039419254936
"66",9.91393676027449,-7.75879157962049
"67",29.1338284969271,23.1072313793102
"68",13.3558444688174,23.3360339753129
"69",18.4483363310771,20.8575678733543
"70",9.29076857064446,8.13785263852757
"71",12.2558694046522,28.3514762064539
"72",32.3888052860833,30.4557526744238
"73",13.3580371739604,27.8638698216183
"74",11.9080024926575,20.338648810188
"75",18.4334484935676,17.0445002732096
"76",13.1145937216993,26.8507899781248
"77",16.1739770255576,28.5239325536753
"78",17.9345573479137,34.9361371123882
"79",-9.26770628092827,7.94866292191731
"80",12.8195845710615,28.6156753932839
"81",9.40893934123654,-8.16699782641089
"82",-6.35888902342601,9.08518121489513
"83",10.1137781435241,16.6202407217954
"84",9.60019960657895,-3.25249104195798
"85",22.0733643850569,30.1903209569303
"86",11.3643281031971,-7.80985722261455
"87",20.0846468740314,15.8215635210676
"88",29.2971269054513,23.0050155390362
"89",20.7980989543835,35.2719739262704
"90",12.8848505416375,6.88802927222618
"91",11.4412074100985,14.47372430806
"92",29.1765641136517,21.7104809968031
"93",15.0549329398716,20.5741079191473
"94",31.8228795835622,33.7619127415132
"95",10.3359618472779,-6.8486280410285
"96",18.5833918322553,16.6025042710249
"97",22.3384315924676,27.6122059989557
"98",20.1518451733703,19.1747334611411
"99",18.6156741878772,16.169370532011
"100",17.1864101747737,18.5367802367702
"101",6.80446999191871,-5.26209844273701
"102",28.795765914174,25.4449081280977
"103",21.9674828539993,30.0393423812835
"104",9.5276773486569,30.9601693776503
"105",27.7547616206288,25.4382218688772
"106",25.3133378863944,26.7578071975833
"107",11.1458224095311,31.429955182562
"108",34.3276035655732,30.2571713767385
"109",23.7771669009014,23.7524442684532
"110",26.5574743964545,23.9621304286188
"111",28.2936579652164,25.7288161538536
"112",9.08140226792401,18.3558528897858
"113",6.23378872999284,23.1720846627757
"114",26.5470211353518,24.925747072112
"115",-8.13951996046686,8.97530371996179
"116",21.134495024273,30.5757115014919
"117",9.77480400181843,18.29122058313
"118",19.5941623861888,38.2354794288066
"119",12.4705064280116,30.8996409076299
"120",12.4154999525576,14.7939441189511
"121",-6.6443250687158,5.61435714084694
"122",25.5060168418066,24.9190608128915
"123",-10.3879956081272,7.82223676122983
"124",9.01898584180608,-5.66572827078629
"125",31.4587289445167,31.0941539703435
"126",10.2542810000831,-6.03720657218512
"127",19.8776003441806,18.490158168595
"128",5.76135158261584,-3.27919345291929
"129",30.8949607934543,23.8407141847346
"130",35.7245852230548,28.3228954109932
"131",28.8595836677375,22.4226560867642
"132",34.0210763807616,30.0057298232064
"133",15.43497149264,28.3259441050444
"134",30.0617472870351,33.0284299360888
"135",6.63443257141954,18.1101538897771
"136",-8.60934555380263,8.82607800670367
"137",15.4895144088625,25.8265421392412
"138",17.3203280364099,20.171094940914
"139",-8.72183401106378,5.93672353085731
"140",28.4892387293625,25.1934665745656
"141",10.5309682630976,27.8962008972287
"142",31.8551619391841,33.3287790024993
"143",12.8953038027401,5.92441262873298
"144",10.2617883235158,27.8474381618559
"145",18.9286151855155,20.0431769431192
"146",5.57071271953565,-4.43719768654969
"147",8.11891700974027,-5.55128718462907
"148",33.6184490867648,33.2096740500218
"149",28.8062191752767,24.4812914846045
"150",25.3750007889043,24.5881429141515
"151",18.9819796779763,17.9845415452788
"152",6.64528131414926,-6.76517213297333
"153",25.9613469684798,25.1378728024668
"154",12.7320053942159,6.02662846900697
"155",7.09251304703992,21.6713984344466
"156",23.5464808928334,27.2755781897668
"157",19.1241959496616,19.5078273638313
"158",21.2233908289418,17.9036334204681
"159",25.7159651803913,23.5538629707679
"160",16.3208985444509,18.3089140546621
"161",31.3277128916144,30.7632360716036
"162",18.9504442800347,20.5736598475984
"163",11.4516606712011,13.5101076645668
"164",21.4312229562434,35.3189837992545
"165",19.4622585324147,17.1701506150437
"166",17.5636086094454,37.363273494716
"167",20.2479452825556,15.7193476807936
"168",26.4798228360129,21.5725771320385
"169",21.0672788939653,35.3207366616431
"170",20.5649257284698,15.0071725908325
"171",8.28086139509176,16.9698005951275
"172",27.2083852872737,23.6455928389062
"173",13.1837754736084,32.0619464643816
"174",16.7194863901718,19.690951328916
"175",20.8653150846911,30.5269487661192
"176",35.6189102687646,30.8414284689047
"177",27.4875507380211,23.3237291326991
"178",15.2505137040177,20.0387583398594
"179",31.9861779920864,33.6596969012392
"180",26.8569676346841,25.643489425783
"181",-9.71151332311078,9.31368439153931
"182",10.3029500034408,16.0583579004036
"183",9.38643622416082,5.95844306070236
"184",22.8470905593348,24.3908455643729
"185",11.6388225530757,20.2898860748152
"186",-5.87861016898762,8.27079028466004
"187",33.6224885350407,28.6236925489525
"188",8.85829022253842,8.19130574342878
"189",25.6232843857267,27.4755495512544
"190",10.6942666716218,27.7939850569547
"191",7.82356332039209,-4.19813967227841
"192",16.6174186654914,24.3746186462848
"193",35.2547596297191,28.1736696977351
"194",5.60512310582556,19.6598751873185
"195",26.7207728049787,23.8599145883448
"196",8.01168145550993,16.9210378597547
"197",18.422995232465,18.0081169167028
"198",35.3513384759459,29.7903090933908
"199",34.4586196184755,30.5880892754784
"200",8.20642593406346,17.7717732181995
"201",25.462140828256,26.7251776336265
"202",28.6962852592133,22.5248719270382
"203",20.1812257202582,17.4382029167233
"204",6.64636740064773,-4.80083208348353
"205",19.3432523020334,34.6999722810846
"206",-6.89538345040682,6.17962695099727
"207",22.4789031724185,16.602056199476
"208",26.9601016904513,20.7581862018034
"209",29.856858308643,25.137424730918
"210",20.6120959216011,18.3871064519632
"211",17.9208872835073,18.2920249424586
"212",36.852593517722,29.0093683434334
"213",5.48540432169608,21.3585498642786
"214",10.3829580831059,16.6690034571682
"215",13.8256700621531,23.485259688571
"216",37.3224191110577,29.1585940566915
"217",16.288616188829,18.742047793676
"218",17.1674828889883,19.3096941376948
"219",27.5936180631582,24.6878499512494
"220",10.2546078520009,9.42168909291189
"221",28.8417967787782,22.7862035494609
"222",-4.6449269200302,6.43873015918873
"223",14.094850001735,23.5340224239438
"224",5.77570825437245,19.6108401181062
"225",33.9543568184643,31.7245850591361
"226",27.9324276035916,24.5061577657676
"227",20.3445241287824,17.3359870764493
"228",16.4519145973532,18.639831953402
"229",-10.5331724587606,8.53848514702693
"230",20.3474259375164,18.6393838818531
"231",10.2196596745817,16.7712192974422
"232",-6.29296695920285,8.93827593508436
"233",18.302614142363,37.5612619433469
"234",11.4989861732776,4.69402927924988
"235",31.100994818703,22.3417479619534
"236",15.7586943484443,25.875304874614
"237",27.430319654634,24.7900657915234
"238",25.9642487772137,26.4412696078707
"239",22.5431899783927,30.3395466701884
"240",10.1657060452992,23.2046288419787
"241",8.7886718157393,30.7621809290194
"242",28.6640029035914,22.9580056660521
"243",28.3719711854424,22.6369778362028
"244",-7.06913512003366,7.24545943476446
"245",4.86244102110286,23.6109283122386
"246",28.8273013121156,22.8557898257781
"247",14.6019836629137,28.8623132252528
"248",25.6836828247694,23.9869967097818
"249",17.4003102009212,37.46548933499
"250",7.66319430896579,-6.76278467106619
"251",10.8766424699493,31.3811924471893
"252",-6.72243586237818,6.7610965491991
"253",10.7827538536233,7.18882641018547
"254",31.8895991458595,32.0430575055835
"255",29.3294092610732,22.5718818000223
"256",36.2624875317272,29.9248216983957
"257",11.6622845818018,4.59181343897589
"258",28.2086727769182,22.7391936764768
"259",27.5914632121046,25.5404377091512
"260",25.5382991974285,24.4859270738776
"261",23.4405993617757,27.12459961412
"262",-7.87800831767322,7.44641726631825
"263",22.4466208167966,17.03518993849
"264",25.8469812332936,23.8847808695078
"265",14.5762471755929,29.8266303333736
"266",8.32818689716821,8.15372220981054
"267",7.27324080953533,-4.26151511544158
"268",21.6134073103774,26.2229056898442
"269",27.1234000989756,20.6559703615294
"270",-7.7007864803487,8.8264890451603
"271",37.2901367554358,29.5917277957055
"272",-8.4665013800769,6.17005590134719
"273",28.0738969175966,23.8734590210143
"274",25.4870895560213,25.6919747138161
"275",11.9009978164674,22.7640323301272
"276",13.1734686704899,19.7488265850784
"277",12.3497589777258,28.4664496800258
"278",27.138287936485,24.4690379616741
"279",7.83751390442499,-5.47208514012032
"280",35.3324111901606,30.5632229943154
"281",-6.1955906149018,8.98296537462114
"282",25.5089186505405,26.2224576182954
"283",11.3128571789935,7.22640994380371
"284",33.4079804851092,29.931956029165
"285",36.0887358621003,30.9906541821629
"286",15.1354881614054,20.6727327616815
"287",21.4823912574751,25.8919877911043
"288",17.2186925303956,18.1036464977563
"289",19.7757306501395,34.6465191761834
"290",8.54178478088014,16.9586213933729
"291",8.11756298656755,17.0720164354014
"292",25.8009503686895,26.5434854481447
"293",33.3975272240066,30.8955726726582
"294",28.1061792732185,23.4403252820004
"295",24.8152693857127,22.4557337222698
"296",24.6405052114838,24.6911946307833
"297",24.7963420999273,23.2286476231944
"298",3.98826609578911,-3.13520037147897
"299",4.50295533651742,20.1474815721542
"300",-7.46105679273416,9.57278759973077
"301",7.86406593945015,-5.58685229465452
"302",18.850963625074,17.6536236465389
"303",14.4859414305893,26.4119463286619
"304",19.3207892184097,17.802849359797
"305",25.7980485599556,25.2400886427408
"306",2.30079893945284,40.0483086797279
"307",34.5013552352,29.1913388929713
"308",33.2198612410438,31.8276367757679
"309",11.0842927998934,29.0562719051354
"310",11.3168096606972,-4.57035510627979
"311",26.5325256686892,24.9953333484292
"312",-7.72516317025163,8.30781806953747
"313",25.7686680130676,26.9766191871586
"314",6.04488819395428,19.659602853479
"315",18.2453292495022,18.9401810198124
"316",-8.29236510788845,8.11390291674257
"317",5.87430304540739,19.7086379226913
"318",27.4552683823992,23.756862871713
"319",16.2285199417801,26.0245305878721
"320",16.3482387259096,24.325855910912
"321",32.337595644676,31.6618003143624
"322",3.83313155550889,25.1606496097801
"323",20.0523645184095,16.2546972600815
"324",23.5844879454892,25.591190653145
"325",20.6829392863637,26.9397413758846
"326",29.7040131612214,24.2760239276987
"327",24.9491872473489,24.0900484264136
"328",-8.79788068759249,8.09788863517542
"329",28.3259403208383,25.2956824148396
"330",18.9798248269227,18.8371293031806
"331",-9.43100468945248,8.05087876219129
"332",35.5612868145306,28.4251112512672
"333",33.6507314423867,32.7765403110079
"334",17.1893119835076,19.8401770421741
"335",27.7224792650069,25.8713556078912
"336",3.51477149183699,32.5589262614224
"337",12.4556405087834,28.6174282556726
"338",27.1979320261711,24.6092094823994
"339",8.76066524527424,8.10026910490933
"340",21.5371044873011,35.4699623749013
"341",20.6959417813721,15.3380904895724
"342",21.0819215149369,18.5363321652213
"343",22.6837921508106,24.4930614046469
"344",3.64423101947033,21.6481678004833
"345",23.8621520891996,26.74206674583
"346",7.71928296109384,-5.41632289054946
"347",14.097042706878,28.0618582702492
"348",26.7103195438761,24.823531231838
"349",8.26849100638301,-4.76810524323609
"350",9.33911072208438,14.7745214460193
"351",2.74343416004121,-5.10318552262097
"352",11.8021209615999,20.1876702345412
"353",19.4945408880366,16.7370168760298
"354",24.8286244555492,22.7955138841805
"355",20.1486921393711,29.4690935984864
"356",9.7245045266307,9.38410555929365
"357",9.32291896273183,28.2328287064176
"358",-6.95132768632848,8.06086085029799
"359",8.11898239453718,31.1963342089538
"360",16.8505024430741,20.0218692276559
"361",6.51203768339404,-5.59391932287167
"362",3.86530401944098,-5.23065114222031
"363",7.79524958978976,-8.01371634314285
"364",13.3741143242438,19.8492895629637
"365",19.6820195800345,19.025507747883
"366",9.91653954953103,5.9960265943206
"367",11.7003521627134,22.6635693522419
"368",3.00014372578257,25.6970187299885
"369",17.0116460005448,20.7722411452838
"370",9.43690119805474,-3.150275201684
"371",13.6250244083992,23.3847967106857
"372",21.2679245477192,35.4211996395285
"373",24.3160632454889,24.0430385534295
"374",12.405046691455,15.7575607624443
"375",26.9278193348294,21.1913199408173
"376",30.9272431490762,23.4075804457206
"377",12.2522015440334,14.8961599592251
"378",34.1205570357224,32.925766024266
"379",27.7035519792216,26.6442695088158
"380",17.3630636531344,18.7743445584069
"381",-8.53377431007502,9.36285816536872
"382",10.0673000683622,-7.28958274162452
"383",25.2138572314336,23.8377709965237
"384",20.3768064844043,16.9028533374353
"385",6.16616001249235,39.2298979889756
"386",-6.03462488328526,6.94097581478778
"387",19.1426066482795,34.5995093031993
"388",10.1726634387537,-6.74641220075451
"389",33.9572586271982,33.02798186454
"390",26.2404939505403,24.6743055185799
"391",24.9814696029708,23.6569146873997
"392",33.0565628325196,31.9298526160419
"393",21.2452199234611,18.4341163249474
"394",10.873215194391,6.83585532345685
"395",14.6656625680696,20.5235070484234
"396",2.15388978257596,-3.55373655891901
"397",37.4638884250627,28.5258953119383
"398",31.8573167902376,32.4761912445974
"399",10.6994635247642,7.90168780722403
"400",-7.13679265259341,7.42858219962342
"401",29.3870327153072,24.9881990176598
"402",27.4770974769185,24.2873457761923
"403",-10.3698740502364,8.43626930675294
"404",33.1232823948169,30.2109973801122
"405",35.7027561285355,27.7924125065139
"406",32.1638439750492,32.7276327981295
"407",27.7253810737408,27.1747524132951
"408",24.9785677942369,22.3535178819958
"409",18.4200934237311,16.7047201112989
"410",19.3059050568037,34.4972934629253
"411",26.6108388889153,21.9034950307784
"412",7.47723310247273,-7.16954642049385
"413",22.2549326490076,26.6013607043071
"414",20.0639879795246,38.3847051420647
"415",-8.53636904479885,6.56900218153189
"416",18.6439170952232,20.3222182940663
"417",13.7432593458666,30.362999453582
"418",-6.19792329180947,7.04319165506176
"419",27.5402535706974,26.7464853490898
"420",1.88470984299413,-3.60249929429179
"421",27.9001452479697,24.9392915047815
"422",25.4094379955798,23.3024214172358
"423",-8.37047590155082,9.26064232509473
"424",23.2773009532515,27.226815454394
"425",37.4534351639601,29.4895119554315
"426",8.47560587364529,17.8205359535723
"427",10.8949123253758,27.89444803484
"428",28.8845323955027,21.3894531669538
"429",5.3823890636137,-5.85392228576311
"430",10.5935819937065,7.75070923157727
"431",17.3497085832979,18.4345643964962
"432",20.2272863880488,38.2824893017907
"433",25.095835338157,24.9100066203587
"434",26.5648080243111,24.5621996094153
"435",16.8180643192454,24.4750816241701
"436",28.2409551325401,22.3060599374628
"437",4.57213708842649,25.358638058411
"438",34.1176552269885,31.6223692188621
"439",34.1310102968251,31.9621493807728
"440",9.59209890231366,28.2815914417904
"441",34.2953212099513,30.6903051157524
"442",32.1932245219372,30.9911022537117
"443",7.95568398601298,31.2985500492278
"444",36.0564535064784,31.4237879211768
"445",34.688833927198,31.4798297648245
"446",22.4443131235252,27.7631845746024
"447",31.0582592019785,23.7384983444606
"448",23.7471265465873,27.3760411676521
"449",35.0914612211948,28.2758855380091
"450",3.87279230209676,39.7099280081504
"451",34.4690728795781,29.6244726319852
"452",28.825146461062,23.7083775836799
"453",33.0888451881415,31.4967188770279
"454",12.5250493442341,28.4002389418267
"455",35.3836208315678,29.3571753543768
"456",4.96800286158356,-4.69728218345183
"457",22.4893564335211,15.6384395559828
"458",32.9599839862927,30.3132132203862
"459",9.25849740907507,30.9114066422775
"460",10.42508673204,27.7452223215819
"461",27.0911177433537,21.0891041005433
"462",22.437308447335,30.1885680945416
"463",18.452375779353,16.271586372285
"464",25.0068107015829,26.5063656440512
"465",11.7681661128594,4.74279201462266
"466",11.2475912084176,28.9540560648614
"467",26.5764016822398,23.1892165276942
"468",26.661386870538,26.178839005071
"469",25.4599859772025,27.5777653915283
"470",11.4311722231316,22.6148066168691
"471",25.4277036215806,28.0108991305423
"472",26.9749895279608,24.5712538019481
"473",6.43443438374678,23.2725476406611
"474",11.1939522170408,17.0914391083333
"475",14.6865870843432,26.5124093065472
"476",9.96093299610248,15.7588399185762
"477",9.86921404745459,14.8121049796375
"478",20.7753943301253,18.2848906116892
"479",6.90361251100137,18.1589166251498
"480",32.1961263306711,32.2944990591156
"481",23.5949412065918,24.6275740096518
"482",23.6988536806754,26.844282586104
"483",14.3328037233318,28.81355048988
"484",7.84838304698572,17.0232537000287
"485",7.73660034072768,17.6225475049414
"486",9.61117629211693,31.9710146722989
"487",33.9887940251397,30.4388635622203
"488",10.833053328811,16.0959414340218
"489",22.0916342404834,26.7035765445811
"490",13.4799958553015,20.0002681386105
"491",4.30295714884466,25.3098753230382
"492",-6.99161580196001,6.71233381382632
"493",-7.55374417753247,5.30221186621091
"494",21.51592711609,26.4033722556762
"495",13.461725999875,23.4870125509597
"496",26.7530551606006,23.4267808493309
"497",5.35927446624937,-4.85198228076346
"498",13.7267932072857,20.9088975929851
"499",19.451805271312,18.1337672585369
"500",34.7211162828199,31.0466960258105
"501",19.8453179885587,18.923291907609
"502",16.8483475920206,20.8744569855577
"503",35.1880400674217,29.8925249336648
"504",24.3483456011108,23.6099048144156
"505",16.8827847986961,19.588735488642
"506",-7.14984064841986,5.59834285927978
"507",8.88693056098211,-4.41479659870962
"508",6.37610137456743,-6.81393486834612
"509",7.6168815565982,19.3212221819015
"510",9.02158863106263,8.08908990315479
"511",11.1824807316193,13.461344929194
"512",17.1997652446102,18.8765603986809
"513",6.70361432332861,23.3213103760339
"514",11.8266012146448,9.08330842133436
"515",11.9314645213836,4.64057617434867
"516",5.6284544058312,-4.80321954539068
"517",19.6124322416153,34.7487350164574
"518",20.1945807900948,17.7779830786339
"519",27.9105985090724,23.9756748612883
"520",19.0919135940397,19.9409611028452
"521",36.8203111621001,29.4425020824474
"522",29.166110852549,22.6740976402963
"523",7.84980245495536,31.1475714735811
"524",-5.56479928994949,7.09020152804589
"525",9.95047973499985,16.7224565620694
"526",26.7281064328353,24.4599837691413
"527",12.9042887309081,19.7000638497056
"528",24.9596405084515,23.1264317829204
"529",11.2883622626769,13.6123235048408
"530",8.9519702242635,30.6599650887454
"531",11.1640922649576,27.9432107702128
"532",20.5221901117452,16.4039229733396
"533",-5.88906343009024,9.23440692815324
"534",18.8734267086977,34.5507465678265
"535",-5.57246758673767,5.51255233902958
"536",9.04527734279089,-5.68668067302136
"537",25.7264184414939,22.5902463272747
"538",11.1495587704693,7.32862578407769
"539",30.2250456955593,32.9262140958148
"540",5.72116533814994,22.1102420839094
"541",24.7858888388247,24.1922642666876
"542",5.83777332669201,-2.92903834332938
"543",-5.72576502156603,9.13219108787925
"544",12.3595582305668,23.9746189357953
"545",9.04475918212479,-5.29448870779812
"546",26.4475404803911,22.0057108710524
"547",30.2573280511812,32.4930803568009
"548",8.49148530569241,8.05150636953656
"549",11.6117821109645,32.4003271359591
"550",24.6082228558619,25.1243283697973
"551",11.1720274705167,14.4249615726872
"552",5.09305575505368,-3.58518385943571
"553",19.046524370063,29.9566999833221
"554",15.2460709566014,24.8134622957477
"555",27.0128045231276,24.1809424181941
"556",7.68650404643115,31.249787313855
"557",-8.95072583501408,7.2364878319562
"558",14.8454271151747,29.8753930687463
"559",30.4251352001185,23.6914884714765
"560",23.3745396069045,26.9563884952686
"561",16.4841969529751,18.2066982143881
"562",4.9610358121378,23.7087261168237
"563",5.43086140547357,23.8579518300818
"564",9.03482408168827,-4.72306402952817
"565",26.6431212445372,21.4703612917645
"566",-8.35828717211161,8.26080819655334
"567",16.9793636449229,21.2053748842977
"568",8.27894426748563,-5.73172188672929
"569",-5.15044249973426,6.42271587762157
"570",27.0072718835827,24.1381200629341
"571",28.6889516313566,21.9248027462417
"572",13.8278627672962,28.0130955348764
"573",20.1622984344729,18.2111168176479
"574",29.223734306783,25.0904148579338
"575",12.6189389173076,28.5152124153986
"576",26.6958240772134,24.8931175081552
"577",10.3490178976371,5.9425734894194
"578",27.1656496705492,25.0423432214133
"579",19.757460794713,38.1332635885326
"580",-5.62026809307003,6.27349016436346
"581",26.739700090764,23.0870006874202
"582",24.4793616540131,23.9408227131555
"583",29.6717308055995,24.7091576667127
"584",11.6156480028669,31.5791808958201
"585",13.1925460602932,23.4382498155869
"586",25.8574344943963,22.9211642260146
"587",9.56120611810649,9.48632139956764
"588",11.0087290619925,14.5271774129612
"589",11.6633028061206,9.18552426160834
"590",27.4448151212966,24.7204795152062
"591",-5.05928371024543,7.10621580961305
"592",6.1492142649243,-4.79711056181867
"593",23.6665713250535,27.2774163251179
"594",-5.7153117604634,8.16857444438606
"595",24.4449244473377,25.2265442100713
"596",-9.29948920980322,6.70642502155561
"597",35.1909418761556,31.1959217390686
"598",32.2255068775591,30.5579685146978
"599",-7.29775838420995,9.47057175945678
"600",-5.7280976984737,7.19241736831987
"601",7.51975795114831,-4.72172996977045
"602",21.2305773024895,35.2185208213692
"603",6.00022983925555,-5.80621194815143
"604",21.9857527094257,26.5525979689343
"605",33.8577779722374,30.1079456634804
"606",22.3156047638943,16.70427203975
"607",8.70096935448905,-4.82155834813729
"608",12.6562861625373,28.7178912335579
"609",35.0591788655729,28.709019277023
"610",10.4302835851823,7.85292507185125
"611",5.55963805617081,-7.23008359387901
"612",7.84224503744197,-3.32087211980812
"613",7.2318962945166,-5.64776025761353
"614",-4.89598530172122,7.00399996933906
"615",20.9711966157487,30.6779273417659
"616",27.0640141645349,22.9748947782555
"617",6.41451649248825,-2.76082888711241
"618",25.8303309155775,24.8069549037269
"619",26.7426018994979,24.3903974928241
"620",11.3467973644624,17.9528399115525
"621",20.7020166761669,30.6291646063931
"622",30.6207159642646,23.1561388921885
"623",15.3152527085105,30.0246187820045
"624",11.7376994079432,22.8662481704012
"625",8.37848637235593,17.0608372336469
"626",33.4269077708946,29.1590421282404
"627",12.4447699406908,31.8639580157507
"628",9.61150559329422,18.393436423404
"629",17.3819909389198,18.0014306574823
"630",22.3260580249969,15.7406553962568
"631",10.3892689939897,-5.49653292643894
"632",25.356073503119,25.3610568150762
"633",6.51100481522295,30.3874932037867
"634",24.0163064861691,27.4248039030249
"635",13.9959731468675,20.9576603283579
"636",23.2779607606776,25.3397490996129
"637",12.090378290985,23.9258562004225
"638",33.9249762715763,33.4611156035539
"639",8.9654181610539,-6.92400863307671
"640",23.5815861367553,24.2877938477411
"641",33.4874330338625,32.8787561512818
"642",13.0887645106434,28.6644381286567
"643",21.3526287075658,26.5055880959502
"644",12.1864605692016,28.5686655202998
"645",20.3493377931251,29.5695565763718
"646",14.0424997906555,30.5612602360524
"647",23.6138684923772,23.8546601087272
"648",37.3328723721604,28.1949774131983
"649",17.1570296278857,20.273310781188
"650",13.4740794062848,30.3142367182092
"651",18.3907128768431,18.4412506557167
"652",35.3542402846798,31.0937058987947
"653",10.7133440614251,31.4834082874632
"654",-7.01724975055165,8.20776613010876
"655",-8.77264396232684,8.92829384697766
"656",25.0635529825351,25.3431403593726
"657",11.058082982218,-5.58273448514577
"658",18.082030840978,19.0423968600864
"659",17.669490140503,37.5142520703628
"660",10.1242314046267,15.6566240783022
"661",20.5544724673671,15.9707892343257
"662",35.5394577200113,27.8946283467879
"663",-6.54742415721587,8.35699184336687
"664",-5.13998923863163,5.45909923412837
"665",27.2273125730591,22.8726789379816
"666",26.2727763061622,24.2411717795659
"667",14.8289609765938,20.4212912081494
"668",18.6552930254049,38.6208699733683
"669",18.0334342027812,37.5124992079741
"670",20.7431119745034,18.7180243507032
"671",18.4011661379457,17.4776340122235
"672",10.0798379580552,5.89381075404661
"673",7.47276581948086,-4.95610803622059
"674",12.7139498802726,31.9127207511234
"675",20.0428106083135,29.3181150228397
"676",8.90663237397834,14.8279745509205
"677",10.6040352548092,6.78709258808407
"678",21.7004028958253,35.3677465346273
"679",17.8327885490272,37.4120362300888
"680",24.8475517413346,22.0225999832559
"681",17.0872442588272,24.5238443595429
"682",27.6081135298208,24.6182636749322
"683",4.10231149509072,25.2094123451528
"684",19.7143019356564,18.592374008869
"685",4.15787375054369,23.5871789309302
"686",25.3427184332824,25.0212766531655
"687",10.440736846285,6.88930842835806
"688",25.8792635889155,23.4516471304939
"689",33.4551506782405,33.3118898902958
"690",20.5326433728479,15.4403063298464
"691",17.9531696391292,17.8588912034447
"692",27.9428808646942,23.5425411222744
"693",12.0713009011817,20.236432969914
"694",6.90029867132136,-5.92065303430866
"695",-7.95611911133559,8.59315667467041
"696",19.4840876269339,17.700633519523
"697",24.511644009635,23.5076889741416
"698",-9.01664789923724,7.38339311176697
"699",-9.13619080127901,6.60420918128163
"700",7.94809473721135,-7.15231553992365
"701",-5.78356650159424,6.37570600463745
"702",4.00339701347886,-3.34757453076943
"703",20.6185177327069,29.6183193117445
"704",36.099189123203,30.0270375386697
"705",18.9406428390053,29.8057214076753
"706",16.298142431613,37.9530957198256
"707",33.9677118883008,32.0643652210468
"708",10.6697549202868,16.1981572742958
"709",28.8522500398808,21.8225869059677
"710",23.2435235540022,26.6254705965287
"711",11.2678738146074,22.7170224571431
"712",4.61814680543045,-6.88231594619625
"713",35.2224772740972,28.606803436749
"714",27.2555554804051,27.025526700037
"715",25.8114036297921,25.5798688046515
"716",23.7477863540134,25.488974812871
"717",35.7350384841574,27.3592787675
"718",12.006879347525,22.915010905774
"719",15.5679665095115,20.6192796567803
"720",10.6194554450991,7.29104225045945
"721",15.2987865699296,20.5705169214075
"722",22.293775669375,16.1737891352708
"723",14.2167614910075,26.3631835932891
"724",8.76396848463399,-6.51024736945097
"725",13.6623716536289,23.587475528845
"726",-8.37307063627464,6.4667863412579
"727",30.5884336086427,23.5892726312025
"728",6.80966580917194,-4.90304792375752
"729",27.1129468378729,21.6195870050226
"730",33.8254956166155,30.5410794024943
"731",19.324982446607,38.1867166934338
"732",8.53976176308684,-5.70269495458852
"733",-4.48162851150599,6.33651431891474
"734",-7.87541358294939,10.2402732501551
"735",27.5591808564827,25.9735714481652
"736",19.0142620335982,17.5514078062649
"737",7.14705596326243,19.1719964686434
"738",-6.77324581364124,9.75266686531945
"739",27.031731808913,23.4080285172695
"740",9.12747016212025,8.24006847880156
"741",10.1857194891129,6.04478932969338
"742",26.9496484293487,21.7218028452966
"743",13.8326747383433,21.0598761686318
"744",27.6508491465453,23.2215132924251
"745",20.5126362016493,29.4673407360978
"746",29.8245759530211,25.5705584699319
"747",27.6259004187801,24.2547162122355
"748",25.2461395870555,23.4046372575098
"749",-8.03402303197086,6.11660279644599
"750",5.16168146589174,23.809189094709
"751",13.6432942638257,19.8980522983365
"752",28.9695175838009,24.3790756443306
"753",7.29315870079386,21.7718614123319
"754",25.3311247753537,26.3942597348866
"755",25.5193719116432,25.2588409748022
"756",20.1841275289921,18.7415997221271
"757",19.958106448467,38.233726566418
"758",7.11768083478183,-6.29451879761463
"759",25.0390930572048,26.0732319050373
"760",11.0007938564334,28.0454266104868
"761",28.9884448695862,23.6061617434059
"762",19.6959311850753,35.759580311106
"763",28.9561625139643,24.0392954824199
"764",9.81891457226686,5.90498995580116
"765",21.6218086471476,26.554350831323
"766",6.23900854709781,-4.13120728003327
"767",15.5152508961833,24.8622250311204
"768",9.06993078250255,14.7257587106465
"769",21.6456896659993,25.7897719508303
"770",28.7212339869785,21.4916690072277
"771",21.9767952234608,16.8859642252319
"772",33.6035612492553,29.3966064498771
"773",25.3237911474971,25.7941905540901
"774",4.77213527609925,20.1962443075269
"775",3.4793660036069,-3.43190237616766
"776",12.522856639091,23.8724030955213
"777",-6.78802927780427,7.95864501002401
"778",11.5167711479994,29.0028188002342
"779",28.9267819670764,25.7758260268377
"780",35.7822086772888,30.7392126286308
"781",23.0823799965315,25.8750986789008
"782",10.1396515949166,16.1605737406776
"783",31.7263007373353,32.1452733458575
"784",35.5290044589087,28.8582449902811
"785",21.8134968149366,16.9881800655059
"786",-7.78296465027984,5.55133298629566
"787",11.7577128517568,5.70640865811585
"788",27.2232731247832,27.4586604390509
"789",-6.37367248758904,7.29115935959969
"790",16.5673223711949,38.0018584551984
"791",25.9747020383163,25.4776529643775
"792",17.7712589393895,35.0383529526622
"793",21.0600924204176,18.0058492607421
"794",20.3151435818945,19.0725176208671
"795",-9.95551726002119,7.76878365632863
"796",-6.7984825389069,8.92226165351721
"797",27.5620826652166,27.276968253569
"798",7.50509171769481,-6.30151831181271
"799",-6.48102666019159,5.51214130057295
"800",21.7851070556718,26.452134991049
"801",28.7107807258759,22.4552856507209
"802",18.6116347396013,20.7553520330803
"803",-7.56419743863509,6.2658285097041
"804",27.0922570718809,27.1277425403109
"805",21.2556731845637,17.4704996814542
"806",21.8041844454751,30.1415582215575
"807",19.3312424795124,16.8392327163038
"808",9.88035623169876,32.0197774076717
"809",33.5931079881527,30.3602230933703
"810",13.3837736612811,26.8995527134975
"811",24.4772068029596,24.7934104710573
"812",26.5793034909737,24.492613333098
"813",-9.87481173163498,9.4159002318133
"814",-8.1949887635874,8.15859235627936
"815",-7.71704258605667,5.40442770648489
"816",26.9173660737268,22.1549365843105
"817",11.3534727394752,29.1050346405082
"818",11.4523495943427,31.6813967360941
"819",8.00578028030951,17.6713102403142
"820",29.8673115697456,24.1738080874248
"821",34.8844146913441,30.9444801855366
"822",10.7099167858668,6.93807116373083
"823",24.8181711944466,23.7591305276737
"824",27.1950302174372,23.3058126769955
"825",13.0101702619657,19.8510424253524
"826",31.6940183817134,32.5784070848714
"827",15.9593400021983,25.9757678524993
"828",5.96460879041101,23.123321927403
"829",33.5902061794188,29.0568262879664
"830",12.2013264884297,30.8508781722571
"831",10.0913094434767,9.52390493318587
"832",4.74639878877848,21.1605614156477
"833",19.9651111246571,35.8083430464788
"834",22.2366627935811,30.0881051166563
"835",16.7306207797191,37.8996426149244
"836",-7.13938738731723,4.63472621578659
"837",33.5608256325308,30.7933568323842
"838",-7.71211517442518,10.1380574098811
"839",16.6872040345499,20.1240850679299
"840",18.8186812694521,18.0867573855528
"841",4.69185587255597,23.6599633814509
"842",-8.85334949071304,7.28117727149299
"843",20.7177708758913,15.8685733940517
"844",11.1834989559381,18.0550557518265
"845",18.0497484853561,19.4755305991004
"846",7.85269829854459,-4.28448876330132
"847",23.7155039983915,25.9221085518849
"848",25.9936293241017,24.7047390634529
"849",35.3646935457825,30.1300892553015
"850",15.7041514322218,28.3747068404172
"851",29.3398625221759,21.6082651565291
"852",13.5634947987615,21.0111134332591
"853",9.24470067644822,18.2536370495118
"854",6.44491772422781,-4.38707081985779
"855",12.7215521331132,6.99024511250016
"856",20.2504609382576,26.9931944807858
"857",13.7733198510736,30.5124975006796
"858",18.5862936409892,17.9059010764288
"859",26.5897567520764,23.5289966896048
"860",-8.88513241958799,6.0389393711313
"861",19.0367251172219,34.4485307275525
"862",18.0841856920316,18.1898091021846
"863",12.2536766995092,23.8236403601486
"864",19.110840879825,19.1680472019206
"865",23.2456784050557,25.7728828386268
"866",25.7791212741702,26.0130025436654
"867",11.6518313206992,5.55543008246909
"868",16.4614408401373,37.8508798795516
"869",8.81096472046197,17.0073841287457
"870",28.937235228179,24.8122093833445
"871",9.15962055420763,28.3350445466916
"872",28.4569563737406,25.6266003135796
"873",23.7259572594941,24.9584919083918
"874",6.48266545415063,30.4625823390315
"875",27.080664482251,22.0527207440365
"876",19.2098227785872,29.8544841430481
"877",27.6185667909234,23.654647031439
"878",30.9054140545569,22.8770975412414
"879",19.4882808551312,38.0845008531599
"880",28.9590643226983,25.3426922878237
"881",6.8778760236806,19.1232337332706
"882",8.43178941490722,-4.87032108351007
"883",20.5798135659792,18.8202401909772
"884",29.6612775444969,25.6727743102059
"885",22.2740100388108,30.2907839348156
"886",5.99034527773177,22.1590048192822
"887",18.5540112853673,18.3390348154427
"888",11.3464680632851,31.5304181604474
"889",9.05785175532112,30.8109436643922
"890",26.8246852790622,26.076623164797
"891",2.73141461435489,42.8622862876188
"892",18.2228146772988,38.6743230782695
"893",22.2833224082724,17.137405778764
"894",22.8793729149567,23.957711825359
"895",33.5712788936334,29.829740188891
"896",22.6076115320494,27.6609687343285
"897",18.9608975411374,19.6100432041053
"898",37.3005900165385,28.6281111522123
"899",34.3057744710539,29.7266884722592
"900",27.002351262025,25.1445590616873
"901",17.870135794257,37.6147150482481
"902",6.25895651773475,-4.79383256928545
"903",5.90523973982881,-6.83116574891633
"904",7.66839012621902,-6.40373415208669
"905",34.8521323357222,31.3776139245505
"906",7.19365077946251,-4.43344609332342
"907",-5.5829208478403,6.47616898252277
"908",4.15156450431332,-3.23741621175296
"909",-10.6390539898182,8.38750657138016
"910",-7.61966624175563,5.44911714602167
"911",30.9376964101788,22.4439638022274
"912",2.80705469244837,-3.03537199311213
"913",28.7928641054401,24.1415113226939
"914",7.98650985513217,-3.09920955868994
"915",10.3060787762044,-5.61457807350637
"916",22.4570740778992,16.0715732949968
"917",35.6923028674329,28.7560291500071
"918",4.73295175358942,41.7565510352259
"919",5.34186911212991,-6.6836270329378
"920",7.86582431904256,-6.11497462614048
"921",5.35407864899614,-5.21103279974295
"922",4.88732674501228,-6.83355321082347
"923",27.5298003095947,27.710101992583
"924",13.5726741973197,30.4120345227943
"925",8.93939581173327,-5.83765924866813
"926",5.82881799575264,-7.18132085850622
"927",7.00618020237898,-5.76967445866189
"928",-7.43160654076688,8.87525178053308
"929",10.3934113442085,15.705386813675
"930",28.8740791344001,22.353069810447
"931",6.72595743072054,-4.6289011056017
"932",7.57306509786014,-3.3696348551809
"933",-7.41902058800169,5.549580123907
"934",27.1761029316518,24.0787265779201
"935",11.2779090015743,14.575940148334
"936",8.41310769785734,-5.74758863598037
"937",24.8435122930587,26.6085814843252
"938",8.92315716240344,-5.00717367921465
"939",6.72654700169452,-4.85482055054148
"940",1.61692738861856,43.4142345623197
"941",19.113742688559,20.4714440073245
"942",7.27686951255128,-4.7914451073783
"943",-4.96190736594439,7.15090524914983
"944",8.02820624393503,-2.91411037038045
"945",5.34687395717272,32.4317937772481
"946",2.94295916998674,-5.79777844339997
"947",7.00768957296945,-4.84020784275109
"948",27.4626020102558,24.3569320525095
"949",6.92607201164006,-5.54941347132048
"950",-9.5368862205101,7.89990018654452
"951",-6.60994740511703,9.65045102504546
"952",27.0346336176469,24.7114253226734
"953",4.86212133052594,-4.8482607590986
"954",6.66103363410123,-3.22104374144128
"955",5.88212514246447,-5.82922574391667
"956",35.5717400756332,27.461494607774
"957",-7.53896071336943,7.09623372150634
"958",2.89824206235749,24.1624180159436
"959",15.0460727689287,29.9758560466317
"960",34.0987279412032,32.3952831197867
"961",5.43729738208491,-5.56903181379784
"962",5.19597605772516,-4.74976644048947
"963",4.18929774375504,30.9426123582062
"964",3.88581385964041,39.6716299165652
"965",6.16025709700091,-5.98664665025165
"966",10.02644557552,-4.69972416538595
"967",-6.05274644117607,6.32694326926466
"968",5.10208265800959,32.1837545461852
"969",7.48768636357535,-8.13316306398705
"970",9.40600994413863,-5.50013698734914
"971",8.27058182350501,-5.7514576899613
"972",5.5665687046634,23.3510140996267
"973",5.29738876508157,23.3022513642539
"974",7.67894662891776,-3.21865627953413
"975",3.67620722715721,35.3241411339405
"976",4.84699041283619,-4.63588659980815
"977",29.6935599001188,25.2396405711919
"978",2.79339714408532,32.7005756090196
"979",25.9424196826944,25.9107867033914
"980",2.53787475286654,-3.08413472848491
"981",1.54613792528583,35.7019553128413
"982",31.2954305359925,31.1963698106175
"983",6.77926457743237,-3.27680599101214
"984",10.6689021946742,-6.41138683455936
"985",-5.06973697134806,8.06983245310624
"986",7.44016792107549,-4.89366094765229
"987",7.5844327387657,-4.67199838653411
"988",9.23636800526656,-6.03959403409226
"989",7.36691280372672,-5.58313077298967
"990",27.693098718119,27.607886152309
"991",35.1586595205337,31.6290554780826
"992",5.78446617998018,-4.28113345791894
"993",7.82649271749,-6.86500051134017
"994",11.488532912175,5.65764592274307
"995",9.99555432160389,-7.0495859510511
"996",6.6852024866758,-6.24106569271343
"997",32.3271423835734,32.6254169578555
"998",6.82333310745809,21.6226356990738
"999",37.0158919262462,28.9071525031594
"1000",-10.1439916712168,9.36713749644052
"1001",1.73514781709271,34.8958547581278
"1002",19.8592295935995,35.657364470832
"1003",11.2584465721394,-7.96083579826132
"1004",-7.1246039231542,6.42874807108203
"1005",20.1284095331813,35.7061272062048
"1006",5.94776458850439,-4.38334929819293
"1007",8.88608866502144,-7.18975436325769
"1008",7.35694918798672,-4.5356619335974
"1009",9.48769079133344,-6.31155845619252
"1010",29.307580166554,22.041398895543
"1011",23.7448845452795,24.1855780074671
"1012",12.0226888303227,-6.93244213782818
"1013",10.3290044538234,23.1024130017047
"1014",9.32674033337563,-6.96338439234427
"1015",2.90262283781066,-3.60011183238464
"1016",2.73096378620074,25.6482559946157
"1017",23.9104249551115,27.2738253273782
"1018",3.6780699003612,32.4567104211484
"1019",-5.88944803265186,6.22472742899068
"1020",5.58188650819208,23.3142230559671
"1021",5.33141585102729,-5.7200103894446
"1022",26.109477897638,24.3433876198399
"1023",21.0923747760395,17.5727155217281
"1024",25.3771556399579,23.7355551562497
"1025",-8.5719983085729,9.02875682486299
"1026",-7.56693832379178,9.421809024084
"1027",11.921011260281,5.60419281784187
"1028",13.3034942577379,30.3632717874215
"1029",33.9354295326789,32.4974989600607
"1030",10.841477426982,-6.83261375946134
"1031",2.60228359439315,52.1308355845466
"1032",-8.54682230590147,7.53261882502508
"1033",6.27025167479805,-2.9824914482306
"1034",7.05932106220883,-5.22653333271155
"1035",10.6035406151004,-5.73266066303144
"1036",4.25448480698479,-4.40199879280672
"1037",23.5626588509699,25.0607077486657
"1038",5.21622438211425,21.3097871289058
"1039",10.2301129356843,15.807602653949
"1040",-7.30009106111762,7.5307980398974
"1041",9.22115016384533,30.7087278241182
"1042",13.2108159157196,19.9515054032377
"1043",7.58384316779171,-4.44607894159433
"1044",3.76537783965793,41.3973988423624
"1045",3.01261409962304,-5.05442278724818
"1046",20.2156629269337,16.1524814198075
"1047",5.45378835640143,-3.39864017376349
"1048",-7.06766247848873,8.87349891814442
"1049",4.91067209150671,30.800963010609
"1050",4.38950131619491,-4.33736930818286
"1051",6.66590033142589,22.905541701093
"1052",3.49723451286156,50.0377722757124
"1053",5.0890402714573,-2.88266306986376
"1054",20.3119905478953,29.3668777582124
"1055",8.38691661566525,-6.56409575780773
"1056",27.0450868787495,23.7478086791802
"1057",14.6565265791362,26.3629112594496
"1058",8.44224267600984,-5.83393772700327
"1059",27.059974716259,27.5608762793249
"1060",8.26999225253103,-5.52553824502153
"1061",6.57873138464419,-6.16612482342041
"1062",14.9557670239251,26.56117204192
"1063",8.35069001424393,-5.97171867730271
"1064",5.72355786695724,-3.57579688333048
"1065",-6.56214689878467,8.88951319971158
"1066",11.3426021713826,32.3515644005863
"1067",19.2989601238905,17.2723664553177
"1068",6.17573778464598,-4.43583355523057
"1069",3.97703836304404,41.1682407854943
"1070",24.1796048946934,27.3225880627509
"1071",6.84791132422602,-6.11736208804763
"1072",-7.98388984873083,7.29543869067149
"1073",18.5644645464699,17.3754181719495
"1074",2.45652216484438,34.7542054105305
"1075",18.7773444304811,29.9079372479493
"1076",6.73700026279715,-5.81843719403467
"1077",9.60003410787276,14.7633422442647
"1078",-7.99434310983346,8.25905533416469
"1079",7.22278575761502,-4.51979518434632
"1080",20.5196408778394,27.0419572161586
"1081",7.31466322820989,-4.49484167696711
"1082",-9.0566073660717,7.08550925630944
"1083",35.2013951372583,30.2323050955755
"1084",5.2910795188512,-3.52234377842928
"1085",30.4574175557404,23.2583547324625
"1086",6.00107173521622,-3.03125418360337
"1087",36.2520342706245,30.8884383418889
"1088",35.5866279131427,31.2745622079187
"1089",-8.8160022454833,7.4838560896523
"1090",25.2988424197318,26.8273934739005
"1091",12.2417482829308,15.8597766027183
"1092",12.9254661021192,28.7666539689307
"1093",6.3918536945194,-3.26980647681406
"1094",12.9145955340266,32.0131837290088
"1095",3.82907741801966,-4.63827406171529
"1096",-9.23035903569853,8.15134174007662
"1097",6.68369643207008,-2.71206615173963
"1098",4.60727026023581,-4.88382586912406
"1099",4.92975734652947,-3.48296801916173
"1100",-6.38412574869166,8.25477600309289
"1101",5.61104905171173,-6.63486429756502
"1102",9.79812012878035,-7.33834547699731
"1103",7.21174292553841,-3.33025909591335
"1104",-6.85395134202744,8.10555028983478
"1105",7.45010302151201,-5.46508562592224
"1106",8.44315705581278,-6.17268461486329
"1107",-8.30281836899107,9.07751956023577
"1108",6.40230695562202,-4.23342312030726
"1109",27.7358343348435,26.2111357698019
"1110",4.07086342661566,-7.24970193635637
"1111",6.93652527274268,-6.51303011481368
"1112",-4.92456012071466,7.35358406730914
"1113",15.0981409161757,20.4700539435222
"1114",7.59488599986832,-5.63561503002731
"1115",22.1751331839434,27.7144218392297
"1116",7.59572789582899,-2.86065726547925
"1117",5.45437792737541,-3.62455961870326
"1118",3.92464556338195,-5.2030139009878
"1119",8.11773667608342,-6.61285849318052
"1120",8.07046724258549,-4.83094532424252
"1121",7.46283071904434,-4.38468335795064
"1122",7.95561860121606,-5.44907134435508
"1123",6.06853814835302,-6.93338158919031
"1124",1.70120763162389,24.169424790379
"1125",3.58968810324782,24.1475697662865
"1126",9.58151788952907,-4.12975859442827
"1127",8.98985086365358,-5.57937917976339
"1128",20.357879198619,17.6757672383599
"1129",5.98918700717894,-4.61667585971846
"1130",6.50818848667964,-4.08244454466049
"1131",-9.40537074086084,6.55544644590885
"1132",6.13700262422927,-3.30537158683952
"1133",-6.88573427090239,6.86331238947308
"1134",8.04016555964337,-7.40672655484745
"1135",18.9475424713008,19.2702630421946
"1136",8.10669384400682,-5.42332240474754
"1137",5.2653810665338,32.0815387059112
"1138",25.4944231838779,26.2920438946126
"1139",7.4779616367341,-4.59705751724109
"1140",8.21727467679318,-7.10355280455086
"1141",9.86641831777463,-4.51928946328573
"1142",4.17319155407237,23.5503878872706
"1143",6.90121847093785,-4.76526697345807
"1144",9.08352285784498,-6.90099483731148
"1145",6.4593201076562,-7.171933882401
"1146",9.19812249021248,-4.82527986980215
"1147",7.91821166613789,-5.91826557240151
"1148",8.41898820323821,-3.15266266359114
"1149",1.99059137405175,-3.45152071864503
"1150",5.3963396476466,-7.12786775360502
"1151",5.11320912403187,-5.9026850211359
"1152",10.7316139168516,27.996663875114
"1153",-7.71470990914901,7.34420142604427
"1154",4.33809032065398,-4.93258860449684
"1155",-7.88846157877584,8.41003390981145
"1156",25.8897168500182,22.4880304870007
"1157",10.2956255151018,-4.65096143001317
"1158",3.84009860495465,-3.24535869049544
"1159",9.28967515197839,-4.68749891950271
"1160",3.76134715485775,-5.10079806071382
"1161",19.1431232354469,18.7349134629066
"1162",7.31821402757002,-3.40519996520636
"1163",5.72703097064195,23.2909322456546
"1164",10.4348859848811,23.2533915773515
"1165",8.14604709070099,-7.25574797920068
"1166",28.4042535410643,22.2038440971888
"1167",-7.30268579584144,4.73694205606057
"1168",1.2214037814414,33.0389562805971
"1169",11.0846949025126,-6.89500331449413
"1170",26.7719824463859,22.6538669484062
"1171",8.1769383446171,-4.90588619353553
"1172",3.06094161355681,34.0566725460895
"1173",4.417783215509,-4.5042146330807
"1174",9.65561616374265,6.00720579607514
"1175",8.59736683675004,8.20248494518332
"1176",8.64766631193776,17.1095999690197
"1177",30.094029642657,32.5952961970749
"1178",9.54973463268503,5.85622722042838
"1179",8.3880969493221,-5.50252444925629
"1180",12.7409903223839,19.8022796899796
"1181",18.0404388789714,35.0871156880349
"1182",18.4919946168807,38.7230858136423
"1183",3.64266441213111,-3.53411821644165
"1184",21.049639159315,18.9694659042353
"1185",19.2885068627878,18.2359830988109
"1186",6.8485008952,-6.34328153298741
"1187",6.45677749113871,-4.67766384097447
"1188",-9.56866914938505,6.65766228618283
"1189",25.9319664215918,26.8744033468846
"1190",9.08645557092765,-5.10938951948863
"1191",5.70487614990736,-4.45306443580078
"1192",33.091000039195,30.6441311191261
"1193",2.04107449580932,31.3993515670686
"1194",20.4137593467818,26.8909786405118
"1195",20.2135080758801,17.0050691777093
"1196",-5.30328764715584,5.56131507440236
"1197",7.32866728867264,-4.36881660869955
"1198",27.6403958854427,24.1851299359183
"1199",31.0687124630811,22.7748817009674
"1200",32.2065795917737,31.3308824156224
"1201",29.3547503596853,25.4213327566738
"1202",18.2130468938803,19.3733147588264
"1203",21.8457791705585,16.5550463264919
"1204",11.0951481636152,-7.85861995798733
"1205",-4.76126171219045,7.25136822703516
"1206",7.67832522665554,-6.97515883035664
"1207",6.65630250108425,-5.37225676175348
"1208",-8.14459352253122,10.1915105147823
"1209",6.05470037477224,-6.25045266881865
"1210",9.74481629805328,-4.23197443470226
"1211",6.84271550697279,-6.47641260702712
"1212",8.33149013652795,-6.45679426454976
"1213",11.1831696547608,31.6326340007214
"1214",4.37904805509229,-3.37375266468966
"1215",9.31393912170662,-5.24572597242534
"1216",-7.40856732689907,4.5859634804138
"1217",5.54568747213791,-5.9561381260371
"1218",6.53529005233688,-5.31086117810979
"1219",3.60131989711238,-4.9203633586136
"1220",7.18144124259629,-5.90604032651827
"1221",13.9315515932108,23.6362382642178
"1222",6.59273544510694,-6.04009975515286
"1223",4.55279972471912,-4.43958514845684
"1224",3.96087216480328,-5.79539098149282
"1225",6.21280296604322,-6.71171902807213
"1226",11.1639645132756,-5.431755909499
"1227",2.76828333320715,31.2431190793751
"1228",7.74194575906269,-4.90734530084781
"1229",-8.06347328393814,6.81413861564368
"1230",2.87773092587011,39.9559939407232
"1231",8.90049436443458,-5.5161512689163
"1232",-6.46477055448363,8.93420263924836
"1233",5.87827594575007,-4.3177509657055
"1234",4.68696315509083,-4.45545189770792
"1235",5.75707224899434,-6.9413240679328
"1236",4.65656192335127,-2.82920996496255
"1237",5.1545536390506,-4.51643987896395
"1238",5.1846084168196,-3.44740290913627
"1239",6.31251267344851,-4.89932640209266
"1240",7.20746359191692,-6.99238971092686
"1241",-8.91030842225941,7.5350773709692
"1242",5.4115240417662,-5.94027137678602
"1243",-6.22737354377675,7.74072747425945
"1244",-5.64544409574145,7.76962816420137
"1245",9.50049200300246,-8.02921687611146
"1246",8.26614305581662,-4.01406346681035
"1247",6.62007589966292,-4.77987968124846
"1248",9.12486737286371,-5.51474969513953
"1249",5.86782268464744,-3.3541343222123
"1250",6.04157435427427,-4.41996680597948
"1251",2.43958404319383,42.2365810544007
"1252",8.03855262711188,22.7319771965183
"1253",8.97764132678736,-7.05197341295824
"1254",-9.56633647247738,8.59743600574221
"1255",-6.64285242717087,7.24239662422691
"1256",7.30364204127489,-5.88775704818696
"1257",-5.40916917821347,5.41033649875559
"1258",6.079559335288,-5.54046621797046
"1259",6.21799878329645,-6.35266850909264
"1260",-8.05214458986167,5.50257025092287
"1261",-9.72963488100159,8.6996518460162
"1262",-9.28582783881907,7.33463037639419
"1263",-4.91410685961204,6.38996742381595
"1264",6.96483568736025,-7.15591960083384
"1265",2.78060278963533,31.1787771895098
"1266",6.85895415630263,-7.30689817648061
"1267",4.29582932200352,-3.01575365063477
"1268",-9.21990577459591,7.18772509658342
"1269",8.3093454992252,-7.35796381947466
"1270",4.13557603726879,32.6702780242717
"1271",7.90775840503527,-4.95464892890832
"1272",8.29889223812258,-6.39434717598147
"1273",-6.33325507483437,7.58974889861269
"1274",7.09982368126689,-6.61524595508766
"1275",8.76505457113246,-4.54590731996117
"1276",-5.32846364982727,7.05745307424027
"1277",6.14728959844992,-5.07794221897194
"1278",11.0476297211154,-4.61911784165257
"1279",9.62377888817954,-6.04659354829034
"1280",7.39921018663719,-6.45249688745948
"1281",24.8757946486806,26.1754477453112
"1282",9.27771252028529,-4.65334889192032
"1283",9.39555668303601,-4.53652034385594
"1284",9.39848608013393,-7.2033811829177
"1285",7.19525195122189,-5.5006507359477
"1286",1.72141143446992,-3.5002834540178
"1287",-6.9617809474311,9.02447749379119
"1288",5.51930172399473,-5.03241698286368
"1289",4.45920760239655,39.5954053655823
"1290",8.80388965716052,-5.98614092919106
"1291",5.11841605078592,38.0158825060258
"1292",4.72830767010956,-3.06920675553598
"1293",8.21434527969527,-4.4366919654891
"1294",-6.75020659977343,5.46337856520017
"1295",-8.49595163204418,6.86759172054488
"1296",7.16947861090319,-5.87189029893588
"1297",3.21121846453738,33.9927547974007
"1298",8.54812420706746,-5.68295915135651
"1299",11.5370537541892,22.7657851925158
"1300",10.7251426348217,-6.01997569161491
"1301",9.42232921175962,-5.6328322846646
"1302",6.14745588533189,-4.26898823033272
"1303",7.75994278798493,-6.26595320178725
"1304",7.55874877692939,31.6015086867364
"1305",7.2610312726691,-5.73410934863643
"1306",7.80128730300366,-4.8797080596153
"1307",6.69858846086109,-5.41307701838378
"1308",10.1588527301281,-7.15180179132509
"1309",8.33668595378118,-6.09774374557027
"1310",8.61775062140028,-4.46355933408241
"1311",7.17098798149366,-4.94242368302507
"1312",6.73683397591517,-6.62739118267389
"1313",-4.75080845108783,6.28775158354196
"1314",6.30030103275348,-3.40758742711351
"1315",27.5725359263193,26.3133516100759
"1316",6.52308051547065,-6.78345541130464
"1317",10.2001972451468,-5.76555664915313
"1318",6.03120096504047,39.2570246940048
"1319",33.4298095796285,30.4624389336443
"1320",10.4402422065762,-5.63044482275745
"1321",4.99620112695197,32.0327759705384
"1322",-4.49208177260862,7.30013096240794
"1323",8.76564414210644,-4.77182676490095
"1324",-6.39884849026047,8.7872973594376
"1325",8.2277279378958,-8.06716944804406
"1326",8.14552893003489,-6.86355601397743
"1327",26.6936692261599,25.745705266057
"1328",5.14234410218438,-5.9890341121588
"1329",7.53021121225093,-5.68534661326365
"1330",5.30153277995382,-4.48596042192248
"1331",9.44735445915736,-4.11389184517719
"1332",10.5618442262975,-5.91775985134092
"1333",-7.57186573542328,4.68817932068779
"1334",4.81986033187548,-2.93142580523653
"1335",8.17338754525697,-5.99552790529629
"1336",3.7225154511162,39.7738457568392
"1337",7.006013915497,-6.57862844730111
"1338",3.38447508496592,35.4544713629384
"1339",19.0814603329371,20.9045777463384
"1340",8.77609740320906,-5.73544340839415
"1341",9.07306959674235,-5.93737819381828
"1342",4.70091373912373,-5.72939736554983
"1343",-5.80874250426566,7.87184400447535
"1344",4.86707010699023,41.3013252674662
"1345",11.9063540381625,-6.11980406998175
"1346",5.5567086590729,-4.56322275481725
"1347",-8.64225057585647,6.41802360588512
"1348",6.56360046695444,-5.95375066412995
"1349",4.59416664984844,39.5682786605531
"1350",3.17059897007148,28.8910185414119
"1351",3.66910160220031,33.1503110813405
"1352",7.38180483251773,-8.28414163963382
"1353",5.64125561750021,-6.52087796530962
"1354",8.31928059966172,-7.92938849774462
"1355",4.72402833648806,-6.73133737054949
"1356",3.43802148858817,-4.81814751833961
"1357",6.61850878542565,-5.66886019216468
"1358",8.1311265466065,-4.07869295143422
"1359",7.08937042016427,-5.65162931159447
"1360",9.62436845915352,-6.27251299323013
"1361",5.51737705752035,-5.31324864001694
"1362",-9.7001846290343,8.00211602681851
"1363",9.71357317035305,-5.38069026650494
"1364",8.57640610638155,-5.84980447625435
"1365",7.72973622219646,-6.37993953404266
"1366",5.59899461884974,-4.60404301144754
"1367",6.49773522557702,-3.1188279011673
"1368",8.49478854505215,-6.55901010482375
"1369",4.0601667237933,40.211161655134
"1370",7.74773114728991,-4.77421422680809
"1371",4.77733548319989,-5.37924225595993
"1372",9.78188147945052,-6.50785990754382
"1373",7.00710000199547,-4.61428839781131
"1374",24.9325369296328,25.0122224606327
"1375",-8.11941751985979,8.6953725149444
"1376",-9.15431235916982,5.99017663575851
"1377",9.13683000455681,-5.54889972272192
"1378",10.2364238465681,-6.35793372965815
"1379",-6.80615083569508,7.34461246450089
"1380",6.89602265368462,-5.12431749243756
"1381",-6.90583671150945,7.14324359449047
"1382",10.0772351687987,-7.86100741989447
"1383",-8.40869990004869,8.92654098458901
"1384",7.78479632868714,-7.05009969964966
"1385",2.580135751517,-5.00096968234698
"1386",4.10927854453648,-3.19659595512266
"1387",10.3997222550924,-6.46014956993214
"1388",4.2171099963879,25.2580606515432
"1389",2.61730438111112,31.2809930297838
"1390",8.9109476255372,-6.4797679124095
"1391",4.47478668363976,41.3781672650997
"1392",9.78707729670375,-6.14880938856433
"1393",4.29674580563526,-6.31883374666879
"1394",8.32155503609143,-5.88536958627981
"1395",7.42021995043855,-4.23103565840011
"1396",3.69338770388988,32.4199193774888
"1397",10.4280326697099,-7.1030390559523
"1398",6.84673099056917,-7.17893339659908
"1399",6.8597960522633,-4.53194041193255
"1400",-5.98449170004523,8.11981170901328
"1401",9.33719359447825,-7.92700103583747
"1402",9.77447470064113,31.8687988320249
"1403",2.65124456657994,42.0074229975326
"1404",9.00853258070346,-4.7021116272931
"1405",4.77056866876002,-4.98604170939805
"1406",-7.98129511400701,10.0892946745083
"1407",4.56592574521709,-6.27007101129601
"1408",9.25903080323541,-5.53061644439061
"1409",8.84523417217925,-4.59989578701911
"1410",11.2479933110368,-6.99721915476812
"1411",6.62896204652827,-6.63247683565787
"1412",7.7547469707317,-6.62500372076674
"1413",6.19014016807437,-7.22069661777378
"1414",8.37764368821948,-4.53890780576309
"1415",7.75818440839253,-5.73783087030129
"1416",4.89834793194726,-5.44063783960362
"1417",32.3565229304614,30.8888864134377
"1418",8.05397626826897,-7.00133696427688
"1419",4.19382550296378,-5.15425116561502
"1420",8.4536103169154,-7.13630125835648
"1421",-5.37626415615962,7.81839089957415
"1422",8.68228763743917,-5.69882590060759
"1423",4.35259615227925,30.8403965179323
"1424",9.33101966699712,-3.30125377733076
"1425",7.3564595426241,-4.61951412949647
"1426",9.208057590649,-5.3967045480721
"1427",9.6759999483929,-6.65883848319059
"1428",4.03052709443957,-5.05203532534104
"1429",21.8224543009015,26.6548138092083
"1430",-10.8023523983425,8.48972241165415
"1431",8.18722531883774,-6.67845682566795
"1432",6.30326085594375,23.1725737083698
"1433",-6.62806896300784,9.03641847952235
"1434",-6.64173033399198,8.40821312468377
"1435",-7.40597259217524,7.37981946425064
"1436",2.56811620583068,42.9645021278928
"1437",33.9866391740862,31.2914513201221
"1438",-6.14779010856944,8.22202754928726
"1439",6.37317197746952,-4.14707402928435
"1440",10.0568468072596,-6.32596609813133
"1441",3.70949389357256,39.8121438484244
"1442",5.66551958722843,-7.07910501823224
"1443",8.65397722282161,-5.05593641458743
"1444",6.51262725436803,-5.81983876781144
"1445",-8.63965584113265,9.21187958972195
"1446",-8.62746711169344,8.21204546118056
"1447",8.02392691031353,-6.57624098539396
"1448",3.88238456473149,-3.28617894712574
"1449",4.20231930129868,30.9043142666211
"1450",8.0815100746621,-6.0204814126755
"1451",4.53761533059952,-5.62718152527584
"1452",-7.8229241171143,5.25344913083812
"1453",5.60059579060911,-5.67124765407182
"1454",-10.224697199603,7.72002092095584
"1455",5.23777237213937,-4.87443889301883
"1456",5.43569621032553,-4.50182717117356
"1457",10.9943225744035,-5.97121295624213
"1458",2.95669555260953,32.5983597687456
"1459",7.01002939909338,-7.28114923687306
"1460",-5.16516524130306,6.95523723396628
"1461",5.10230986110324,30.6236580350902
"1462",8.13559382959837,-6.29213133570748
"1463",9.63482172025614,-7.23612963672332
"1464",7.56233864037569,21.8206241477047
"1465",5.20981383130593,-5.43269536086114
"1466",3.47746383260377,33.3276160568593
"1467",4.80191060912764,46.78319815597
"1468",3.85886804282965,24.1963325016593
"1469",5.59805317409163,-3.1769776126453
"1470",11.3538748420944,-6.84624057912135
"1471",3.91029509901416,42.934204543145
"1472",3.39659906991362,-4.58482095681409
"1473",-7.33831505961549,7.19669669939167
"1474",7.71768178933447,-4.34911824792518
"1475",6.03053152219767,-3.23043071754651
"1476",8.64176768595537,-6.52853064778228
"1477",4.45484839690623,-6.78010010592227
"1478",6.26940977883738,-5.75744921277865
"1479",-7.73023673231599,9.52402486435799
"1480",9.2085757513151,-5.78889651329535
"1481",6.20059342917699,-8.18431326126698
"1482",9.23518767160972,-7.10116534264372
"1483",7.86490783541082,-2.81189453010647
"1484",10.1831166998563,-7.71002884424771
"1485",19.7948080399427,38.3359424066919
"1486",-8.9611790961167,8.2001044754494
"1487",6.64235191705135,-4.09831129391157
"1488",7.87686715111916,-7.30451071457346
"1489",7.37076200044113,-7.09460555120084
"1490",-8.22529905091742,8.54439393929763
"1491",5.47704072534426,-3.11558202900161
"1492",-6.7476118650496,8.257234549037
"1493",8.96600773202788,-7.1499280780165
"1494",6.60494498197317,-4.567505521958
"1495",8.255689794714,-3.05044682331716
"1496",10.2259705854655,-5.39431708616496
"1497",6.04333273386668,-4.94808913746544
"1498",8.84558604596338,-5.80104174088157
"1499",7.56643781367225,-6.27772369376867
"1500",6.10695326627384,-2.88027560795661
"1501",7.63606422800507,-5.05832387649457
"1502",25.3456202420163,26.3246734585694
"1503",7.58351835896276,-4.3332514986741
"1504",5.86723311367346,-3.12821487727252
"1505",5.98977657815292,-4.84259530465823
"1506",1.38470218996561,32.9367404403231
"1507",-6.4671032313913,6.99442891968898
"1508",2.31382049699649,40.0100105881427
"1509",3.21213910956857,-5.74901570802719
"1510",3.53008929536567,32.5221352177627
"1511",8.01691108687174,-4.72545149143532
"1512",10.0368988366226,-5.66334080887915
"1513",7.51502681813133,-6.87294299008266
"1514",21.4501089018532,26.3251215301182
"1515",5.13162096068469,23.6596910476114
"1516",4.27316652403467,-3.52473124033643
"1517",5.06164634047147,-5.54285367987761
"1518",8.63131442485276,-5.56491400428908
"1519",15.0872152954935,20.1409741801334
"1520",4.23005210438511,-5.74662824612004
"1521",28.0634436564939,24.8370756645075
"1522",9.98510106050126,-6.0859693075579
"1523",11.0047758355062,-6.93482959973532
"1524",6.78180719394986,-5.77107603243866
"1525",8.57800727814092,-6.91700911887863
"1526",7.64053151099694,-7.27176226076784
"1527",6.7139642516833,31.7836568706205
"1528",6.14980383589828,-5.02303000675845
"1529",23.2112411983803,27.0586043355426
"1530",6.95438242625763,-6.19230295734064
"1531",-6.5726001598873,9.85312984320478
"1532",9.51789735712192,-6.19757212393711
"1533",-5.17561850240569,7.91885387745948
"1534",7.63798889447945,-4.77749221934131
"1535",5.46483118847803,-4.58817626219646
"1536",-6.06407513525254,7.63851163398547
"1537",3.66577900949545,-4.53605822144131
"1538",-6.47843192546777,8.30599728440979
"1539",5.0102888213604,-4.73810244008213
"1540",10.1710622669943,-5.67920755813023
"1541",-8.46416870316923,8.10982962090658
"1542",9.97229984883226,-4.36831088763896
"1543",7.78420675771316,-6.82418025470988
"1544",5.86817455843157,-4.55528027607476
"1545",6.2816193157036,-4.2848549795838
"1546",2.38274728712523,50.5897205504133
"1547",-5.98682437695291,6.1800379894539
"1548",7.05948734909081,-4.41757934407233
"1549",10.9825240010069,31.532171022836
"1550",7.08878084919029,-5.42570986665469
"1551",5.1785707036057,-6.58141119266382
"1552",35.2203224230436,29.4593911946508
"1553",7.09773286414489,-5.63189350836245
"1554",5.82647816962871,-4.74037946438425
"1555",6.81960090960845,-5.47447260202746
"1556",-6.30380482286709,6.892213079415
"1557",6.18955059710038,-6.994777172834
"1558",18.480618686699,20.4244341343403
"1559",5.67858464892256,-4.43211203356571
"1560",6.93828365233509,-7.04115244629964
"1561",3.91184435171294,-3.48535548106888
"1562",6.69649764373909,-4.42972457165856
"1563",5.62325858857796,-5.16227006437017
"1564",2.79362434717897,31.1404790979246
"1565",34.1499375826104,31.1892354798482
"1566",5.58771453568222,32.5556456478657
"1567",-8.38859745944162,8.64660977957162
"1568",8.60586589336301,-6.04898101019749
"1569",-7.98622252563851,5.35566497111211
"1570",8.3088273385591,-6.96577185425142
"1571",7.29725787409042,-6.32648642914145
"1572",8.22479854079789,-5.4003086089823
"1573",7.3585503597461,-5.60286657622169
"1574",7.37135157141511,-7.32052499614062
"1575",24.9002545740109,25.4453561996466
"1576",8.81434291826315,-6.94975757268426
"1577",9.90400165983798,-7.18736690135054
"1578",-10.1188156685454,7.87099949660261
"1579",6.22855528599519,-3.16759063654007
"1580",-6.8166040967977,8.30822910799409
"1581",9.70311990925042,-4.41707362301175
"1582",3.99457534201948,23.6893947712042
"1583",7.68939989002038,-4.18227292302733
"1584",-8.30320297155269,6.06784006107321
"1585",5.88003432534247,-4.84587329719145
"1586",-7.37566230484522,6.99401788123236
"1587",3.70972109666621,38.2520473373294
"1588",6.96776840044292,-5.36431428301099
"1589",12.1701777560492,22.8127950655
"1590",4.61923289192891,-4.91797589670645
"1591",7.39519470304081,-5.74997609788752
"1592",7.48151243609423,-3.50741580548035
"1593",3.71908615620728,-3.18396310685175
"1594",8.10846374863765,-4.58767054113587
"1595",5.56025945843303,-3.4735810430565
"1596",4.28361978513729,-4.48834788382963
"1597",6.51047770678349,24.7780306323684
"1598",5.42373357863243,-4.46767714359117
"1599",6.33576504239135,-4.61626825733079
"1600",23.7097793013576,27.1733623494928
"1601",2.28930719221326,42.3004988030895
"1602",4.97904569366017,-5.88681827188481
"1603",9.30012841308101,-5.65111556299591
"1604",3.80168348703383,-7.29846467172915
"1605",9.31233794994724,-4.17852132980106
"1606",7.2868046129878,-5.36286978564825
"1607",8.85568743328188,-5.56351243051231
"1608",11.5171732506187,-6.94845641939534
"1609",5.98675541428547,31.939889358314
"1610",7.65098477209956,-8.23537890426103
"1611",7.20570521232451,-6.46426737944089
"1612",5.27650753255608,-6.00490086140988
"1613",9.70591563893038,14.9143208199115
"1614",-6.91091027357381,8.35945038931099
"1615",-8.99101395064561,5.88796079548453
"1616",5.36962712748108,33.5398514832551
"1617",8.87563540391882,-6.22613771976449
"1618",8.160261524759,-4.16504204245712
"1619",9.12871656957811,-7.0262244733507
"1620",4.39335051290932,-5.84884408639403
"1621",7.90716883406128,-4.72872948396854
"1622",4.10986811551046,-3.42251540006244
"1623",7.91804537925591,-6.72721956104073
"1624",7.08727960304227,-4.66827686486925
"1625",2.5336727004418,24.0516184963603
"1626",-8.39824663894606,7.96292434109581
"1627",6.1513050820463,-5.78046300854389
"1628",6.67430322374716,30.2852773635127
"1629",-5.8235259684287,6.07782214917991
"1630",-6.91350500829764,5.56559440547416
"1631",-5.33891691092989,8.02106971773346
"1632",5.72000706759711,-4.66543859509123
"1633",6.74084945951155,-7.32991197224585
"1634",2.77966076146253,-5.69556260312599
"1635",6.02625218857617,-6.89256133256002
"1636",8.15598219113751,-7.82717265747063
"1637",-8.33265322351997,6.7653758802709
"1638",-6.92395826940026,6.52921104896736
"1639",3.55989747843783,-4.68703679708807
"1640",8.06442952937159,-7.96495360777007
"1641",5.2520748299564,-7.3495303147232
"1642",6.04117922188718,30.2382674905286
"1643",6.64596386267484,30.3603664987575
"1644",6.01243937612177,-4.33361771495658
"1645",8.92894255063065,-4.87404260517493
"1646",6.10611137031317,-5.65523337250466
"1647",35.3219579290579,31.5268396378086
"1648",5.13189084108175,-5.0254174686656
"1649",8.02912272756677,-6.21719046641447
"1650",10.6584489335716,-5.44777019106616
"1651",5.78655699710217,-5.26448590464416
"1652",12.1755339777443,-6.07104133460896
"1653",5.08877642143219,-7.24731447444922
"1654",5.95178007210076,-5.08587008776489
"1655",6.96567758332092,-4.38096183628578
"1656",10.3343606755185,-5.78142339840422
"1657",6.29602169913199,-7.06971804212701
"1658",7.7590263043532,-2.96287310575323
"1659",8.49587463155063,-4.59467005533395
"1660",10.1355982573565,-4.47052672791295
"1661",4.66057740694764,-3.5317307545345
"1662",4.92574186293309,-2.78044722958977
"1663",16.8160652363987,21.3075907245717
"1664",28.7634835585521,25.8780418671117
"1665",7.50107623409843,-5.59899752224075
"1666",-6.53697089611325,7.39337519987367
"1667",9.56930835266284,-5.60235282762313
"1668",-5.53956256468383,7.92060673984813
"1669",2.93240945091995,33.3287514725974
"1670",-7.80814065295126,7.04747098613356
"1671",23.8298697335777,27.1752004848439
"1672",36.2197519150027,31.3215720809028
"1673",19.5065507105577,34.5977564408107
"1674",10.4175794086073,-6.1394224124591
"1675",7.39401436938396,-6.81154740643897
"1676",7.54242074911716,-4.2127523800688
"1677",8.71233699539461,-6.1239218794905
"1678",4.98289489037457,-7.39829305009599
"1679",9.90348349917187,-6.79517493612729
"1680",6.41898377548011,-4.97426727138567
"1681",31.0905415576004,23.3053646054466
"1682",8.7236321524579,-4.31258075843564
"1683",32.9277016306708,30.7463469594001
"1684",-8.15764151835767,8.36127117443867
"1685",6.29442052737261,-6.00251339950274
"1686",4.81959648185036,-7.296077209822
"1687",10.1897439840442,-4.80194000565993
"1688",4.82387581547185,-3.63394659480849
"1689",4.21920771793811,39.8996525576953
"1690",4.63861220060343,46.885413996244
"1691",9.69097575718111,30.8579535373763
"1692",1.26532222375694,34.7466290448697
"1693",2.70117316139075,-3.1863505687589
"1694",6.57755105098734,-7.22769613197186
"1695",8.96718806568473,-6.08835676946504
"1696",6.3107542938561,-4.3712040706067
"1697",7.86641389001654,-6.34089407108026
"1698",6.03112109317165,-3.45635016248629
"1699",8.42944146434083,-4.11627930708434
"1700",8.58846053924354,-7.88062576237183
"1701",5.5613753717047,39.1077989807467
"1702",11.9168072992651,-7.08342071347494
"1703",8.1072834149808,-5.64924184968732
"1704",-7.28642969013347,8.15900339473598
"1705",5.08676485448091,32.2205455898448
"1706",5.04651542278172,-5.33047952058715
"1707",9.12637674345418,-4.58528307922872
"1708",-9.06706062717433,8.04912589980263
"1709",9.17817451957553,-4.16265458054997
"1710",6.81700489159505,25.0294721859005
"1711",4.52366474656662,-4.35323605743394
"1712",3.17180277739249,-3.55134909701187
"1713",3.88277055894348,30.6911708046741
"1714",5.13130127010777,-4.79949802372582
"1715",6.53647038599372,-4.24928986955834
"1716",0.593770129350835,38.0482130375962
"1717",29.1914519511611,25.5235485969478
"1718",36.2302051761053,30.3579554374096
"1719",6.49906345091555,-4.71848409760477
"1720",10.5722974874001,-6.88137649483412
"1721",7.2080531628909,-7.21830915586664
"1722",6.87116369316885,-5.83430394328576
"1723",5.3308262800533,-5.49409094450483
"1724",9.75921868148167,-7.01683749724547
"1725",23.4068219625264,26.5232547562547
"1726",-8.14718825725504,7.39765453094547
"1727",8.42516213071934,-7.77840992209785
"1728",8.97646099313051,-8.11354472150969
"1729",15.4046681009872,20.7214954970543
"1730",5.40107078066358,-4.97665473329282
"1731",8.61690872543961,-7.23851709863047
"1732",-7.7274958471593,6.36804434997808
"1733",4.96859243255754,-4.92320162839161
"1734",7.62612912756855,-4.48689919822462
"1735",-7.5823189965259,5.65179596418098
"1736",7.9052441675869,-5.00956114112179
"1737",6.48198290562505,-6.66295629269935
"1738",3.04792005601317,34.0949706376747
"1739",8.0523750965096,-5.9341323216526
"1740",-8.7470100137352,7.43286153069522
"1741",5.82588859865473,-4.51446001944447
"1742",8.0008123129492,-5.5743009803943
"1743",4.74110888177857,-4.78686517545491
"1744",6.09565810921054,-4.69161672901147
"1745",20.9613973629077,35.1697580859964
"1746",-5.23108730552622,7.10214251377705
"1747",8.56360489471254,-4.13214605633542
"1748",9.43673569934855,14.8655580845387
"1749",-7.5374880718245,8.72427320488631
"1750",10.1483994690255,-6.18818514783188
"1751",5.73401112805986,-4.53941352682368
"1752",9.42179581759928,30.8091908020035
"1753",5.05171124003495,-4.97142900160766
"1754",3.70720142817,-4.76938478296683
"1755",-6.6533056882735,8.2060132677201
"1756",5.71882673394026,-5.72700990364268
"1757",9.34147292809974,-4.26487042082396
"1758",10.4951505250474,-5.34555435079217
"1759",1.8645060401481,24.067208950105
"1760",6.42943703658274,-5.93788391487887
"1761",6.99572694127636,-4.80605781516869
"1762",7.28732277365391,-5.7550617508715
"1763",6.94256298595658,-3.37902183128613
"1764",7.39545036840518,31.7037245270104
"1765",6.72689887547865,-6.05596650440394
"1766",-4.90643856282385,7.96761661283226
"1767",7.25057801156648,-4.77049270514323
"1768",11.5276265117213,-7.91207306288853
"1769",4.93901145257903,30.7258738753642
"1770",10.043654640223,31.9175615673977
"1771",5.24822563324199,-5.83805553651203
"1772",4.80679527018135,-5.57841878990306
"1773",9.98275310993488,-5.33192753113216
"1774",17.3307812975125,19.2074782974208
"1775",4.43086824132423,39.6704945008271
"1776",8.40030648618833,-4.02993021606144
"1777",7.85361267834753,-4.62323565116133
"1778",-5.83397922953132,7.04143879267311
"1779",-7.32786179851287,6.23308005589848
"1780",8.60067007610978,-6.40803152917698
"1781",10.8627619332884,7.79947196695005
"1782",5.63605980024698,-6.87992848428911
"1783",8.72279025649723,-7.0875385229837
"1784",-5.39438571405043,7.20435835405103
"1785",18.5967469020918,16.9422844329356
"1786",3.04884070104436,-5.6467998677532
"1787",-7.23096088701294,8.97571475841841
"1788",2.84931569109883,-4.9522069469742
"1789",8.71142261559167,-5.78517499163049
"1790",9.89354839873535,-6.22375025785734
"1791",-7.17501665109128,7.09448085911769
"1792",6.69565574777842,-7.20468233620662
"1793",4.97009367870556,-5.68063463017705
"1794",8.81727563134581,-5.15815225486141
"1795",4.02860242796519,-5.3328669824943
"1796",-8.80554898438068,6.5202394461591
"1797",7.9868617289163,-4.3003555125524
"1798",7.03446210169306,-5.93651978355974
"1799",-8.56154504747027,8.06514018136979
"1800",5.51528624039835,-4.32989619329172
"1801",5.56033875891924,30.4186628120239
"1802",4.27257695306069,-3.29881179539665
"1803",3.38225949345759,28.6618604845437
"1804",3.78291481863337,23.9185528280724
"1805",3.61663392005858,39.6228671811924
"1806",0.317540466305733,24.6726103297071
"1807",5.68260013251893,-5.13463282313766
"1808",0.757068537875044,37.9459971973222
"1809",0.704292272025697,42.6771775662522
"1810",5.9095190734503,-3.16903513390282
"1811",-5.41962243931609,6.37395314224879
"1812",6.2134855145688,30.4138196036587
"1813",-7.31313905694407,5.70055869955377
"1814",20.6854885202694,16.3017071330656
"1815",8.4425674848388,-5.9467651699235
"1816",15.2182313483958,20.4718920788733
"1817",-69.5361926999994,28.1429098757042
"1818",7.95854799831397,-8.11593218341684
"1819",6.45771893589682,-6.10472923977672
"1820",3.546422688142,38.3542631776034
"1821",8.69623822147207,-6.9727713684495
"1822",6.34873927486983,-5.49170348259768
"1823",-8.64112848267758,7.58384010634198
"1824",2.04464055741466,39.96124785277
"1825",29.8350292141237,24.6069418264387
"1826",7.04903408798818,-3.45396270057914
"1827",5.55981599801083,30.8372256382136
"1828",10.8843313125912,-4.51690200137858
"1829",5.58703198715664,-4.56989298386515
"1830",5.20692757628176,23.6455969531092
"1831",4.29146552132597,41.532236186723
"1832",4.28303843941614,35.8102197676081
"1833",8.60645546433699,-6.27490045513727
"1834",3.36694168992891,28.6986515282033
"1835",4.14033677156825,41.0660249452203
"1836",5.43660997551306,30.4317151630581
"1837",3.04102933439431,39.8537781004492
"1838",4.78253130045312,-5.02019173698044
"1839",3.13981255992667,32.8903001585645
"1840",8.53767094596484,-4.71934250786331
"1841",3.74854594318873,-3.38313964079489
"1842",8.29442495513071,-4.1809087917082
"1843",2.57668488664522,26.1792567737949
"1844",-7.0572092173861,7.90988227465122
"1845",1.51583871291844,31.7946432128995
"1846",7.55438338081026,-4.24690240765119
"1847",4.50138872917819,-5.03480444477082
"1848",2.44956230004054,33.2178238509245
"1849",2.66714607544503,25.8359111849396
"1850",6.01283986081486,30.3133566257734
"1851",4.57317827478424,23.4860346981531
"1852",6.48717872287828,-6.30390577371985
"1853",5.46494933658538,30.3566260278133
"1854",4.00989314554816,23.6526037275446
"1855",5.19582335367069,37.0513619555871
"1856",5.25006326300512,32.1183297495708
"1857",5.01557872836031,21.2093241510205
"1858",4.07236057214835,37.9850153300525
"1859",-7.23048545421182,6.27776949543526
"1860",5.74713714855783,-6.36989938966285
"1861",2.92100462755976,50.1561308129972
"1862",2.42841646902172,24.0131923026855
"1863",5.46515599730699,-4.70100370511669
"1864",3.72198834267674,34.1643831854209
"1865",10.458923923626,-4.75317727028715
"1866",2.30150104056831,40.074352478008
"1867",4.21353049353541,26.7325304359633
"1868",7.14034363275069,-5.78554120791298
"1869",8.41470886961672,-6.81479327860465
"1870",12.0122355692201,-5.96882549433498
"1871",9.59592027295746,-6.91462165697149
"1872",2.87710562623257,39.8434415587512
"1873",7.94516534011344,-4.48545470086188
"1874",7.99696311623479,-4.06282620218313
"1875",3.69740164023803,38.3163892271946
"1876",2.93854160653519,32.6772847987071
"1877",5.46396668046707,28.4109885222371
"1878",3.71967930857054,39.8159797431411
"1879",8.85953662999628,-7.07498720872348
"1880",10.8310241658793,-5.86899711596814
"1881",6.68461291570181,-6.01514624777365
"1882",10.1460515184591,-5.43414337140615
"1883",2.47169017071137,34.2133291749595
"1884",3.66053292138577,49.9355564354384
"1885",3.45029221083744,30.7446239095754
"1886",14.3873466395543,26.3141485240768
"1887",5.83693143073134,-5.70399610787745
"1888",-6.15824336967207,9.18564419278046
"1889",3.79098678421147,40.1623989197612
"1890",6.20447763041139,30.1360516502546
"1891",7.12813409588446,-7.25813544110783
"1892",3.87049983669421,-4.87160062324082
"1893",7.94750516623737,-6.92639609498386
"1894",9.47723753023083,-5.34794181269932
"1895",6.88925583924475,-4.73111694587568
"1896",4.43692993406403,38.0958148496359
"1897",1.81531786486766,35.7507180482141
"1898",6.32355550552512,-6.08886249052564
"1899",6.02684175955016,-7.1184807774998
"1900",6.76824339049738,-4.66972136223199
"1901",3.75933558790647,34.3670620035802
"1902",4.7292241537413,-6.37228685156999
"1903",7.46055628261463,-6.42870226941544
"1904",7.23591177811298,-6.35028104718549
"1905",9.61065286768157,-4.21610768545118
"1906",9.21851085175162,-6.3603211915653
"1907",3.59612407985915,-5.27941387759309
"1908",5.27535932338052,23.062781502435
"1909",4.69882292200173,-4.74604491882462
"1910",8.02971229854075,-6.44310991135425
"1911",3.79618486577038,31.3529112853099
"1912",2.54383010414111,43.6948938317446
"1913",3.07481051801871,31.4945606329072
"1914",7.0484445170142,-3.22804325563936
"1915",4.45912773052773,-3.11796949090876
"1916",18.386113085823,38.5721072379955
"1917",-9.04182390190867,8.87953111160488
"1918",3.63838507850962,-7.19624883145516
"1919",8.47846927743116,-6.42631480750829
"1920",4.64149215192488,30.7522002752362
"1921",4.12195562240027,42.7050464862768
"1922",6.57781490101246,-2.8630447273864
"1923",8.37646335456263,-5.60047911431454
"1924",3.3351011859167,-3.65356493728585
"1925",5.06165104360274,30.7630890602003
"1926",5.74365992123303,30.2645938904006
"1927",7.16520259326645,-5.07555475706479
"1928",5.98399118992571,-4.97572637869795
"1929",7.59664437946073,-6.16373736151327
"1930",8.45445221287607,-4.36134349380842
"1931",-7.04242575322307,9.70390412994667
"1932",20.728224136994,14.9049567505585
"1933",6.17613826933907,30.2111407854994
"1934",4.12032137661308,-4.38613204355564
"1935",8.55021502418946,-6.66631159808172
"1936",9.76967194258429,-7.98045414073867
"1937",15.9047970859758,28.4751698183025
"1938",7.74714157631592,-4.54829478186832
"1939",6.32388031435407,-6.20168993344587
"1940",8.18739160571972,-5.86950283702873
"1941",2.89540591981183,24.2045520022455
"1942",3.92011780417321,30.8938496228335
"1943",7.87525421858767,22.8341930367923
"1944",10.8947845736938,-5.48051864487178
"1945",9.12930614055209,-7.25214391829048
"1946",-7.16456338998866,6.13086421562449
"1947",4.9406338917241,-5.48145809623391
"1948",2.89887675688893,49.1606254889622
"1949",3.84850620040719,40.4403197120022
"1950",6.84699484059429,-2.81428199201362
"1951",1.90842448246363,25.7748817143776
"1952",1.18063448931382,27.4331348326968
"1953",1.07925120393602,42.3458036691101
"1954",3.53024009845312,28.5964356879293
"1955",2.63032593865476,31.2426949381986
"1956",-8.22677169246235,6.91635445591766
"1957",10.50560378615,-6.30917099428537
"1958",2.59171487754593,23.9109764624115
"1959",3.56425668392814,41.6884686744165
"1960",-7.12313128160927,8.05678755446199
"1961",3.83157395030598,44.6046621225814
"1962",5.29048994787722,-3.2964243334895
"1963",3.23751006921804,41.3888151630531
"1964",8.28103508460763,-6.7150743334545
"1965",4.46004421415947,-6.42104958694278
"1966",9.51270153986869,-6.5566226429166
"1967",5.08999040467507,30.6879999249555
"1968",7.21850642399352,-8.18192579935983
"1969",3.16731946321019,23.6800655431547
"1970",9.35459894859771,-6.09535628366312
"1971",5.44775064318753,-6.53264845729103
"1972",6.24285774381221,-5.64268205824444
"1973",-8.19732144049507,6.21881863671998
"1974",5.82345700576126,32.042105198588
"1975",9.13975940165471,-8.21576056178368
"1976",-5.99494496114786,9.08342835250648
"1977",4.36561770982289,30.8020984263471
"1978",3.06575405179931,37.4291761344879
"1979",3.75942248838336,-5.38162971786707
"1980",2.80689439431599,38.5748375551621
"1981",9.47563635847145,-4.28073717007504
"1982",4.88841283151075,-4.86921316133367
"1983",36.0669067675811,30.4601712776836
"1984",8.48485344461564,-5.9875854265538
"1985",1.79103176317808,36.4811097520658
"1986",4.94461227697553,41.5273929783578
"1987",7.15902534980057,-4.90827365544268
"1988",-6.40930175136309,9.7509140029308
"1989",4.53583102955451,23.2833558799938
"1990",-5.99727763805553,7.14365463294709
"1991",-9.12252943029487,7.2324145361202
"1992",0.806256713155481,26.2624880992132
"1993",5.92037065751855,-7.04353990820678
"1994",3.53591732285582,41.7635578096613
"1995",5.16752787152909,-5.39187510423084
"1996",3.41598826630464,39.5224042033071
"1997",7.55731277790817,-6.91376324671295
"1998",5.71481125034388,-5.02448911407073
"1999",6.30647496023461,-8.03333468562021
"2000",9.60637353406008,-7.87823830046468
"2001",4.81188886597436,37.7644409524937
"2002",4.39009894919664,34.0646730529268
"2003",6.03729502065278,-8.08209742099299
"2004",4.16878660726766,46.7361882829859
"2005",-8.87852549338446,8.77731527133089
"2006",22.7064883869169,30.2373308299144
"2007",-7.15491421048422,6.8145496541003
"2008",6.54048586959011,-4.9518106591303
"2009",5.16811744250308,-5.61779454917062
"2010",-7.88884618133746,5.40035441064889
"2011",6.46977336875882,-8.13555052589419
"2012",8.73719595591038,-5.41393542864231
"2013",4.60175947258275,33.8355149960587
"2014",9.05521244322741,-6.25810535129131
"2015",11.3272629217998,-5.53397174977299
"2016",5.31785204757481,-4.61865571923793
"2017",6.3771874610659,-4.84959481885631
"2018",6.07494869916134,19.8091009005766
"2019",7.34770161701637,19.2724594465287
"2020",5.87810965886809,-5.12670495434471
"2021",6.41737108918752,34.7538669662049
"2022",2.27628563466962,42.3387968946747
"2023",5.0531216858228,42.3071671331993
"2024",8.74764921701299,-6.37755207213551
"2025",5.3591217621949,36.9491461153131
"2026",3.27320099426781,23.8310441188015
"2027",4.56500926158535,-2.96699091526199
"2028",5.74518491671629,23.2120072156931
"2029",3.90756501809145,-7.14748609608238
"2030",34.3380568266758,29.2935547332453
"2031",3.32602159471388,27.0185296101364
"2032",7.10158206085929,-7.14336828657362
"2033",1.58404325692354,32.7719242733203
"2034",2.42247996646736,47.5064058295909
"2035",1.62773335465387,36.5833255923398
"2036",7.70571915764137,-4.31496822034279
"2037",9.24564093271234,-8.06478198613691
"2038",2.97035310097258,-3.13758783338612
"2039",9.11441411176108,-4.55113305164633
"2040",3.51776983893749,32.586477107628
"2041",3.45280840309491,34.1156204500481
"2042",4.81758491489908,32.171782854472
"2043",6.79226045505248,-6.73469267593186
"2044",9.49003874189984,-7.06560023261825
"2045",11.153511252173,-4.4681392660058
"2046",10.5981843934053,23.1511757370775
"2047",3.86427893514841,26.5849398727203
"2048",5.98800667352209,-5.6782471682699
"2049",4.56405252066871,31.0572477725064
"2050",3.93795179995936,34.2280551196466
"2051",8.02736434797436,-5.68906813492851
"2052",25.694136085872,23.0233800662886
"2053",9.94517988797473,-6.61007574781781
"2054",9.15314927217779,-5.68159502003738
"2055",5.23540623535114,33.4639620428531
"2056",7.01814283407208,-5.80382448624429
"2057",2.15296913754476,36.1880339465089
"2058",4.62250601092075,39.4931895253083
"2059",6.80565032557556,-4.20052713418556
"2060",28.678498370254,22.8884193897349
"2061",8.07105681355947,-5.0568647691823
"2062",-8.6527038369591,7.38164024937832
"2063",5.64033913386847,-3.2177978692756
"2064",5.72986711318761,23.2487982593527
"2065",9.55885509156022,-4.63873618412993
"2066",4.05023208501121,26.8347462762373
"2067",0.75001881441177,24.6191572248059
"2068",-7.99667578674113,6.3192816146053
"2069",7.43653921805954,-4.36373095571557
"2070",4.97295163804785,41.452303843113
"2071",2.38206462699811,41.9586602621598
"2072",5.45275548823034,32.5827723528949
"2073",1.42862063228115,34.6444132045957
"2074",2.58113776337432,42.9262040363076
"2075",-8.47783007415337,7.481624266068
"2076",35.1691127816364,30.6654388345894
"2077",3.43649940279202,23.7288282785275
"2078",6.44478431210147,31.7348941352477
"2079",6.58228218400432,-5.07648311165966
"2080",3.0095161530556,35.7858452600806
"2081",7.49196569719684,-4.47103244897354
"2082",8.21567350503381,-6.03634816192658
"2083",5.28171445931013,37.9136666657518
"2084",4.33462728939259,26.3156027597888
"2085",7.40976668933593,-3.26741901490691
"2086",9.16772125847291,-3.19903793705677
"2087",4.12417057332748,-5.89760682176681
"2088",3.37261891433161,41.8657736499353
"2089",3.1462855658144,39.892204294124
"2090",-8.80295424965685,9.31409542999594
"2091",2.11321442923906,40.8809162238537
"2092",9.24682126636919,-7.00321067758546
"2093",25.0108501498588,21.9203841429819
"2094",5.91043555708204,-6.47211522993683
"2095",6.35978210694644,-6.68123957103066
"2096",2.99765998242129,42.1971475470774
"2097",6.71112336053743,24.8784936102537
"2098",5.74622066492609,-3.06681929362883
"2099",-4.65538018113283,7.40234680268193
"2100",10.3464151083805,-7.81224468452169
"2101",3.02599934349361,42.1220584118327
"2102",5.13912999789351,25.2168742818313
"2103",4.88508258794151,23.4309464432367
"2104",1.57429220317048,40.2305849657015
"2105",3.13378676917916,39.5119395595195
"2106",2.75770621903555,50.2583466532712
"2107",6.19737932488612,23.0215951327231
"2108",0.537532230607124,36.404882163189
"2109",4.03849378433501,25.3970675354768
"2110",4.9758315893693,25.3190901221052
"2111",5.27331156698885,30.5339310033321
"2112",2.09673123880105,34.5447030721016
"2113",-6.96130551462999,6.32653223080804
"2114",3.62608941599688,31.0226728039059
"2115",4.87005259704081,25.6992267546202
"2116",3.22991724648372,47.1215788275475
"2117",4.44688814596837,39.6597472554476
"2118",2.7560894848521,33.4692654044566
"2119",2.21495166727519,26.0263232679097
"2120",3.90807950750582,36.1415936647502
"2121",5.24722712045946,32.1604637358727
"2122",6.17508161161123,32.1046942260646
"2123",2.34812444152929,31.232230294411
"2124",4.44050882045021,26.4665813354355
"2125",1.10098720244727,26.1597087164209
"2126",2.10975279634469,34.5064049805164
"2127",2.1716679194911,49.3168579766557
"2128",4.14867824928914,25.8408761022174
"2129",-64.8391305651954,24.6369566183449
"2130",-6.49655348335858,7.69196473888667
"2131",4.82704041083739,23.5715884771855
"2132",8.92835297965667,-4.64812316023515
"2133",5.12962724302265,33.8440986753681
"2134",5.89698007291052,39.1811352536028
"2135",3.89579211648712,30.652872713089
"2136",2.67547731636031,37.7973410752896
"2137",4.74293001043613,32.7377938317497
"2138",3.7009805266242,26.6871557129943
"2139",5.81954044165435,39.486182750873
"2140",2.19444053078781,41.8198991926893
"2141",4.35721481750162,23.4223627639274
"2142",4.25513990174475,34.091799757956
"2143",3.30311096845088,32.7880843182905
"2144",6.28096314266885,32.2556728017113
"2145",4.45817098961109,30.9062691968596
"2146",4.92242983317125,23.6336252613961
"2147",4.9067555273998,38.245040562894
"2148",-7.83337737821692,6.21706577433132
"2149",5.40866285577968,34.9256786083909
"2150",-5.1252057744686,7.25312108942381
"2151",1.82858791200468,43.1850765054516
"2152",2.79743889837768,47.1750319324487
"2153",2.8492810901707,34.2858306029577
"2154",4.09360162769541,30.7954696772762
"2155",5.45497107973867,39.3753832312896
"2156",1.72235346264271,33.374056338618
"2157",3.51085492773008,40.0030038137074
"2158",5.26374559642346,33.3888729076084
"2159",2.21769001969193,32.4003713201147
"2160",4.63009883365507,33.7604258608139
"2161",4.88982327729859,42.4093829734733
"2162",3.85463835602243,39.7888530381119
"2163",1.28987511453668,33.4275094435192
"2164",3.5857460383574,35.6674867227958
"2165",3.8548234392101,35.1851342500069
"2166",4.52585277270779,32.30211308347
"2167",3.66575044393302,32.5210523110136
"2168",1.09227276147966,42.3075055775249
"2169",3.20540394170049,49.4120670424943
"2170",1.67913712144264,31.6924273726255
"2171",1.18409612220818,33.8076460760341
"2172",4.22346513231751,40.10894581486
"2173",3.95428519273568,40.0601830794872
"2174",5.04945719524769,32.9892353852818
"2175",5.08001214782835,39.7067571284317
"2176",3.74071320596633,23.6038409921718
"2177",5.26385607105054,39.1341253806187
"2178",5.35207203873163,23.6223061427968
"2179",-69.9626710687185,28.2996680451515
"2180",2.5121789078361,37.8995569155636
"2181",2.67645997247863,39.7429785808659
"2182",2.83625953262706,34.3241286945428
"2183",4.32498671026661,39.5195159251804
"2184",2.60498492468294,31.345334919649
"2185",3.27724274856017,38.3055004422306
"2186",3.8150687309044,39.8780165273517
"2187",2.20266002879123,34.6686516314982
"2188",4.3472365606549,32.4411199674036
"2189",2.66122282342666,32.9886657940563
"2190",4.44633684794035,35.7080039273341
"2191",4.42519101692152,26.5033723790952
"2192",4.50312604471208,41.3030781298549
"2193",10.4693771847287,-5.71679391378035
"2194",1.466650537638,43.4781523110086
"2195",0.823092821897833,42.2587428421521
"2196",5.53147663693851,30.9123147734584
"2197",2.8618684771806,33.0891287719416
"2198",2.9024556432751,37.5313919747618
"2199",2.3782500757994,25.9241074276357
"2200",2.36595843731544,34.5664357912242
"2201",7.66437464262264,-5.70121336251473
"2202",5.69633441915658,39.0806722757175
"2203",2.53419546135021,23.6330556701706
"2204",1.73918957138507,49.3703110815569
"2205",5.49241651616647,34.0811518600026
"2206",6.15764664554399,26.1049098535455
"2207",1.93343283027684,34.6469189123756
"2208",3.23966830023678,39.6629181351663
"2209",5.22323657658464,34.0323891246299
"2210",1.53346555055331,26.1062556115197
"2211",-16.8942230516331,11.5167052705623
"2212",1.92584000754252,40.3796825768701
"2213",4.23913943808895,25.4975305133621
"2214",2.41560206962934,33.0740834924637
"2215",3.88869381096186,23.5384161955575
"2216",5.82951869850107,30.4674255473967
"2217",4.63808509216397,41.2759514248257
"2218",4.80479056044909,30.6499844349622
"2219",5.19160977275307,23.6823879967688
"2220",4.7217841794173,23.5331622835107
"2221",4.52051322602583,23.3201469236534
"2222",2.68246387897371,25.79912014128
"2223",6.92406540137555,23.2839254712192
"2224",3.02584954583193,41.6179732199212
"2225",3.14680832672281,39.4736414679343
"2226",3.27036485172215,23.8731781051034
"2227",2.21716725878353,32.8189341463044
"2228",7.45062118217812,-5.85727759114549
"2229",1.63341057905657,49.7504477140718
"2230",4.1711437976807,31.0215373881678
"2231",2.72466549164075,26.1138319771806
"2232",4.3725326210303,23.3855717202678
"2233",4.92850608729285,34.1351685074222
"2234",3.71864269578509,31.1268435744183
"2235",0.927937740169996,33.7205852490761
"2236",2.40028426610066,33.1108745361233
"2237",3.18929775201782,42.0198425715587
"2238",5.02131000829539,-3.34518706886228
"2239",-68.1580184681489,23.6076336564356
"2240",3.69133994749822,39.8910688783859
"2241",4.61018655449258,39.5575314151736
"2242",-7.39378386273603,6.37998533570924
"2243",5.60993380917116,35.1386939682482
"2244",4.51053496917911,32.3389041271296
"2245",3.08783207556235,31.456262541322
"2246",5.42441612715801,32.6578614881396
"2247",1.34739453073239,33.7054302357601
"2248",4.5423464636165,-3.47596850496365
"2249",5.02478232475048,42.382256268444
"2250",4.99415337056031,39.5039254714356
"2251",2.22732466248283,52.4622094816887
"2252",2.97048836065496,39.6141553997935
"2253",3.06592124633487,-3.70232767265863
"2254",2.83044448396924,25.7336953446656
"2255",7.03046969334157,23.0163412206763
"2256",-0.106025485133042,35.1854726943325
"2257",5.77323221769536,35.0364781279743
"2258",2.83754278949451,32.8481518621971
"2259",3.47400219970941,26.9531048135221
"2260",3.0615404708817,24.0602021756696
"2261",6.88984541021873,-4.95703639081546
"2262",4.63225706467382,32.0345288329271
"2263",5.76202102545864,39.208261958632
"2264",1.37238273353743,33.0010823301884
"2265",2.1382026320441,40.176568318282
"2266",4.71180592257059,32.551919486987
"2267",6.41543297611998,-6.06390898314643
"2268",3.33476216475588,38.5834212344715
"2269",4.70896978002493,32.5940534732889
"2270",1.73537502018636,33.3357582470328
"2271",4.40243784661316,25.3953146730881
"2272",8.46801601632855,-5.46269816401509
"2273",4.25445724161763,25.4607394697025
"2274",3.74699669048995,43.0364203834189
"2275",5.18357554864851,32.5340096175221
"2276",3.74904444688161,35.5652708825218
"2277",1.84160946954832,43.1467784138664
"2278",4.79555547319803,31.9323129926531
"2279",6.98030330011926,24.9272563456265
"2280",4.84870900276462,32.3576571992348
"2281",2.15052208847228,40.1122264284167
"2282",2.36947723998821,43.1553620931758
"2283",4.36278156727724,30.844232412649
"2284",4.70377169846602,41.4035411077402
"2285",3.15513036345535,32.8535091149049
"2286",-16.9548229208288,10.4937509545352
"2287",3.83064781214761,41.660778426869
"2288",4.35332607133893,39.4444267899356
"2289",-7.56927100069945,7.48203530452462
"2290",4.51486434538827,42.7407568706154
"2291",2.06402625395862,52.5644253219627
"2292",4.00392882504959,38.5678307807268
"2293",4.61537988745128,23.8007465340536
"2294",3.82452422684271,31.2778221500651
"2295",1.25557117000387,42.2052897372509
"2296",11.7430556296382,-6.01758822970776
"2297",2.73998329516943,26.077040933521
"2298",7.32850100179066,-5.17777059733877
"2299",3.40296670876099,39.5607022948923
"2300",0.26799937272095,26.6960778366293
"2301",3.05870432833604,24.1023361619715
"2302",2.67296112410285,34.4263445348168
"2303",4.20179219285922,25.2948516952028
"2304",3.55868993415253,34.2665990256949
"2305",2.29928544905997,33.2817415996133
"2306",1.5234872937066,35.1250128149959
"2307",2.00733289818144,40.7299376482069
"2308",5.56373256211774,23.3931480859286
"2309",4.88837437823182,39.8840621039505
"2310",5.26004151985184,23.0995725460946
"2311",2.48686995927376,32.4491340554875
"2312",4.84923611120409,37.9671197706531
"2313",1.11552225038378,32.8879777049504
"2314",0.861913456147209,29.4078396042463
"2315",4.82184707787869,39.3283733583055
"2316",3.08835483647076,31.0376997151323
"2317",5.18877363020742,23.7245219830707
"2318",3.98811819318167,32.3171399946965
"2319",4.39024874685832,34.5687582448383
"2320",5.46068717360578,23.2000355239799
"2321",1.80646004133385,42.1895711814166
"2322",1.68888817519571,24.2337666802443
"2323",4.08424867048622,39.9267792627245
"2324",3.57400773768121,34.2298079820353
"2325",4.3135933919968,42.527741510758
"2326",2.13182330652594,26.9834023982699
"2327",5.42715447957475,39.0319095403447
"2328",0.592733516565379,29.3590768688735
"2329",5.09674311132763,23.2017883863686
"2330",3.50245203540881,32.6232681512876
"2331",3.46331376838108,30.7063258179902
"2332",3.34451321850895,31.1247605420903
"2333",4.83290271842776,32.1349918108124
"2334",3.93863446008648,42.8591154079002
"2335",1.62994894616221,43.3759364707346
"2336",3.75363953898174,39.9597201016019
"2337",3.11494222707975,25.7456670363788
"2338",3.59509899556658,26.5361771373475
"2339",5.7246737802289,39.0055831404727
"2340",1.84220832687321,33.1503080434465
"2341",3.1552811665428,28.9278095850715
"2342",2.52749671136478,37.862765871904
"2343",3.84896113161973,26.6217309163799
"2344",7.29954709419427,22.5339887478874
"2345",1.00974325805529,33.2681143374653
"2346",1.61471179711023,36.621623683925
"2347",7.17039841051968,-4.7165042380853
"2348",2.6296968173071,49.1118627535894
"2349",6.31310224442249,-5.12524584703244
"2350",4.75560238516865,42.3334935330713
"2351",5.81113754933308,32.1064470884532
"2352",-6.87912734469886,9.60168828967268
"2353",5.07779655632001,32.914146250037
"2354",6.65644483548758,31.5057360783795
"2355",3.27383568879925,48.82925159182
"2356",3.46279100747267,31.1248886441798
"2357",5.15523618757619,32.6090987527669
"2358",1.93886156508616,40.3413844852849
"2359",3.97227762874458,32.7724938645457
"2360",3.99065877791257,31.1334723234892
"2361",7.18378984501907,31.9328825838786
"2362",4.1616883017424,39.6217317654543
"2363",1.13490794692775,45.4911551741431
"2364",4.72712372609927,32.5151284433274
"2365",5.30165092806117,30.4588418680873
"2366",1.88134214889045,40.0634636930439
"2367",7.13572592476166,23.0547674143511
"2368",10.7355958959243,-6.9835923351081
"2369",6.10770652224031,30.7939562361736
"2370",3.11053728027504,48.931467432094
"2371",4.61693926114514,32.0713198765867
"2372",2.49038895265771,47.3421532051063
"2373",3.44031395399073,39.7633811130516
"2374",4.60380722897441,26.3643654951616
"2375",4.24754707901043,39.8245634224505
"2376",-7.64484224442705,6.94525514585958
"2377",3.59034113045753,40.0619359418759
"2378",11.7535088907409,-6.98120487320096
"2379",7.12897599184513,-4.48317767655977
"2380",1.57207661166215,33.4379740873068
"2381",3.45333551153437,39.7250830214664
"2382",4.37888775695991,38.2364568835846
"2383",2.76911104239574,33.4309673128714
"2384",4.62064333771676,42.3606202381005
"2385",2.96667380945625,23.5796025652694
"2386",-72.2241832275067,29.2154394416089
"2387",3.05429938153133,47.2881365576868
"2388",6.92548244066608,-5.3234940263807
"2389",-6.49147992129422,6.47575794406615
"2390",-0.0485060689373259,35.4633934865735
"2391",7.76937268753005,22.6832144611455
"2392",2.13750053092864,40.1505245200019
"2393",2.99198275801859,29.0300254253455
"2394",1.3701671420291,26.2084714517937
"2395",2.02594177546832,26.8324238226232
"2396",4.59230397664444,42.4357093733453
"2397",4.31137780048846,35.7351306323633
"2398",2.54536303552232,41.8564444218858
"2399",2.54604569564944,50.4875047101393
"2400",6.65592207457917,31.9242989045692
"2401",-6.65477832981843,6.57797378434014
"2402",6.54782495201322,24.9807094505277
"2403",1.5590550541185,33.476272178892
"2404",3.72839374953815,23.6681828820371
"2405",-0.0011805668608792,26.6473151012566
"2406",7.19376810186578,22.9141253804023
"2407",4.58184719342026,39.6326205504184
"2408",6.34939488976761,31.6728573510371
"2409",4.41854878489605,39.7348363906924
"2410",2.55838459306596,41.8181463303006
"2411",5.24501152895113,25.367852857478
"2412",3.90401161449054,23.5016251518979
"2413",1.48954710823778,24.3985828472472
"2414",1.83999273536487,26.3576971650518
"2415",1.23687238805753,29.0764657071041
"2416",0.846444849531081,33.3703301777393
"2417",3.61359061936165,30.6424080693014
"2418",4.48652498431595,42.8158460058602
"2419",1.77556315656196,40.4436003255589
"2420",2.36114599907293,31.1939322028258
"2421",2.74443617189853,42.8239881960337
"2422",5.07397050003092,30.698747170335
"2423",1.76254159901831,40.481898417144
"2424",1.62926628603509,34.744876182481
"2425",5.67784279536151,34.9744413437637
"2426",3.44054115708438,38.2032846019566
"2427",-20.7735362433783,12.1003334297186
"2428",1.07578957104165,35.9712924257728
"2429",2.9835099181986,39.5758573082083
"2430",2.32357155074955,32.5513498957615
"2431",2.21553178867318,34.1262683480015
"2432",4.91671373930414,39.8089729687057
"2433",4.66642445323629,41.2008622895809
"2434",4.1918139360125,34.313608898679
"2435",3.85242276451409,32.9962421597172
"2436",1.68618684490592,45.0192673451418
"2437",3.29507674434631,41.6397059390438
"2438",4.79339724217928,33.6582100205399
"2439",1.50638321698013,40.3948375901861
"2440",3.9576206010906,34.118126157828
"2441",4.98416283028458,37.2805200124552
"2442",0.890363291846613,35.0780029420118
"2443",4.02851552748829,34.415824738953
"2444",-65.655593883592,24.220807892812
"2445",4.06554988853989,26.7979552325777
"2446",1.18631171371652,40.6002569544288
"2447",3.73249370796291,30.755088553363
"2448",5.71757547470364,31.8911266229412
"2449",3.72539540243765,23.6406320358314
"2450",6.06802110183074,33.8502409407458
"2451",2.35064063378676,34.6032268348838
"2452",1.05366170037082,34.9757871017378
"2453",6.67148689520385,-4.18466038493448
"2454",5.96224210950224,34.2303775732608
"2455",2.79056100153966,32.7427095953215
"2456",1.43202769204206,24.1206620550062
"2457",5.05167278675603,39.7818462636765
"2458",5.40830993747534,25.265637017204
"2459",3.06661883795951,47.2237946678215
"2460",4.16087209764419,23.6147297771359
"2461",5.11206091485631,23.164997342709
"2462",4.49602773918682,34.1886216123234
"2463",4.56965334506521,41.8587668754999
"2464",3.00730056154727,28.9932343816859
"2465",3.83950563568142,35.2219252936665
"2466",2.48817336114938,40.5495423267115
"2467",2.5114228500535,31.130014454137
"2468",2.88008811628315,24.2413430459051
"2469",1.65201945634345,35.8529338884881
"2470",2.28626389151633,33.3200396911985
"2471",3.61158218600459,32.8723902890996
"2472",4.04406053411063,32.8189371841984
"2473",4.64859045745015,37.8666567927677
"2474",3.8268332609489,25.6262255923449
"2475",2.26017944498695,34.9465724237391
"2476",4.63069769097996,23.763955490394
"2477",3.35753477605259,31.0864624505051
"2478",3.45661501839566,44.9360360197236
"2479",-7.22050762591031,8.01209811492521
"2480",8.34023675314131,-5.00810203380952
"2481",1.98967072902055,36.2902497867829
"2482",5.29167267121446,39.4775990715636
"2483",-15.9335040513609,14.3682664120715
"2484",1.94861261883923,32.8827237929036
"2485",4.19948315875303,30.946448252923
"2486",5.61179648237515,32.2712632554561
"2487",1.94645438782048,34.6086208207904
"2488",12.1859872388469,-7.03465797810216
"2489",1.45317352306089,33.3252936032452
"2490",2.91938789337631,33.3670495641826
"2491",2.00329114388908,26.2554813247778
"2492",5.42663171866635,39.4504723665344
"2493",4.13336044576046,25.877667145877
"2494",3.84215106447758,25.5894345486853
"2495",1.39797223710263,40.3710988975607
"2496",-9.98069326269261,9.26492165616653
"2497",6.14819114960569,34.7051042308321
"2498",4.79350771680637,39.4034624935503
"2499",2.69697110896601,23.9494026560863
"2500",3.5058031936761,33.2525269216145
"2501",5.477957208976,-6.41866212503563
"2502",7.36900362084872,-6.56648321971488
"2503",2.80337540093204,23.6818184055434
"2504",4.09643777024106,30.7533356909743
"2505",3.50801878518443,40.0451378000093
"2506",0.700830639131332,36.302666322915
"2507",2.56358267462487,33.0086586958493
"2508",4.36307712509199,31.9857660975543
"2509",6.34717929825928,24.8802464726424
"2510",5.77199928230535,30.1895047551558
"2511",4.25667283312596,32.2533503480972
"2512",1.85218658371992,24.1315508399703
"2513",-15.2631999672951,11.355441282723
"2514",1.38283951676162,35.8041711531153
"2515",0.0572729233911672,35.0832568540586
"2516",6.46469659126396,25.937788580888
"2517",2.25536700674444,31.5740688353407
"2518",2.50014000641078,39.883492512725
"2519",9.78766686767773,-6.37472883350411
"2520",0.382109605964723,38.2773710944644
"2521",0.961679337797881,24.3899991679378
"2522",6.40512328416533,30.2365146281399
"2523",4.6698315129972,30.6771111399914
"2524",5.62790267205782,39.6634877263917
"2525",3.83217280763086,34.6081917521616
"2526",7.50029528667735,23.1655669339345
"2527",3.05043624827063,37.4659671781475
"2528",6.55066584315909,31.8858727108945
"2529",3.63493421363784,23.9839776246868
"2530",3.40888996077937,32.4079476857756
"2531",4.31197665781335,25.7386602619434
"2532",1.20908432501322,33.1032981704624
"2533",2.418438212175,33.0319495061618
"2534",-71.1745049526588,27.800247709175
"2535",0.804394039951492,29.1299188120053
"2536",2.86255113730772,41.7201890601952
"2537",-66.4092103182828,15.0733378623869
"2538",6.76076699285134,23.3861413114932
"2539",5.77147652139694,30.6080675813454
"2540",-68.3435844110993,25.2933374587166
"2541",-15.6508506806661,12.7165943609322
"2542",5.67562720385318,28.1818304653689
"2543",0.986391230422042,42.1565270018781
"2544",3.5455579019818,28.5596446442697
"2545",3.19904880577088,34.5611818791774
"2546",5.24109496484422,32.811930409763
"2547",3.4744813425532,48.9297145697054
"2548",3.73730614620542,34.1275921417613
"2549",1.87777608728511,31.5015674073425
"2550",6.92562477506941,31.5544988137523
"2551",2.68598268164649,34.3880464432317
"2552",4.19002766281472,39.5466426302096
"2553",4.31930948586391,26.3523938034484
"2554",2.39508618454175,41.9203621705746
"2555",3.40095827540393,41.7906845146905
"2556",1.92016278313983,27.2125604551381
"2557",2.78130489075079,31.2048209877899
"2558",2.95506008249919,33.9056939704427
"2559",4.29665885428467,25.775451305603
"2560",2.20617883146401,43.2575779334498
"2561",-20.5313408014575,13.4021721365902
"2562",3.69152503068589,35.2873500902809
"2563",4.14555429411551,23.6515208207955
"2564",4.42695167721732,47.1145720531121
"2565",1.94577172769336,25.9775605325369
"2566",3.89272877084781,32.2551032104859
"2567",-66.0820722523112,24.3775660622592
"2568",3.98759543227326,32.7357028208861
"2569",2.38229183009176,40.3985637510648
"2570",6.02176145993374,23.1881528628623
"2571",1.12497774632209,24.2877833276638
"2572",-65.2234390469104,15.4969130582796
"2573",5.34971484831858,39.3369570376149
"2574",2.2423454492008,31.6123669269259
"2575",4.53571315959639,31.1323369077511
"2576",7.02049143649486,32.0350984241526
"2577",3.61991342691987,44.8338201794496
"2578",5.65624203313014,39.5883985911469
"2579",2.00836951096689,49.4190738169297
"2580",1.67890991834899,33.2525238837205
"2581",4.45208147892707,23.9029623743276
"2582",1.36041608827603,33.6671321441749
"2583",5.66559499033932,30.4570890056987
"2584",3.00402105468598,23.7822813834287
"2585",5.93529769082956,30.0872889148818
"2586",0.43129778124516,26.5938619963553
"2587",1.9827800074017,42.0490572495574
"2588",2.3214133197308,34.2772469236483
"2589",4.54270892639252,37.715678217121
"2590",2.52444440759714,31.0917163625518
"2591",1.02301330519231,40.7024727947028
"2592",5.35490818127728,23.5801721564949
"2593",5.55427706617943,31.9933424632152
"2594",2.69749386987442,23.5308398298966
"2595",-69.1232634583579,16.0700222882078
"2596",6.33720104141256,33.8990036761186
"2597",3.95712608388155,46.965346339854
"2598",5.13625004657206,41.350088002839
"2599",1.89844622561692,34.7936389178538
"2600",4.57963160191192,32.8400096720237
"2601",5.98489274108148,34.8073200711061
"2602",3.31118293402899,49.0319304099794
"2603",3.82736036938836,31.2356881637632
"2604",3.87741096731913,32.2918942541455
"2605",6.37678392309301,30.3116037633847
"2606",-69.9778543880129,15.7809622342393
"2607",3.41834545671768,23.807753308489
"2608",5.0125345197283,37.8649039303791
"2609",4.36255436418358,32.404328923744
"2610",5.93477492992115,30.5058517410715
"2611",0.106916555705075,33.590904555298
"2612",3.55765332136707,25.5774628569721
"2613",4.78394174624097,42.2584043978265
"2614",3.74366128213502,48.9784773050782
"2615",1.30289667208032,33.389211351934
"2616",4.2572981327635,32.3659027300693
"2617",4.55354715538253,34.4665424045643
"2618",3.59157406584755,44.9089093146944
"2619",7.08892318359362,31.4522829734783
"2620",1.95213161222318,47.7757429425224
"2621",3.87115683198643,41.0172622098475
"2622",2.32201217705569,24.2807765532284
"2623",6.19449937356468,39.1548088537308
"2624",2.3119578237925,42.8774413009349
"2625",2.59523387092988,38.8039956120303
"2626",5.14622830341877,32.3313307993628
"2627",6.09160033255763,23.401731765238
"2628",-22.0846524470516,14.617820360638
"2629",2.10907013621757,25.8753446922629
"2630",4.33208501579187,46.6339724427119
"2631",6.57353556739096,-6.5251753423999
"2632",5.90695832975724,30.1623780501266
"2633",3.81685500410218,34.6449827958212
"2634",3.10950066748959,40.2423312633713
"2635",6.13551877487317,25.1094045295105
"2636",1.40995718186082,31.6436646372527
"2637",2.45260560073747,42.1982829628155
"2638",3.30736838283028,32.9973775754553
"2639",3.03818844324845,32.9486148400825
"2640",3.17146375623168,38.6856370747455
"2641",3.22805457327973,49.9890095403396
"2642",3.04338652480736,24.1391272056311
"2643",6.29094139951557,23.2369155982351
"2644",3.33289949155189,41.4508519472636
"2645",2.11191102736344,32.7805079526296
"2646",3.96653299775787,44.5775354175522
"2647",0.81007126435419,42.2970409337373
"2648",6.73792006241364,-4.66305113318409
"2649",4.72735092919292,30.9550319322324
"2650",2.43898518586894,52.2330514248206
"2651",2.50214669432225,40.1748154558933
"2652",3.90906216362414,38.0872311703265
"2653",3.28557398947545,50.2669303325806
"2654",3.97280038965299,32.3539310383561
"2655",1.19711767975183,33.7693479844489
"2656",7.13624868567006,22.6362045881614
"2657",5.13958545492698,35.4080310811798
"2658",2.43193546240567,38.9062114523043
"2659",3.9822558855913,23.7537366610695
"2660",4.04070937584334,32.1896784138715
"2661",4.33444220620491,30.9193215478938
"2662",2.9701928028402,38.4726217148881
"2663",2.03161899987102,39.9995459443551
"2664",3.13104841676243,33.1378915073144
"2665",2.93632601502686,25.8846739203124
"2666",1.14792950447139,45.452857082558
"2667",6.29934429183684,30.6166512606548
"2668",3.89908390677742,47.1059883738027
"2669",3.59255672196586,46.8545468202706
"2670",1.67316528736228,45.057565436727
"2671",2.22714551563024,23.8001769428281
"2672",4.98088332342329,32.0695670141981
"2673",2.05409605335297,31.3610534754834
"2674",4.5263755336162,31.8835502572803
"2675",4.37941051786832,37.8178940573949
"2676",1.86264336694411,26.9346396628972
"2677",4.52363718119946,25.5095022050753
"2678",1.55559342122414,27.1017609355547
"2679",2.99419834952692,35.8226363037402
"2680",1.46596787751088,34.847092022755
"2681",1.59532610056627,24.0184462147322
"2682",3.49783337018644,40.0413019052925
"2683",2.79176167397498,34.0079098107167
"2684",-20.9388588265309,13.536387351392
"2685",5.08392871193525,32.2626795761467
"2686",7.5687270337761,22.5827514832602
"2687",2.28847948302467,40.1126505695932
"2688",4.08341621269742,30.7916337825595
"2689",3.89960666768583,46.6874255476131
"2690",3.66353485242469,25.7284414326189
"2691",10.0667819076961,-6.89739077640128
"2692",1.81948159887749,42.1512730898314
"2693",4.90040039147019,23.3941553995771
"2694",3.61961641010916,24.0207686683464
"2695",3.7748805945288,32.7701744488256
"2696",4.06238231530163,47.0037725335287
"2697",1.86832059134681,40.1017617846291
"2698",-66.5197062154895,23.9502958229648
"2699",6.45423980803978,23.1346997579611
"2700",2.0026922865642,36.2519516951977
"2701",4.9903388193616,23.4693726369115
"2702",2.98298715729019,39.994420134398
"2703",5.3681782284143,31.0145306137324
"2704",5.45549384064707,38.9568204050999
"2705",2.77874011643134,34.0462079023019
"2706",5.66622028997686,30.5696413876707
"2707",4.28525403092448,42.6028306460028
"2708",2.61800648222658,31.3070368280639
"2709",3.34755651920587,40.1052196539813
"2710",5.30066827194286,28.5132043625111
"2711",4.96632883449844,33.9463145156421
"2712",2.57890047815355,32.9718676521897
"2713",1.99188632052889,43.0828606651776
"2714",3.22117667644171,35.5566872032124
"2715",3.98782263536692,31.1756063097911
"2716",4.0559093094139,40.0018683979693
"2717",0.645173896139605,33.1573148178819
"2718",2.87406232553564,30.8629824468601
"2719",4.34775932156331,32.0225571412139
"2720",5.61938930510947,26.5384995909617
"2721",5.50458617493297,33.5127247782259
"2722",2.75830507636044,40.2618762828513
"2723",0.9733696728784,42.1948250934633
"2724",4.6990115681206,31.0301210674771
"2725",1.88953382894965,24.3342296581296
"2726",2.19315727392036,43.295876025035
"2727",1.19933327126016,40.5619588628436
"2728",1.3112279129956,45.350641242284
"2729",2.30750494706339,26.1304940384222
"2730",6.0424121572772,35.085240863347
"2731",5.78848166357655,-4.9836542474909
"2732",5.92531943398285,39.106046118358
"2733",1.96975844985806,42.0873553411426
"2734",3.66887439910665,34.7104075924355
"2735",4.86148391622627,42.484472108718
"2736",3.40080847774225,41.2865993227791
"2737",3.5241249748671,47.4373622709449
"2738",5.18641643979437,39.4391728778888
"2739",2.51316156395442,39.8451944211399
"2740",2.83089994100271,35.9248521440142
"2741",4.64982339284016,42.7136301655862
"2742",4.65932614771103,34.0864057720494
"2743",5.5145443868373,35.0766571840376
"2744",1.98618706716261,31.525306099968
"2745",3.5208331845768,30.9842466102311
"2746",4.95680612533058,39.3012466532763
"2747",3.14406997430607,33.0995934157292
"2748",5.87911374875299,35.187456703621
"2749",4.76129111466174,41.6814618999811
"2750",-21.7178475302056,14.7576197345302
"2751",4.8751043310948,32.449703646713
"2752",0.326452862972996,35.1320195894313
"2753",3.33453496166223,40.1435177455665
"2754",3.21538219854721,40.3933098390181
"2755",3.50781162703316,31.0225447018163
"2756",4.83312992152141,30.5748952997174
"2757",2.05439161116772,32.5025871603887
"2758",5.37022598480596,23.5433811128352
"2759",3.24559155225516,32.5101635260496
"2760",6.81974324401179,31.4035202381056
"2761",4.55168448217854,37.3339731173564
"2762",2.88713783974642,37.5681830184215
"2763",4.12816711280176,41.634452026997
"2764",4.09971727710235,35.9642886892315
"2765",2.94203852495555,33.9439920620279
"2766",4.68693558972367,25.4072863648013
"2767",-66.1323717274989,15.4704510384229
"2768",4.99086158027001,23.0508098107218
"2769",2.73557834836472,49.2628413292362
"2770",3.99487235883019,44.5024462823074
"2771",-66.6121755776814,24.339982528641
"2772",6.62799499978817,25.835572740614
"2773",3.23810892654293,31.3923447926332
"2774",3.60207943113373,41.4996146826364
"2775",1.89079764482876,31.4632693157574
"2776",1.56127064562684,40.2688830572867
"2777",3.79823262216205,23.8817617844128
"2778",5.31270656861025,23.2654603205943
"2779",3.61306785845324,31.060970895491
"2780",4.05381158786369,25.3602764918172
"2781",2.29893626624886,42.91573939252
"2782",1.666115563899,31.7307254642107
"2783",3.80323458923366,44.6797512578262
"2784",2.18734222526255,34.7054426751578
"2785",2.21899342156755,40.5007795913388
"2786",5.73368166438632,39.2833510938768
"2787",4.78023766966935,31.9691040363127
"2788",3.21759779005554,47.1859207174128
"2789",4.57781047325436,-4.68464933518093
"2790",3.3163810155879,40.222442775528
"2791",3.26673738327399,41.7147950742885
"2792",2.12518107450046,40.2148664098672
"2793",5.83892561237739,28.079614625095
"2794",5.29219543212286,39.0590362453739
"2795",3.15626382266111,30.8734470906477
"2796",5.90643556884883,30.5809408763162
"2797",4.98292989489456,32.4335466396367
"2798",-16.6520276097124,12.8185439774339
"2799",0.270214964229284,33.4886887150241
"2800",4.84235821436607,23.5347974335259
"2801",4.40527873775903,32.3004779334549
"2802",8.65917304007484,-4.69688589560793
"2803",5.10791068549974,41.4251771380838
"2804",4.41775565014184,25.3585236294285
"2805",2.35773893931202,41.7176833524153
"2806",3.24858989935567,32.5377143722552
"2807",2.05386885025931,32.9211499865784
"2808",4.74345711887559,38.347256403168
"2809",4.1672272335738,38.4656149404528
"2810",7.29902433328587,22.9525515740771
"2811",6.49158705326951,23.3373785761204
"2812",3.62661217690529,30.6041099777162
"2813",5.03335100556502,25.5970109143462
"2814",3.1609583909455,42.0949317068035
"2815",3.29434682528664,33.0356756670404
"2816",3.14324226511747,30.9117451822329
"2817",5.53303601063237,39.1828881159915
"2818",6.34932884584382,-5.71762292753746
"2819",4.9851454864029,39.2261575180315
"2820",3.3687023502247,49.3098512022203
"2821",1.75686437461562,27.3147762954121
"2822",1.24254961246023,42.2435878288361
"2823",2.77132663390408,40.2235781912661
"2824",4.1560110773397,26.4546096437224
"2825",4.82086442176037,37.3827358527292
"2826",1.46619508060453,33.28699551166
"2827",1.39229501269993,27.2039767758287
"2828",6.24182487564112,30.3387304684139
"2829",0.867590680549907,42.5749617259782
"2830",3.31842877197956,32.7512932746309
"2831",3.99757368911998,23.7169456174099
"2832",0.912491162517443,36.0735082660468
"2833",6.89717493937,25.8843354759868
"2834",2.52421720450349,32.6518128736468
"2835",6.44204595968473,25.3608460830426
"2836",1.74734166544775,32.6697084330463
"2837",5.00617938379869,23.0140187670622
"2838",2.6875156130277,32.5495970333728
"2839",1.45362898009436,43.5164504025937
"2840",1.52288843638171,45.1214831854158
"2841",2.91878903605143,43.3635199346025
"2842",-18.9549249256178,15.1467954623329
"2843",2.8549583145734,47.4529527246896
"2844",3.43366326024636,23.7709622648294
"2845",5.79935820877119,-6.98214432456309
"2846",0.71731382956934,42.638879474667
"2847",0.218811197440514,38.3795869347384
"2848",3.94538716673904,35.3729038693133
"2849",3.92263399643068,34.2648461633062
"2850",2.82452123195086,32.8864499537823
"2851",2.86470936832646,39.9942920323084
"2852",2.66343841493499,39.781276672451
"2853",2.29512171505015,26.8811865579959
"2854",3.02516688570481,32.9869129316677
"2855",4.06290507621004,46.5852097073391
"2856",3.37868060707142,40.2910939987441
"2857",5.30288386345119,35.3058152409058
"2858",2.56136708311654,26.2160478174545
"2859",3.10343897474978,41.8170109145625
"2860",3.36915728143724,35.4912624065981
"2861",-16.0968024598851,14.4704822523455
"2862",2.15923652943989,23.9644295673127
"2863",3.53410323171382,38.4186050674686
"2864",3.42827565732334,45.0111251549684
"2865",3.68520779188298,40.5425355522762
"2866",3.58036287361081,49.0806931453521
"2867",3.13326400827076,39.9305023857092
"2868",1.44035893295734,36.0820919453562
"2869",0.880612238093549,42.5366636343931
"2870",4.22680054067243,34.1668888932008
"2871",5.92830192403342,23.503947605512
"2872",2.46258385758418,33.1795257593393
"2873",3.73372664335293,35.6020619261814
"2874",2.77524319801098,32.7795006389811
"2875",2.95385941006387,32.6404937550475
"2876",3.36234721429509,34.4589660389034
"2877",4.6754323373937,41.478630242985
"2878",3.7868472397902,32.1041246348391
"2879",1.90248797990928,49.2680952412829
"2880",3.47967942411211,40.120226935254
"2881",3.95948327429459,31.2506954450359
"2882",10.2647342611857,-7.00082321567832
"2883",4.73710198294598,23.4963712398511
"2884",6.44426155119306,32.1534569614374
"2885",1.1231150731181,27.1552140404559
"2886",4.04383333101697,34.3790336952934
"2887",3.93313936171685,30.8555515312483
"2888",-19.2871298505146,12.9185528346235
"2889",1.41970823561388,24.1850039448715
"2890",4.60797096298424,32.7649205367789
"2891",9.32439238280923,-6.20934261591853
"2892",3.77533605156227,42.9613312481742
"2893",-17.6907067581257,14.8457321006013
"2894",1.50281715537479,31.8329413044847
"2895",0.373778365049443,26.3159412041144
"2896",5.10044718789925,33.4910887478824
"2897",1.32624869971357,24.5007986875212
"2898",3.70785842346221,41.1194780501215
"2899",6.50049944993677,33.7967878358446
"2900",3.54515887226289,31.2252235199756
"2901",4.26312616025364,41.6073253219678
"2902",1.65666006796069,40.3309198414973
"2903",4.67161778619499,25.4440774084609
"2904",-72.3249772775826,27.1511704474132
"2905",6.12554051802645,34.1281617329868
"2906",5.97222036634896,25.2116203697845
"2907",2.66426612412358,41.9691249059474
"2908",0.481875487615395,33.2595306581559
"2909",4.76520767876864,34.2373843476961
"2910",2.63513837689727,34.6151985265969
"2911",4.83873074591791,41.376414402711
"2912",3.68742338339131,47.3351464306709
"2913",4.0157211730383,32.8940263194432
"2914",1.01733608078961,27.5353506729708
"2915",3.25268985778043,39.6246200435811
"2916",2.70712851266532,43.5926779914706
"2917",4.15089384079747,32.6334869806121
"2918",0.952223841859574,32.9901935452244
"2919",6.1860964812434,31.7750731913111
"2920",4.88878666451314,33.7202468047505
"2921",3.79382767535734,47.067562180128
"2922",1.77801020563444,36.519407843651
"2923",2.9366789333312,35.5447155114993
"2924",1.50986687883807,45.159781277001
"2925",3.65355659557797,34.7471986360951
"2926",5.65571492469068,33.9789360197287
"2927",-69.6030673085404,24.9395537784259
"2928",3.88076212558642,32.9211530244724
"2929",2.81454297510415,41.9052071572586
"2930",6.46655926446796,23.0703578680959
"2931",5.11788894234645,32.4064199346075
"2932",7.12627042882335,31.6549617916377
"2933",2.69165990604919,47.5551685649636
"2934",3.25504704819347,23.909969148763
"2935",4.27363152553983,38.1980306899099
"2936",5.70304042676713,25.1628576344117
"2937",5.3185345961004,32.5068829124929
"2938",-67.9550532087503,14.3409889901816
"2939",4.10868557526325,35.2706880290393
"2940",3.12227558095124,50.3691461728545
"2941",4.54218616548412,38.1342410433106
"2942",3.22424002208102,33.9544567058155
"2943",3.42420776430805,32.371156642116
"2944",4.77126937150845,32.6627046965049
"2945",4.99466819557076,33.8712253803973
"2946",4.87226818854914,32.4918376330149
"2947",3.1317783358221,41.7419217793177
"2948",1.74512607393942,25.8770975546516
"2949",3.25113048408656,31.354046701048
"2950",5.78268771363368,26.4362837506877
"2951",0.163154454448787,35.2342354297053
"2952",2.41866541526865,31.4718529950668
"2953",3.20585887291303,35.593478246872
"2954",3.60361236251494,39.6611652727776
"2955",3.88297771709475,39.7137639028671
"2956",5.47600497713446,23.1632444803203
"2957",2.60802822537987,40.3257940315401
"2958",6.00286160396815,39.3321138292496
"2959",4.05602717937202,32.1528873702119
"2960",2.9929654141369,30.9756629309217
"2961",5.34128776640876,33.6149406184999
"2962",5.79120108058203,39.5612718861177
"2963",5.97443595785729,32.0042312481792
"2964",2.47525623231671,42.7752254606609
"2965",3.57042823482872,35.7042777664554
"2966",4.41843831026896,33.989583917682
"2967",7.21233249651239,-3.55617854085313
"2968",4.92669199615086,30.7902157652295
"2969",2.11543002074739,47.6735271022484
"2970",2.46223467477306,42.8135235522461
"2971",4.3694322610216,46.8366512608712
"2972",1.07357397953332,29.1786815473781
"2973",3.67885265595337,25.6916503889593
"2974",4.12400337879193,35.2338969853797
"2975",4.51105773008752,31.9203413009399
"2976",1.27706052443313,36.1843077856302
"2977",0.698615047622999,29.5100554445202
"2978",2.34471738176838,41.7559814440005
"2979",3.34472037666022,40.1473536402832
"2980",4.47467620901267,35.6329147920893
"2981",3.48932000323809,26.9163137698625
"2982",3.09962442355107,25.7824580800384
"2983",4.76505788110696,33.7332991557847
"2984",6.8291987399501,22.803325860819
"2985",4.15029498347259,42.629957351032
"2986",1.53728010175202,42.1408084460438
"2987",2.18141897324417,41.8581972842744
"2988",2.97994385659326,31.0139610225069
"2989",6.030673856601,33.6475621225865
"2990",6.03408091636192,23.1238109729971
"2991",-67.8637805609168,16.4238059684985
"2992",7.4054286252519,22.6849673235342
"2993",1.79670898758078,49.6482318737978
"2994",4.53273066954581,46.7344354205972
"2995",5.99434823701979,26.2071256938195
"2996",1.72049078943873,36.2414870514101
"2997",4.26365326869311,47.2167878933861
"2998",2.59500666783623,40.3640921231253
"2999",4.89835263507853,30.8653049004743
"3000",4.22884829706409,26.6957393923037
"3001",3.81433881184472,31.2739862553484
"3002",-70.1994495640785,16.7422946114906
"3003",3.01639404989362,50.2181675972078
"3004",-67.5271210927027,25.7094861842495
"3005",-18.5319360723548,14.2386238820297
"3006",0.487888598293215,37.8972344619495
"3007",2.20251023112954,34.1645664395867
"3008",5.17931813426911,32.3247163603573
"3009",3.42216000791639,39.8423061430131
"3010",-69.2989693908303,22.9400084105525
"3011",6.24129776720166,24.7292678969956
"3012",1.19747059805617,43.4293895756358
"3013",1.36076900658038,43.3271737353618
"3014",-17.8385409188775,14.1619128482762
"3015",2.00490787807253,43.0445625735924
"3016",6.08973765935364,26.2691624780301
"3017",-68.0531821423271,16.5021895926832
"3018",-68.1484970659064,23.5890856723143
"3019",3.69030333471276,31.2019327096631
"3020",5.09899828883248,30.9657678783596
"3021",4.8275631717458,23.1530256509958
"3022",4.71374995531274,32.384783904264
"3023",3.32337678238403,46.8057840848978
"3024",1.82755129921922,34.4959403367288
"3025",2.01929954344284,40.0638878342204
"3026",3.52700492618856,31.3041485499371
"3027",-16.9555267769322,15.9711684806746
"3028",-69.6286620621913,28.5325965813804
"3029",2.68467947048205,32.5917310196747
"3030",2.0170839519345,33.2712769558257
"3031",4.31045166233009,32.7912469366509
"3032",3.46812620662359,34.0788294063885
"3033",1.55940797242285,43.1363137700788
"3034",3.87637435453368,23.6027580854227
"3035",-68.2337545505746,14.3107742389301
"3036",2.75882783726884,39.8433134566616
"3037",0.480838874829942,24.5703944894332
"3038",-19.5551509729957,15.479776912598
"3039",1.1287922975208,40.3223361621879
"3040",3.55534428726088,31.2290594146923
"3041",-66.0132651596046,16.547750573477
"3042",-67.1409064521494,15.8896754007552
"3043",2.41680274206466,34.3392837078589
"3044",4.29487258108688,31.0084850371336
"3045",5.86633883529134,25.0606417941377
"3046",5.8224203929758,23.3529690298652
"3047",2.15871376853148,24.3829923935024
"3048",-16.7915245123046,10.3915351142613
"3049",2.87063262034484,32.8415374231917
"3050",3.3107037911852,27.055320653796
"3051",0.212695548033566,33.2107679227831
"3052",4.47427717929376,38.2984936677952
"3053",-19.1425131590402,11.9390694418792
"3054",4.87704836383695,32.28256806399
"3055",1.02902641587013,45.3401765984964
"3056",0.16211784166333,26.5450992609826
"3057",5.65912198445159,23.4551848701392
"3058",-18.2658109810466,16.7930682921598
"3059",-17.5307657237256,14.1245955384303
"3060",2.1135673475434,50.5409578150405
"3061",-68.3817120223577,25.4204261302811
"3062",-17.9559998498751,10.595700571037
"3063",-66.8141022860689,15.0086142360647
"3064",2.79236053129987,24.0114394402969
"3065",-71.964331065353,28.8510852243724
"3066",1.52185182359625,36.4323470166931
"3067",3.30124829524689,35.6555150310826
"3068",2.75681940391178,42.0732956764599
"3069",-16.9798166018304,12.661226619947
"3070",-70.6947011024763,18.9307162189569
"3071",5.03148833236103,28.4644416271383
"3072",4.24198032923482,32.4026937737289
"3073",1.09100894560055,35.1784659198972
"3074",-71.0287101090036,18.697787682728
"3075",3.97836713942861,39.7758006870777
"3076",-68.7040369985146,23.1617577450269
"3077",5.18579114015684,39.3266204959168
"3078",6.7338765308458,25.9865513162608
"3079",-67.9378731553057,14.6707914467234
"3080",2.72280281843676,28.9812626899727
"3081",3.32239412626572,44.8601465793216
"3082",0.930153331678332,40.5131961274709
"3083",-68.5328055476214,14.449042112249
"3084",5.45785103106012,23.2421695102818
"3085",2.40378118452102,34.3775817994441
"3086",-69.1040378633178,19.4190150411718
"3087",3.47781675090812,42.9876576480462
"3088",-66.8890141684653,23.9428693526051
"3089",4.34100661491075,39.5087686798008
"3090",-67.964755055881,25.2822159449551
"3091",-72.0386172845562,27.5297356393278
"3092",-65.3692338905656,24.5993730847266
"3093",2.27686575606761,50.4387419747665
"3094",-68.2399255314203,19.6895271110189
"3095",1.28641348164231,27.0529982001819
"3096",-19.5093114954691,11.8113487950848
"3097",2.03010550947815,33.2329788642405
"3098",-18.0807363607983,12.8600741414046
"3099",3.7932023757198,46.955009798156
"3100",2.65182468797793,50.1073680776244
"3101",3.04720107600607,40.1736800401552
"3102",4.45794378651744,32.4663657079546
"3103",-65.7032428970929,24.3664445484977
"3104",-74.1677132453135,29.5323566440006
"3105",-17.6732117553077,12.7379376537005
"3106",2.03921182260533,34.2667822798607
"3107",3.16007837385982,46.9079999251718
"3108",0.748156141207781,27.4865879375981
"3109",2.60855098628828,39.9072312053504
"3110",-65.2139176446679,15.4783650741583
"3111",-21.2872318553035,17.5715973424211
"3112",3.30482779809937,34.1810452466625
"3113",5.26229669735669,30.8635520380856
"3114",2.80563057843689,31.4457978975344
"3115",1.6392445428818,25.7261189790048
"3116",1.49336165943649,40.4331356817713
"3117",5.35872273247599,39.614724991019
"3118",3.18058951034721,31.1144240003922
"3119",-20.4285075382564,16.070911114092
"3120",-18.2659457049192,12.9991591583569
"3121",1.25370849679988,45.072720450043
"3122",3.99394622067182,41.558562586595
"3123",-69.0985587368211,28.5701801149986
"3124",5.39651758948662,30.9394414784876
"3125",-15.4264983758193,11.457657122997
"3126",1.25430735412477,35.0762500796232
"3127",3.39969445952483,34.6616448570628
"3128",2.4708033555876,26.0282781981482
"3129",2.88708388307929,30.824684355275
"3130",4.1360987981772,32.2517151980821
"3131",1.84403448965723,40.8321534884809
"3132",4.40898281433065,42.5897782949686
"3133",1.82770109688091,35.0000255286403
"3134",1.50883026605261,36.4706451082782
"3135",3.96070497026772,35.3361128256537
"3136",2.14642213004752,33.0253207570909
"3137",3.90196385809887,30.972774652795
"3138",2.78952438875421,24.0535734265988
"3139",-73.4187294555492,20.7115878891553
"3140",2.40629737677848,37.7485783399168
"3141",1.05706876013174,24.4520359521484
"3142",-66.0725508500687,24.359018078138
"3143",0.621183352264784,35.029240206639
"3144",3.18743507881383,44.8872732843508
"3145",2.89177845136367,42.0461689714307
"3146",3.41824344380949,47.2863836952981
"3147",2.48690954527027,33.4205026690838
"3148",-17.5099199272006,12.6236430863288
"3149",-14.5499309216982,12.5177468394746
"3150",7.60607427900584,22.7854303014195
"3151",2.95199673685988,35.5079244678397
"3152",2.48912513677861,40.2131135474785
"3153",-70.7791343871152,27.8835193196186
"3154",3.74654123345648,32.8452635840704
"3155",3.77465339143515,34.3302709599206
"3156",4.92664341408886,37.0025992202143
"3157",-15.7933032926653,11.3178577491048
"3158",4.46739928245575,23.866171330668
"3159",1.67727444823866,34.5598580854176
"3160",-66.6026541754389,24.3214345445197
"3161",4.55266713829686,39.2796106229327
"3162",-70.1645977771061,18.9682997525751
"3163",-17.9162457772044,13.1196073391655
"3164",3.39435491284286,25.6796786972461
"3165",-71.5588134343737,18.6602041491097
"3166",-18.3686442442477,14.124329314658
"3167",-68.0027022222512,14.4866256458673
"3168",2.51212495116897,31.1560582524171
"3169",-71.4036690409139,19.0291615798701
"3170",-16.5491943465113,15.4872829549357
"3171",3.09952241064287,49.2610884668475
"3172",1.97316550961897,31.5636041915531
"3173",6.55004054352155,31.7733203289224
"3174",-72.4737589493951,20.0297078047182
"3175",-19.91564392589,12.2952343208237
"3176",2.40564385772501,31.5101510866519
"3177",1.31486331734172,32.7231615379475
"3178",4.91723650021254,39.3904101425161
"3179",3.41602785230115,40.4937728169034
"3180",-70.0091001205983,19.7128054046957
"3181",6.25303606787785,26.1669466377561
"3182",-20.6715415601531,16.4525807995569
"3183",-16.4298459647578,13.9257480169727
"3184",4.68762618574875,39.2524839179035
"3185",3.95002777835628,39.8508898223225
"3186",1.66425289069501,34.5981561770028
"3187",3.63889956792399,36.0928309293774
"3188",-65.2682593956014,15.74096310827
"3189",-70.6444016272885,27.8378312427932
"3190",4.81474877235342,32.2139168407739
"3191",-68.8430082550213,17.5530271078806
"3192",-17.8134190944204,15.7762675895695
"3193",3.5854584164406,39.7400903027391
"3194",-67.7313643628859,17.5106555767139
"3195",1.18444904051253,43.4676876672209
"3196",5.29063605842901,30.7884629028408
"3197",6.25407268066331,34.8560828064789
"3198",2.71076391701143,30.9651982871341
"3199",3.94793005680607,25.2092979161704
"3200",-64.3593267150129,15.7674251281267
"3201",0.431650699549505,36.2539035875422
"3202",-71.730044885267,27.3729197818876
"3203",3.64111515943233,42.8854418077722
"3204",2.98586710861164,23.8612064133902
"3205",3.00465574921742,48.7804888564473
"3206",-66.2333462224631,24.3288610148795
"3207",1.35855341507204,36.5345628569671
"3208",0.865728007345916,45.4423924387704
"3209",-71.3655500221059,20.3347864376292
"3210",-17.4079252439755,16.9758904561671
"3211",5.03247098847935,30.4100791327146
"3212",-69.5637253927926,20.3825287092175
"3213",2.03232110098648,40.0255897426352
"3214",1.73411120430725,26.206718589405
"3215",5.50229658181511,30.5593048459727
"3216",3.27637796239997,28.510881908897
"3217",2.94620225896538,40.3445471036453
"3218",1.78491611377114,31.3122907401106
"3219",-19.6726099039933,11.9135646353588
"3220",4.71498289070275,37.2317572770824
"3221",5.08053490873675,39.2881943022421
"3222",2.18342566115564,42.1495202274427
"3223",3.56299286804903,34.5594290167888
"3224",4.88889713914022,39.4654992777608
"3225",5.61605389675454,32.4805565126209
"3226",1.40398534778045,45.0088027013542
"3227",-67.6183937405362,23.6266692059326
"3228",-17.4258965245049,10.6332841046552
"3229",1.73351234698237,36.2031889598249
"3230",4.68541059424041,32.4598730395088
"3231",4.97191502526239,32.7631676743902
"3232",-68.4348570589328,23.2105204803997
"3233",-14.832584292393,14.1694188906139
"3234",-72.9535627995776,28.8992392949364
"3235",1.36018888518239,35.2272286552699
"3236",-67.4849512056986,16.412684454737
"3237",4.60308824896731,32.4430748976421
"3238",1.99099950540511,34.8978096883663
"3239",4.95459053382224,32.5086357748815
"3240",-65.5546193886278,15.3623979163554
"3241",1.81238329335223,35.0368165722999
"3242",1.57081279578304,26.308934429679
"3243",-17.1431150103546,12.763442460221
"3244",-68.4682211755488,26.7116186520672
"3245",2.71380721770836,39.9456573990252
"3246",-67.4667665073364,24.0509224746726
"3247",-71.9378232344803,29.5940046335235
"3248",5.15796660409497,33.7690095401233
"3249",-67.6783950628546,25.6607811368698
"3250",2.10029730040638,43.106599357803
"3251",2.63327570369328,37.4826292393891
"3252",1.07821459115056,33.6566675003873
"3253",-0.0503687421413164,38.3308241993656
"3254",-15.4078166587694,12.3349246754673
"3255",2.40506444138847,32.9016049670984
"3256",2.98195054450474,31.3052839656752
"3257",6.00182499118269,30.6429776605268
"3258",1.3455318575284,36.5728609485522
"3259",-21.4689621519012,13.4988038177738
"3260",-69.5838417135002,28.2885465313899
"3261",0.435112332443868,42.6284148308794
"3262",3.56239401072415,44.5558993872087
"3263",-18.3635178749485,10.7299157858388
"3264",2.69079511988899,37.76055003163
"3265",-70.7440182312218,24.2719285325428
"3266",-69.8894273015668,24.5609885865113
"3267",1.84273108778161,32.7317452172569
"3268",3.51373487905154,23.8697900926996
"3269",-20.2652091297322,15.968695273818
"3270",-71.7271993238796,20.6757104079326
"3271",-17.22284404331,13.0549750325098
"3272",4.6291726954967,30.8165421651015
"3273",3.40967271637154,25.6428876535865
"3274",2.86408406868893,39.8817396503364
"3275",-66.1085886756343,25.0673601824317
"3276",4.20560674405793,41.3294045297269
"3277",-18.284620841552,12.1339703329844
"3278",-71.4580193842978,20.7244731433054
"3279",1.30511226358865,40.1818222303287
"3280",1.70057851027623,42.0385926057698
"3281",-68.5931601329877,16.107605821826
"3282",-71.8451734274002,18.2816389571951
"3283",-18.5268162834727,10.8321316261128
"3284",3.93641886857814,36.0665045295054
"3285",-65.6022684021287,15.5080345720411
"3286",2.77184939481248,39.8050153650765
"3287",6.52221600745968,26.2157093731289
"3288",1.84625008116556,47.6247643668756
"3289",2.92011781243599,41.9710798361859
"3290",3.45049936898871,39.7672170077683
"3291",2.72848004283946,42.1483848117047
"3292",4.39724451365446,41.1520995542081
"3293",-15.8141490891903,12.8188102012062
"3294",4.27300622590229,38.0854783079378
"3295",4.33257953300092,33.7867522606859
"3296",-13.6912066046512,11.0170606111455
"3297",1.91223903366234,41.8094345489017
"3298",7.23111534709552,23.1168041985617
"3299",-66.894493294962,14.7917042787782
"3300",4.73647668330845,23.3838188578791
"3301",-67.3742971451445,23.6612357689964
"3302",3.77152943626152,32.1409156784987
"3303",1.04204797341377,45.3018785069112
"3304",2.56836284991267,32.7993891268244
"3305",-67.1985912126721,16.7912496466516
"3306",2.9689289869611,31.3435820572604
"3307",-18.0018393274017,14.2641286885502
"3308",4.62124219504165,32.3641498676806
"3309",-0.211804477461535,35.5656093268475
"3310",1.17117899337551,36.0333292099834
"3311",4.34619994786945,23.7519837986808
"3312",0.61143229851172,42.4879008990203
"3313",4.14925837068714,33.9408211823093
"3314",-67.7531265003628,23.6723572827579
"3315",2.25831677178295,37.8140031365312
"3316",4.50208943192663,32.6139419611321
"3317",1.15944069269932,34.5956504692229
"3318",1.09123614869421,33.6183694088021
"3319",1.14181385506444,40.2840380706027
"3320",5.02249273163263,39.4288363361908
"3321",4.42983162853877,30.9813583321044
"3322",4.84288097527448,23.1162346073362
"3323",-18.5088450029433,17.1747379776247
"3324",-70.9279160589276,20.7620566769236
"3325",4.94357566419007,32.838256809635
"3326",2.7566696062501,41.5692104845484
"3327",-17.6732183357248,12.7258589266028
"3328",-19.7523455173658,12.1930184805497
"3329",-67.2939061362514,23.8781457262828
"3330",2.95164381855554,25.8478828766528
"3331",3.05684165513205,26.9697668747637
"3332",-16.5274181347871,11.6565046444546
"3333",2.170404103612,42.1878183190279
"3334",2.14925827259317,32.983186770789
"3335",-65.7535423722806,15.4593295246613
"3336",3.07533327892712,31.0759978067175
"3337",2.3270905441335,47.4443690453803
"3338",-18.8147241669222,12.0963867993661
"3339",3.24167498814826,39.9542410783346
"3340",-68.4320114975454,16.5133111064447
"3341",4.64753379972231,39.7602102333329
"3342",-73.3684299803614,29.6187029129917
"3343",2.6496090964696,43.3147571992297
"3344",2.96996559974655,40.0327182259831
"3345",2.05283223747386,24.2320138178556
"3346",3.66723892899632,36.0177417941327
"3347",-19.5706152207682,16.2658120051971
"3348",5.38653498510885,33.9301732843559
"3349",4.55786047125556,23.5228257418127
"3350",-71.4608649456852,27.4216825172603
"3351",3.23863168745133,30.9737819664435
"3352",-17.5099133467835,12.6357218134266
"3353",-68.3395421353536,16.1236244007685
"3354",4.36091889407324,33.7116631254411
"3355",3.94435055395359,26.6837677005905
"3356",3.87949830970731,25.7921133668446
"3357",2.79657411221749,37.3804133991151
"3358",-20.0012374760873,13.4397556702084
"3359",-66.0780299765654,15.2078530043111
"3360",-19.407316812244,16.1635961649231
"3361",7.02984439370404,22.9037888387043
"3362",1.58300664413809,24.0827881045975
"3363",-68.9877232825915,25.575948620486
"3364",-71.8453538722884,29.2043179278473
"3365",0.917131774134689,40.551494219056
"3366",-17.7529473686802,13.0173914988915
"3367",-18.4291093895708,16.8952841324338
"3368",4.65751205656903,30.7414530298567
"3369",1.29209070604501,40.2201203219139
"3370",1.86902269246227,40.1278055829092
"3371",5.39704035039503,30.5208786522979
"3372",-18.8936212003187,10.6923322522205
"3373",-71.4077199091101,29.6315881671417
"3374",6.39672039184406,22.8567789657202
"3375",3.22014006365626,26.8675510344897
"3376",4.04219786090664,35.6863678969905
"3377",3.1152951453841,35.4057086275657
"3378",3.22865343060462,39.9925391699197
"3379",3.26492329213199,38.3698423320958
"3380",-69.8073105787236,16.7407231708903
"3381",2.47183996837305,34.7174143668709
"3382",-16.3641197262629,11.5542888041806
"3383",3.6810682474617,32.484261267354
"3384",2.16980524628712,52.1842886894478
"3385",4.49587794152513,33.6845364204119
"3386",3.68566272309552,26.7239467566539
"3387",4.60087265745898,25.6504640192474
"3388",5.637255629267,30.5321781409435
"3389",-15.6906047533368,10.1926875928037
"3390",-67.8417254392467,24.3822963718147
"3391",-19.5301638724112,13.3002225200885
"3392",4.02228558174414,41.4834734513503
"3393",5.80117933742875,30.5425146826415
"3394",-17.9831576103518,15.1413962410205
"3395",1.6794326792574,32.8339610575309
"3396",-21.6322605604254,13.6010196580478
"3397",4.24135502959728,32.2901413917568
"3398",-13.8545050131754,11.1192764514194
"3399",3.97763722036893,31.1717704150744
"3400",-68.5329859925096,25.3717210829013
"3401",-17.287731701829,13.7429258529653
"3402",4.15777173763549,47.0658093177393
"3403",-67.0879371521181,24.039800960911
"3404",-20.2434329180081,12.1379169633368
"3405",2.56172000142088,35.8760894086414
"3406",-16.9798100214133,12.6733053470448
"3407",3.64076224112798,33.2254002165853
"3408",3.1837310022422,34.597972922837
"3409",5.5220211410002,39.512509150745
"3410",4.69714889491661,33.8975517802693
"3411",3.39135298180394,49.8867937000656
"3412",-17.1244332933048,13.6407100126913
"3413",3.78463164828186,25.3115137564444
"3414",2.48471172825501,34.1750310833743
"3415",4.36890515258214,41.2271886894529
"3416",4.81083220824652,39.6579943930589
"3417",3.55818042980653,31.1869254283904
"3418",-70.1139450388705,28.2509629977717
"3419",-18.6964266559487,13.9790906842689
"3420",2.7851194419495,47.239373822314
"3421",3.34702941076641,34.4957570825631
"3422",-20.5313342210404,13.4142508636879
"3423",6.75131149691303,31.9863356887798
"3424",4.30047340548338,41.8100041401271
"3425",3.41648278351369,26.6751840212811
"3426",-70.5794649578899,19.6877633706304
"3427",-19.1425065786231,11.951148168977
"3428",4.46377181400759,41.7077882998531
"3429",2.58577837499157,47.4041899893169
"3430",2.85309564136941,50.3203834374818
"3431",2.45548555205892,26.0650692418078
"3432",3.86418050617863,25.8289044105042
"3433",-73.0038622747653,19.9921242711
"3434",2.91455106266037,34.5492101874643
"3435",4.06526226662308,30.870558812521
"3436",-20.3680358125162,13.312035023414
"3437",2.90141903048965,28.8422558060391
"3438",-69.9431082623224,23.2226195723219
"3439",1.57242952996649,43.0980156784936
"3440",-67.9645746109928,14.3595369743029
"3441",2.73812062196544,28.9444716463131
"3442",-17.3674673152014,14.0223796981563
"3443",1.95796557604841,23.7514142074554
"3444",-19.2222421919956,12.230602014168
"3445",-16.5492009269284,15.475204227838
"3446",4.02747891470284,25.7266885702303
"3447",-17.9329022000465,13.5438933937297
"3448",-65.7480632457839,24.6104945984882
"3449",5.53292553600529,33.4376356429811
"3450",-0.480984417043365,35.5168465914747
"3451",4.87040551534515,35.359268345807
"3452",-65.6937214948504,24.3478965643764
"3453",-18.2659391245021,13.0112378854547
"3454",-67.6686932157239,14.7195541820962
"3455",-15.6913086094401,15.6701051189431
"3456",3.78672936983207,39.9531056625965
"3457",4.12106880727649,34.5199955094655
"3458",-16.8153260182366,12.9207598177079
"3459",4.09982775172943,41.7095411622418
"3460",4.46792204336415,23.4476085044783
"3461",3.53405464965183,44.6309885224534
"3462",1.03603486273595,40.6641747031176
"3463",2.33884828579804,40.2770312961673
"3464",-14.7132293302224,12.6199626797486
"3465",2.22120901307588,47.2933904697335
"3466",-71.5689604998093,28.934356834816
"3467",2.84576228749792,25.696904301006
"3468",3.72147883833074,31.0847095881164
"3469",-19.837932487146,13.3496185570322
"3470",-18.5081411468399,11.6973204514853
"3471",1.72270638094706,43.0340979298048
"3472",0.642958304631272,26.3647039394872
"3473",1.79484631437679,52.5156625865899
"3474",-70.9810610955027,18.5521510270422
"3475",6.35891759893547,26.3179252134029
"3476",3.38437665599614,34.6984359007224
"3477",2.33310365481132,52.0820728491738
"3478",-19.71844938152,15.581992752872
"3479",3.52905268258022,23.83299904904
"3480",-68.8191655406478,14.0704769203344
"3481",0.429435108041169,29.4612927091475
"3482",2.05223338014898,34.2284841882755
"3483",4.09337442460176,32.3555661883712
"3484",-18.548599075614,14.6508312094962
"3485",-16.1219242843422,12.8561275110522
"3486",4.08803487791979,23.3736000285546
"3487",5.29455262253591,23.3443853505558
"3488",1.93699889188218,43.208815198077
"3489",-69.0563888498169,19.2733783854861
"3490",2.46639840878289,49.2140785938634
"3491",-69.9275549128252,24.6880772580757
"3492",2.39425847535316,39.7325139370783
"3493",-69.9205011817144,19.0028663156389
"3494",2.88610122696097,28.8790468496987
"3495",5.24536444725547,35.0278944486649
"3496",6.92458816228395,22.8653626450296
"3497",-69.1981753407543,25.0042774047482
"3498",2.48852627945372,50.2095839178984
"3499",2.65147176967359,40.4473264864376
"3500",2.66322951133813,33.2799887372246
"3501",-15.8546070179643,15.7723209592171
"3502",2.52138106195784,32.6939468599487
"3503",1.78468891067749,32.8723872512056
"3504",3.66945452050465,42.8103526725274
"3505",3.44976944992903,31.163186735765
"3506",3.78105214542938,26.7859835408645
"3507",-67.5230788169569,16.5397731263014
"3508",4.50831937767078,25.5462932487349
"3509",-68.0572244180729,25.6719026506313
"3510",4.78027725566586,32.940472649909
"3511",0.74056331847346,33.2193516020925
"3512",-66.7936906524356,15.4232597436504
"3513",3.09316727471326,34.4102033035307
"3514",-69.7520471581179,19.3813738195605
"3515",0.939904385431396,33.0545354350896
"3516",-21.2259281300045,13.1171341323088
"3517",3.04152385160337,27.0065579184233
"3518",4.21734504473412,42.7670832704874
"3519",5.74313716032462,30.6831567165902
"3520",4.18290153934524,23.8541996389548
"3521",2.19340391800235,33.1307630239665
"3522",-14.9554247721432,11.318123972877
"3523",-66.6879116601071,15.0431231111354
"3524",3.93261225327739,25.24608895983
"3525",4.71596554682107,39.1773947826587
"3526",-20.5082431516289,16.3503649592829
"3527",2.96073730690189,47.0728160921747
"3528",2.29218714353471,26.1672850820818
"3529",2.13110432651884,33.0621118007505
"3530",5.54195760975125,32.0576843530804
"3531",2.82756453264779,41.8669090656734
"3532",-17.2625981159807,10.5310682643812
"3533",2.93622400211866,49.3633043071215
"3534",-65.977227334039,15.8394084691833
"3535",3.35043647052733,23.9720059329736
"3536",2.90228381664984,38.6368743393727
"3537",-15.5711150672936,12.4371405157413
"3538",1.97568170187643,34.9346007320259
"3539",6.18505986845795,23.0859370225883
"3540",-68.9118153477279,25.3828425966628
"3541",3.02800777685067,39.8920761920344
"3542",1.84057285676287,34.4576422451437
"3543",3.19361106789085,31.0761259088071
"3544",-16.5087429981544,12.5216934698271
"3545",-67.2733226501803,14.8028257925398
"3546",2.61090817670132,24.1925803105324
"3547",3.20828389302194,33.2788533214865
"3548",-20.0801345094839,12.0357011230628
"3549",3.72569241924836,44.4536835469347
"3550",6.38674213499734,31.8755361691964
"3551",5.07210782682693,33.5661778831271
"3552",6.60534436820894,25.2586302427686
"3553",4.42059654128771,32.2636868897953
"3554",2.08727574286274,43.1448974493882
"3555",-21.1021572350552,13.638603191666
"3556",3.00118491214032,23.8244153697306
"3557",-72.1975460218043,30.6824256823392
"3558",-18.9792081700989,11.848932328703
"3559",6.76128975375974,22.9675784853036
"3560",-71.1970959985094,20.7132939415508
"3561",-16.4298393843407,13.9378267440704
"3562",0.44813388998751,42.5901167392943
"3563",2.27465016455928,43.6461310963718
"3564",2.18038236045871,33.1690611155517
"3565",5.32137548724626,39.4120461728596
"3566",-67.0833550680858,17.5482967983252
"3567",3.69735305817604,44.5287726821795
"3568",-67.1481112925962,14.7756856998357
"3569",4.12091900961481,34.015910317554
"3570",2.4072800328968,39.6942158454931
"3571",-70.2318510083004,28.2509053097787
"3572",1.62161770524693,31.4145065803846
"3573",-70.8725254189793,25.3699573425128
"3574",3.13162853816042,41.2378365874063
"3575",5.56974567279556,28.0308518897222
"3576",2.53771445473416,38.5260748197894
"3577",6.65488546179372,23.2351627358464
"3578",4.61919443864999,39.8352993685777
"3579",3.7084572807871,31.1230076797016
"3580",3.48445959939991,39.9109573662291
"3581",3.14916551713585,23.7589905731162
"3582",-64.8894300403831,15.7298415945085
"3583",4.24568440580644,42.6919941352426
"3584",-20.1458541675616,14.4192390629527
"3585",5.53199939784692,30.4937519472687
"3586",4.33879102340242,32.7161578014061
"3587",1.41099379464627,40.3328008059755
"3588",-0.162263383876753,33.5421418199253
"3589",0.537076773573653,26.2137253638404
"3590",2.27651283776327,40.7787003835797
"3591",-19.6328624117398,14.4253926763896
"3592",2.58173662069921,32.9297336658878
"3593",5.8668659437308,30.670104365556
"3594",1.55030165929566,42.1025103544586
"3595",-71.8281738188438,29.5341203843892
"3596",1.26428561097148,26.0574928761469
"3597",3.25494503528528,47.3885995355721
"3598",-66.2238248202206,24.3103130307582
"3599",3.07837657962405,40.0564569186086
"3600",-66.0303809630645,15.0622163486254
"3601",3.62354883126599,32.2063404751131
"3602",5.15807707872205,39.5142620131336
"3603",2.08156323293405,35.0855793076727
"3604",3.98595996216293,34.0430370225833
"3605",-67.4222761744306,17.1713285911735
"3606",-21.3892265385287,13.2193499725828
"3607",-66.6684878873019,16.8288331802699
"3608",-66.2839989606987,15.0461977696829
"3609",-67.032982750463,23.8669665245282
"3610",5.40644726427135,28.1330677299962
"3611",-67.5774205678904,16.8023711604132
"3612",2.62622598023,24.1557892668727
"3613",3.25165324499497,30.9354838748583
"3614",5.38706209354831,39.5396358557742
"3615",-69.8883848495152,29.621017630196
"3616",5.69306216992041,34.181614837888
"3617",-16.792228368408,15.8689526404007
"3618",6.08021495018578,31.6240946156643
"3619",3.06535502208041,40.0947550101937
"3620",6.13604588331263,30.7188671009288
"3621",4.97804718087763,32.1117010005
"3622",-68.819345985536,24.9931558909867
"3623",-70.2642143810393,15.4023970423247
"3624",2.87489003472424,33.0508306803565
"3625",4.58848942544573,26.4011565388212
"3626",-66.4568593317837,15.2189745180727
"3627",2.08855899973019,41.6689206170425
"3628",-19.4695640032156,14.3231768361156
"3629",7.39441375561973,23.0145883582877
"3630",2.00710569508779,42.2900341593019
"3631",-73.4836661249478,28.8616557613181
"3632",3.42925831344165,46.9567626605446
"3633",-16.7124927550355,15.5894987952097
"3634",-66.039902365307,15.0807643327467
"3635",5.10104604522414,23.4946183774625
"3636",-69.1488582120088,19.6630650911622
"3637",1.24665877333661,31.7458804775267
"3638",2.78125630868881,37.4172044427747
"3639",2.07553744218655,41.7072187086277
"3640",4.15141660170588,32.2149241544225
"3641",2.74033621347378,35.7370825247078
"3642",1.36423063947474,49.701684978699
"3643",3.50615611198044,42.9125685128014
"3644",4.44262598298876,32.5031567516142
"3645",-68.7927087798336,26.460142131717
"3646",0.324590189769006,37.9994503022235
"3647",4.86044730344082,33.7953359399953
"3648",-69.249832706973,28.5214750676188
"3649",-65.5927469998862,15.4894865879198
"3650",-69.0729639831702,24.9771373120442
"3651",1.34774744903674,43.365471826947
"3652",3.36575427405601,23.935214889314
"3653",-71.7826788410204,29.9629620642839
"3654",-67.1385898903537,14.7571377157144
"3655",-66.9281378321908,15.3288089314523
"3656",4.61590264835969,23.382183707864
"3657",-16.2665409758165,13.8356109037964
"3658",2.42779116938418,23.9006399207135
"3659",-70.5990691755834,28.8247322721482
"3660",2.56707959304523,34.2753659591701
"3661",2.84621774453139,35.8880611003546
"3662",-67.5802661292778,23.4995805343681
"3663",5.44849807385094,32.3734790957301
"3664",-19.5093180758862,11.799270067987
"3665",3.23662325409427,33.2037641862417
"3666",0.855797806740262,24.239020592291
"3667",-0.317686008519155,35.4146307512007
"3668",-66.1228503252564,15.4519030543016
"3669",5.51350777405185,26.3875210153149
"3670",3.2388388456026,39.9963750646365
"3671",-18.7741380946927,12.9247064480604
"3672",5.72516829743796,26.1583629584467
"3673",1.24068693925624,45.1110185416282
"3674",5.76149391701917,33.5987993872138
"3675",1.88378919796294,36.1392712111361
"3676",-67.1004622790953,14.63004904415
"3677",1.66968162550433,40.2926217499121
"3678",4.80861661673819,32.8653835146642
"3679",1.0078805848513,36.1355450502574
"3680",-16.6720414066786,12.6239093101011
"3681",1.40972997876717,33.2037611483477
"3682",0.914916182626354,33.7588833406613
"3683",3.71841549269144,32.6869400855133
"3684",-16.7124993354526,15.5774200681119
"3685",-73.2902222677917,19.6135590791854
"3686",4.63122045188837,23.3453926642044
"3687",-66.6081333019356,15.1702694706929
"3688",-16.2665475562336,13.8235321766987
"3689",3.52464773577551,47.0187994447552
"3690",4.76417106598319,25.5482481789734
"3691",6.33616442862711,25.2098675073959
"3692",3.57297112489575,25.5406718133125
"3693",-18.1213224330278,12.0317544927104
"3694",5.88846670596217,26.0561471181728
"3695",-65.7440209700381,15.44078154054
"3696",5.05219554766443,39.3632834374868
"3697",2.14948547568682,31.423090259694
"3698",-19.812817243106,14.9518945712277
"3699",4.49211117507991,41.6326991646084
"3700",-20.6102378348541,11.9981175894446
"3701",4.89042213462348,32.4129126030534
"3702",-65.2140894971057,24.968330515487
"3703",4.14936884531422,39.6860736553196
"3704",-18.9394606778453,14.3607603697338
"3705",-69.4477510626427,15.8185457678576
"3706",4.04441345241497,42.4789787753853
"3707",4.52432777722454,39.3546997581775
"3708",-19.1245352980937,18.2937545204889
"3709",-70.5490867037093,20.7509351631621
"3710",5.85636057844462,34.079398997614
"3711",-68.6187548866386,19.7006486247805
"3712",1.7946671675242,23.8536300477294
"3713",3.79636994895806,26.7491924972049
"3714",-69.4025904633753,26.2954122385413
"3715",6.01178320308703,32.2069100663386
"3716",4.91959369062559,23.675759247698
"3717",3.68794614429972,46.9165836044812
"3718",3.71947215041927,30.7933866449481
"3719",-66.7669891967485,15.7345142160709
"3720",3.8021979764482,35.9906150891035
"3721",3.60823102773731,32.2431315187727
"3722",1.22036716865595,24.3498201118744
"3723",2.24486164145826,34.9833634673987
"3724",5.63788092890454,30.6447305229155
"3725",-64.7381560702312,15.7785466418883
"3726",-17.7927014413509,10.493484730763
"3727",-71.378748222842,19.6014171016394
"3728",2.58010115058887,34.2370678675849
"3729",0.766854923154123,40.6154119677448
"3730",1.7357279384907,42.9957998382196
"3731",1.47816172586592,32.6209456976735
"3732",2.49910339362532,31.1943563440023
"3733",3.99447332911128,47.1680251580133
"3734",5.1273376499048,30.8906787431148
"3735",-72.2203128041987,29.5356918249895
"3736",1.1032027939556,32.9523195948156
"3737",5.34261654279332,32.2225005200833
"3738",-67.9019081721752,16.550894640063
"3739",-16.2852226928664,12.9583433513262
"3740",-20.0012308956702,13.4518343973062
"3741",4.67816275391248,42.6385410303414
"3742",-69.5032126610135,14.7411778030169
"3743",-17.407214807455,11.5105516571255
"3744",4.79247110402091,30.7143263248275
"3745",5.03370392386936,35.257052505533
"3746",1.60859614770329,31.4528046719698
"3747",-67.4621844233041,17.5594183120867
"3748",3.4961979000761,41.3486361069897
"3749",6.56001880036827,22.7545631254462
"3750",3.20482226012758,26.9043420781493
"3751",-68.417569403035,15.2060892639226
"3752",-19.9825557590374,14.3170232226787
"3753",3.43180058704237,26.6383929776215
"3754",-19.2265299813189,13.9415071506506
"3755",-19.4073233926611,16.1515174378254
"3756",-66.510184813247,23.9317478388435
"3757",4.04279671823152,25.6898975265706
"3758",4.10970781737808,38.1876941482118
"3759",-68.3119622631444,24.3159180727364
"3760",3.85277568281844,42.656283750904
"3761",3.89169215806236,23.5659670417631
"3762",3.26106015887129,28.5476729525566
"3763",4.7824928471742,39.7330835283037
"3764",3.11307955387576,28.6130977491709
"3765",3.31656609877557,35.618723987423
"3766",3.71307594600947,23.7049739256967
"3767",4.1677499944822,38.0470521142631
"3768",1.9479873192017,32.7701714109316
"3769",3.41188830787988,32.4354985319812
"3770",4.23394610513025,41.2543153944821
"3771",2.61982057336859,34.6519895702566
"3772",3.04924883239773,32.7025305392581
"3773",2.13646391814318,31.4613883512792
"3774",5.26333331014214,39.5526882068084
"3775",3.26090935578384,32.47337248239
"3776",-73.7700261179742,28.4830905694035
"3777",2.30972053857173,32.9231049168169
"3778",4.59799270613753,41.7836777402551
"3779",2.32253493796409,23.8622137270387
"3780",2.59552942874464,39.9455292969356
"3781",1.71360006781987,42.0002945141846
"3782",-68.7183714905718,16.1347459145301
"3783",4.251333286444,23.2713841882806
"3784",-66.3920302648382,15.4031403189288
"3785",0.112929666382893,38.2286083590916
"3786",3.57932626082536,40.3915569766294
"3787",2.61795790016459,37.5194202830487
"3788",-68.639100329116,15.0116898728641
"3789",6.27100493076452,30.6917403958996
"3790",1.52752904799895,49.599469138425
"3791",-68.1329605004987,16.3750432331257
"3792",5.36870098932271,30.5959677875427
"3793",-17.5712170720826,17.0901850235389
"3794",3.3965705043512,32.4722895756408
"3795",-15.9566017011895,11.4200735893787
"3796",4.93774763669993,23.5968342177365
"3797",-17.4072213878721,11.4984729300277
"3798",0.00103502464745631,33.4399259796513
"3799",4.20549626943085,35.5841520567165
"3800",2.50606325842916,32.7307379036083
"3801",4.31266725383843,39.5838578150456
"3802",-18.8597250644729,14.0813065245428
"3803",3.70309768916276,32.7237311291729
"3804",3.73474888546776,38.519068045354
"3805",-17.8135472378759,11.9944371828644
"3806",0.643311222935615,36.024745530674
"3807",-19.6495188345818,14.8496787309538
"3808",2.24398162437259,39.7964316857671
"3809",-66.5025261620449,24.2800982795067
"3810",0.598410740968077,42.5261989906055
"3811",-70.4003050318969,27.872397805857
"3812",2.62906212277566,24.1136552805708
"3813",0.911454549731991,27.3843720973241
"3814",1.48768443503379,27.2660135600393
"3815",-17.0575214601573,11.6189211108363
"3816",-72.699936209493,27.4825443445553
"3817",1.77189455622749,31.3505888316958
"3818",6.07799935867745,24.8314837372696
"3819",6.1728660201029,25.3120833476699
"3820",3.21049948453028,40.0714641998813
"3821",5.35020936552764,26.4897368555889
"3822",4.20713173954118,34.2768178550194
"3823",-70.4927743940887,28.2620845115332
"3824",2.35645568244457,43.193660184761
"3825",2.57703780494957,35.8392983649818
"3826",4.07805662107308,32.3923572320308
"3827",-18.4292441134434,13.1013749986309
"3828",0.75383336561048,40.65371005933
"3829",4.2843672158007,34.4177796691915
"3830",-68.7197293816028,28.5590586012371
"3831",3.54767506452035,34.5962200604484
"3832",-15.853903161861,10.2949034330777
"3833",2.26449276085997,24.0028557609875
"3834",-15.5711216477107,12.4250617886435
"3835",-66.9869626571539,15.1813909844544
"3836",-66.8985355707078,23.9614173367264
"3837",2.43794857308349,43.5439152560978
"3838",3.39992166261848,33.1015483459677
"3839",2.29440273504305,32.9598959604765
"3840",3.07554043707839,40.0985909049105
"3841",-69.4096234513843,15.6914570962931
"3842",3.09997734185542,35.4424996712253
"3843",2.70078566016472,39.9839554906104
"3844",-71.4541489609898,21.044725526686
"3845",3.88111504389076,42.5811946156592
"3846",-17.8385343384604,14.173991575374
"3847",3.15909571774151,44.9623624195956
"3848",2.94841785047371,47.13715798204
"3849",3.86639609768697,32.621515288899
"3850",2.92986886618905,34.5124191438046
"3851",6.81922048310338,31.8220830642952
"3852",2.24299896825427,37.8507941801908
"3853",-18.2440347693225,12.9622899816786
"3854",3.95966835748227,26.6469766569309
"3855",-67.1482917374844,25.698364670488
"3856",4.19821934287392,23.8174085952952
"3857",4.4737500708543,32.6890310963769
"3858",3.35690947641506,30.9739100685331
"3859",-16.8319824410786,13.3450458722721
"3860",-16.5493290703838,11.6933738211328
"3861",7.66359369520156,23.0633510936605
"3862",2.72378547455508,30.9269001955489
"3863",2.33580498510111,31.2965721842763
"3864",1.29820635545196,45.3889393338692
"3865",-69.4828672185361,19.4301365549333
"3866",-16.712627478908,11.7955896614068
"3867",6.28148590357726,31.8371099755217
"3868",3.63988222404231,38.0384684349537
"3869",-17.8540051666499,14.9479479408753
"3870",-17.1431084299375,12.7755211873188
"3871",0.58672040588756,24.7213730650799
"3872",-66.4187317205253,15.0918858465082
"3873",-21.5545491216814,14.6554038942562
"3874",-70.2993305369327,19.0139878294004
"3875",-19.1238314419904,12.8163369943495
"3876",2.6742443809703,32.9503677024711
"3877",-18.6721434114675,17.2769538178987
"3878",3.34388791887142,31.0122081601182
"3879",-18.6714395553642,11.7995362917593
"3880",-18.0018327469846,14.276207415648
"3881",1.68295167264136,47.7269802071496
"3882",-18.146456018876,15.2436120812945
"3883",-17.5705132159792,11.6127674973995
"3884",3.35073348733804,44.7850574440768
"3885",4.38064345325833,42.6648674302134
"3886",-18.3686376638306,14.1364080417557
"3887",3.9303032191712,30.8976855175502
"3888",-15.4078232391865,12.3228459483695
"3889",4.00445158595799,38.1492679545371
"3890",-69.4352182050352,19.2844998992476
"3891",-66.0133727620578,24.881984246496
"3892",2.49993110281391,33.3822045774986
"3893",-68.7700288567905,19.6519435774007
"3894",3.37158230154615,33.1766374812125
"3895",-71.558993879262,29.582883119762
"3896",-71.7776938987679,27.5185564375733
"3897",6.86654598517983,23.0060046789783
"3898",3.3211611908757,40.0131732065031
"3899",-19.8379390675631,13.3375398299344
"3900",6.23131951035495,33.7480251004719
"3901",-67.6279151427787,23.6452171900539
"3902",-70.2250443177294,20.335337414445
"3903",-72.1526528306782,27.8499303347154
"3904",-65.6287848254518,16.1978286922136
"3905",-18.651425758398,11.9941709590921
"3906",-69.1334105237935,26.3441749739141
"3907",-66.9221978401931,16.5212885536203
"3908",-73.7050894485756,20.3330226972406
"3909",-69.4024186109375,16.8054467972126
"3910",-72.621870354846,30.264705516206
"3911",4.3288127665557,41.7349150048823
"3912",-68.0533539947649,25.9921550340119
"3913",-71.3284487476542,28.5085321254757
"3914",-66.9078719405863,24.9810139134407
"3915",5.86737544807679,33.7497779628605
"3916",6.03016435225501,30.5678885252821
"3917",4.36151775139813,23.7151927550212
"3918",-70.7103272944086,20.0537038308363
"3919",-65.5335689118753,16.0124527562779
"3920",-70.0793570765273,19.5671110610169
"3921",3.23327209582699,32.5745054159148
"3922",-68.8840644029124,19.9721382727883
"3923",5.47395722074279,30.6343939812174
"3924",3.58324282493227,32.9474794243444
"3925",2.55534129236903,32.8376872184095
"3926",-65.2179599204137,24.6480781321064
"3927",-65.6289566778896,25.6877941335423
"3928",-68.6488021762467,25.9529168276376
"3929",1.39693562431718,31.6819627288379
"3930",-69.6130425215382,25.7237410228035
"3931",-69.0789959304249,23.493131642169
"3932",-67.2921804223013,15.8409703533754
"3933",-67.1818563775324,16.4539778341262
"3934",-73.3285217314879,29.2306131920785
"3935",-67.784509399461,15.3007499268325
"3936",-18.6108396861685,12.8224906077864
"3937",-71.3389128164035,21.8017726783595
"3938",2.96833012963621,41.3400524276803
"3939",2.3258267282544,40.3153293877525
"3940",-19.366865463887,13.1980066798145
"3941",-65.5906572141934,16.0707400206491
"3942",-65.8675779184025,15.7795242200489
"3943",2.09688103646273,35.0487882640131
"3944",3.61379777751292,39.6650011674943
"3945",-65.3822949417234,16.0611578036576
"3946",3.83053733752053,35.9155259538587
"3947",-70.4278377246901,20.1120166393704
"3948",-72.2031327507542,29.8654942815313
"3949",2.70101286325837,38.4238589795154
"3950",-72.1553761348001,21.3856239528266
"3951",-69.9338798273387,29.1921759503014
"3952",-66.8678560892596,16.2586905195086
"3953",-66.4930047598024,24.2615502953854
"3954",-14.792126363619,11.215908132603
"3955",-20.2485527068902,15.5444092192538
"3956",-68.0531735498767,15.0694760633596
"3957",-69.2342045738694,24.2799059797184
"3958",-68.9875514301537,16.0859831791573
"3959",5.19478674088524,28.3622257868643
"3960",-33.0637998417464,26.5753168655011
"3961",-67.3924802881331,25.3722720597171
"3962",1.47594613435759,25.8283348192788
"3963",-67.2867012958046,24.9921354272022
"3964",-67.9552250611881,23.8309544315103
"3965",-67.4981494064346,15.6793151187472
"3966",-68.3397139877914,25.6135898420973
"3967",-67.1638450869816,24.2329069847342
"3968",-72.5198709979612,28.423757297085
"3969",-70.3424220936091,25.407540876131
"3970",-19.6726164844104,11.901485908261
"3971",-69.4982223902682,16.4013961853499
"3972",-66.7638028108812,23.915729259901
"3973",1.65098284355799,27.1637977197653
"3974",3.76931384475318,25.348304800104
"3975",-71.5893721334426,28.5197113272303
"3976",-17.6501206858962,15.6740517492956
"3977",-70.8182666432911,20.7021724277893
"3978",-65.1757900334095,15.3512764025938
"3979",-18.7118974841382,14.7530470497702
"3980",4.26665108997268,23.234593144621
"3981",-67.3126267587941,17.1114443420392
"3982",-19.3855406005198,12.3328178544419
"3983",-32.3041807063029,25.0288108002178
"3984",-73.2635850620893,21.0805453199157
"3985",17.8834126868164,-26.9582398063726
"3986",-70.3831249784523,28.2022002623989
"3987",-68.0028826671394,25.4093046165196
"3988",-69.9510598807832,28.8623734937595
"3989",-68.0583442655102,24.3319366516789
"3990",1.41700690532409,44.9705046097691
"3991",-67.6881898309641,15.5222894105951
"3992",-67.6482815820906,15.1341996896819
"3993",-71.2980704934736,29.5717039180074
"3994",-17.4079186635584,16.9879691832649
"3995",-21.1239334467793,17.4693815021472
"3996",-67.8980377488673,16.8711470234436
"3997",-30.4499888200656,27.0585866562437
"3998",-66.4053398949748,15.3935902457675
"3999",2.02012725263143,42.2517360677167
"4000",-65.4222031905969,16.4492475245708
"4001",0.692499398216052,24.341236432565
"4002",-68.2625326120283,23.9092803677019
"4003",5.83852658265848,30.7451935008008
"4004",2.23096006682895,39.8347297773522
"4005",-72.4135762164666,27.86110953647
"4006",-67.2734945026181,24.2927912338685
"4007",3.80318063256652,37.9362525946797
"4008",-66.5531789002805,14.9974350343101
"4009",0.996142284175106,34.6978663094969
"4010",4.17770820638654,39.6109845200748
"4011",3.4282217006562,38.2676264918219
"4012",-73.7528460645296,28.8128930259453
"4013",2.30839176218716,34.3155450152335
"4014",-66.2368858713783,15.7720977496892
"4015",-70.2375771753369,16.869383283055
"4016",-65.7971621225072,16.7806214217129
"4017",-71.9736806151576,19.379667767165
"4018",-71.7177421716218,21.812894192121
"4019",3.08208744457564,43.2613040943285
"4020",4.07137791603003,36.0393778244762
"4021",-66.3976812437728,15.7419406864307
"4022",-68.4371736207285,24.3430581654404
"4023",-67.9933526724465,23.9580431030747
"4024",-35.4873043396139,-29.1723925681425
"4025",-74.1449850498845,28.8144644665456
"4026",-66.9830922338459,15.501643367835
"4027",-18.5485924951969,14.6629099365939
"4028",-65.4830975842497,15.4296023387855
"4029",-31.1466894710131,26.133314625839
"4030",-69.8578261504464,19.7615104520755
"4031",-67.7264892946603,25.1393435234882
"4032",-14.9958827009172,14.2716347308879
"4033",-69.508197603266,17.1855834297275
"4034",4.10335268144847,23.336808984895
"4035",-67.7492560770548,23.9926096661385
"4036",-69.8977343993199,20.1496001729886
"4037",-67.5534570711375,15.4766013337697
"4038",-67.7922587565388,16.4910103909286
"4039",-70.3298892360015,28.873495007521
"4040",4.01385849983432,35.7614570322353
"4041",-66.9366631819662,24.0885060082908
"4042",3.47986450729978,35.516508147149
"4043",-67.0628705920174,15.3744970082776
"4044",-68.7516860120155,23.3073944007126
"4045",-65.5374393351832,15.6922003728973
"4046",-16.9952808496028,13.4472617125461
"4047",-72.599142159417,29.546813338751
"4048",4.26653322001456,31.0835741723784
"4049",-17.5712236524997,17.0781062964411
"4050",-66.0076141806701,16.2089502059751
"4051",-67.9419882734866,26.4289498023048
"4052",-18.7916265170936,15.0445796220589
"4053",-67.6207103023318,24.7592068909733
"4054",-70.5333943206211,15.3536343069519
"4055",2.16275552282384,38.8574487169315
"4056",-68.4585193284181,15.7703916972936
"4057",-68.3622617383321,15.4088030489
"4058",-20.085254298366,15.4421933789798
"4059",-18.0962006085707,13.6461092340037
"4060",5.00565662289028,23.4325815932519
"4061",-65.9656161461037,16.4021139177913
"4062",7.28956883734756,31.5527459513637
"4063",4.43978984044311,32.5452907379161
"4064",-67.1410783045872,25.3796408420839
"4065",-67.5631589182683,26.4178282885433
"4066",-70.3879294758166,19.7239269184572
"4067",-69.8978420017731,28.4838338460076
"4068",-71.1417053585611,25.32119460714
"4069",0.784481760788994,34.9270243663651
"4070",-67.5230702245065,15.1070595969779
"4071",-74.0800483804859,20.6643965943828
"4072",-68.8623400725695,16.0588430864533
"4073",-69.7570111035359,25.6478381947267
"4074",4.52421730259745,33.6094472851671
"4075",3.06558222517405,38.5346584990987
"4076",-69.2342131663199,25.712619509042
"4077",-9.91709583149495,10.6730331479201
"4078",3.4645467037711,35.5532991908086
"4079",-67.1370360288414,16.2099277841358
"4080",-65.5734771607488,16.400542477191
"4081",-70.8677333259991,28.5934584086753
"4082",-71.8834728910963,27.8986930700882
"4083",-68.3527403360896,15.3902550647787
"4084",-66.5378893584781,25.6613321136856
"4085",-67.5153294598792,15.3495126622053
"4086",-68.968119064898,16.4389797189682
"4087",-71.875732126469,28.1411461353156
"4088",2.1659906950884,36.1497358549237
"4089",-71.4232732586073,28.1661304813879
"4090",2.32605393134805,38.7552328766575
"4091",-67.0473172425202,16.8399546940314
"4092",-66.2386665089935,16.0330987990379
"4093",6.91460990543724,31.8841198485058
"4094",1.92526059120598,41.7711364573165
"4095",-69.7481767348099,19.7016262029411
"4096",2.06384710710603,23.9023927831021
"4097",2.66936166695337,32.6285220633344
"4098",-68.1594683313713,15.6321238239747
"4099",-19.5706218011853,16.2537332780993
"4100",-67.902080024613,26.0408600813917
"4101",-38.5435146734662,-27.4431926139279
"4102",-67.56297847338,15.495149317891
"4103",-66.7262111238033,24.6601772240286
"4104",2.42161518030716,37.7117872962572
"4105",-35.4847210108071,-19.4601272975928
"4106",3.89804729399197,38.41685220508
"4107",-7.08510083870739,24.5746630999018
"4108",2.84135734069321,48.8827046967213
"4109",-66.9376678268838,16.7800704448971
"4110",3.85898717321993,41.5856892916242
"4111",-70.6116020331909,25.3587781407582
"4112",-72.2430409996277,30.2535840024445
"4113",-69.9033211282698,19.3326687721808
"4114",3.5797811920379,26.5729681810071
"4115",-71.508513959186,27.5673191729461
"4116",-66.4280680904038,16.1114824232226
"4117",-71.8728865650817,21.4439367613607
"4118",-67.7087733170353,24.5976093443381
"4119",-68.2071259373226,17.2104740089839
"4120",-69.7404359701826,19.9440792681686
"4121",-70.5395567090164,19.2996736497172
"4122",2.59337119772589,41.6714263248224
"4123",-70.2821504834881,19.3437902859423
"4124",-70.6045483020801,19.6735671983214
"4125",4.17132888086838,26.4178186000628
"4126",-69.3226316603156,15.4998796274465
"4127",-68.754400723687,15.4103744895003
"4128",0.577264909949251,33.3215674423665
"4129",-68.2720540142708,23.9278283518232
"4130",2.05791060455167,47.3956063100075
"4131",-65.6792561530773,16.7806791097059
"4132",-66.19875826012,15.6450090781247
"4133",-65.5279821829254,16.8293841570857
"4134",-19.3898283898431,14.0437229909246
"4135",2.39204288384482,32.9399030586835
"4136",-67.7320760236102,24.3224121226804
"4137",-66.0344232388103,24.2319294065735
"4138",-70.0537623228765,15.9740682580625
"4139",4.45260423983548,23.4843995481379
"4140",-68.3169472053969,26.760323699447
"4141",-66.8718341150207,24.2726718091469
"4142",4.82081046509324,30.6392371895827
"4143",2.34882654264476,31.2582740926911
"4144",-36.1931021197734,26.9457794371138
"4145",-70.4576582381954,24.6504937244575
"4146",-71.3388399739684,19.2133273807262
"4147",-68.0436521476342,15.0509280792383
"4148",-68.2786477417007,17.1432695865538
"4149",-67.6914561140124,17.1225658558008
"4150",-71.6728489804957,18.9803988444973
"4151",5.70525601827546,31.9554685128065
"4152",-67.8599101376089,16.7440583518791
"4153",-66.7221688480575,15.4904641660805
"4154",-67.1387617427915,24.2471031570432
"4155",3.16448332066453,23.7221995294566
"4156",2.77420658522553,24.0903644702584
"4157",1.57302838729138,33.1015453080737
"4158",-68.1689983260642,17.0833853374195
"4159",-68.7135584007571,23.1803057291482
"4160",1.92397733433853,43.2471132896622
"4161",-66.5987837521309,24.6416869279003
"4162",4.17715690835853,35.6592411919613
"4163",-71.4435772897874,19.4172513007832
"4164",-68.6917342848694,17.6017321552604
"4165",-70.2726933312302,20.4809740701308
"4166",-13.9438344656308,-10.3049381391488
"4167",-71.7443793773242,20.3459079513907
"4168",-69.8530216530821,28.2397837960171
"4169",-68.7145010672639,16.4549982979107
"4170",-66.3378603663425,24.6305077261458
"4171",-30.5504311536861,26.1754129411283
"4172",-72.0135593169061,20.2971452160179
"4173",-69.4789967952281,19.7503889383139
"4174",-67.9779532566171,24.5488466089653
"4175",-72.114353366982,18.2328762218223
"4176",-67.7359464469182,24.0021597392998
"4177",3.2895099945707,34.2178362903221
"4178",-67.178669991665,24.6351928779563
"4179",-67.9951333100616,24.2190441524234
"4180",0.268352291025295,36.3561194278162
"4181",-68.6087134824849,14.6421481360722
"4182",-66.3036031783921,24.1831666712007
"4183",-69.7016414604221,26.4336801118603
"4184",5.59819550849496,33.7010152274877
"4185",-69.634141188688,19.3814315075535
"4186",-69.0126093978039,23.3185736024672
"4187",3.03393102886905,32.7393215829177
"4188",1.89681075550658,36.1009731195509
"4189",-72.1193383092345,20.6772818485329
"4190",-69.8781715929238,15.0725517001591
"4191",-70.1192653254009,19.9552007819301
"4192",-71.8279933739556,18.6114414137369
"4193",-67.8494460688596,23.4508177989954
"4194",-68.6470215386316,25.6919157782889
"4195",-32.5775656624049,26.0582691279053
"4196",0.806609631459824,35.9225296904001
"4197",-43.5972538299915,-28.0502244607717
"4198",5.2127556037719,32.8870195450078
"4199",-18.4292375330263,13.1134537257286
"4200",-17.6502488293517,11.8922213425904
"4201",-34.444582250642,-31.3255523335087
"4202",-72.3077972241381,27.4809729039551
"4203",-65.304297221167,16.4493052125638
"4204",-30.7036690917131,27.5862335695151
"4205",-69.0885173326674,23.5116796262903
"4206",-65.6328271011975,25.3675417501617
"4207",-72.6827561560484,27.8123468010972
"4208",-70.1842019947995,28.1052686540929
"4209",-66.6785621103025,24.5145405683429
"4210",-70.4889039707808,28.5823368949138
"4211",-67.6434770847263,23.6124730336236
"4212",-65.2539977459793,25.3564202364002
"4213",-71.233133824075,21.4216360458446
"4214",-69.4712560306008,19.9928420035413
"4215",-66.6482134032469,25.0483246329348
"4216",-69.8938639760119,20.4698525563692
"4217",-33.1329236985483,26.8529365529534
"4218",-72.2602210530723,29.9237815459026
"4219",-66.3777686152161,25.0185974470589
"4220",-70.6068099402107,28.5822792069208
"4221",-69.0657591427234,26.0911270129636
"4222",-66.8164188478646,16.1411519211054
"4223",-69.7845823832946,16.0228309934353
"4224",-71.0193605591989,28.1692051399354
"4225",5.0828920991498,23.573543407424
"4226",-70.9833776572984,19.6846887120829
"4227",-67.1677155102896,23.9126546013536
"4228",-72.4893122988923,18.5642501189644
"4229",-66.1684095530645,16.1787931427166
"4230",-68.9476727284052,15.1685057303043
"4231",-69.9150220552177,28.1540313894657
"4232",-69.2723321851278,24.4069946512829
"4233",-32.4770939169695,26.4522883911338
"4234",-69.0235892557192,16.794325283451
"4235",-66.2863155224944,16.1787354547236
"4236",-74.4141649894663,28.7657017311728
"4237",-66.7565979704344,25.0297189608205
"4238",-68.5478276812825,17.094506851181
"4239",-67.0832822256507,14.9598515006919
"4240",-69.0946883135131,28.8904324983792
"4241",-68.8592456419591,23.9485320825763
"4242",-66.0132009096199,15.3920188051673
"4243",-69.5134259176049,29.2896437330539
"4244",-71.5720549304198,21.044667838693
"4245",-69.938684324703,20.7139026063597
"4246",-30.8520659364321,25.4857978283995
"4247",-68.9889093211846,28.5102958658643
"4248",-31.238242132779,25.9955336755396
"4249",-67.053349189775,15.3559490241563
"4250",-71.3028749908379,21.0934305740658
"4251",-69.6646998877569,29.2409386856741
"4252",-71.4437577346757,30.3399302714355
"4253",-67.3979594146298,16.2211069858903
"4254",1.958144722901,52.413446746316
"4255",-70.3579754431063,23.9420831903772
"4256",-71.1189771631321,24.603302429685
"4257",-66.7144280834302,15.7329172313079
"4258",-72.9041794796762,19.2837137370197
"4259",-71.1768215144544,28.9327853942157
"4260",-69.1941244725581,14.4018508174765
"4261",-65.6384138301474,24.5506103493538
"4262",-69.3875683297142,23.6499474996093
"4263",-19.1027590863696,14.4629762100078
"4264",-72.7276493471745,30.6448421487209
"4265",-71.9738610600459,30.3023467378173
"4266",-67.2037533358552,24.6209967056473
"4267",-68.4281410742375,16.8335634898253
"4268",-68.322362081909,16.4534268573104
"4269",-69.0933304224822,16.4661198116722
"4270",-68.3796222366649,26.0016795630104
"4271",-68.0930817987502,15.4575657842728
"4272",-67.2639731003756,24.2742432497472
"4273",-70.8027966566004,20.4433905365125
"4274",-67.9380450077435,24.1607568880521
"4275",-68.5460470436674,16.8335058018323
"4276",-70.3042944823507,25.2804522045666
"4277",-10.9356849621518,-13.4426633468152
"4278",-73.2227427391594,28.8504765595636
"4279",-71.190131144591,28.9232353210545
"4280",-67.2418809471136,24.7480853772118
"4281",-69.8101771369455,19.6158737963897
"4282",-68.4443784611753,23.229068464521
"4283",-66.7620770969311,15.8785538869936
"4284",16.5747399971038,-24.2501705651107
"4285",-70.8486448974718,19.6390006352576
"4286",-66.1629304265678,25.3299582165435
"4287",-66.447509781979,24.6903919752801
"4288",-68.802157339641,23.890244818205
"4289",-65.6831265763853,16.4604267263253
"4290",-69.4634848570282,25.275767052756
"4291",-69.7005277213091,19.5559895472554
"4292",19.499225326822,-32.5232102293903
"4293",-68.3167753529591,17.2703582581183
"4294",-70.1317981830084,16.4892466505401
"4295",-70.1586072411486,24.5122258511385
"4296",-68.5091054710021,19.6407643756462
"4297",-72.7398444583665,27.8706340654685
"4298",-70.9135815668704,27.7890685074205
"4299",-67.4628960840284,24.3711748580532
"4300",-68.7374011151306,26.6628559166944
"4301",-72.4933631670885,29.1666767062361
"4302",-67.4018298379377,15.9008546025097
"4303",-71.3483699686614,20.6645888941711
"4304",-69.1809952873097,25.3340798612901
"4305",-67.1942319336127,24.602448721526
"4306",3.07784947118458,34.4469943471903
"4307",-67.5331530399574,24.2254805143744
"4308",-70.6571094153984,19.6751641830844
"4309",-67.8427300841643,17.073860808421
"4310",-66.0037437573621,16.5292025893557
"4311",-67.5232506693947,26.0297385676301
"4312",-68.9383231786006,24.6399231875118
"4313",-65.9020070407794,25.3187790147889
"4314",-68.468049323111,17.2216532107385
"4315",-71.4342277399827,28.8886687579907
"4316",-65.4926189864922,15.4481503229068
"4317",-66.8240774990667,15.7928014804422
"4318",-65.4449699729914,15.3025136672211
"4319",-67.2563144491735,24.6225936904104
"4320",-72.1145338118702,29.1555551924745
"4321",-67.953499347238,15.7937790586029
"4322",-65.9629014344322,24.2991338290036
"4323",-68.5728856489327,24.3270972744909
"4324",-69.3638682530949,28.8416697630064
"4325",-66.2997327550842,24.5034190545813
"4326",-70.8087366485982,19.2509109143445
"4327",-8.35164872333404,2.26841311860768
"4328",-69.7787354338788,29.5611333810617
"4329",-67.0270427584652,25.0594461466963
"4330",-34.7477760457879,-29.3929669457011
"4331",-68.9227866131928,17.4258807483232
"4332",-31.7389608173646,-21.1067017369992
"4333",-66.7661193726769,25.0482669449418
"4334",-68.2387394928272,16.7551798656407
"4335",-66.8946651473998,24.281669720107
"4336",-70.7580839103626,28.533574159541
"4337",-66.8717265125675,15.938438136128
"4338",-70.0129705439063,19.3925530213151
"4339",-69.5238171439191,19.9944389883044
"4340",-71.4038494858021,29.9518405505223
"4341",-68.90794492442,25.7030949800434
"4342",1.85600113491863,40.1661036744944
"4343",-74.4540732383399,29.153791452086
"4344",-67.6843194076562,15.8425417939757
"4345",-71.7632371494452,21.3840525122264
"4346",-66.6988661414826,15.7656613877382
"4347",-69.8053726395812,28.0941471403314
"4348",-67.1636732345438,14.7429415434055
"4349",-67.8777632648123,25.0906384761084
"4350",-28.7009239227832,26.3815749692778
"4351",-65.5888765765782,15.8097389713004
"4352",-73.7936883874595,21.0429617862974
"4353",-73.2730422143471,19.9433615357272
"4354",-68.7013632895651,25.9545138124007
"4355",-66.2767941202519,16.1601874706023
"4356",-72.4894927437806,29.4869290896167
"4357",-67.0434468192122,17.160207077412
"4358",18.9492934584752,-29.6076938418588
"4359",-67.2561425967357,15.1326282490816
"4360",-70.6467181890842,28.970368927834
"4361",-72.5819621059725,29.8766157952929
"4362",-69.802435510498,24.3694111176646
"4363",-72.10215825579,21.0070843050747
"4364",-66.0704610643759,24.9402715108673
"4365",-11.5191396711273,0.61216100364064
"4366",-32.6189531591736,25.6286596102388
"4367",-68.4177412554728,24.6960547052513
"4368",-66.392202117276,24.8931057602575
"4369",-69.1769444191135,14.7316532740184
"4370",-68.2071173448722,15.7777604796604
"4371",-72.2070031740621,29.5452418981507
"4372",-68.0631487628745,15.8536633077372
"4373",-65.6383062276942,16.2163766763349
"4374",-65.9724228366747,24.3176818131249
"4375",-31.1057462080796,26.0134447416709
"4376",2.65020795379448,33.3182868288098
"4377",-35.0675865509996,-27.8935898943017
"4378",-67.5808020534583,24.3711171700601
"4379",-68.8021659320914,25.3229583475285
"4380",2.81865213598053,31.4074998059492
"4381",17.9108597157259,-27.0252058875528
"4382",-72.6351799849826,30.2551554430448
"4383",-68.8470505307671,26.7227401658287
"4384",-71.7708872081969,19.6029885422397
"4385",-71.818716666586,30.6713041685776
"4386",-68.3624421832203,26.3314820195523
"4387",-65.4832694366876,24.9195677801142
"4388",-71.0288905538918,29.6204666533802
"4389",-65.4183327672889,16.7694999079514
"4390",-67.2694522268723,15.1230781759204
"4391",-69.3228121052038,26.4225585980987
"4392",-70.533566173059,24.8435997482806
"4393",-70.5951987522754,29.1449846555288
"4394",-66.9776131073492,24.6528084416618
"4395",-67.9174615216724,15.0854369543091
"4396",-69.7171028546624,25.2597484738135
"4397",-9.64791589191312,10.7217958832929
"4398",-71.0791900290795,20.7133516295438
"4399",-70.3181883090537,20.0521323902361
"4400",-69.5033931059017,25.6638567736692
"4401",-68.7544093161374,16.8430880188238
"4402",-65.8598371537752,16.0219772852764
"4403",-66.2995609026463,15.0134536132526
"4404",-65.8620987919058,24.9306892938758
"4405",-67.7541311452804,16.3639217193642
"4406",-69.027631531465,25.9640383413992
"4407",-70.4686295036603,16.6935318761178
"4408",-70.2470343275947,15.7321994988666
"4409",-69.8939715784651,28.8040862293882
"4410",-70.312709182557,29.2032974640629
"4411",4.01607409134265,42.55406791063
"4412",-34.3769077283105,25.5602785323887
"4413",-69.0761503690376,16.7959222682141
"4414",-69.0883454802296,14.0217141849616
"4415",-66.4835476075446,25.3987340795739
"4416",-68.3024408609019,24.2973700886151
"4417",-72.8033854296002,21.3479827312154
"4418",4.72548825598893,33.8224626450245
"4419",-69.023761108157,26.2842907247798
"4420",16.74220018091,-24.3066682295884
"4421",-70.3736678261944,29.3393840465874
"4422",-66.4874180308525,25.0784816961932
"4423",-69.6091720982302,26.0439934061841
"4424",-67.458241157561,15.291225397834
"4425",3.62990396719559,47.05722563843
"4426",-68.5859552925409,17.2215955227455
"4427",-67.3525350076676,17.4995340629524
"4428",-72.5342054900184,21.3967454665882
"4429",-68.6547927122041,20.4089907290742
"4430",-35.4953008657159,-28.1805880543211
"4431",-67.8226370107194,15.427838598397
"4432",-69.8462149625111,20.3242159006835
"4433",-73.687909395131,20.6628251537825
"4434",-69.8329053323745,20.3337659738448
"4435",-67.7922501640883,15.0582968616051
"4436",-65.8199289049017,15.6338875643632
"4437",-68.507919432409,16.7064171302679
"4438",-67.467771152254,16.7424869112789
"4439",-20.8591232131585,13.2569335062011
"4440",-67.0231723351573,25.3796985300769
"4441",-35.0101672894844,27.3540037299227
"4442",-70.9240456356196,21.0823090603042
"4443",-68.4082198532303,24.67750672113
"4444",-70.7048481679118,29.2048689046632
"4445",0.878749564889559,45.4040943471852
"4446",-68.3264043576548,25.6231399152585
"4447",-70.9795072339904,20.0049410954635
"4448",-72.1050038171773,27.7042936790297
"4449",-66.4454199962862,25.2716454080094
"4450",-66.4570311842215,24.7089399594014
"4451",-68.0427823235625,24.3646808081092
"4452",4.63757558781797,38.1962778275212
"4453",-71.9339528111723,29.9142570169041
"4454",-66.4375894926463,16.1300304073439
"4455",-69.822709994553,16.1499196649997
"4456",-67.3476599394421,25.1282220097267
"4457",-71.4436848922406,27.7514849738022
"4458",-66.7793647528288,23.8829851034707
"4459",-68.7545811685752,26.3330534601525
"4460",20.5387180769528,-35.2800422060249
"4461",-67.5536289235754,24.9665667750985
"4462",-35.0829043545283,-27.856798850642
"4463",-73.5977016710697,29.1818504567057
"4464",-73.8586250568581,29.1930296584603
"4465",-66.2347960856855,16.3533511824185
"4466",-67.631101528646,15.4640021462238
"4467",-66.7888861550713,23.901533087592
"4468",-72.9043599245644,30.206392707672
"4469",-70.0435292429751,29.2520601994357
"4470",-34.2073121260733,25.6766781081648
"4471",-66.5338470827323,16.4916190557375
"4472",-69.6966565181695,23.9892744851497
"4473",-68.4177498479233,26.1287682345748
"4474",-71.4845272151705,19.9815537341543
"4475",-68.5439572579746,17.4147592345616
"4476",-70.3260188126936,29.1937473909016
"4477",-69.3829862456819,17.1584433370235
"4478",-70.5716937843173,24.9706884198451
"4479",-68.2643132496435,24.1702814170507
"4480",-67.3696422186771,14.5812863087772
"4481",2.88595042387352,32.8047463795321
"4482",-67.2085578332195,16.1427233617057
"4483",-73.3788212066756,20.3234981682421
"4484",-66.6840412367992,15.363375494516
"4485",-66.3881598415303,15.7233927023094
"4486",-67.4020016903756,25.3908200438384
"4487",-70.9638810420581,18.8819534835841
"4488",-66.831818263694,15.5503484152148
"4489",-67.8371433552144,17.8907922092288
"4490",-72.6390504082906,29.9349030596641
"4491",-69.5958624680936,26.0535434793454
"4492",-11.8251472951461,-10.0500133756264
"4493",-66.6745198345567,15.3448275103948
"4494",-70.3025138447355,25.0194511552179
"4495",-34.8288253992726,-18.4261868272891
"4496",-69.1189041792985,23.8812213630822
"4497",-33.7516108208394,26.3954375999124
"4498",17.017299028946,-25.3264331713547
"4499",-38.9221149553913,-28.1091177036727
"4500",-18.7118909037211,14.7651257768679
"4501",-72.3526904152642,30.3134682515788
"4502",-68.1290900771907,16.6952956165063
"4503",-67.246793046931,24.6040457062891
"4504",-69.0297516441145,20.7403646262164
"4505",-65.1491528277071,16.8182626433242
"4506",-65.592918852324,24.9794520292485
"4507",-68.1109053788285,24.3335336364419
"4508",-68.6088939273732,25.5648271067245
"4509",-69.2170331128753,26.0424219655838
"4510",-65.1530232510151,16.4980102599436
"4511",-69.2772072533534,16.7783067045086
"4512",-67.887573680118,23.5779064705598
"4513",-69.128425581541,23.8997693472035
"4514",-73.2831892797827,30.2175142214335
"4515",-73.9742693881574,20.2842599618679
"4516",-67.102778840891,15.7625867291907
"4517",-66.4148612972173,15.4121382298888
"4518",-64.7342856469232,16.0987990252689
"4519",-67.9523794998007,17.1337450575553
"4520",15.9287494928803,-22.5386471809625
"4521",-68.7011914371272,16.4645483710719
"4522",-66.5377175060403,16.1713666723569
"4523",-30.9446825106864,-30.4590648450487
"4524",-66.1230221776942,24.9418684956303
"4525",-71.6251999669948,18.8347621888116
"4526",-69.0258508938498,25.7030372920504
"4527",-66.9173933428288,24.999561897562
"4528",-72.247845496992,21.7753106585028
"4529",-66.4452481438484,15.7816799666807
"4530",-74.039206057556,28.4343278340307
"4531",-71.9337723662841,18.9915780462518
"4532",-66.3396410039577,24.8915087754945
"4533",-69.9987088942841,29.0080101494452
"4534",-9.16811204173064,1.85226439307477
"4535",20.016575531008,-31.5576003251811
"4536",-67.9575416229838,24.963492116551
"4537",-72.8284433972504,28.5805731545253
"4538",-66.1189799019484,15.7721554376822
"4539",-68.6508919619395,25.3716633949083
"4540",-72.0096888935981,20.6173975993985
"4541",-65.9247738231738,24.1720451574392
"4542",-71.1932255752015,21.0335463249314
"4543",-68.9478531732935,26.0911847009566
"4544",-67.957369770546,15.4735266752223
"4545",-66.7260392713655,15.1702117826999
"4546",-70.1153949020929,20.2754531653107
"4547",-71.4593110841729,28.8744725856817
"4548",-70.1896811212962,18.9541035802661
"4549",-32.0439198503905,24.8213352226616
"4550",-6.18392361916762,24.8654469819358
"4551",-70.7173810255194,25.7389147732731
"4552",-66.9680460810644,15.7168986523654
"4553",-67.2522721734277,15.4528806324622
"4554",-71.0891566496269,20.0648253445979
"4555",-70.3927215687968,16.5004258522946
"4556",-67.0175213562227,25.040898162575
"4557",2.81290750499381,43.2125413589557
"4558",-7.92103304843197,5.08239072649858
"4559",-68.1280854322731,24.0037311799
"4560",-68.923972651786,20.3602279937015
"4561",-69.4085809993328,20.7514861399779
"4562",-70.1270060900282,19.7127477167027
"4563",-73.1148033902768,28.2020079626106
"4564",-66.0171355829125,16.2274981900964
"4565",-70.3928934212346,25.9903912936234
"4566",-72.0495971424716,21.0054873203117
"4567",-70.8326171701057,24.9818676215996
"4568",-71.673029425384,29.9030778151496
"4569",-70.6219932595051,16.0635733960087
"4570",-69.4274765785877,24.0380372205225
"4571",5.19576939700356,30.3078632924406
"4572",-68.542952613057,24.7231947979553
"4573",-69.4180381515906,19.6143023557895
"4574",-69.9780262404507,25.2709276755681
"4575",-68.3223534894585,15.0207133279869
"4576",-69.342143922752,24.9283745766714
"4577",-69.3677386764029,28.5214173796258
"4578",-69.3732178028996,19.370252305799
"4579",-69.8423142122465,25.2868885665176
"4580",-67.0932574386485,15.7440387450694
"4581",-68.1679936811466,24.3918209008132
"4582",-72.8487178813054,20.3610817018604
"4583",-69.4479229150805,25.3085112091863
"4584",-20.3680423929333,13.2999562963162
"4585",-66.351252191893,24.3288033268865
"4586",-69.2340327214316,14.7899405383897
"4587",-67.1009982032758,15.501585679842
"4588",-67.9379459977408,17.2592367443567
"4589",-69.362510362064,16.4173570762994
"4590",-69.7929970835009,19.9456762529316
"4591",-70.2871144289061,25.6102546611084
"4592",-66.1285013041909,15.7907034218035
"4593",-69.2989315836963,20.6916018908436
"4594",-73.0090243979483,27.8218713300957
"4595",-66.8335989013092,15.8113494645635
"4596",-69.4540759771562,20.3226444600832
"4597",-69.8627900958644,26.0279748272416
"4598",-66.4321103661496,25.2811954811707
"4599",-64.7741938957968,16.486888746182
"4600",-72.8683220989988,29.4980506033782
"4601",-66.3417307896505,24.3102553427652
"4602",-68.7372292626928,17.1728904753657
"4603",-65.007336009813,15.7297839065155
"4604",-69.0885259251179,24.9443931556139
"4605",-69.1160586179111,17.1840119891272
"4606",-68.2565926200305,25.10175998987
"4607",-66.3920945148229,16.5588720872385
"4608",-72.9082303478724,29.8861403242914
"4609",-66.344445501322,16.4132354315528
"4610",-66.5433684849748,16.5101670398588
"4611",-29.2896369041769,-27.470341381357
"4612",12.0509905494772,-16.2717180886085
"4613",-66.4547695460909,15.800227950802
"4614",-66.8242493515045,25.2827669217709
"4615",-69.7426976083132,28.852791276768
"4616",-70.7524971814127,29.3505055603489
"4617",-67.7827287618458,15.0397488774838
"4618",-66.7166897215608,24.6416292399073
"4619",-67.4077698299355,14.7083749803417
"4620",-69.8626182434266,16.5380093859129
"4621",-67.8323388578501,26.3690655531705
"4622",-68.1508136277021,24.7216233573551
"4623",-68.5991920802424,14.6236001519509
"4624",-70.1803315714915,28.4255210374735
"4625",-69.5190126465548,28.4727123322461
"4626",-68.2215594393826,17.0849823221825
"4627",-66.6783902578646,15.0245751270141
"4628",-68.312832087216,15.0021653438656
"4629",-19.2878337066179,18.3959703607629
"4630",-34.1626070208753,24.5664104591392
"4631",5.00413162740702,30.4851682679593
"4632",-70.7676805007071,16.8317997494368
"4633",-68.756670954268,25.7518000274232
"4634",-69.4141677282826,19.9345547391701
"4635",3.09776175034708,28.6498887928305
"4636",-66.8718983650053,25.4284035774567
"4637",-67.9284160030479,15.8079752309119
"4638",-72.1925610795517,28.2380200556286
"4639",-68.3794417917766,15.0790005923581
"4640",-66.4492904195942,24.9513930246288
"4641",-70.2954601136247,19.334240212781
"4642",-29.2562389771767,26.2196067698205
"4643",-68.2768671040855,16.8822685372051
"4644",-67.613458393456,17.5107132647069
"4645",-69.656748269296,23.6011847642365
"4646",-68.3776611541615,14.8179995430094
"4647",-69.0336220674224,20.4201122428358
"4648",-9.43729198131247,1.80350165770199
"4649",-66.718470359176,24.902630289256
"4650",-65.0034655865051,16.0500362898961
"4651",-67.3095323281837,25.0011333381623
"4652",-67.9475750024365,25.612018401497
"4653",2.31255668111738,32.880970930515
"4654",-70.6790815618232,16.12186066038
"4655",-71.048314326697,27.8347565842458
"4656",-71.8358238775955,27.7530564144025
"4657",-71.7129376742575,30.2911675360627
"4658",-65.9694865694117,16.0818615344107
"4659",-69.9130895710521,17.1208598034052
"4660",-69.5381306391418,16.7894859062631
"4661",-70.2782800601801,19.6640426693229
"4662",-33.0243772957843,26.0849024009737
"4663",11.8557410432691,-17.0221459174433
"4664",-7.72928480420835,10.6503382239902
"4665",-67.4583139999961,17.8796706954673
"4666",-70.3376300006289,28.6310419422936
"4667",-68.8973732532175,24.0756207541407
"4668",-69.4673552803361,24.9555146693754
"4669",-68.5234559978167,23.9204595694565
"4670",-68.2339349954629,25.2334532095823
"4671",-68.6869297875051,26.0800054992021
"4672",-69.6739283227406,23.2713823076947
"4673",-71.8186438241509,28.0828588709444
"4674",15.7887363379837,-22.5491155976651
"4675",-71.0131981708036,24.22316579717
"4676",-68.947844580843,24.6584711716331
"4677",-71.5494638845691,28.1316216063171
"4678",-67.8826383330378,17.4619505293341
"4679",-68.7965792031416,26.1398897483364
"4680",-70.2728009336834,28.8152077431497
"4681",-73.0976233368323,28.5318104191525
"4682",-66.0782018290032,24.6978184456399
"4683",-68.4321833499832,26.0032765477734
"4684",-72.7226644049219,28.2004365220103
"4685",-67.7963010322845,25.6607234488768
"4686",-70.2643862334771,24.8923624836534
"4687",-68.6867493426168,15.1573265285498
"4688",-70.9434694084248,19.2965989911698
"4689",-69.9588006454106,28.6199204285321
"4690",-65.8237993282096,15.3136351809826
"4691",-70.7752639638072,28.2037717029992
"4692",-68.171088111757,16.5021319046902
"4693",-68.0837322489456,24.9289832414802
"4694",-66.9727010075317,24.7968481125846
"4695",-68.3395335429031,14.690910871445
"4696",-72.5292205477658,18.9523398398776
"4697",5.55036050207252,39.4374200155002
"4698",-67.1581941080471,23.8941066172323
"4699",-74.5598522306684,29.5339280846009
"4700",-34.3266305596874,26.7352808148712
"4701",-74.3492283200677,20.61563385901
"4702",-71.8185362216977,19.7486251979254
"4703",-18.5319426527719,14.226545154932
"4704",-70.9076415748726,28.9815481295885
"4705",-32.7382421809727,26.1981078650582
"4706",-67.3000109259412,24.982585354041
"4707",-71.1540933190255,28.2148932167607
"4708",-66.0532810109313,25.2700739674091
"4709",-12.0477482454387,18.8632580412051
"4710",-35.6791315803986,25.7215024943992
"4711",-65.2643889722934,16.0612154916506
"4712",-66.8851437451573,24.2631217359857
"4713",-65.5983979788207,15.8282869554217
"4714",-70.7268381777772,24.6017309890847
"4715",-68.8019854872032,14.4002793768763
"4716",-69.7138365716141,23.6594720286078
"4717",-70.948261501405,16.0730979250072
"4718",-8.1902129880138,5.0336279911258
"4719",-65.7841010713495,25.3188367027819
"4720",5.16743003593123,30.3829524276853
"4721",-70.7979921592362,28.9216638804542
"4722",-67.0230004827195,15.8897330887482
"4723",-41.7057027758748,-20.1335829268972
"4724",-65.7441928224759,24.9307469818688
"4725",-66.496939433095,25.0970296803145
"4726",-66.8270137663297,24.0286217591565
"4727",-67.1890612179792,15.3399881332068
"4728",-66.0305528155023,24.5521817899541
"4729",-67.3134027514916,24.6808809547816
"4730",-72.5294009926541,29.8750188105298
"4731",-72.2029523058659,18.9428153108791
"4732",-67.1543236847392,24.2143590006129
"4733",4.60592439151297,32.4009409113402
"4734",-70.4239673013822,20.432269022751
"4735",5.91691654166157,31.7263104559383
"4736",-68.7584515918832,26.0128010767719
"4737",-68.8098159908431,23.5418943775418
"4738",-71.388157102714,24.5545396943122
"4739",-68.03326092132,24.3461328239879
"4740",-69.704398144617,19.2357371638748
"4741",-65.861926939468,15.440723852547
"4742",-71.2885404987807,28.1204424045626
"4743",-69.1771248640018,25.6543322446707
"4744",-66.5472389082828,16.1899146564782
"4745",-71.533844343916,25.3227660477403
"4746",-70.697017664272,20.0632539039976
"4747",-66.9871345095917,24.6713564257831
"4748",-68.8325441862721,24.2597865549969
"4749",-66.776510598991,15.7530622001922
"4750",-17.3861424518342,13.1571908727837
"4751",-66.8068974456221,16.1226039369841
"4752",-70.674289468843,19.3453617265426
"4753",-66.4930690097871,25.4172820636951
"4754",-66.7841692501931,15.4047117595291
"4755",-72.0400671477787,19.5542258068669
"4756",-68.5329774000592,23.9390075535778
"4757",-68.8468786783293,17.2327747245
"4758",-65.9123982670936,16.0235742700394
"4759",-65.85805651616,15.7609762359276
"4760",-69.1715381350519,26.4712636454785
"4761",-67.573061288831,24.6135702352876
"4762",-68.8069704294557,16.8446850035869
"4763",-66.0077860331079,25.6989156473038
"4764",-66.5073306594092,15.801824935565
"4765",-66.6083051543734,24.6602349120216
"4766",-69.1848960375744,20.371407195456
"4767",-69.4735176687314,28.9015540121407
"4768",-68.4176770054882,23.5403229369416
"4769",-64.6285066545947,15.718662392754
"4770",-73.665181199702,19.9449329763275
"4771",-70.7141977177165,19.7334514474557
"4772",-69.2867742796382,25.714216493805
"4773",-70.4337777166879,18.9195370172023
"4774",-72.6349995400943,19.3324764723925
"4775",-69.1332386713557,16.8542095325854
"4776",-72.0518587806022,29.9141993289111
"4777",-67.417291232178,14.726922964463
"4778",16.8439199366856,-24.2014078297379
"4779",-70.1669143389017,20.1008374376158
"4780",-19.0569196088429,10.7945480924945
"4781",-67.7891643259283,24.3806993870517
"4782",-68.4271984077307,23.5588709210628
"4783",-69.1345965623866,29.2785222192924
"4784",0.375993956557775,33.1085520825091
"4785",-68.3672466805846,17.8532086756106
"4786",-66.1181100778767,25.085908166553
"4787",-70.5646400532065,19.2854774774083
"4788",-66.3872900174586,25.0371454311802
"4789",5.08572824169545,23.5314094211221
"4790",-68.370092241972,24.5504180495656
"4791",-68.2242331483321,14.2922262548088
"4792",-71.0540404937335,16.4532345575221
"4793",-69.88222246112,25.6749782874307
"4794",-71.8381404393912,28.8855940994432
"4795",-67.5386321664541,15.0743154405476
"4796",-66.3090823048888,15.0320015973739
"4797",-67.9381178501786,26.7492021856854
"4798",-74.1278049964399,29.1442669230875
"4799",-72.3488199919562,30.6337206349594
"4800",5.08994182261307,36.9003833799403
"4801",-32.5686759905504,26.8036618927213
"4802",-41.1687857451165,-17.5902101753914
"4803",-33.6600581590735,26.5332185502119
"4804",-68.3225339343468,25.9433922986391
"4805",-67.6671393542116,16.1723442505175
"4806",-66.2464072736208,15.7906457338105
"4807",17.446430269936,-27.8243964517603
"4808",-73.1178978208872,20.3123189664876
"4809",-71.7804172028898,21.0542500556845
"4810",-66.0172431853657,24.5617318631154
"4811",-66.8623769627629,25.4098555933354
"4812",-69.4037765019685,29.2297594839196
"4813",20.5608543186258,-32.5286025315746
"4814",-68.1672176884491,16.8223842880708
"4815",-31.3640018854543,-21.4380756341414
"4816",-66.4015516670807,15.4216883030501
"4817",-71.6651082158684,19.2228519097247
"4818",-36.6134294414671,-28.6259387665069
"4819",-67.5425025897621,14.754063057167
"4820",-67.5630860758332,23.82938299091
"4821",-32.9599675061318,24.4728233375321
"4822",-68.2614676882561,17.4730720430957
"4823",-69.1943049174463,25.3245297881288
"4824",-70.8151722126807,28.5918614239123
"4825",16.9021595214882,-26.0076126677617
"4826",-71.0719765961823,20.3946278011397
"4827",-33.0577986439719,-15.1852619897752
"4828",-71.9869221112036,21.7641314567483
"4829",-33.924524031506,27.8189151908284
"4830",-68.3323287024563,15.8049005723644
"4831",-65.8979647650336,16.1490659568408
"4832",15.5662300321074,-26.9962405491684
"4833",-67.8321584129619,15.4463865825183
"4834",-70.6619015083786,16.4516631169219
"4835",-9.1777303930148,-13.374282268965
"4836",-18.979214750516,11.8368536016053
"4837",-68.0932622436385,26.3802447549251
"4838",-71.1095682832601,19.6501798370122
"4839",-68.4720915988568,26.3913662686866
"4840",-71.2236038293821,19.9703745323998
"4841",-13.480276800689,18.8236494889309
"4842",-34.6094186542547,24.5930437322076
"4843",3.88171390121565,32.5847242452394
"4844",-5.88246132396389,24.4810759782947
"4845",16.9299488438901,-25.2006871744493
"4846",-33.7929553358581,25.0091924577405
"4847",13.1174118830399,-20.9651621758458
"4848",-72.2506910583793,28.4725200324578
"4849",-34.7376403296583,25.3737348467164
"4850",-72.3885182488164,20.6285191131601
"4851",-68.653606673611,17.4746434836959
"4852",-68.9937138185489,20.0320225219226
"4853",-72.4534844653401,28.2491992573831
"4854",-67.199036430977,16.1241753775844
"4855",-69.9880014534485,26.0551149199456
"4856",-70.0179344893243,25.6590173964812
"4857",-67.6688650681617,24.2095196234249
"4858",-72.7429388889769,19.9809450693455
"4859",15.9864625930352,-27.0602796260139
"4860",18.1585115348524,-27.9780047481389
"4861",15.6595695532985,-22.5874099163353
"4862",-66.0580855082956,16.7918006234675
"4863",0.967692448475701,29.0277029717313
"4864",-73.6376099199433,29.5699401776189
"4865",-68.0184360166366,23.9438469307657
"4866",-35.5095653899764,26.3270565220623
"4867",-68.271882161833,14.4378629104945
"4868",-67.3038813492492,24.6623329706604
"4869",-69.7880849836835,20.0897159238543
"4870",-42.8969170019062,-21.5168914781915
"4871",-69.6788033909662,15.6426943609204
"4872",15.7836157799886,-23.4943730458834
"4873",1.23363721579297,31.7841785691119
"4874",-66.8679636917127,24.5929241925275
"4875",-69.608991653342,15.1213144355318
"4876",-71.6768998486919,29.582825431769
"4877",4.72115887977977,23.4206099015387
"4878",-68.7448793214445,15.391826505379
"4879",-67.4478499312469,24.5864301425835
"4880",-69.7169310022245,15.7697830324848
"4881",-70.6876681144673,29.534671361205
"4882",-65.9295783205381,15.6937718134975
"4883",-5.48387347824293,25.8631132525486
"4884",-69.1665531927993,24.0268580187679
"4885",-40.0506571693654,-17.1448594632054
"4886",-67.3571170916999,23.9910382255382
"4887",-71.8690161417737,21.7641891447413
"4888",-74.5426721772238,29.8637305411428
"4889",20.1182952867836,-31.4523399253307
"4890",-28.7333787659474,25.7407225919219
"4891",-71.044443903389,28.1550089676264
"4892",-67.4754212110056,14.9614229412922
"4893",-69.5189050441016,20.1384786592271
"4894",-30.8196110932679,26.1266502057555
"4895",-22.2479508555758,14.720036200912
"4896",-73.8985333057316,29.5811193793734
"4897",-66.347381768585,24.6490557102671
"4898",-74.8290321702502,29.4851653492281
"4899",-8.83145257351653,11.1379446088258
"4900",-7.59183202427255,0.319127461625087
"4901",-69.8500853858191,20.0039635173029
"4902",-70.9484333538428,25.5630633663359
"4903",-70.6428477657763,29.2906213112146
"4904",-43.5892573038894,-29.0420289745931
"4905",-41.4050923095357,-31.7784335852544
"4906",-66.4093821707206,24.5633033037157
"4907",-69.5598549694847,20.7027810925981
"4908",-68.6127643506811,25.2445747233439
"4909",-69.6247916388833,28.852848964761
"4910",-67.7767887698481,16.2322284996519
"4911",-72.1449120660509,28.0923833999429
"4912",15.4917670759999,-23.4048038263503
"4913",-70.5734744219325,25.2316894691938
"4914",-70.0887955035244,23.99084592575
"4915",-32.0213926117356,27.1710478828814
"4916",-65.9074861672761,16.1676139409621
"4917",-73.0140093402009,30.2662769568063
"4918",-71.0592688080724,28.5572948608485
"4919",-36.7403854985882,26.5783934469537
"4920",-67.20197269824,24.3599956562986
"4921",-68.6087220749354,16.0748616653957
"4922",-17.5705197963963,11.6006887703017
"4923",-67.4079416823733,24.1983404216704
"4924",2.7250184099451,35.7738735683674
"4925",-67.5028043329019,24.7592645789663
"4926",-72.2983400718802,28.6181566881435
"4927",16.9951627872729,-28.077872845805
"4928",-66.7239494856727,15.7514652154292
"4929",-67.6710097775196,15.8520918671369
"4930",-66.1590600032598,25.6502105999241
"4931",-8.69500146611972,-9.74790786421835
"4932",20.0905059643817,-32.2592654186431
"4933",-70.3528133199232,16.1123361313815
"4934",-66.158888150822,16.1602451585953
"4935",-36.5952086479548,25.8621450611566
"4936",-67.0136509329148,25.3611505459556
"4937",-69.2372990044799,16.3902169835954
"4938",-68.6148844633306,20.0209010081611
"4939",-34.3200617310715,-29.1059687856817
"4940",16.1817120992433,-26.3098517971791
"4941",-67.2962226980471,25.0106834113235
"4942",-67.6782146179664,14.7381021662175
"4943",-68.2244050007699,23.7821916961375
"4944",-67.9922877486743,17.5218347784685
"4945",-72.4245560743819,21.3368612174538
"4946",18.6857746387924,-30.7551891807644
"4947",-32.2611033633094,-17.3842598561554
"4948",-72.3127821663906,29.9253785306656
"4949",-71.194001567899,28.6029829376739
"4950",-71.356020027413,18.8835249241844
"4951",-34.5769638110905,25.2338961095636
"4952",13.2846737984346,-18.1037782140798
"4953",-31.3749261476614,25.9646820062982
"4954",-70.2472061800325,25.2221649401953
"4955",-67.2289694668528,15.72807785412
"4956",-73.9343611392839,19.8961702409547
"4957",-70.308838759249,29.5235498474435
"4958",-71.6119631792933,21.4327575596061
"4959",-32.3497732195917,25.6774223456116
"4960",-69.2817893373857,23.2698108670944
"4961",-69.5731342726646,25.3356513018903
"4962",-65.5231776855611,25.3076575010274
"4963",-68.8121325526388,24.6744320625826
"4964",-32.0750168006031,28.025077218978
"4965",15.687016582208,-22.6543759975155
"4966",18.4328120324294,-26.9839845645478
"4967",17.5394415748908,-29.0488750521985
"4968",-14.9137025890745,21.1453410178938
"4969",-68.6468410937433,14.7692368076366
"4970",-67.8902883917895,15.6808865593474
"4971",-66.0227223118624,15.4105667892886
"4972",-67.205843121548,24.039743272918
"4973",-69.4878311639541,25.6966009300995
"4974",-68.8879348262204,19.6518858894077
"4975",-67.5426744421999,24.2440284984957
"4976",-66.6136254409038,16.36447269618
"4977",-65.0433738353786,16.4381260108093
"4978",-69.0618887194154,26.4113793963442
"4979",-66.3825731125804,16.5403241031173
"4980",-70.679253414261,25.6118261017087
"4981",-68.6973210138193,16.7848007544525
"4982",-66.8813555172632,24.2912197932682
"4983",-72.3486395470679,19.7110416643071
"4984",-74.273492237642,29.9124932765156
"4985",-7.99846474379018,10.6015754886174
"4986",-65.158609979965,15.6810788591357
"4987",-28.6359969967621,-30.9758859078832
"4988",-68.3129049296511,17.5906106414989
"4989",-73.7433889122718,29.9500768101338
"4990",-71.7405089540162,20.6661603347713
"4991",-65.9523065159671,16.4116639909526
"4992",-70.3775382495024,29.0191316632067
"4993",-72.2201323593105,18.6130128543372
"4994",16.4730202413281,-24.3554309649611
"4995",-69.5681493304121,22.8912456751797
"4996",-71.3583365892087,20.0160626092251
"4997",16.5004753094077,-23.5766154685363
"4998",-69.8722472481222,24.8907910430531
"4999",-66.4978092571667,15.7832769514437
"5000",-49.6831352205798,-17.783635785521
"5001",-72.1420665046635,21.3951740259879
"5002",-31.9919234237276,-17.3354971207826
"5003",-11.8480057060106,18.3736266377135
"5004",-69.3028020070043,20.371349507463
"5005",-70.5591609267098,28.4366425512351
"5006",-8.67001683819628,13.9031594813439
"5007",-71.4940572098634,21.4328152475991
"5008",-67.2923522747391,25.3309357947041
"5009",-71.0843521522626,28.5430986885395
"5010",-67.688361683402,25.0122548519238
"5011",14.4998167377148,-21.457014884326
"5012",-66.8773132415174,15.1215067353201
"5013",-67.9884173253663,17.8420871618491
"5014",-67.0738250733929,16.0970352848803
"5015",-69.7674023298501,16.3526334499772
"5016",16.2091591281529,-26.3768178783593
"5017",-67.1315569023447,25.3610928579626
"5018",-66.658957892609,15.377571666825
"5019",-72.1592465581081,21.065371569446
"5020",-71.7127572293692,19.3684885654105
"5021",-33.174268213567,25.4666914107815
"5022",-20.6958248046343,13.1547176659271
"5023",-67.6616602277149,25.3235093243444
"5024",-8.62082866291585,2.21965038323489
"5025",-67.8816336881202,24.7703860927278
"5026",-71.1369132655809,28.5446956733026
"5027",-70.0490083694718,20.1008951256088
"5028",-71.3959282762865,19.2716146450975
"5029",-32.166569462369,27.8872962686785
"5030",-69.5559542192201,25.6654537584322
"5031",-71.4280653515875,24.9426294152253
"5032",-68.7412715384386,26.3426035333138
"5033",-65.9677059317965,15.820860485062
"5034",-69.1449877887008,19.9833174745428
"5035",-70.289980987128,28.4854052866079
"5036",-66.5578338267479,24.0773844945293
"5037",-71.2474843508896,25.7013312396549
"5038",-71.6347299616878,20.2860237022564
"5039",-68.2111682130684,26.3801870669321
"5040",-68.8193373930856,23.5604423616631
"5041",-69.2168526679871,15.1197429949316
"5042",-38.3568785017855,-32.5158290256474
"5043",-68.8497242397166,23.929984098455
"5044",-68.4680407306606,15.7889396814149
"5045",-32.4046524517383,24.6347915369894
"5046",-70.5685104765145,18.9652250940276
"5047",-69.5033845134513,24.2311432443456
"5048",-74.1848932987581,29.2025541874588
"5049",-67.3164971821021,16.7911919586586
"5050",-71.2826005067829,29.3129220267306
"5051",-65.1131150021415,16.1099205390304
"5052",-39.0964067956115,-32.2952546480888
"5053",18.1363752931794,-30.7294444225892
"5054",14.4258863043411,-20.755349790864
"5055",-67.3116221138765,24.4198799054329
"5056",-68.8420655885146,24.2783345391181
"5057",-69.9111516319097,28.4742837728463
"5058",-66.8774850939552,24.6114721766488
"5059",-30.1896985523383,26.3619566268005
"5060",-69.0235806632688,15.3616117541275
"5061",-32.2079139773877,26.5010511265066
"5062",-69.0080273137716,16.8270694398813
"5063",-68.002874074689,23.976591087196
"5064",-30.089226806903,26.7559758900289
"5065",-33.2653766414978,25.8783898623167
"5066",-31.2664227266473,26.1532834788238
"5067",-69.7826058571868,29.2408809976811
"5068",-68.7926359373985,23.8716968340837
"5069",-67.8998183864824,17.1321480727923
"5070",-71.2502410350845,18.5033882916694
"5071",-6.55537694157454,12.4675480206398
"5072",16.5469506747018,-25.0570960584231
"5073",-66.4529889084757,15.5392269014533
"5074",-69.3255687893987,19.2246156501133
"5075",-34.8722965653584,-31.6125504935281
"5076",-68.3300121406606,14.6723628873237
"5077",-72.5941572171645,27.1024077120404
"5078",-70.09367057175,16.3621579789757
"5079",-67.5825826910735,24.6321182194089
"5080",5.15745177908452,39.4017096311616
"5081",-69.509555494297,29.6098961164345
"5082",-70.2078642642848,20.6651398709869
"5083",-67.9473945575482,14.6893394308447
"5084",-68.1641232578387,24.7120732841938
"5085",-68.5633642466902,24.3085492903696
"5086",-32.8371183932308,-18.5233328669779
"5087",-70.2202398203651,28.8136107583867
"5088",-11.663737350549,-13.9589989421425
"5089",-73.5594022073735,19.5647963438126
"5090",-73.3839833298587,28.1532452272378
"5091",-65.6432183275117,16.0723370054122
"5092",-67.513548822264,15.0885116128566
"5093",-67.5785404153277,15.4624051614607
"5094",-69.7773775428478,17.1368206943547
"5095",-71.8225870898939,30.351051785197
"5096",-73.1578060697608,20.7004086874008
"5097",-70.4184881748855,29.5834340965778
"5098",-12.9799691991924,20.3109471630353
"5099",15.8631992940912,-26.1405523204832
"5100",-67.6039283987631,16.0594517512621
"5101",-66.4928971573492,15.9273166223664
"5102",18.1638223220889,-30.7964105037694
"5103",-72.4667259613861,30.6336629469664
"5104",-28.331272237766,26.8243569678791
"5105",-40.5410434961392,-29.7794244149862
"5106",-32.774218840604,-28.3736199134765
"5107",-41.2805717899651,-29.5588500374275
"5108",-11.5295352286565,0.877457779377053
"5109",-34.1659676110546,27.0629232503368
"5110",-12.5608388284041,-9.90518316415652
"5111",-66.0686804267607,24.6792704615186
"5112",-67.1913777797749,16.4725258182475
"5113",-68.6869211950547,24.6472919698785
"5114",14.5550530890263,-20.7170554721938
"5115",-32.1354725121564,24.6835542723622
"5116",-32.2079433892026,26.9902055783935
"5117",-40.0893575639337,-28.1755414861333
"5118",-11.6779636811116,-13.4410813593281
"5119",-28.9870590375948,26.2683695051933
"5120",-32.49073148377,24.84796849573
"5121",-32.4582766406058,25.4888208730859
"5122",-31.3881330505617,25.3773226853474
"5123",-12.0386962824593,-13.6276250450003
"5124",-71.8329783162081,21.0558470404475
"5125",-34.8785985938365,24.5442809968348
"5126",-29.2148944621579,27.6058519119925
"5127",-11.5278277132913,0.211432175026911
"5128",-31.8058368610212,28.0738399543508
"5129",-11.2280729334527,0.493086775735893
"5130",-31.1189531109799,25.4260854207202
"5131",-33.2935572353662,26.0361396656009
"5132",-34.5273631040688,-18.8105578309303
"5133",-29.2743191006483,-27.5071324250165
"5134",-37.8039863796402,-27.6637669914867
"5135",16.7259908868612,-27.2808540035727
"5136",17.3503716340593,-29.0283894551435
"5137",-29.08332576651,24.7961291789046
"5138",-5.75429203923276,24.5090112523256
"5139",-67.8228088631572,24.9178040397257
"5140",-68.3778415990497,25.7406785136617
"5141",-13.82524522566,22.4040450745513
"5142",-43.8898677702285,-17.3971783162359
"5143",-45.882625014285,-28.5619989554183
"5144",-65.4871398599955,24.5993153967336
"5145",18.9218464295657,-29.5407277606787
"5146",-47.4989702262261,-20.5200403961823
"5147",-66.6386920010045,25.0297766488135
"5148",-33.2019331553204,-28.6606180734958
"5149",-8.96418140570155,-9.79667059959113
"5150",-41.1534679415878,-17.627001219051
"5151",21.5194387195472,-33.3408977152796
"5152",14.9976121208685,-21.7933180784377
"5153",-69.2075031181824,24.591160452139
"5154",-8.66375251263586,29.9871188109936
"5155",-33.4614878838246,-20.9607929619377
"5156",-32.1358967367178,-31.8423733963431
"5157",-28.0173871929861,25.7628520542263
"5158",-34.0541035998612,24.7550119316649
"5159",-71.8030242834978,25.2740033123675
"5160",-32.5578903897653,26.0456121653762
"5161",-36.6759352368385,-20.843435848887
"5162",-33.2376402814646,25.1711606571978
"5163",-33.3557088914961,-21.3409295944526
"5164",12.1249209828509,-16.9733831820705
"5165",-32.1632088721897,25.390783477481
"5166",-30.3047825576173,25.8531838185596
"5167",17.1551221278512,-29.7788172839783
"5168",-71.9233811399699,28.2867827910014
"5169",-31.6169644918173,-17.6668710179248
"5170",18.4276914744343,-27.9292420127661
"5171",-66.9327927586582,24.4087583916714
"5172",-34.3232835394431,24.7062491962921
"5173",-32.3238853907575,25.5306222146339
"5174",-67.098908417583,16.0828391125713
"5175",-67.4682163705588,16.0754126422116
"5176",13.6555734937921,-17.9497550788566
"5177",21.351978535741,-33.284400050802
"5178",-13.5548266646702,23.7581470747743
"5179",-14.0496134579593,-9.92480150663388
"5180",16.2038483409164,-23.5584121227289
"5181",-34.4684603900764,25.4224975820892
"5182",-32.6494430515312,25.9078312150768
"5183",-67.6711816299574,25.3420573084657
"5184",-32.5498293023717,25.3510399227865
"5185",-27.9169154475508,26.1568713174548
"5186",-12.2001062270564,-9.7186394784843
"5187",-33.9414614491464,-28.4400436959371
"5188",-71.4631815074808,28.5542202023011
"5189",-7.32265208469072,0.36789019699787
"5190",-67.9379374052903,15.8265232150332
"5191",-13.2814314943961,20.6953181666764
"5192",-35.251610869033,26.5980117894311
"5193",-26.9809513902527,-27.9871624441913
"5194",16.283431855019,-26.2045913973287
"5195",-45.1902847123018,-21.0368614590167
"5196",-71.0696600343866,19.262090116099
"5197",-34.4961967501097,26.1297267872081
"5198",18.2655420778646,-30.691150103919
"5199",-68.3699203895342,15.0604526082369
"5200",-71.7233289005717,20.9959627913132
"5201",-70.7619543336706,28.2133217761604
"5202",-30.8775095314313,26.1820773612118
"5203",-33.0668327808409,-17.7205737689407
"5204",-67.2466854444778,16.2698120332701
"5205",-72.4284264976899,21.0166088340732
"5206",-31.8861444313991,-17.7156337532976
"5207",13.8068163443795,-21.8262200949236
"5208",-69.3985481876296,17.1256991805932
"5209",-35.6118248591844,-31.3919761159693
"5210",-34.7409873499026,27.4027664652955
"5211",19.4196418127194,-29.8770309547904
"5212",-68.9077644795317,14.7804160093912
"5213",-31.5830046145725,-26.9903113621822
"5214",-32.0472804405699,27.3178480138591
"5215",-34.568074139236,25.9792888743795
"5216",-6.88625553241451,26.4463317776473
"5217",14.9480288502859,-24.4777916717078
"5218",-29.2285026171434,25.5123775647017
"5219",-29.2743191006483,-27.5071324250166
"5220",15.4923076379038,-25.4487938781014
"5221",-71.5517804463648,29.2641592913579
"5222",17.199128783472,-25.1519244390765
"5223",-34.1937039710878,27.7701524554556
"5224",19.246262720459,-28.7520056131737
"5225",-31.9596410681057,-17.7686308597966
"5226",-36.08123810858,24.637868118442
"5227",-41.5965000598329,-17.8772083354107
"5228",-43.5352391057924,-18.0481379953248
"5229",-28.4317439832014,26.4303377046506
"5230",-33.1760354968828,-19.9769483604272
"5231",15.0771956349711,-24.4394973530376
"5232",-13.421691919686,-14.0273800199926
"5233",-68.2747773183927,17.4635219699344
"5234",16.4730282804982,-23.5096493873561
"5235",-67.8970950823605,23.5964544546811
"5236",-69.6777609389146,20.7027234046051
"5237",-32.9722471799805,26.7130978158006
"5238",-11.2984594203863,-2.72590987356202
"5239",-10.5607260302415,-13.7740372439573
"5240",-34.3066828533277,-22.148628708133
"5241",-30.9605693574462,25.2971963558739
"5242",-35.2037843311829,-18.094812930147
"5243",-68.0459687094299,16.1834657642791
"5244",19.3975055710463,-32.6284706292407
"5245",-69.0617082745272,15.4887004256919
"5246",-28.5267942807202,-28.7195113163968
"5247",-67.6788402811595,24.9937068678025
"5248",-68.7925283349453,15.5374631610647
"5249",-11.8790494402245,20.1120996415777
"5250",-67.2828308724966,25.3123878105828
"5251",-31.6742681653734,25.2641172212628
"5252",-30.0167853416717,24.9384790358845
"5253",14.9754758791955,-24.544757752888
"5254",-70.1822695106339,17.0720970680325
"5255",-32.996196701916,25.9271525976894
"5256",-6.68651299298643,25.9567003741558
"5257",-30.5721003960652,24.7765108364272
"5258",16.7534379157707,-27.3478200847529
"5259",-31.3335816326427,27.3509271484701
"5260",-34.5596454596907,-18.3774240919163
"5261",-31.9021035899365,26.601599628062
"5262",-69.9708214000039,26.3849173764875
"5263",-33.2085252774616,-24.7319975781543
"5264",-31.5610462612283,26.8008002762633
"5265",13.0894242922265,-18.8542060429146
"5266",-36.1230431146933,-15.9913738147261
"5267",-26.9809513902527,-27.9871624441914
"5268",-26.3426292863665,-31.455915927058
"5269",-33.2658208753329,25.328910460482
"5270",22.3166801135281,-38.0831045378897
"5271",-70.2279805849924,28.5711576931593
"5272",19.1445429646833,-28.8572660130241
"5273",-29.6169715785244,26.0330630841483
"5274",-6.68408429061975,-13.4507314025848
"5275",-32.5636110514342,-32.1293715563624
"5276",-33.1206440246996,24.6126620746849
"5277",-32.8637437589665,26.9016992883262
"5278",-34.6816417852381,-21.8172548109908
"5279",-4.55165252448926,24.4154241307184
"5280",-71.8585520730245,28.4709485918575
"5281",15.0497486060616,-24.3725312718574
"5282",-11.8206019663311,0.9965320072818
"5283",-33.9211770112617,25.7898835722493
"5284",-6.82455688115637,12.418785285267
"5285",-7.24948095402589,1.78080673377204
"5286",15.9561965217899,-22.6056132621427
"5287",-32.7185669083331,26.1854509025291
"5288",-35.8224326483542,-27.6362244730833
"5289",-72.2335110049348,28.8023224889996
"5290",-28.8005376719427,26.9383662615682
"5291",-30.2051982202727,25.7855469781563
"5292",18.6526664899838,-29.5894904960515
"5293",-42.0280966098932,-28.3464711460474
"5294",-65.1083105047772,24.5881938829721
"5295",-66.8070692980599,25.6125693783128
"5296",19.6613747233917,-29.7613021382374
"5297",-33.7793471808726,27.1026668050313
"5298",-28.6513148002908,-30.9390948642235
"5299",-28.1860953871326,26.108108582082
"5300",-9.79801278642725,-9.93286956240352
"5301",-32.918622991113,25.859068479704
"5302",-71.2978900485854,18.6490249473552
"5303",-7.72928480420838,10.6503382239902
"5304",-68.0835603965077,15.4390178001515
"5305",-41.2779884611584,-19.8465847668778
"5306",-26.3426292863665,-31.4559159270579
"5307",14.230636798133,-21.5057776196988
"5308",-32.7030672403987,26.7618605511733
"5309",15.5197546668133,-25.5157599592816
"5310",15.0440874861626,-23.2737986683246
"5311",-43.4621534555121,-17.1101801562166
"5312",-33.4292055282027,-21.3939267009516
"5313",-30.8201619911158,-28.2394812972219
"5314",17.6416797761441,-27.0739686229255
"5315",-32.8514640851177,24.6614248100577
"5316",-66.2729236969439,16.4804398539829
"5317",12.5952693370951,-17.242720295002
"5318",-7.1161445729213,26.313136103766
"5319",-9.06996039803005,-9.41653396707621
"5320",-72.6178194866498,19.6622789289344
"5321",-32.0547054511756,25.5793849500067
"5322",-28.6359969967621,-30.9758859078831
"5323",-30.8643456102809,27.726072306668
"5324",-30.9728490312949,27.5374708341423
"5325",-39.2878145459086,-18.3940293982451
"5326",-6.77536870587593,0.735276187157981
"5327",-34.8722965653585,-31.612550493528
"5328",-69.0392087963723,19.6031808420279
"5329",-37.90519256958,-30.9119460967945
"5330",-28.8141458269282,24.8448919142773
"5331",-69.2628937581307,19.9832597865498
"5332",-30.9056901252996,26.3398271644961
"5333",-33.2120773251411,-18.1919589698358
"5334",-31.2556371258623,25.3952337514787
"5335",-37.00956543817,26.5296307115809
"5336",-12.2916588888223,-9.85642042878374
"5337",-31.1471337048482,25.5838352240044
"5338",-42.8344112065348,-29.2993943958114
"5339",-14.9572087188418,24.3413655998731
"5340",-68.6773997928122,24.6287439857572
"5341",21.6211584753229,-33.2356373154292
"5342",-15.0589284746175,24.2361052000227
"5343",-33.0900809995938,-14.7521282507613
"5344",-69.4938631112088,24.2125952602243
"5345",-11.0828685761863,-10.0515953631135
"5346",-9.05573406746747,-9.93445154989057
"5347",-34.4292644471134,-31.3623433771683
"5348",-34.4351475506364,27.014160514964
"5349",-34.2270168105278,26.1784895225809
"5350",-30.7999358206283,26.1139932432264
"5351",-33.8126600203126,25.5110038721565
"5352",-9.16811204173066,1.85226439307479
"5353",-67.0934292910863,25.2340041863982
"5354",-33.2522127203474,27.4223848077729
"5355",-37.6688860051608,-16.7237226869315
"5356",-67.569190865523,24.9338226186682
"5357",-33.374324296347,25.1403089879564
"5358",-29.3477916389426,26.0818258195211
"5359",-69.1266449439258,23.6387682978548
"5360",-68.6392721815538,24.5016553141928
"5361",-33.8296754042977,-16.4714038339009
"5362",-33.4650399315041,-14.4207543536192
"5363",21.7945375675832,-34.3606626570459
"5364",-67.9956692342422,25.0905807881154
"5365",-32.8914801189997,27.6089284934451
"5366",-37.165664275754,-31.1325204743533
"5367",-70.4942242573112,20.2865746790722
"5368",-69.1162304703489,26.673977430456
"5369",-29.4169154957444,26.3594455069734
"5370",-5.6525722834571,24.614271652176
"5371",-69.878352037812,25.9952306708113
"5372",16.3108788839285,-26.2715574785089
"5373",-29.9360182806909,25.834309713529
"5374",-30.0356026180355,25.9019465539324
"5375",-32.6100205055691,25.4174167505494
"5376",-31.5209898903734,-16.9882248967353
"5377",-8.26057046165649,29.7080082072028
"5378",-32.4690622413909,26.246870600431
"5379",12.4218902448347,-16.1176949533853
"5380",-36.6287472449958,-28.5891477228473
"5381",-70.9544238898002,20.0191372677725
"5382",-32.0886249555886,25.9316028716872
"5383",17.6142327472346,-27.0070025417454
"5384",-32.8190092419535,25.3022771874137
"5385",-13.674654526049,-10.256175403776
"5386",18.9770827808772,-28.8007683485464
"5387",-11.1886475685148,-9.67145873059857
"5388",18.1636320928475,-27.0327472999206
"5389",-31.2142926108435,26.7814788936507
"5390",16.0139096219447,-27.1272457071941
"5391",14.7802263729873,-25.2951855817228
"5392",-31.9434481049552,25.2153544858901
"5393",19.3700585421368,-32.5615045480605
"5394",-34.9955948506016,25.1027795793477
"5395",-34.9023220359791,-18.4791839337882
"5396",-29.1477355561626,26.4082082423462
"5397",-70.3353683624982,19.7223299336942
"5398",-70.9865609651012,25.6901520379004
"5399",-33.0542465962923,-21.7253005980938
"5400",-69.5415121247097,24.3582319159101
"5401",-67.3430050129747,16.0482725495076
"5402",-10.4421516579194,-9.65025840063416
"5403",-42.0434144134219,-28.3096801023878
"5404",-29.0025587055292,25.6919598565491
"5405",-45.0810819962599,-18.7804868675302
"5406",-14.6557464236381,23.9569945962319
"5407",-68.5257725596124,25.0529972544972
"5408",-29.7753417621231,25.6944709763762
"5409",-71.7537071547523,19.9327909987815
"5410",-31.5074220723608,25.9467709401668
"5411",-30.619555010488,26.4530326285806
"5412",-45.143096720459,-28.7825733329771
"5413",-71.3232204333153,16.4044718221493
"5414",17.2864789685278,-25.2776704359819
"5415",-69.8290349090665,20.6540183572254
"5416",18.8753630251015,-28.9060287483969
"5417",15.4643200470904,-23.3378377451701
"5418",22.0637175071651,-34.3118999216731
"5419",-32.7185374965182,25.6962964506422
"5420",-67.4777377728013,16.0939606263329
"5421",18.9496357519676,-28.7338022673663
"5422",15.7609470155817,-23.3560410909775
"5423",-68.6364266201664,17.8044459402378
"5424",-8.3187840876648,26.4067232253732
"5425",-32.3775095796249,26.3846515507304
"5426",-30.9192248424274,26.6834414980458
"5427",-29.1195549622943,26.2504584390619
"5428",-71.1588854120057,24.9913921505981
"5429",-27.0839276178244,25.6205021972464
"5430",-31.0644016930608,27.3996898838429
"5431",-9.91709583149497,10.6730331479201
"5432",-66.2824450991864,16.4989878381042
"5433",-37.3142573407247,-17.3746823660204
"5434",-30.1360743634708,25.5079272907039
"5435",-11.916699956912,-10.1877943259259
"5436",-34.9824309294512,26.6467745248039
"5437",-8.8314525735165,11.1379446088258
"5438",-69.8244906321682,16.4109207143484
"5439",-66.3472099161472,15.1590902689383
"5440",-7.41760686812503,26.6975071074072
"5441",-41.3038861195959,-28.5302544799465
"5442",-40.6502462121811,-32.0357990064726
"5443",-70.6391733129497,15.7337709394668
"5444",20.3874752263654,-31.4035771899579
"5445",-32.6771794115644,26.6150604201957
"5446",-31.7747399108087,24.8700979580344
"5447",-34.7477760457879,-29.3929669457012
"5448",-32.9830327807656,27.4711475431456
"5449",-37.0411437561834,-28.9129369265264
"5450",-32.0627371267543,25.7848027407095
"5451",-30.9451126712617,26.8302416290235
"5452",-30.2893123014979,26.9187479190908
"5453",-69.5918115998974,15.4511168920737
"5454",-73.5327650016711,21.0317825845429
"5455",-67.7924306089766,25.9809758322574
"5456",-70.9037711515647,29.3018005129691
"5457",-32.8223562621978,27.3313088059928
"5458",-33.679733431713,26.545875512741
"5459",-31.5356026662292,26.1045207434511
"5460",-68.2720626067212,25.3605418811468
"5461",-34.0818399598944,25.4622411367838
"5462",-35.0675865509996,-27.8935898943016
"5463",-26.8147476782426,25.6692649326191
"5464",19.1748090359287,-33.3119323768953
"5465",-6.98797528819016,26.3410713777969
"5466",-33.12884750504,-27.7226602343876
"5467",18.7081011097068,-31.7674127101629
"5468",-29.4976825567253,25.4636148293289
"5469",-30.5998503260334,25.9512212141645
"5470",-41.2885683160672,-28.5670455236061
"5471",-28.9334348487273,25.4143401690968
"5472",-28.6513148002907,-30.9390948642236
"5473",-11.746285950235,18.478887037564
"5474",-36.2501469630706,-27.9232226331027
"5475",-73.6480011462575,20.2747354328694
"5476",-69.2218376102396,17.5641486216422
"5477",-69.4313477817272,19.6047522826282
"5478",-7.46111299789237,29.8935316893864
"5479",-34.5958104992692,26.6865180794984
"5480",17.452091389835,-28.9231290552931
"5481",-30.9328329974129,24.589967150755
"5482",17.0968825430486,-27.9726124459546
"5483",-30.3584067464848,26.7072131546562
"5484",-37.0564615597121,-28.8761458828668
"5485",-71.3427832397115,21.4815202949789
"5486",-70.0918899341349,16.1011569296269
"5487",-68.857465004344,23.6875310332276
"5488",14.5272637666243,-21.5239809655062
"5489",-68.7276992679999,15.7216289619209
"5490",-43.5972538299916,-28.0502244607716
"5491",-33.8934270812934,24.615173194512
"5492",-67.9480202207413,24.9449441324297
"5493",17.9411257869713,-31.479872251424
"5494",-8.51852662709287,26.8963546288647
"5495",-5.78533577344666,26.2474842561898
"5496",-68.3529121885274,24.8802205061074
"5497",-67.0893870153405,16.06429112845
"5498",-7.51866089360772,1.73204399839926
"5499",-29.6748700166878,26.0884902396046
"5500",-31.7935571871725,25.8335654760823
"5501",-31.6525989229942,26.6630193259639
"5502",-36.613429441467,-28.6259387665071
"5503",20.3434685707446,-36.0304700348597
"5504",13.9085361001551,-21.7209596950732
"5505",14.7225132728325,-20.7735531366714
"5506",-32.4493869687512,26.2342136379019
"5507",-67.6168398790239,25.0794592743539
"5508",-36.7379499610376,-30.8455223143339
"5509",-11.8188944509659,0.330506402931658
"5510",-34.0621352754399,24.9604297223677
"5511",-30.5584922410797,26.869985183718
"5512",-41.389774506007,-31.815224628914
"5513",-28.5313577323609,26.9871289969409
"5514",-33.2019331553204,-28.6606180734957
"5515",17.9851324425921,-26.8529794065222
"5516",-8.07163587445504,9.18865895184322
"5517",-67.5787122677655,24.9523706027895
"5518",-37.3762720649238,-27.3767688314673
"5519",-69.3266825285118,26.1023062147181
"5520",-37.1656642757541,-31.1325204743532
"5521",-34.6216983281035,26.8333182104761
"5522",-38.9952006056717,-29.0470755427808
"5523",-8.44203885975673,-13.519112480435
"5524",-32.4493575569363,25.7450591860149
"5525",-72.5675200114621,28.5693939527707
"5526",18.0125794715016,-26.9199454877023
"5527",-8.36229021743214,29.6027478073524
"5528",-67.7446011505875,14.9126602059194
"5529",-9.43729198131249,1.803501657702
"5530",-30.8826677864872,-20.4569783796019
"5531",-42.8344112065347,-29.2993943958115
"5532",-35.2647747901834,25.0540168439749
"5533",-72.5170254365738,21.72654792313
"5534",-33.814357600769,-16.5081948775605
"5535",18.185958563762,-28.0449708293191
"5536",-45.2056025158305,-21.0000704153571
"5537",14.2580838270425,-21.572743700879
"5538",12.3201704890591,-16.2229553532357
"5539",19.6888217523012,-29.8282682194176
"5540",-30.841280335647,24.7277481010544
"5541",15.5085169319525,-22.474608104117
"5542",-70.5288122196543,28.970426615827
"5543",-72.9968292867563,30.5960794133482
"5544",-72.617999931538,30.5849578995866
"5545",12.3778835892139,-20.7445877982871
"5546",-32.3578048951704,25.8828401363144
"5547",-9.92000911197458,-13.372700281478
"5548",-7.05904322253007,-13.1193575054427
"5549",-7.02688721269908,27.8759480817315
"5550",-42.8497290100634,-29.2626033521519
"5551",-32.1083296400431,26.4334142861032
"5552",-8.62082866291587,2.2196503832349
"5553",-31.8940289326078,25.4395462128538
"5554",-9.10063251309833,11.089181873453
"5555",-34.3200617310715,-29.1059687856818
"5556",-30.3306703864516,25.9999839495373
"5557",15.7334999866722,-23.2890750097973
"5558",17.7433995319198,-26.9687082230751
"5559",-33.1288475050401,-27.7226602343875
"5560",-38.8601002311922,-18.1070312382258
"5561",-29.9163135962364,25.332498299113
"5562",-70.5067571149187,16.8206205476822
"5563",16.0527957195704,-23.4456103105106
"5564",17.6881631806083,-27.7086676352074
"5565",-30.9864571862804,25.4439964868515
"5566",-66.8297284780012,16.1316018479441
"5567",-7.38656313391111,24.959034103543
"5568",-68.6486217313585,15.0302378569854
"5569",-33.3908782194916,26.5819812855847
"5570",15.7612893090742,-22.4821495164849
"5571",18.4551385033438,-27.9962080939463
"5572",-7.15965070268864,29.5091606857452
"5573",-66.3272654478774,16.7430378880947
"5574",-44.3367821238175,-27.829650083213
"5575",-31.6939728498279,25.7659286356789
"5576",-31.9354164293765,25.0099366951873
"5577",-37.0411437561835,-28.9129369265263
"5578",-14.6122402938707,20.7609700142527
"5579",-10.1729717183376,-9.60149566526138
"5580",-42.344024879761,-16.6648294440306
"5581",-27.2291044684578,26.3367505830435
"5582",-48.1372923301123,-17.0512869133156
"5583",-9.69987293895962,-9.65184038812122
"5584",-36.6287472449957,-28.5891477228475
"5585",-30.3170622314661,28.0934582968281
"5586",-36.234829159542,-27.9600136767623
"5587",-9.64791589191315,10.7217958832929
"5588",-6.58479323721078,26.0619607740062
"5589",16.030469248656,-22.4333867811121
"5590",-38.3568785017855,-32.5158290256475
"5591",-47.3744497066555,-18.3004568483554
"5592",-34.67657756025,25.7906874018539
"5593",-68.1975959426297,15.7592124955391
"5594",-8.56203275686021,30.092379210844
"5595",-45.143096720459,-28.782573332977
"5596",-35.495300865716,-28.1805880543209
"5597",18.847915996192,-28.8390626672167
"5598",-31.8024898407769,26.0448083357717
"5599",-11.9309262874746,-9.66987674311152
"5600",-5.88382484716844,9.16596402791325
"5601",-40.6655640157097,-31.9990079628132
"5602",-7.58118576847489,-9.39691562459885
"5603",-40.0353393658367,-17.181650506865
"5604",-29.289636904177,-27.4703413813569
"5605",18.238095048955,-30.6241840227388
"5606",-6.22742974893496,28.0614715639151
"5607",-39.3970172619505,-20.6504039897316
"5608",-72.1381960813555,21.7154264093685
"5609",-8.81699779166705,-13.1877385832928
"5610",-34.0207907604212,26.3466748645397
"5611",-12.6226057109165,22.3104579529442
"5612",-70.6694849714787,27.8236350704842
"5613",16.2312953698259,-23.625378203909
"5614",-67.35153036275,24.8079696263461
"5615",-34.8569787618298,-31.6493415371876
"5616",-37.352957735293,-28.4053643889483
"5617",-69.1121881946031,17.5042643725078
"5618",-12.2776372859455,18.7300623673238
"5619",-33.2912644703321,26.0251899932943
"5620",14.4533333332506,-20.8223158720442
"5621",-11.5559673555642,-10.0012506402537
"5622",-33.5350008149148,25.2801477251093
"5623",19.4717782979124,-32.4562441482101
"5624",18.6806540807973,-31.7004466289827
"5625",20.2857554705898,-31.5088375898083
"5626",-66.9250519940309,24.6512114568988
"5627",-34.8372540788178,25.9305261390068
"5628",-67.8731083383449,16.0106890158893
"5629",17.7156102095178,-27.7756337163875
"5630",-33.5068202210464,25.122397921825
"5631",-7.31200582889306,-9.34815288922607
"5632",-69.4910175498214,17.5153858862694
"5633",-67.8466005074723,16.7536084250404
"5634",-14.7574661794137,23.8517341963815
"5635",-37.7806720500094,-28.6923625489677
"5636",-70.1319700354462,25.9792120918688
"5637",-72.2428605547395,19.3309050317922
"5638",-13.8127828301066,20.9464934964362
"5639",19.2022560648382,-33.3788984580754
"5640",-74.0628683270413,20.9941990509247
"5641",19.9417843586642,-33.5994728356342
"5642",-33.7342198710859,-14.469517088992
"5643",-71.1017971096875,24.9331048862268
"5644",-66.8030270223141,16.4428563203647
"5645",-37.7959898535381,-28.6555715053081
"5646",18.0619123370719,-27.138007699771
"5647",-31.61636972721,25.2086900658065
"5648",-30.6913894178643,25.3459590912466
"5649",-68.3972653718549,23.9549684445273
"5650",14.5276060601167,-20.6500893910136
"5651",-72.0878966061678,30.6225414332049
"5652",-74.0125688518536,29.901314074761
"5653",18.3888053768086,-31.6108774094496
"5654",20.8300342582077,-32.4798397962018
"5655",-69.1293682480477,17.174461915966
"5656",-33.1460876196987,25.3089416074972
"5657",-67.3619215890642,15.5127648815966
"5658",-33.0915362017797,27.28254607062
"5659",-32.0350007667211,25.0775735355906
"5660",-33.0865289519142,-21.2921668590798
"5661",-31.9631527894097,25.7171659003061
"5662",19.8213260247998,-32.3080281540158
"5663",-69.5919920447856,26.373795862726
"5664",-31.2918663216465,26.8495630116361
"5665",-8.80277146110448,-13.7056561661072
"5666",-65.8981366174714,25.6390313981695
"5667",-13.7966508515963,-13.6960061228505
"5668",-68.4825060724337,23.3561571360854
"5669",-40.5410434961391,-29.7794244149863
"5670",12.1527103052529,-16.1664576887581
"5671",-35.8120581689982,24.6866308538148
"5672",-68.7185433430096,25.6247113558588
"5673",-66.7527275471264,25.3499713442011
"5674",-38.1158003587498,-27.1561944539085
"5675",-7.99846474379021,10.6015754886174
"5676",-71.7034076795646,28.8399060226179
"5677",-36.326028708373,25.9109077965294
"5678",-32.6907875665499,24.5215860729048
"5679",-30.4052543030527,25.4591645553312
"5680",17.6416878153142,-26.2281870453205
"5681",-33.3592609391756,-14.8008909861341
"5682",-7.5186608936077,1.73204399839925
"5683",-30.9446825106863,-30.4590648450489
"5684",14.0981325256343,-19.0260176851005
"5685",-31.3471897876282,25.2574528011793
"5686",-66.6517530521622,16.4915613677445
"5687",21.2502587799654,-33.3896604506524
"5688",-9.54505018006426,-13.7040741786201
"5689",-33.8052350097068,27.249466936009
"5690",-70.9083532525315,15.685008204094
"5691",-35.184110544468,-31.1049779559499
"5692",17.7159525030102,-26.9017421418949
"5693",12.6748528511977,-19.8888995696019
"5694",-66.8202070757587,16.1130538638228
"5695",-38.9952006056716,-29.0470755427809
"5696",19.3921947838098,-29.8100648736102
"5697",-68.4333031974205,24.663310548821
"5698",-31.5830046145726,-26.9903113621821
"5699",18.6061911246898,-28.1090099061646
"5700",-67.5158653840597,16.2210492978973
"5701",-72.0877161612796,19.6998624625526
"5702",-70.6620733608164,25.9416285582506
"5703",-12.1858798964938,-10.2365570612987
"5704",-13.081688954968,20.2056867631849
"5705",14.7527793440778,-25.2282195005426
"5706",-34.3077838715087,25.2826588449363
"5707",-30.5307558810465,26.1627559785992
"5708",-67.727493939578,17.8309079600945
"5709",-30.0478822918843,28.1422210322009
"5710",-37.3682755388217,-28.3685733452887
"5711",-34.4764920656551,25.627915372792
"5712",13.3863935542103,-17.9985178142294
"5713",-32.2045963689583,24.9611739598145
"5714",-43.5739395003607,-29.0788200182527
"5715",-6.34475303097388,3.54925379504889
"5716",14.8242330286081,-20.668292736821
"5717",-31.5333099011951,26.0935710711445
"5718",-11.0073926827116,-2.84498410146677
"5719",-29.9027054412509,27.4259726464038
"5720",-30.8354797946445,-28.2026902535623
"5721",13.6115668381713,-22.5766479237584
"5722",-35.5106186692446,-28.1437970106615
"5723",-28.5267942807202,-28.7195113163967
"5724",-32.8792004451509,25.3686540151766
"5725",18.6801135188934,-29.6564565772316
"5726",-29.3887349018761,26.2016957036892
"5727",-5.92596745373123,27.6771005602739
"5728",-9.3249140070493,-9.98321428526335
"5729",-32.3164603801517,27.2690852784863
"5730",-30.732776914633,24.9163495735801
"5731",-68.5820848692329,17.5418479061261
"5732",19.1170959357738,-28.7902999318439
"5733",14.970165091959,-21.7263519972575
"5734",-7.92103304843199,5.0823907264986
"5735",21.7724013259102,-37.1121023314962
"5736",-32.9050882739852,25.5154541461543
"5737",-35.0829043545282,-27.8567988506421
"5738",17.0974090276963,-25.2571848389269
"5739",-12.1805117354283,20.4964706452188
"5740",-30.4588784919202,26.3131938914277
"5741",-31.6329236503546,26.6503623634348
"5742",14.3510951319973,-22.7972223013172
"5743",-31.6606600103878,27.3575915685537
"5744",20.6404378327284,-35.1747818061745
"5745",-8.62024638286852,26.7910942290143
"5746",-35.5106186692447,-28.1437970106613
"5747",-71.0368604402889,16.783037014064
"5748",-32.3083857228231,26.1070318632781
"5749",-11.3030047492012,-13.7724552564703
"5750",-34.0744149492887,27.2007042006362
"5751",-31.2020129369948,24.5412044153822
"5752",-7.12860696847473,27.7706876818811
"5753",-13.4220631746807,22.1249344707606
"5754",-28.8418821869614,25.5521211193962
"5755",15.2667920604503,-21.7445553430649
"5756",-32.1358967367178,-31.842373396343
"5757",-67.5735501445825,17.1226235437938
"5758",13.5538537380165,-18.055015478707
"5759",-37.1036495515549,-21.1304340089064
"5760",-29.5339117525095,26.9179440894863
"5761",-13.6800193401171,19.3132808924225
"5762",-34.8569787618298,-31.6493415371877
"5763",-35.0237754444699,25.2605293826319
"5764",-31.41631364443,25.5350724886316
"5765",-8.67001683819631,13.9031594813439
"5766",-31.1212458760139,25.4370350930267
"5767",-30.7191393478326,26.5206694689839
"5768",-6.07557309139205,3.59801653042168
"5769",-37.3762720649239,-27.3767688314672
"5770",12.5731330954221,-19.9941599694523
"5771",-45.8439246197167,-17.5313169324904
"5772",-42.9589317261053,-31.5189779436384
"5773",-33.4105534921312,26.5946382481138
"5774",-9.10063251309836,11.089181873453
"5775",-13.3785570449133,18.9289098887814
"5776",-35.4099516408168,25.770265229772
"5777",-14.3187933975411,-9.97356424200666
"5778",-8.35164872333402,2.26841311860767
"5779",-32.1890967010239,25.5375836084587
"5780",-5.40402099698595,0.296432537695122
"5781",-40.650246212181,-32.0357990064728
"5782",19.2188156915495,-28.6850395319935
"5783",-7.3283495079028,28.2603190853727
"5784",-33.7306678234064,-21.0095556973105
"5785",-70.0716154500799,24.3206483822918
"5786",-32.7599114233518,24.7992057603572
"5787",-65.5507489653199,15.682650299736
"5788",16.6329795819063,-26.0563754031345
"5789",-12.1494680012143,18.7579976413547
"5790",-5.35110998825338,24.2299006485349
"5791",-36.7379499610377,-30.8455223143338
"5792",-33.6519970716798,25.8386463076221
"5793",-69.224683171627,24.2613579955971
"5794",-13.5113205349029,20.5621224927951
"5795",-9.33914033761187,-9.46529670244899
"5796",-67.7719842724838,24.7105018435935
"5797",-69.0140592610263,15.3430637700062
"5798",-70.1630439155938,20.4210898209964
"5799",-32.6223001794179,27.6576912288179
"5800",-35.1687927409394,-31.1417689996096
"5801",-34.934604391601,-18.0460501947742
"5802",-47.3897675101842,-18.2636658046958
"5803",-30.7605132746662,25.623578778699
"5804",-67.4174716770663,25.6496019351152
"5805",-7.20622683656457,-9.72828952174099
"5806",-30.6500449028456,26.7322042334186
"5807",-36.4955948987953,25.3053537688663
"5808",21.0550092737572,-34.1400882794872
"5809",-30.3503750709061,26.5017953639534
"5810",-68.1063232947962,17.8420294738561
"5811",-41.9163105650446,-16.3778312840112
"5812",-30.1854935358182,25.2837355637402
"5813",-30.7191687596475,27.0098239208709
"5814",-71.6080927559853,21.7530099429867
"5815",-10.0671927260091,-9.9816322977763
"5816",-42.9589317261054,-31.5189779436382
"5817",17.9685728158808,-31.5468383326041
"5818",-32.5636110514342,-32.1293715563625
"5819",-29.9440499562696,26.0397275042319
"5820",-37.4774782548636,-30.6249479367752
"5821",18.8753710642716,-28.0602471707918
"5822",-69.4633044121399,14.3530880821038
"5823",-33.1051443567652,25.1890717233292
"5824",17.8666628308637,-27.8884355286058
"5825",-66.6612744544047,16.5101093518658
"5826",-70.5418732708121,20.432211334758
"5827",17.4189832410264,-27.7574303705801
"5828",-35.7787453295582,26.2782937866895
"5829",19.9143373297547,-33.532506754454
"5830",-70.1575647890971,29.5722548948233
"5831",-28.5727022473796,25.600883854769
"5832",-38.9221149553914,-28.1091177036726
"5833",-68.2072977897604,26.7004394503127
"5834",-13.856288959874,24.1425180784155
"5835",-37.8039863796403,-27.6637669914866
"5836",-5.67320093656778,0.24766980232234
"5837",-7.80245593487321,9.237421687216
"5838",-35.3755182947652,-17.2037527061063
"5839",-32.4357494019508,27.8385335333058
"5840",-7.24948095402587,1.78080673377203
"5841",-10.9468284864708,18.6644105197475
"5842",-66.9126764379506,16.502740569499
"5843",-34.4765214774701,26.117069824679
"5844",-71.5166642904714,25.6525685042821
"5845",-67.3093604757459,15.5111678968335
"5846",-70.2571813930303,26.0063521845728
"5847",-33.5101672412908,27.1514295404041
"5848",-8.19021298801382,5.03362799112581
"5849",-29.2026147883092,25.365577433724
"5850",19.1283336706346,-31.8314517870084
"5851",-41.303886119596,-28.5302544799464
"5852",-32.4079994719826,26.6638231555684
"5853",-68.1469432043941,25.0418757407357
"5854",-4.25019022928553,24.0310531270773
"5855",-39.622942854649,-16.857861303186
"5856",-5.45282974402903,24.1246402486844
"5857",-70.267888833866,28.9592474140724
"5858",-70.0036209941016,28.8639704785225
"5859",15.3132674257444,-23.2250359329518
"5860",18.5840548830167,-30.8604495806149
"5861",-39.4123350654792,-20.613612946072
"5862",21.3241892133391,-34.0913255441144
"5863",-7.43006926367845,28.1550586855223
"5864",13.8289525860525,-19.0747804204733
"5865",-39.6616432492173,-27.8885433261139
"5866",16.8282290881145,-25.3059475742997
"5867",-28.9457145225761,27.6546146473653
"5868",-13.7817390958927,19.2080204925721
"5869",-34.4445822506421,-31.3255523335086
"5870",-33.3031393452602,-31.9087971788037
"5871",-66.714599935868,25.2228826726366
"5872",-38.9693029472341,-20.3634058297122
"5873",-41.2885683160673,-28.567045523606
"5874",-33.3329797813283,26.5265541301283
"5875",14.7967859996986,-20.6013266556408
"5876",-8.40083689861445,13.9519222167167
"5877",-69.2170245204249,24.6097084362603
"5878",-34.2073415378882,26.1658325600518
"5879",-34.4292644471134,-31.3623433771682
"5880",-34.8908782676853,26.7845554751033
"5881",-33.6933709985135,24.9415556173371
"5882",-66.9345733962734,24.6697594410201
"5883",-12.3211434157128,21.926086949303
"5884",21.0829968645706,-36.2510444124184
"5885",-39.7347288994976,-28.8265011652222
"5886",-69.6521661852637,17.1096806016507
"5887",14.6950662439229,-20.7065870554912
"5888",-32.8769076801169,25.35770434287
"5889",-35.0909343504652,26.4581730522782
"5890",-29.8030916920913,26.8691813541135
"5891",-66.2769659726897,25.6501529119311
"5892",-35.3602004912365,-17.2405437497659
"5893",-35.2929553840518,25.2117666472591
"5894",16.3057583259334,-27.2168149267272
"5895",18.1358427704456,-27.839672793233
"5896",-6.5061887662941,0.784038922530764
"5897",-31.9217788625761,26.6142565905911
"5898",-31.1335255498627,27.6773095712952
"5899",16.27777073512,-25.1058587937959
"5900",-66.7622489493689,25.3685193283224
"5901",-40.6655640157098,-31.999007962813
"5902",-12.5790995811492,19.1144333709649
"5903",-68.1712599641949,25.9920973460189
"5904",-6.93704689698274,-9.67952678636821
"5905",-68.5861271449787,26.7115609640742
"5906",-30.4499594082507,26.5694322043567
"5907",18.3310922766537,-27.0892449643982
"5908",16.0579162775655,-22.5003528622923
"5909",-34.4073976206682,25.8394501372267
"5910",-70.196734852407,24.6393145227029
"5911",-30.4913333350844,25.6723415140717
"5912",-72.260040608184,19.0011025752504
"5913",-28.6004521773478,26.7755942325063
"5914",17.8946504216772,-29.9993916615371
"5915",15.6102366877282,-22.3693477042666
"5916",-66.4282399428416,25.6014478645513
"5917",15.2393369923707,-22.5233708394898
"5918",13.3586042318083,-18.8054433075418
"5919",-35.9239221801916,26.9945421724866
"5920",-30.7003220714688,25.5572019509361
"5921",-68.7372206702424,15.7401769460422
"5922",-34.1077277887287,25.6090412677614
"5923",-31.0019568542148,24.8675868382073
"5924",-68.2575972649482,17.7933244264763
"5925",-71.0216771209946,29.3017428249761
"5926",-72.9691161490748,27.4337816091825
"5927",-69.3924433979398,16.021259552835
"5928",-6.98338108293174,24.6799234997523
"5929",-33.1913533004115,-19.9401573167676
"5930",-10.6453661912671,18.2800395161064
"5931",12.8644492766769,-17.1939575596292
"5932",-30.8354797946444,-28.2026902535624
"5933",-30.8201619911158,-28.239481297222
"5934",-41.5811822563042,-17.9139993790703
"5935",-28.2865671325679,25.7140893188535
"5936",-33.4327575758822,-14.8538880926331
"5937",-34.8217544108834,26.506935787651
"5938",15.3410567481464,-22.4181104396394
"5939",21.8741210816858,-37.0068419316458
"5940",17.3725078757323,-26.2769497806933
"5941",-8.21706433188914,26.5119836252236
"5942",-32.2887104501835,26.094374900749
"5943",-29.633525501669,27.4747353817766
"5944",-70.9639538844932,21.4703987812174
"5945",-37.0564615597122,-28.8761458828667
"5946",-13.3831512501717,20.590057766826
"5947",-36.2264149592134,25.3541165042391
"5948",-13.5237829304563,22.0196740709102
"5949",-7.25517255605842,9.60480767737611
"5950",-9.43069299937779,-9.60307765274843
"5951",-72.8886261301789,20.7491714227735
"5952",-33.9625509380953,24.8927928819643
"5953",-70.693147240964,20.3835062873782
"5954",21.577151819702,-37.862530160331
"5955",-69.983016511196,23.610709293235
"5956",-31.5846821361954,-18.1000047569387
"5957",-39.3498292701078,-28.3961158636919
"5958",-70.9740281074937,29.1561061692904
"5959",-70.0396588196672,29.5723125828163
"5960",-31.7522126721537,27.2198106182542
"5961",-39.6076250511203,-16.8946523468456
"5962",15.2393450315408,-21.6775892618848
"5963",-11.4578275080966,-9.72022146597136
"5964",-15.0154223448501,21.0400806180434
"5965",-32.8335663455512,-25.0633714752964
"5966",-68.9836810068457,16.4062355625379
"5967",-42.8497290100635,-29.2626033521518
"5968",-68.0223064399446,23.6235945473851
"5969",-65.8714483417105,15.4592718366683
"5970",-31.391480070806,27.4063543039264
"5971",-8.40083689861448,13.9519222167167
"5972",-39.3498292701077,-28.396115863692
"5973",-7.28484337813546,25.0642945033934
"5974",-43.6984600199313,-31.2984035660796
"5975",-30.2859652812535,24.8897163005117
"5976",-30.4311421318869,25.6059646863088
"5977",16.7999132810648,-28.8283006746397
"5978",-30.0445217017049,25.6457082410034
"5979",-10.8136886366045,-10.0028326277407
"5980",-68.9609142244512,17.5529694198876
"5981",-6.15300478675027,9.11720129254047
"5982",-27.4982844080397,26.2879878476707
"5983",-13.7235254698844,22.5093054744018
"5984",-69.4407180746337,26.4225009101057
"5985",-32.4771233287845,26.9414428430208
"5986",-38.9846207507628,-20.3266147860526
"5987",-65.9484360926591,16.7319163743332
"5988",-32.8378559301322,26.7548991573485
"5989",-31.1748700648814,26.2910644291233
"5990",-32.774218840604,-28.3736199134764
"5991",-72.0917670294758,30.3022890498243
"5992",-45.828606816188,-17.56810797615
"5993",-14.7139600496464,20.6557096144023
"5994",-66.8125484245566,16.461404304486
"5995",-35.5965070556558,-31.4287671596289
"5996",-37.7419716554411,-17.6616805260397
"5997",15.7614795383155,-26.2458127203337
"5998",-6.98599261647659,9.65357041274889
"5999",-33.5604444099139,25.9764272579216
"6000",-71.1729510911465,29.2530377775963
"6001",-44.6293960640545,-17.1766039386772
"6002",-37.5790113640907,-29.3240154747719
"6003",-34.553885894595,-16.2876205000018
"6004",-43.8473987473025,-20.6125469930015
"6005",-39.5569944854904,-18.4427921336179
"6006",-38.3849802983317,-27.2049571892812
"6007",-36.912701669391,-34.9037250905699
"6008",-29.535502514128,-28.5476996742108
"6009",-33.9504272955107,-32.9370380814211
"6010",-43.7313333950939,-17.1589428915894
"6011",-46.8526328531245,-17.3595052903045
"6012",-28.1418420416307,-32.5873716557957
"6013",-41.725248477148,-33.3510380691096
"6014",-39.8256821538158,-18.8051079464907
"6015",-40.4252711966315,-33.6960474897581
"6016",-44.4708616889199,-16.9383685140306
"6017",-39.1912948949731,-28.1578804390455
"6018",-41.8656799994147,-17.9259710707835
"6019",-36.234829159542,-27.9600136767622
"6020",-37.4354691000709,-33.7123824453606
"6021",-29.6489845375298,-22.2890385050733
"6022",-41.0789111040463,-30.1905029632319
"6023",-39.3655867351934,-32.3440173834614
"6024",-32.3817299435456,-33.1053505985168
"6025",-38.8126946130481,-27.4919553493007
"6026",-39.3073602471818,-31.6114845404575
"6027",-38.7702255901221,-30.7073240260662
"6028",-37.3923751924099,-34.3966518864916
"6029",-38.8126946130481,-27.4919553493006
"6030",-28.4110219812125,-32.6361343911686
"6031",-39.5765401867636,-31.6602472758303
"6032",-37.6221376748749,-28.454127124321
"6033",-40.1714090605784,-33.6104937107256
"6034",-38.6351252156427,-19.7672797215111
"6035",-37.7615173567143,-30.8791356682521
"6036",-36.8826093810489,-28.6747015018797
"6037",-37.843177845381,-20.9098596313476
"6038",-35.1414765049403,-31.6613132289009
"6039",34.1400058268289,-11.8614488747321
"6040",-42.6327505206159,-29.9310473216158
"6041",35.1536098189554,-7.78846437326767
"6042",-32.5917128479804,-26.8184997199963
"6043",-35.1414765049403,-31.6613132289007
"6044",-37.6221376748749,-28.4541271243211
"6045",-31.5991077420586,-34.0101944172066
"6046",-32.8754250305438,-31.6217990187843
"6047",-34.8893598657359,-17.8234339401975
"6048",-34.103083241624,-29.7744127551457
"6049",-33.7829270740118,-28.2018082712905
"6050",-42.5707357964168,-19.9289608561689
"6051",-35.6642439356202,-30.4699705836914
"6052",-35.711431927463,-22.7242587097311
"6053",-36.5040090991239,-28.008776412135
"6054",-36.5129749454881,-32.5057707976193
"6055",-39.7088312410601,-20.1428314521535
"6056",-35.0011459105845,-29.7920738022336
"6057",-35.8980680991437,-17.6516222980115
"6058",-35.0169559853697,-29.441729681074
"6059",-40.7748676596627,-16.9610761293062
"6060",-27.8888794352677,-36.3585762720123
"6061",-43.7036388569814,-26.6401262007046
"6062",-34.0988553438795,-16.5201665692737
"6063",-30.450527555555,-32.0705505929613
"6064",-45.9298130061278,-20.8162870814579
"6065",-31.8288702245237,-28.0676696550359
"6066",-28.9204947398726,-30.9878575995963
"6067",-40.9284929260382,-19.2872497023363
"6068",-35.3950639960384,-30.4212078483187
"6069",5.5192921665855,-4.0448326153563
"6070",-36.8826093810489,-28.6747015018798
"6071",-40.6826273160872,-18.2098914094825
"6072",-33.3355204491663,-18.0828895818135
"6073",-27.6868114909152,-32.8199177250676
"6074",-35.7734466516621,-32.7263451751779
"6075",-41.3897745060071,-31.8152246289139
"6076",-41.8498699246296,-18.2763151919431
"6077",-33.4647611377378,-33.2431662380124
"6078",-48.1964893652594,-23.3869005272089
"6079",-35.0169559853698,-29.4417296810739
"6080",-35.9319810267967,-32.9645805998245
"6081",-35.8810047987663,-31.4407388513421
"6082",-43.1030988748601,-29.6617102086843
"6083",-39.7010607063342,-33.8798308236571
"6084",-31.1046597342263,-28.2514529889351
"6085",-34.6040161554668,-35.4205461534043
"6086",-38.0731663192221,-27.7125297268593
"6087",-34.5307975563404,-30.0614109151652
"6088",-28.1571598451594,-32.5505806121361
"6089",-29.9801792013108,-32.339887705893
"6090",-34.1184010451527,-29.7376217114861
"6091",-41.0530134456088,-21.5068332501632
"6092",-34.6984443866952,-31.4111061125411
"6093",-47.1727890207367,-18.9321097741597
"6094",-41.5471684007402,-19.8953475022506
"6095",-34.2196072350925,-32.985800816794
"6096",-32.9510604813333,-21.6371968437125
"6097",-39.5996285250182,-17.886456860667
"6098",-35.6489261320915,-30.5067616273512
"6099",-35.8071148448256,-27.6730155167429
"6100",-38.1123577849628,-20.9586223667204
"6101",-39.9351024961591,-19.4222703008627
"6102",-28.7959742203021,-28.7682740517694
"6103",-37.1317513481011,-15.8195621725402
"6104",-35.6118248591845,-31.3919761159692
"6105",-33.0433987801858,-28.4223826488493
"6106",-37.0071299006195,-30.8942850497067
"6107",-37.4774782548637,-30.624947936775
"6108",-43.2281116656871,-31.5677406790112
"6109",-33.9077932559829,-33.4933733543721
"6110",-36.4352027562034,-18.5557828124028
"6111",-43.8431194399426,-29.1275827536255
"6112",-41.4050923095358,-31.7784335852543
"6113",-46.8802947515241,-19.911942596268
"6114",-30.6576927709377,-22.1172268628873
"6115",-43.3527331131688,-16.4930178018446
"6116",-32.8754250305438,-31.6217990187842
"6117",-35.1841105444681,-31.1049779559498
"6118",-31.9423522479254,-21.8090084858985
"6119",-34.9905660556757,-21.0716130455053
"6120",-42.1026114485691,-34.6452937162809
"6121",3.83181187292189,8.15475055203435
"6122",-36.1192744863356,-30.2374245144196
"6123",-28.3098157912727,-29.3879552858607
"6124",-33.2108990016846,-33.15761245898
"6125",-39.1912948949732,-28.1578804390453
"6126",-35.4532904840499,-31.1537406913227
"6127",-26.117654270817,-33.1161644103432
"6128",-48.2384985200521,-20.2994660186235
"6129",-38.9181801103478,-22.2250986939845
"6130",-40.0548850671098,-30.3991056490774
"6131",-38.4814999492671,-17.441106148481
"6132",-41.3562072407546,-19.5742478623557
"6133",-31.1713934273422,-33.7231962571872
"6134",-35.7564842791957,-29.2211553035152
"6135",-37.9051925695801,-30.9119460967944
"6136",-32.3197152193465,-23.1032641330698
"6137",-27.2501313298346,-28.0359251795641
"6138",-31.8097155312284,-30.2544427743206
"6139",-42.3402562514033,-30.9108801437241
"6140",-32.2115321875073,-21.8577712212713
"6141",-42.6094361909852,-30.9596428790967
"6142",-29.6600230336986,-30.7672832220377
"6143",15.933552642948,-2.96803040456333
"6144",-29.3755252905881,-30.7553115303244
"6145",-50.4226635144058,-17.5630614079623
"6146",-33.5723192848421,-31.9575599141764
"6147",-35.4379726805212,-31.1905317349823
"6148",8.17211883209428,-7.7130397164948
"6149",-41.6160457611061,-31.0946634776231
"6150",-38.3853259607322,-30.276938724536
"6151",-30.3493213656152,-28.8223714876534
"6152",-43.3102640902428,-19.7083864786102
"6153",-39.9197846926304,-19.4590613445223
"6154",-46.1407664576981,-20.1325169738267
"6155",-42.3402562514034,-30.9108801437239
"6156",-27.7876732453279,-33.1103971667045
"6157",-32.2605181841994,-16.7676505191765
"6158",-33.3202026456376,-18.1196806254731
"6159",-44.2747673996184,-17.8275636177661
"6160",-26.4867964351213,-29.5986481921038
"6161",-35.6288881595619,-17.6028595626387
"6162",-40.1560912570497,-33.6472847543852
"6163",-28.7801641455169,-29.1186181729291
"6164",-33.7829270740119,-28.2018082712904
"6165",-28.0559536552195,-29.3024015068283
"6166",-28.3251335948014,-29.3511642422011
"6167",-43.041084150661,-19.6596237432374
"6168",-36.4037722294461,-30.2493962061328
"6169",-33.1955811981559,-33.1944035026396
"6170",-30.2983451375848,-27.298529739171
"6171",-33.6232955128723,-33.481401662659
"6172",-45.9031216548638,-23.8669305463837
"6173",-35.2597459952575,-21.1203757808781
"6174",-41.4807277603252,-21.7938314101825
"6175",-36.3689087246444,-17.0687321075799
"6176",-41.9755076001917,-22.7134448979045
"6177",-37.3728294911368,-21.1791967442792
"6178",-32.8418577652914,-19.380822252226
"6179",-33.9414614491464,-28.440043695937
"6180",-28.4263397847412,-32.599343347509
"6181",-36.493429244215,-19.2883156554068
"6182",-40.3393828102204,-30.4110773407905
"6183",-39.0861538599898,-19.0256823240495
"6184",-41.2805717899652,-29.5588500374274
"6185",-43.6984600199314,-31.2984035660795
"6186",-42.6094361909852,-30.9596428790968
"6187",-44.0218047932554,-21.5987682339827
"6188",-43.8584372434713,-29.0907917099658
"6189",-34.8146239446366,-31.6647945105182
"6190",-34.3628238066984,-33.2608272851001
"6191",-37.3529577352931,-28.4053643889482
"6192",-37.7509375018054,-22.1586749115239
"6193",-35.7539009503889,-19.5088900329655
"6194",-49.1889802654484,-19.3951215334336
"6195",10.9146705502039,-3.98733288907317
"6196",-45.8826250142851,-28.5619989554182
"6197",-35.0164637141133,-29.7552827585739
"6198",-31.9533907440942,-30.2872532028628
"6199",-36.546988801052,-30.524422674439
"6200",-36.0916125879361,-27.6849872084561
"6201",-46.1989929457097,-20.8650498168307
"6202",-42.301555856835,-19.8801981207961
"6203",-41.850362195886,-17.9627621144431
"6204",9.03084314914136,-9.21372594482397
"6205",-41.549751729547,-29.6076127728002
"6206",-34.8660455361051,-18.8520294976784
"6207",-35.1261587014116,-31.6981042725605
"6208",-40.9347439552916,-32.0477706981858
"6209",-40.1560912570496,-33.6472847543853
"6210",-40.0039088390795,-28.8752639005949
"6211",-48.398475743592,-18.0918541625098
"6212",-33.3555584216959,-30.9867916465259
"6213",-41.9083140389425,-17.3696357978326
"6214",-36.0916125879361,-27.684987208456
"6215",8.52606414913228,-2.28603843592772
"6216",-32.6224624241808,-35.3930036350008
"6217",-33.9308815942375,-19.7195829392088
"6218",-38.2221853857397,-25.7460961938414
"6219",-37.688431706434,-29.9411778291439
"6220",9.45855746385777,-8.9267277848046
"6221",-31.358029599023,-28.6505598454674
"6222",-38.1161460211503,-30.2281759891634
"6223",-38.1129826696978,-23.4897216023549
"6224",-38.1039158954225,-36.287033641864
"6225",-44.3764334576915,-20.9478085548938
"6226",-32.707778200189,-30.2721038214084
"6227",-38.6971399398418,-29.7693661869579
"6228",-50.6918434539876,-17.611824143335
"6229",-38.1158003587499,-27.1561944539084
"6230",-29.5588168437588,-27.5191041167298
"6231",-30.0291651980029,-27.2497670037983
"6232",-28.9051769363439,-31.024648643256
"6233",-29.3755252905881,-30.7553115303245
"6234",-40.397283605818,-35.8070036226894
"6235",-36.450960221289,-22.5036843321723
"6236",-42.6561845212711,-19.2292384417073
"6237",-42.6132048193428,-16.7135921794034
"6238",-34.84261153545,-29.5538383775869
"6239",-40.8097311644645,-30.1417402278591
"6240",-34.103083241624,-29.7744127551458
"6241",-37.0071299006195,-30.8942850497066
"6242",-36.8625714085193,-15.7707994371674
"6243",-41.4221556099132,-17.9893170319238
"6244",-31.9533907440942,-30.2872532028629
"6245",-34.6473215498089,-33.2727989768134
"6246",-41.0440475992446,-17.009838864679
"6247",-27.4176315513334,-32.7711549896948
"6248",-31.8097155312284,-30.2544427743205
"6249",-43.9719192668731,-22.8321305408284
"6250",-43.1035911461165,-29.3481571311843
"6251",-41.050923513233,-32.301459096163
"6252",-36.1345922898644,-30.2006334707599
"6253",-38.011151595023,-17.7104432614125
"6254",-39.6616432492174,-27.8885433261138
"6255",-42.3125943530038,-28.3584428377604
"6256",-33.51374713443,-28.1530455359177
"6257",-33.572319284842,-31.9575599141765
"6258",-30.2830273340562,-27.3353207828305
"6259",-31.9109217211683,-33.5026218796283
"6260",-38.8434441892485,-36.0664592643054
"6261",-42.9679985003807,-18.7216659041291
"6262",7.31423309502311,-7.89586188050216
"6263",-33.638613316401,-33.4446106189994
"6264",-34.8579293389787,-29.5170473339273
"6265",-36.4117687555482,-29.2575916923114
"6266",-42.7339567105558,-33.1792264269236
"6267",-39.6190092096896,-28.4448785990647
"6268",-30.3260070359844,-29.8509670451345
"6269",-33.8259067759401,-30.7174545335943
"6270",-28.7801641455169,-29.1186181729292
"6271",-41.1023451047015,-19.4886940833233
"6272",-29.0646618886274,-29.1305898646422
"6273",-38.42796000026,-29.7206034515851
"6274",-40.044305212201,-21.6786448923492
"6275",-33.4800789412665,-33.2063751943527
"6276",-32.9489705489574,-32.4318226897124
"6277",-37.7959898535382,-28.655571505308
"6278",-38.1786518165218,-22.4456730715433
"6279",-46.8956125550528,-19.8751515526084
"6280",3.5469987734192,-6.22452900328814
"6281",-42.6247539945139,-30.9228518354371
"6282",-28.1571598451593,-32.5505806121362
"6283",-40.3471533449463,-16.6740779692868
"6284",-35.6293804308184,-17.2893064851387
"6285",-36.9406892602045,-32.7927689576386
"6286",-35.3367664905814,-27.9423526296744
"6287",-46.8373150495958,-17.3962963339641
"6288",-32.8651720949221,-18.352226694745
"6289",-33.9155637907089,-19.7563739828684
"6290",-34.5461153598691,-30.0246198715054
"6291",-31.3299278024768,-33.9614316818338
"6292",-39.1248542545582,-30.0563643469773
"6293",-25.7472681412953,-29.8192225696626
"6294",-34.6473215498089,-33.2727989768133
"6295",-31.5750080884704,-27.9821158760036
"6296",-39.129280170774,-18.1557939735985
"6297",-42.4452310697008,-19.9130085493384
"6298",-44.1165786868843,-20.6613097283743
"6299",-36.0766404468079,-30.7937597873705
"6300",-39.3073602471817,-31.6114845404576
"6301",-29.0493440850988,-29.1673809083018
"6302",-39.0968666637447,-32.1673204799086
"6303",-42.0175167549844,-19.6260103893191
"6304",-35.8224326483543,-27.6362244730832
"6305",-42.1106079746712,-33.6534892024595
"6306",-43.3957128150971,-19.0086640641485
"6307",-34.8813633396338,-18.8152384540188
"6308",-36.9451151764204,-20.8921985842598
"6309",-29.0646618886274,-29.1305898646423
"6310",-37.4439109896112,-18.3839711702168
"6311",-38.432513952575,-22.5312268505757
"6312",-36.384226528173,-17.0319410639203
"6313",-39.9933289841706,-20.1548031438666
"6314",-37.0568688181459,-33.0464573556157
"6315",-38.8016561168793,-19.0137106323363
"6316",-38.073166319222,-27.7125297268595
"6317",-44.8561069807103,-20.4407353508155
"6318",-25.4943055349323,-33.5904271858793
"6319",-35.644698234347,-17.2525154414791
"6320",-29.3908430941168,-30.7185204866649
"6321",-48.1139780004815,-18.0798824707966
"6322",-38.8556743149763,-30.0076016116046
"6323",-45.4747824554123,-21.0488331507298
"6324",-37.325641499294,-28.9249086182395
"6325",-38.06516979312,-28.7043342406807
"6326",-32.3106484450712,-35.9005761725791
"6327",-42.3635705810342,-29.8822845862429
"6328",-30.4505275555549,-32.0705505929614
"6329",-31.9576700514541,-21.7722174422389
"6330",-42.1621761749956,-17.455189576865
"6331",-42.4028762525076,-19.928461522669
"6332",8.2625315810078,-2.78699572715442
"6333",-34.2000615338194,-19.7683456745816
"6334",-38.9028623068191,-22.2618897376442
"6335",-34.3781416102271,-33.2240362414405
"6336",-42.043414413422,-28.3096801023876
"6337",-49.9523151601616,-17.8323985208938
"6338",-31.2138624502682,-30.5078275804216
"6339",-35.8074605072261,-30.7449970519976
"6340",-44.6961297571704,-22.6483472069292
"6341",-40.6316510880568,-16.686049661
"6342",-46.5344669168505,-22.4008632570264
"6343",-39.6661972015324,-20.6991667251044
"6344",-41.5577482556491,-28.6158082589789
"6345",-40.1365455557765,-20.4298296121728
"6346",-38.3659452760608,-19.7185169861383
"6347",-34.5202177014315,-21.3409501584369
"6348",-34.5307975563404,-30.061410915165
"6349",-39.1287878995176,-18.4693470510985
"6350",-44.2257814029262,-22.9176843198608
"6351",-48.7186319112042,-19.6644586463651
"6352",-37.9380659447426,-16.7724854223043
"6353",-37.1231952528281,-34.3478891511187
"6354",-33.8924754524542,-33.5301643980318
"6355",-41.8852257006878,-31.143426212996
"6356",-27.2931110317628,-30.5515714418681
"6357",-47.6436296462373,-18.3492195837282
"6358",-35.8227783107547,-30.7082060083381
"6359",-29.601796545687,-30.0347503790337
"6360",-46.4099463972799,-20.1812797091995
"6361",-36.3922230542751,-16.0401365500989
"6362",-32.3225329083985,-26.7697369846235
"6363",-38.7443279316846,-22.0236543129976
"6364",-37.6454520045057,-27.42553156684
"6365",-34.2042894315638,-33.0225918604536
"6366",-46.1560842612268,-20.0957259301671
"6367",4.67008700364035,-7.32843084673727
"6368",-34.1265172422791,-19.0726038752372
"6369",-39.0708360564611,-19.0624733677091
"6370",-40.810223435721,-29.8281871503591
"6371",-36.7774683460656,-19.5425033868838
"6372",-35.7797986088265,-28.1925597460342
"6373",-31.1518477260691,-20.5057411149747
"6374",-40.951807255669,-18.2586541448553
"6375",-38.06516979312,-28.7043342406808
"6376",45.509740160546,-14.60677054775
"6377",-39.8103643502872,-18.8418989901503
"6378",-44.9181217049095,-30.4428218162623
"6379",-42.4647767709739,-33.1304636915509
"6380",-32.4050766762997,-31.8911361317158
"6381",-38.0498519895913,-28.7411252843403
"6382",-40.7411994664992,-22.0144057877413
"6383",-41.6589544455889,-31.8639873642867
"6384",-36.0766404468079,-30.7937597873704
"6385",-34.4948134394249,-33.1641715619178
"6386",-42.7144110092826,-19.9617712847112
"6387",-43.372278814442,-29.710472944057
"6388",-42.3207105501302,-17.6934250015116
"6389",-41.9944284167297,-33.3998008044825
"6390",-36.5623066045808,-30.4876316307793
"6391",-40.2880808897761,-33.5506290312029
"6392",-41.6007279575774,-31.1314545212827
"6393",-46.568135110014,-17.3475335985913
"6394",-33.4711130949022,-28.7093808088686
"6395",-37.1512970493742,-29.0370173147526
"6396",-32.1023294714654,-19.6013966297848
"6397",8.77788054277837,-5.44252132860737
"6398",-29.5434990402301,-27.5558951603894
"6399",-38.0047996378585,-22.2442286905563
"6400",-31.6842108045123,-30.2384904674901
"6401",-34.2042894315639,-33.0225918604535
"6402",-29.5864787421584,-30.0715414226932
"6403",-39.7241490445888,-20.1060404084939
"6404",0.662241327624747,-6.78163312145806
"6405",-34.6320037462803,-33.3095900204729
"6406",-35.3287699644794,-28.9341571434957
"6407",10.011423990748,-4.53799353049017
"6408",-33.4800789412665,-33.2063751943528
"6409",-33.3031393452602,-31.9087971788036
"6410",-42.6558388588706,-16.1572569064524
"6411",-33.7832727364123,-31.2737898065452
"6412",-46.9036090811549,-18.883347038787
"6413",-40.3160684805896,-31.4396728982715
"6414",-36.5129749454881,-32.5057707976191
"6415",-28.4263397847413,-32.5993433475089
"6416",-39.4990432946581,-28.5338883676945
"6417",-37.6454520045056,-27.4255315668401
"6418",-27.9896596236605,-27.8153508020054
"6419",-42.3555740549321,-30.8740891000643
"6420",-30.6105047790949,-29.8629387368477
"6421",-46.0897902296677,-18.6086752253442
"6422",-29.6600230336987,-30.7672832220375
"6423",-42.4027620467748,-23.128377226104
"6424",-36.4037722294462,-30.2493962061327
"6425",37.752487564232,-10.7399736476066
"6426",-35.3520842941101,-27.9055615860148
"6427",-29.64470523017,-30.8040742656972
"6428",-27.3513375197744,-31.2841042848719
"6429",-40.3628168108755,-19.709268460882
"6430",-37.3098314245088,-29.2752527393992
"6431",-48.8768206239383,-16.8307125357569
"6432",-36.1192744863357,-30.2374245144195
"6433",-33.868375798866,-27.5020858568288
"6434",-39.8688084646001,-17.9352195960398
"6435",34.4566793741199,-7.95788752075005
"6436",-44.1785934110835,-30.6633961938211
"6437",-33.8063610746669,-17.4999993913819
"6438",-32.8498542913934,-18.3890177384046
"6439",-41.549751729547,-29.6076127728003
"6440",-40.7901854631914,-16.9242850856466
"6441",-34.2769354202873,-29.9758571361327
"6442",-37.7356196982767,-22.1954659551835
"6443",-25.1089460374091,-33.2879760525293
"6444",-30.029165198003,-27.2497670037981
"6445",-36.2011609663784,-33.0133433351974
"6446",-27.6714936873865,-32.8567087687273
"6447",-31.4312481981494,-34.0096950837067
"6448",-34.2616176167585,-30.0126481797924
"6449",-36.8979271845775,-28.6379104582202
"6450",11.2196897603849,-8.19324497938024
"6451",-31.9109217211682,-33.5026218796284
"6452",-33.9504272955106,-32.9370380814213
"6453",-34.0835375403509,-16.5569576129333
"6454",-45.4122766600409,-28.8313360683498
"6455",-42.3125943530037,-28.3584428377605
"6456",-48.4494519716224,-19.6156959109923
"6457",-40.9194261517629,-32.0845617418454
"6458",-33.195581198156,-33.1944035026395
"6459",-42.7059691197423,-35.290182559855
"6460",-35.2703258501665,-29.8408365376063
"6461",-43.9676399595132,-31.3471663014523
"6462",-31.8913760198951,-20.285166737416
"6463",-43.8431194399426,-29.1275827536254
"6464",-33.3360127204228,-17.7693365043135
"6465",-33.4452154364647,-20.0257110957999
"6466",-34.6193339589954,-35.3837551097447
"6467",-36.8034989533491,-32.6473504990834
"6468",-36.8161687406339,-30.5731854098118
"6469",-40.7944133609358,-30.1785312715187
"6470",-37.9256892101588,-26.2168776877599
"6471",-37.1747310500294,-18.3352084348441
"6472",-44.8794213103411,-19.4121397933345
"6473",-31.6417417815864,-33.4538591442555
"6474",-35.6642439356201,-30.4699705836916
"6475",-43.9566014633444,-22.868921584488
"6476",-36.0762947844074,-27.7217782521157
"6477",-38.1633340129931,-22.4824641152029
"6478",-28.0326393255888,-30.3309970643093
"6479",-32.2800638854726,-29.9851056613889
"6480",-43.9094134715016,-30.6146334584483
"6481",-27.7204796840787,-27.7665880666325
"6482",-37.6374554784036,-28.4173360806615
"6483",-35.2856436536951,-29.8040454939467
"6484",-38.5010456505402,-30.6585612906935
"6485",-39.3655867351933,-32.3440173834616
"6486",-34.5228010302383,-31.0532154289865
"6487",-34.2196072350925,-32.9858008167939
"6488",-46.0977867557698,-17.6168707115228
"6489",-33.3555584216959,-30.9867916465258
"6490",-40.6593129864564,-19.2384869669635
"6491",-43.2281116656872,-31.567740679011
"6492",-36.4117687555483,-29.2575916923113
"6493",-41.9748827154566,-20.18234566227
"6494",-40.4405890001602,-33.6592564460984
"6495",-42.1774939785243,-17.4183985332054
"6496",-35.7644808052978,-28.2293507896938
"6497",-41.0635933005177,-30.2272940068915
"6498",-39.3826500355707,-18.5549008301309
"6499",-43.8664337695734,-28.0989871961444
"6500",-37.5169966398916,-19.3219290093251
"6501",-41.3795215703854,-18.5456523048747
"6502",-32.0695703020356,-30.54094160084
"6503",-38.3229655741326,-17.2028707238344
"6504",-45.6036318006384,-19.2283564594354
"6505",-30.2830273340561,-27.3353207828306
"6506",-35.1261587014117,-31.6981042725604
"6507",-38.6775942385686,-16.5519110447455
"6508",-37.9576116460158,-29.9899405645167
"6509",-27.7204796840787,-27.7665880666326
"6510",10.2103918476286,-3.17076876123559
"6511",-32.707778200189,-30.2721038214083
"6512",-32.6971983452801,-21.5516430646801
"6513",-40.9347439552915,-32.0477706981859
"6514",-31.0888496594411,-28.6017971100948
"6515",-31.5405355916465,-30.2056800389478
"6516",-38.0541312969512,-20.2260895237164
"6517",-37.123195252828,-34.3478891511189
"6518",8.92149610822679,-1.56590653689441
"6519",-40.4057254953584,-20.4785923475456
"6520",-39.978011180642,-20.1915941875262
"6521",-29.2663225745462,-28.498936938838
"6522",-41.616045761106,-31.0946634776232
"6523",-38.6027117086133,-33.7788062278212
"6524",-38.2285373429042,-21.2123107646976
"6525",-44.6059620633994,-27.8784128185856
"6526",-41.6632337529488,-23.3489516036628
"6527",-31.5991077420587,-34.0101944172065
"6528",-34.2536210906565,-31.0044526936137
"6529",-39.2643805452535,-29.0958382781537
"6530",-33.5140927968305,-31.2250270711724
"6531",10.891068768708,-6.65497521743283
"6532",-39.369980248286,-20.6290659194026
"6533",-39.3979678390994,-18.5181097864713
"6534",-43.083553173587,-16.4442550664718
"6535",-29.710999261729,-32.2911249705201
"6536",-28.0406358516909,-29.3391925504879
"6537",-35.8656869952376,-31.4775298950017
"6538",-28.905176936344,-31.0246486432559
"6539",-27.0821575801925,-31.2353415494993
"6540",-38.6971399398417,-29.769366186958
"6541",-34.5887493993969,-29.4682845985545
"6542",-35.8227783107548,-30.708206008338
"6543",-45.4594646518836,-21.0856241943894
"6544",-35.4379726805213,-31.1905317349822
"6545",-32.8327909910161,-32.1781342917351
"6546",-31.7901698299553,-17.0369876321081
"6547",-37.9576116460157,-29.9899405645168
"6548",-42.6052082932407,-17.7053966932247
"6549",-35.8656869952377,-31.4775298950016
"6550",-37.7806720500095,-28.6923625489676
"6551",-42.7150358940177,-22.4928705203457
"6552",-31.8441880280523,-28.0308786113763
"6553",-31.0893419306976,-28.2882440325948
"6554",-42.632750520616,-29.9310473216157
"6555",-34.0950867155219,-30.7662172689672
"6556",-40.4063503800934,-23.0096915831801
"6557",-29.5355025141281,-28.5476996742107
"6558",-41.8852257006879,-31.1434262129959
"6559",35.245526788589,-7.20191612911687
"6560",-27.4176315513333,-32.7711549896949
"6561",-27.1646689449704,-36.5423596059116
"6562",-38.6431217417447,-18.7754752076897
"6563",-32.2374298459448,-30.5414409343399
"6564",-29.5864787421583,-30.0715414226933
"6565",-38.0306972962961,-30.927898403625
"6566",-44.8985760036363,-17.22536667405
"6567",-38.3849802983317,-27.2049571892813
"6568",-32.2268499910359,-21.8209801776116
"6569",-38.4751479921027,-21.9748915776248
"6570",-33.0863784821141,-30.938028911153
"6571",-32.6346925499086,-29.3341459823002
"6572",-43.1030988748602,-29.6617102086842
"6573",-40.4210432988871,-20.441801303886
"6574",-42.355574054932,-30.8740891000644
"6575",-34.125179003864,-36.9952408576572
"6576",-36.0997287850625,-17.0199693722071
"6577",-34.3956971818609,-19.12136661061
"6578",-35.773446651662,-32.726345175178
"6579",-32.5806743518116,-18.3402550030318
"6580",-34.8066274185345,-32.6565990243397
"6581",-40.1714090605783,-33.6104937107257
"6582",-29.5588168437588,-27.5191041167297
"6583",-34.2106413887283,-28.4888064313098
"6584",-33.3980274446219,-27.7714229697603
"6585",-41.9944284167298,-33.3998008044823
"6586",-30.5951869755662,-29.8997297805073
"6587",-42.5814486001717,-33.0705990120281
"6588",-33.1446049701256,-31.6705617541571
"6589",-30.6105047790949,-29.8629387368476
"6590",-30.5564865809979,-18.8690477575794
"6591",-27.4023137478047,-32.8079460333546
"6592",-35.7797986088265,-28.1925597460341
"6593",-40.0039088390795,-28.8752639005948
"6594",-44.3367821238176,-27.8296500832129
"6595",-34.5228010302383,-31.0532154289864
"6596",-39.4165629632237,-33.867859131944
"6597",-44.1785934110834,-30.6633961938212
"6598",-31.1713934273423,-33.7231962571871
"6599",-32.9038724894905,-29.3829087176729
"6600",9.78022042527387,-3.06659276522359
"6601",-42.5967664037004,-33.0338079683685
"6602",-35.4873043396139,-29.1723925681423
"6603",-27.2931110317628,-30.551571441868
"6604",-28.0406358516909,-29.3391925504878
"6605",-41.6742722491176,-31.8271963206271
"6606",-35.2317584044441,-23.2313319138094
"6607",-39.556502214234,-18.7563452111179
"6608",-31.5405355916466,-30.2056800389477
"6609",-37.5510237732772,-31.4349716077033
"6610",-45.9451308096565,-20.7794960377983
"6611",-40.1098542045125,-23.4804730770987
"6612",-37.6264169822348,-19.9390913636971
"6613",-40.362471148475,-16.6372869256272
"6614",-32.5492438250544,-30.0338683967618
"6615",-33.4647611377378,-33.2431662380123
"6616",-42.9253644608529,-19.27800117708
"6617",-36.8314865441626,-30.5363943661522
"6618",-35.5965070556558,-31.4287671596288
"6619",-41.2115478207434,-21.7450686748098
"6620",-29.8709764852689,-30.0835131144064
"6621",-27.9896596236606,-27.8153508020053
"6622",-38.816973920408,-18.9769195886767
"6623",-40.7944133609359,-30.1785312715186
"6624",-37.8627235466541,-34.1273147735601
"6625",-43.6648927546789,-19.0574267995213
"6626",-35.0595900248975,-28.885394408123
"6627",-33.8492211055708,-29.6888589761134
"6628",-33.935109491982,-32.9738291250807
"6629",-33.935109491982,-32.9738291250809
"6630",-33.8339033020421,-29.725650019773
"6631",-33.6386133164011,-33.4446106189993
"6632",-31.358029599023,-28.6505598454676
"6633",-38.750679888849,-17.4898688838538
"6634",-31.968249906363,-30.492678198967
"6635",-47.0048152710947,-22.1315261440948
"6636",-33.8924754524543,-33.5301643980317
"6637",-38.3892596056916,-18.6899214286573
"6638",-35.2856436536951,-29.8040454939468
"6639",-36.360466835104,-32.3971433827237
"6640",-35.5042667120802,-32.6775824398052
"6641",-37.3103236957653,-28.9616996618992
"6642",-36.7881811498204,-32.684141542743
"6643",-32.9769581397709,-30.3208665567811
"6644",-46.4252642008086,-20.1444886655399
"6645",-34.5734315958682,-29.5050756422142
"6646",-34.2510377618497,-21.2921874230641
"6647",-39.6190092096895,-28.4448785990648
"6648",-36.8979271845776,-28.6379104582201
"6649",-25.8484743312351,-33.0674016749706
"6650",-32.832790991016,-32.1781342917352
"6651",-31.5750080884705,-27.9821158760035
"6652",-38.6260584413673,-32.5645917610203
"6653",-35.7564842791958,-29.2211553035151
"6654",-40.1518633593052,-20.3930385685132
"6655",-30.7197074951368,-32.1193133283342
"6656",-31.2875729852836,-33.9768846551643
"6657",-36.1150465885912,-16.9831783285475
"6658",-40.4720195269174,-21.9656430523685
"6659",-36.8314865441626,-30.536394366152
"6660",-28.3018192651706,-30.3797597996821
"6661",7.19264616732155,-2.73252308133272
"6662",-33.5140927968304,-31.2250270711725
"6663",-35.5544979008631,-34.5162016682142
"6664",39.2801699594276,-12.3393563871494
"6665",-30.618501305197,-28.8711342230263
"6666",-41.5730660591778,-28.5790172153192
"6667",-35.8071148448256,-27.6730155167428
"6668",-37.3098314245089,-29.2752527393991
"6669",-38.1001157756048,-35.2376754961265
"6670",-25.8484743312351,-33.0674016749705
"6671",-41.8699078971592,-31.1802172566555
"6672",-41.7252484771479,-33.3510380691097
"6673",-33.51374713443,-28.1530455359176
"6674",-45.3497696645853,-19.142802680403
"6675",-32.966378284862,-21.6004058000529
"6676",-38.6584395452734,-18.7386841640301
"6677",-38.0306972962961,-30.9278984036249
"6678",-40.3585375035155,-28.2243042215061
"6679",-36.2437950059062,-32.4570080622465
"6680",-36.0762947844075,-27.7217782521156
"6681",-34.7137621902239,-31.3743150688815
"6682",-43.6364452957322,-21.2963171006327
"6683",-40.3585375035156,-28.2243042215059
"6684",-42.6719419863567,-23.1771399614768
"6685",-41.3715250442833,-19.5374568186961
"6686",-40.0468885410077,-31.3909101628988
"6687",-47.6431373749809,-18.6627726612282
"6688",-29.0133599681833,-32.2701415550545
"6689",-31.6221960803133,-20.2364040020432
"6690",-28.7954819490455,-29.0818271292696
"6691",-40.0702028706385,-30.3623146054178
"6692",-25.1089460374091,-33.2879760525292
"6693",-34.1184010451526,-29.7376217114862
"6694",-43.1035911461166,-29.3481571311842
"6695",-34.5734315958682,-29.5050756422141
"6696",-39.6821398897961,-23.1934749170793
"6697",-26.0164480808771,-29.8679853050355
"6698",-43.8044190453743,-18.0969007306976
"6699",-39.9308231887991,-27.9373060614867
"6700",-37.7466581944455,-30.6737106721478
"6701",-40.3198371089472,-17.1936221985781
"6702",-34.3628238066984,-33.2608272851002
"6703",-33.0433987801859,-28.4223826488491
"6704",-32.2374298459448,-30.5414409343398
"6705",-43.2371784399625,-18.7704286395019
"6706",-30.3493213656151,-28.8223714876536
"6707",-32.5296981237813,-16.8164132545493
"6708",-40.4126014093467,-35.7702125790298
"6709",-33.7832727364123,-31.2737898065453
"6710",-41.4379656846983,-17.6389729107641
"6711",-42.7339567105557,-33.1792264269237
"6712",-35.4422519878811,-22.6754959743583
"6713",-40.9438107295669,-19.2504586586767
"6714",-36.8201023855933,-18.9861681139329
"6715",-30.2983451375848,-27.2985297391709
"6716",-44.6489417653276,-30.3940590808897
"6717",-36.3884544259175,-30.2861872497923
"6718",-40.6166789469286,-19.7948222399144
"6719",-35.3950639960383,-30.4212078483188
"6720",-31.0888496594412,-28.6017971100947
"6721",-32.5492438250545,-30.0338683967617
"6722",-38.4904657956314,-21.9381005339652
"6723",-31.3299278024768,-33.9614316818337
"6724",-47.9123173145627,-18.711535396601
"6725",-35.1687927409394,-31.1417689996094
"6726",-37.6884317064339,-29.941177829144
"6727",-31.5596902849418,-28.0189069196631
"6728",-38.1319034862359,-34.1760775089329
"6729",-35.0011459105846,-29.7920738022335
"6730",-33.4605332399934,-19.9889200521403
"6731",-36.6094945964235,-22.7419197568189
"6732",-33.6232955128724,-33.4814016626589
"6733",-32.9769581397708,-30.3208665567812
"6734",-36.8821171097925,-28.9882545793797
"6735",-39.6857429028055,-33.9166218673169
"6736",-43.5739395003608,-29.0788200182526
"6737",-44.6059620633993,-27.8784128185858
"6738",-43.5892573038895,-29.042028974593
"6739",-38.1039158954225,-36.2870336418641
"6740",-26.6118092259483,-31.5046786624308
"6741",-36.2242493046331,-19.239552920034
"6742",-27.5622909713446,-30.6003341772409
"6743",-40.8097311644646,-30.141740227859
"6744",-37.5790113640906,-29.324015474772
"6745",0.409278721261756,-3.01042850524145
"6746",-33.8259067759401,-30.7174545335944
"6747",-40.3134851517828,-21.7274076277219
"6748",-32.1643441956645,-29.6034830952316
"6749",-36.1817802817071,-22.4549215967996
"6750",-32.0694560963028,-33.740857304275
"6751",-32.0694560963028,-33.7408573042749
"6752",-34.2106413887282,-28.4888064313099
"6753",14.088081386981,-2.83367199688329
"6754",-35.7644808052978,-28.2293507896937
"6755",-42.9250187984524,-16.2060196418252
"6756",-31.8521845541544,-27.0390740975549
"6757",-38.0201174413872,-22.2074376468967
"6758",-39.8768049907021,-16.9434150822184
"6759",-36.2501469630707,-27.9232226331026
"6760",-26.6118092259484,-31.5046786624307
"6761",-36.1425888159664,-29.2088289569386
"6762",-34.8383836377056,-16.2995921917149
"6763",6.98561210334624,-6.35759211855475
"6764",38.2342836116792,-15.9792071495999
"6765",-25.378125976991,-33.336738787902
"6766",-29.6017965456871,-30.0347503790336
"6767",-31.2138624502682,-30.5078275804215
"6768",-32.3386360358847,-33.7896200396477
"6769",-28.9204947398726,-30.9878575995964
"6770",-35.1585398053177,-17.8721966755702
"6771",-34.1375557384479,-27.5508485922016
"6772",-46.2143107492383,-20.8282587731711
"6773",-39.6857429028055,-33.9166218673167
"6774",-32.2800638854726,-29.985105661389
"6775",10.1080028369748,-2.92135413483446
"6776",-36.7043826957852,-18.6045455477756
"6777",-34.378141610227,-33.2240362414406
"6778",-36.5703031306828,-29.495827116958
"6779",-35.9319810267966,-32.9645805998246
"6780",-44.6102413707593,-19.3633770579617
"6781",-41.0509235132329,-32.3014590961631
"6782",-41.8699078971591,-31.1802172566556
"6783",-31.5596902849418,-28.0189069196632
"6784",-29.8709764852689,-30.0835131144065
"6785",-36.3497540313492,-19.2555052268645
"6786",-30.9022134877604,-33.6744335218143
"6787",-32.5959921553403,-18.3034639593722
"6788",-27.0821575801926,-31.2353415494991
"6789",-33.5893825852195,-18.1684433608459
"6790",-40.4252711966315,-33.696047489758
"6791",-41.4226478811696,-17.6757639544238
"6792",-36.2437950059063,-32.4570080622464
"6793",-28.4110219812126,-32.6361343911685
"6794",-32.5917128479804,-26.8184997199961
"6795",-41.6742722491176,-31.8271963206272
"6796",-39.0964067956115,-32.2952546480887
"6797",-43.1660969414881,-21.5656542135642
"6798",-29.9181644771117,-22.337801240446
"6799",-38.3853259607321,-30.2769387245361
"6800",-43.3834826893692,-25.0675217168493
"6801",-26.1176542708169,-33.1161644103434
"6802",-38.8556743149764,-30.0076016116045
"6803",-35.0595900248975,-28.8853944081231
"6804",-37.6846434702464,-20.671624206701
"6805",-39.7347288994977,-28.826501165222
"6806",-34.1847437302907,-19.8051367182412
"6807",-43.8664337695733,-28.0989871961445
"6808",-37.7466581944455,-30.6737106721479
"6809",-29.2663225745462,-28.4989369388379
"6810",-34.5887493993968,-29.4682845985546
"6811",-39.1873600499296,-22.2738614293573
"6812",-47.1647924946346,-19.9239142879811
"6813",-32.5726778257095,-19.3320595168532
"6814",-40.3160684805896,-31.4396728982716
"6815",-28.3018192651707,-30.379759799682
"6816",-39.7010607063341,-33.8798308236573
"6817",-49.1460005635201,-16.8794752711297
"6818",-43.1189089496453,-29.3113660875246
"6819",-44.4431671508074,-26.4195518231458
"6820",-40.3393828102203,-30.4110773407906
"6821",-33.3980274446219,-27.7714229697604
"6822",-36.9406892602045,-32.7927689576385
"6823",-29.6447052301699,-30.8040742656973
"6824",-31.8951642560826,-29.5547203598589
"6825",-44.890134114096,-32.5537779491937
"6826",-42.0280966098933,-28.3464711460473
"6827",-32.6818805417514,-21.5884341083397
"6828",10.4546738798656,-3.8411973100786
"6829",-35.2576560628816,-31.9150016268781
"6830",-35.807460507226,-30.7449970519977
"6831",-35.6489261320915,-30.506761627351
"6832",-29.8556586817402,-30.120304158066
"6833",-40.0468885410078,-31.3909101628987
"6834",-38.7596457352132,-21.986863269338
"6835",-43.9056252353141,-21.3450798360055
"6836",-48.3831579400633,-18.1286452061694
"6837",-36.1391462421794,-23.0112568697505
"6838",-35.1505432792156,-18.8640011893916
"6839",-40.3474990073468,-19.7460595045417
"6840",-47.2739952106765,-22.1802888794676
"6841",-28.0326393255888,-30.3309970643092
"6842",-29.0493440850987,-29.167380908302
"6843",-40.2965227793165,-18.2222177560591
"6844",-31.3220454821075,-31.7533204922201
"6845",-27.5622909713447,-30.6003341772408
"6846",-33.6884988427835,-32.2112483121536
"6847",-40.4405890001602,-33.6592564460985
"6848",-33.1446049701257,-31.670561754157
"6849",-44.9806275002809,-22.6603188986424
"6850",44.0143401209722,-13.4405215472212
"6851",-36.0805740917673,-19.2067424914917
"6852",-35.8810047987663,-31.440738851342
"6853",-41.5577482556491,-28.6158082589788
"6854",-45.6189496041671,-19.1915654157758
"6855",-45.3502619358417,-18.829249602903
"6856",-38.5065523944691,-32.5256673614699
"6857",-44.5869270411285,-20.3919726154427
"6858",-38.1319034862359,-34.1760775089327
"6859",-35.242338259353,-31.9517926705377
"6860",-35.135225475687,-18.9007922330512
"6861",3.23757569879008,-9.60018341410904
"6862",-37.4348442153359,-31.1812832097261
"6863",-35.3520842941101,-27.9055615860149
"6864",-31.1046597342263,-28.2514529889352
"6865",-40.3240650066917,-30.4478683844501
"6866",-25.3781259769909,-33.3367387879021
"6867",-43.8584372434712,-29.0907917099659
"6868",-39.5411844107053,-18.7931362547775
"6869",-44.1590477098103,-17.4459410516087
"6870",-42.2284702065547,-18.9422402816879
"6871",-40.783833506027,-21.4580705147904
"6872",-31.6417417815864,-33.4538591442556
"6873",-42.2972765494751,-28.3952338814202
"6874",-34.2769354202872,-29.9758571361328
"6875",-30.3260070359844,-29.8509670451344
"6876",-38.4478317561036,-22.4944358069161
"6877",-39.4318807667523,-33.8310680882845
"6878",-36.5040090991238,-28.0087764121351
"6879",-44.5949235672306,-19.4001681016214
"6880",-48.5076784596339,-20.3482287539963
"6881",-39.0628395303591,-20.0542778815305
"6882",-47.7681501658079,-20.5688031315551
"6883",-27.2501313298345,-28.0359251795642
"6884",-46.5834529135427,-17.3107425549317
"6885",4.05564471883024,-6.4981731672511
"6886",-36.8821171097924,-28.9882545793799
"6887",-37.1233094585608,-31.1479734476839
"6888",-32.521256234241,-32.144824529693
"6889",-33.8683757988661,-27.5020858568287
"6890",-39.172042246401,-22.3106524730169
"6891",-36.2011609663785,-33.0133433351973
"6892",-34.095086715522,-30.7662172689671
"6893",-38.7936595907772,-20.0055151461577
"6894",-28.3251335948014,-29.351164242201
"6895",-39.9308231887992,-27.9373060614866
"6896",-33.2108990016847,-33.1576124589799
"6897",-44.2016817493381,-16.8896057786578
"6898",-39.1248542545581,-30.0563643469774
"6899",-42.3635705810341,-29.8822845862431
"6900",-40.6319967504573,-19.7580311962548
"6901",40.6862495752383,-10.2253016813506
"6902",-41.3477653512143,-34.9026591374994
"6903",-27.6868114909152,-32.8199177250677
"6904",-39.7743802333716,-21.944659636903
"6905",2.11832477378199,18.8563421677238
"6906",37.7847699198539,-11.1731073866206
"6907",11.135350800945,-7.32540376627583
"6908",6.63026048632944,-2.33697287593701
"6909",-33.8339033020422,-29.7256500197729
"6910",-33.553398468304,-21.2712040075985
"6911",42.5436957939178,-14.6883087749921
"6912",-38.2480830441773,-34.4297659069099
"6913",-19.8557970969179,-32.4638954488427
"6914",-37.2478167003097,-19.2731662739523
"6915",3.06141769045787,-4.21076566716021
"6916",-41.6400336290508,-21.1776314577088
"6917",-38.174997393897,-33.4918080678017
"6918",-38.7702255901221,-30.7073240260661
"6919",-37.3256414992939,-28.9249086182396
"6920",-41.0635933005177,-30.2272940068913
"6921",8.51549418737079,-6.55820034337102
"6922",-27.0401484253998,-34.3227760580846
"6923",-37.0568688181458,-33.0464573556158
"6924",-36.8786745360054,-22.7906824921917
"6925",2.732796698781,-2.67249590521279
"6926",-39.2643805452535,-29.0958382781536
"6927",-29.8556586817402,-30.1203041580661
"6928",38.1802380694856,-10.6193132354971
"6929",4.5367316313843,20.185947550003
"6930",-40.3240650066917,-30.4478683844502
"6931",-41.1368118996441,-35.5864292451306
"6932",-27.6714936873866,-32.8567087687272
"6933",12.6312806043222,-5.30519695339498
"6934",-48.1292958040102,-18.043091427137
"6935",-38.1743725091619,-30.9607088321673
"6936",-34.6320037462802,-33.309590020473
"6937",-33.5767127979347,-20.2426084501175
"6938",14.6702413161692,-3.23079593735551
"6939",17.3223802853653,-4.43113309927427
"6940",-37.6097609402911,-37.8985193897767
"6941",-32.4050766762996,-31.8911361317159
"6942",5.18991457382717,10.1913907181682
"6943",-30.0963587592522,-32.59357610387
"6944",-32.942618591793,-36.9656081188562
"6945",-34.6984443866953,-31.411106112541
"6946",-36.5008207259311,-31.0413164616886
"6947",-39.1134700959889,-18.5061380947581
"6948",-33.6154131925031,-31.2732904730453
"6949",-35.5042667120803,-32.6775824398051
"6950",-42.1497994404118,-26.8995818423206
"6951",-38.7163403408711,-24.1346104459288
"6952",-34.0755410142488,-17.5487621267547
"6953",15.7724090854773,-3.71840232219115
"6954",-31.7152873,-34.2638828151836
"6955",-42.4976501461365,-18.9910030170607
"6956",-36.6291545034294,-32.7594591955965
"6957",-37.6097609402911,-37.8985193897766
"6958",-30.6917199043234,-34.2302694612653
"6959",14.393100597162,-7.03958408719036
"6960",-36.1822401498404,-22.3269874286194
"6961",-36.9127016693911,-34.9037250905698
"6962",-36.8702326464651,-38.1190937673353
"6963",-26.2338338287583,-33.3698528083204
"6964",-39.4165629632236,-33.8678591319441
"6965",-31.6842108045124,-30.23849046749
"6966",-42.6247539945138,-30.9228518354372
"6967",-35.8700805083303,-19.7625784309427
"6968",-9.33526760090911,19.3057334078243
"6969",-34.4110149853896,-19.0845755669504
"6970",-46.3304903071797,-21.0819471711483
"6971",-9.36754995653101,19.7388671468383
"6972",-44.8641035068124,-19.4489308369941
"6973",-24.8559834310461,-37.059180668746
"6974",-40.810223435721,-29.828187150359
"6975",-31.8951642560827,-29.5547203598588
"6976",16.0253716918403,-7.48960693840776
"6977",-44.5439473392003,-17.8763263531388
"6978",-36.1345922898643,-30.20063347076
"6979",-35.8699663025975,-22.9624941343777
"6980",-38.323311236533,-20.2748522590892
"6981",-36.8702326464651,-38.1190937673355
"6982",-38.5406969844142,-23.7767197623743
"6983",-34.1251790038641,-36.9952408576571
"6984",-45.3344518610566,-19.1795937240626
"6985",-10.8811104913766,18.573384535619
"6986",-36.3093439982177,-34.258836246996
"6987",-31.8331495318835,-19.552633894412
"6988",-45.8206102900859,-18.5599124899714
"6989",-30.7197074951368,-32.1193133283341
"6990",33.6904921350035,-7.05534911175278
"6991",3.81220126656918,-7.51125301074463
"6992",-38.326741403134,-36.9619670336323
"6993",-35.3435444492928,-35.1999717758455
"6994",-43.3722788144419,-29.7104729440571
"6995",44.6845340635387,-21.5846921874031
"6996",-36.5193269026525,-27.9719853684754
"6997",-35.5541522384626,-31.4442201329594
"6998",8.70222215746449,-7.67545618287656
"6999",9.12125589805489,-4.28768195548359
"7000",41.3887258734266,-18.8026060605465
"7001",-27.4675170777158,-31.5377926828491
"7002",-34.6040161554668,-35.4205461534042
"7003",-34.0006584842935,-34.7756573098303
"7004",4.61688418710545,-6.27900164910984
"7005",4.99870799531722,-8.86670060868468
"7006",9.56094647451158,-9.17614241120573
"7007",-38.6652175039848,-25.9963033102012
"7008",-30.3413248395131,-29.8141760014748
"7009",9.37421850441788,-8.0588865717002
"7010",8.3468705404477,-3.65483694025882
"7011",-37.8008230281877,-20.9253126046782
"7012",15.031144663468,-5.20219943831687
"7013",-30.0730444296214,-33.622171661351
"7014",-37.8955969218166,-19.9878540990698
"7015",-42.1854905046264,-16.426594019384
"7016",8.27205073510973,-7.57128018686456
"7017",18.3922656990516,-4.48560574509597
"7018",-31.8288702245236,-28.067669655036
"7019",-31.026834935242,-18.5997106446479
"7020",2.12588877538001,-4.32829256956326
"7021",4.13998367827013,-7.36601438035551
"7022",-41.0789111040464,-30.1905029632317
"7023",5.36534849579195,10.5546097418051
"7024",-34.7481833042216,-33.5632784184502
"7025",-35.3797461925096,-30.4579988919784
"7026",33.014241075771,-16.2938924745688
"7027",39.8877799805,-8.8896295333394
"7028",-33.0501767388973,-35.6800017950202
"7029",-35.0164637141132,-29.755282758574
"7030",-34.2616176167586,-30.0126481797923
"7031",-38.2480830441773,-34.4297659069101
"7032",-30.9022134877604,-33.6744335218144
"7033",9.93325112862142,-6.97955691107044
"7034",38.7023806154305,-14.3417551163409
"7035",-41.3675182839136,-32.7790101375052
"7036",12.4235279366807,-1.95051540665194
"7037",40.6862495752383,-10.2253016813506
"7038",35.6950404804144,-12.0080158920962
"7039",-37.5277094436465,-32.4635671651842
"7040",16.6843362190593,-6.26851774814776
"7041",6.20254617161304,-2.62397103595638
"7042",41.1140000804919,-10.104641269241
"7043",-41.0356057097042,-32.3382501398227
"7044",-34.6193339589955,-35.3837551097446
"7045",-33.4711130949023,-28.7093808088685
"7046",-38.0498519895913,-28.7411252843405
"7047",9.17445871458978,-5.33711115311102
"7048",-42.2972765494751,-28.39523388142
"7049",-37.3103236957653,-28.9616996618991
"7050",-36.4185467142597,-36.5152108384823
"7051",3.15323673935019,-8.73234220100463
"7052",38.2342836116792,-15.9792071495999
"7053",-42.6439543955432,-25.2880960944081
"7054",-38.1161460211504,-30.2281759891632
"7055",39.2801699594276,-12.3393563871494
"7056",-31.7152873,-34.2638828151838
"7057",-41.363083154743,-34.8658680938398
"7058",-31.3887791752234,-37.2250637604721
"7059",-30.5951869755662,-29.8997297805072
"7060",-32.6346925499087,-29.3341459823
"7061",-26.4867964351213,-29.598648192104
"7062",-28.0559536552196,-29.3024015068282
"7063",-32.521256234241,-32.1448245296931
"7064",5.77041488034171,18.3538874245317
"7065",-34.84261153545,-29.553838377587
"7066",-35.4921124925232,-31.2131281038746
"7067",-29.3960219311668,-26.0602431212899
"7068",1.52096564467183,-8.28231934978724
"7069",-38.564011314045,-22.7481242048933
"7070",-43.1189089496452,-29.3113660875247
"7071",-35.1421013896754,-34.1924124645353
"7072",-35.5694700419912,-31.4074290892999
"7073",-41.0593654027732,-16.9730478210194
"7074",3.08282808315757,16.9755193068797
"7075",-39.2538006903446,-20.3753775214254
"7076",-38.8605074896259,-22.2773427109748
"7077",-36.6715093206226,-32.7440062222658
"7078",-43.9676399595131,-31.3471663014524
"7079",-34.1418350458078,-19.0358128315776
"7080",33.8385435316252,-11.477077871091
"7081",-37.1512970493743,-29.0370173147525
"7082",-37.3682755388218,-28.3685733452886
"7083",-38.0537856345507,-17.1541079884616
"7084",-44.6489417653277,-30.3940590808895
"7085",-46.7518526647317,-25.9027307603114
"7086",-28.1418420416307,-32.5873716557958
"7087",7.8670996219133,-3.50712762618773
"7088",-37.5430272471752,-32.4267761215245
"7089",-33.6974646891477,-36.7082426976378
"7090",14.4376228395709,-4.98823721744419
"7091",30.0932216496877,-3.88889198125502
"7092",-39.0286949404139,-28.803225480626
"7093",-34.3204689895052,-33.2762802584307
"7094",-41.9324136925307,-23.3977143390355
"7095",-47.1214871002925,-22.071661464572
"7096",-27.8888794352677,-36.3585762720124
"7097",-28.2738316743572,-32.4907159326134
"7098",-34.1763018407504,-35.1335479933849
"7099",2.17041101778889,-2.27694569981709
"7100",-47.8610153941185,-21.8510870870133
"7101",-37.4337390968066,-36.1233449296311
"7102",-43.3209768939978,-32.8500246344692
"7103",-41.1521297031728,-35.5496382014709
"7104",9.76798053848689,-5.5510733739837
"7105",-39.8172402642755,-34.1335192216344
"7106",-38.4279600002599,-29.7206034515852
"7107",-39.681515005061,-20.6623756814448
"7108",-44.9181217049094,-30.4428218162624
"7109",-40.109508542112,-20.4084915418438
"7110",-40.5219050532997,-20.7322807455228
"7111",17.5658237376264,-3.41805325578073
"7112",-35.2391498861602,-34.9843327200912
"7113",-36.5193269026525,-27.9719853684755
"7114",-39.6668220862674,-23.2302659607389
"7115",-41.3282196499412,-21.685203995287
"7116",-37.8627235466541,-34.12731477356
"7117",4.40084518641638,12.4354326026491
"7118",-34.546115359869,-30.0246198715056
"7119",-35.2343417332509,-32.9435971843591
"7120",5.77225477294849,-7.81603723157291
"7121",-36.5703031306829,-29.4958271169579
"7122",-29.0366742978139,-31.2415459975736
"7123",-28.7954819490456,-29.0818271292695
"7124",12.8519608550633,-8.64326783059764
"7125",-31.0893419306976,-28.2882440325947
"7126",-42.0872936450404,-34.6820847599405
"7127",-39.7939259346447,-35.1621147791154
"7128",-42.2866966945662,-19.6747731246918
"7129",34.1874994345381,-8.00665025612281
"7130",-41.5730660591777,-28.5790172153193
"7131",-29.77620259164,-31.0209716200149
"7132",-32.0271012791096,-33.7563102776056
"7133",-38.2375031892684,-25.7093051501818
"7134",40.0690173738967,-11.5833849955162
"7135",2.05106897004204,-8.244735816169
"7136",36.591971790388,-6.1075434064828
"7137",2.7005143431591,-2.23936216619885
"7138",-28.5272015391539,-32.8898227891458
"7139",-40.6163332845282,-16.7228407046596
"7140",-39.8172402642756,-34.1335192216343
"7141",-35.5698157043917,-34.4794106245547
"7142",11.1013985202976,-5.10458872857871
"7143",-30.618501305197,-28.8711342230262
"7144",8.95377846384869,-1.99904027590835
"7145",-36.5082884064837,-19.4937406515111
"7146",-37.4154635306645,-20.6228614713282
"7147",-41.8896608298585,-29.0565682566614
"7148",-28.3098157912728,-29.3879552858606
"7149",-29.3908430941168,-30.7185204866648
"7150",-37.3923751924099,-34.3966518864915
"7151",-42.5898904897121,-17.7421877368844
"7152",-44.9653096967523,-22.697109942302
"7153",-38.5010456505403,-30.6585612906933
"7154",8.94650418970147,-8.34588473171956
"7155",-30.341324839513,-29.8141760014749
"7156",-33.3703329065094,-37.2526062788756
"7157",-35.3435444492928,-35.1999717758454
"7158",-41.6007279575773,-31.1314545212828
"7159",9.28239945552556,-3.53731003785577
"7160",-27.4023137478047,-32.8079460333544
"7161",-26.7559763747032,-29.6474109274766
"7162",-27.8029910488566,-33.0736061230448
"7163",14.9468057040281,-4.33435822521246
"7164",-43.9094134715016,-30.6146334584484
"7165",-35.3287699644793,-28.9341571434959
"7166",-34.8579293389787,-29.5170473339274
"7167",-38.1093556552528,-33.4600995303473
"7168",6.23482852723494,-3.05710477497033
"7169",-49.4581602050302,-19.4438842688064
"7170",-39.791342605838,-25.4498495085658
"7171",10.0331830316369,-6.83779738144019
"7172",-47.2460076198631,-24.2912450123989
"7173",-42.464776770974,-33.1304636915508
"7174",44.4638538127976,-18.2466213102005
"7175",-38.7316581443998,-24.0978194022692
"7176",-38.6260584413673,-32.5645917610202
"7177",32.3117647775827,-7.71658809537291
"7178",-43.7189566605101,-26.603335157045
"7179",-46.6506464747919,-22.6545516550036
"7180",-37.8631834147874,-33.9993806053798
"7181",-29.3488339393241,-33.8059549952502
"7182",1.84914483420017,18.807579432351
"7183",33.3890298397998,-6.67097810811162
"7184",4.77802774457612,-5.52862973148202
"7185",-32.3817299435457,-33.1053505985166
"7186",16.7079380005552,-3.6008754197881
"7187",-43.3362946975264,-32.8132335908097
"7188",-26.7279887838897,-31.7583670604079
"7189",48.7732659950362,-16.9557229355926
"7190",-34.2536210906565,-31.0044526936138
"7191",-41.1103416308036,-18.4968895695019
"7192",-32.3386360358846,-33.7896200396478
"7193",-34.1375557384479,-27.5508485922015
"7194",-40.0893575639338,-28.1755414861332
"7195",-42.788121544298,-23.430828359454
"7196",-10.3482705991254,17.799722656093
"7197",-31.2960148748239,-18.6484733800206
"7198",-41.3630831547431,-34.8658680938397
"7199",-28.795974220302,-28.7682740517696
"7200",-42.1190498642114,-18.3250779273159
"7201",16.0698939342492,-5.43826006866159
"7202",-38.1209791957999,-22.4979170885335
"7203",8.4815419067234,-4.3373853056739
"7204",-39.9184464542153,-37.3816983269423
"7205",3.55923866020619,-3.74004839452803
"7206",44.6845340635387,-21.5846921874031
"7207",-40.8340646948098,-23.2966897431995
"7208",-32.9230728905199,-23.7481529766438
"7209",2.42337362415188,-6.0481503160337
"7210",-29.7109992617289,-32.2911249705202
"7211",-28.3830343903991,-34.7470905240997
"7212",9.68028852225843,-3.20835229485383
"7213",-42.0830657472959,-21.4278385740686
"7214",-40.9585852143804,-25.5162732910264
"7215",-44.4584849543361,-26.3827607794862
"7216",-35.2343417332509,-32.9435971843589
"7217",-30.5825171882815,-31.9738948697789
"7218",3.28209794119896,-7.54883654436287
"7219",-49.4301726142168,-21.5548404017376
"7220",-32.4289179353884,-25.3596387245563
"7221",10.882388194582,-3.55419915005923
"7222",40.8665833274818,-15.0801641797027
"7223",9.07536539155025,-7.1623790750778
"7224",-36.5469888010521,-30.5244226744389
"7225",-30.034344035053,-22.5914896384232
"7226",-35.1267835861467,-34.2292035081949
"7227",7.59137381403033,-4.08707373066732
"7228",-45.6296624079221,-32.3332035716348
"7229",40.4170696356565,-10.2740644167234
"7230",6.63097908999558,-9.31672345990208
"7231",-38.8488839490788,-33.2395251527885
"7232",1.30028539393074,-4.94424847258457
"7233",-34.5892416706533,-29.1547315210546
"7234",37.1352553628904,-12.0980569617723
"7235",10.4869562354875,-4.27433104909254
"7236",44.2350203717133,-16.7785924244238
"7237",3.59152101582808,-4.17318213354197
"7238",-35.6170036962345,-26.7336987505943
"7239",-36.3757846386327,-32.3603523390641
"7240",37.4833076246501,-10.7887363829794
"7241",-44.3959791589646,-34.1652636971063
"7242",-36.3884544259175,-30.2861872497924
"7243",-35.2513041057172,-36.4487870560218
"7244",-32.942618591793,-36.9656081188561
"7245",41.1680456226855,-15.4645351833439
"7246",2.29451242230311,-7.23165597267546
"7247",48.8055483506581,-17.3888566746066
"7248",-33.3856507100381,-37.2158152352159
"7249",-34.9158301345764,-34.912973615826
"7250",-39.8363949575707,-31.9467461023499
"7251",-29.4580366553659,-36.0623295867368
"7252",39.6186000409182,-8.93839226871218
"7253",-26.2338338287583,-33.3698528083206
"7254",45.4774578049241,-14.173636808736
"7255",-39.8019224607468,-34.1703102652941
"7256",15.7819282395793,-8.5026867819013
"7257",-34.300923288232,-20.0588251162184
"7258",-45.5909620133537,-21.302521548707
"7259",12.6764905430437,-5.72172002286855
"7260",-36.0919582503365,-30.7569687437109
"7261",16.6756556449333,-3.16774168077415
"7262",-40.9158231387535,-21.361414791608
"7263",-41.691335549495,-18.0380797672965
"7264",4.41712439727736,-3.55722623052066
"7265",-32.3106484450712,-35.900576172579
"7266",-35.7612924321051,-31.2618908392474
"7267",15.8492136835081,-2.10018919145892
"7268",-43.3209768939977,-32.8500246344693
"7269",-38.5435146734663,-27.4431926139278
"7270",-39.9031286506866,-37.4184893706019
"7271",8.64435538921957,-5.37469468672926
"7272",14.9232039225322,-7.00200055357212
"7273",-33.260784528067,-31.9242501521342
"7274",15.2963471566179,-6.48892344577336
"7275",-38.1362969993286,-22.4611260448739
"7276",-28.3983521939278,-34.7102994804402
"7277",10.6631142438197,-9.66374879604138
"7278",-41.1521297031727,-35.549638201471
"7279",10.4424339930786,-6.32567791883871
"7280",-35.8896262096034,-32.9800335731552
"7281",12.5989982487003,-4.87206321438104
"7282",36.6242541460098,-6.54067714549674
"7283",-34.0086550103956,-33.7838527960089
"7284",-41.6553514325795,-21.1408404140492
"7285",17.5335413820045,-2.98491951676679
"7286",-35.3123015011881,-35.649427776037
"7287",-42.102611448569,-34.6452937162811
"7288",-41.4102711465858,-27.1201562198794
"7289",-30.5825171882814,-31.973894869779
"7290",-36.5671397792303,-22.7573727301495
"7291",37.3559356136315,-15.436127838975
"7292",-39.1593724591162,-24.3848175622886
"7293",-10.8704131450702,21.5221645369368
"7294",16.9286182512963,-6.93894629699076
"7295",-41.6589544455889,-31.8639873642868
"7296",-19.6351168461768,-35.8019663260454
"7297",-31.3220454821074,-31.7533204922202
"7298",-42.211814164611,-36.9016683077674
"7299",-37.2245156485007,-34.3961525529916
"7300",38.4817003646894,-11.0036842391382
"7301",5.1547245851913,19.472903967396
"7302",9.60546871692046,-7.12479554145956
"7303",-37.6374554784036,-28.4173360806614
"7304",-39.7939259346448,-35.1621147791153
"7305",-26.8291949738296,-35.0065461657158
"7306",5.5515745222074,-4.47796635437024
"7307",43.7128778257685,-13.05615054358
"7308",-39.0543976408187,-35.3826891566742
"7309",-33.0825578428033,-21.8540941980301
"7310",7.91915622573129,-3.94183510027819
"7311",-32.6224624241808,-35.3930036350009
"7312",14.140137990799,-3.26837947097375
"7313",-29.1225626842251,-34.5265161465411
"7314",-34.0670991247085,-32.8771734018983
"7315",9.35250611055747,-3.35359092524296
"7316",10.9667271540219,-4.42204036316364
"7317",-43.2822764994294,-21.8193426115414
"7318",-37.9103714066301,-26.2536687314195
"7319",-34.7635011077503,-33.5264873747905
"7320",4.44940675289925,-3.9903599695346
"7321",-40.2042824357409,-19.4710330362355
"7322",-40.5567685581015,-33.9129448440757
"7323",-33.9980751554867,-25.0633920392807
"7324",-37.840175715671,-33.4113367949745
"7325",-39.1440546555875,-24.4216086059482
"7326",42.274515854336,-14.7370715103648
"7327",-34.5692036981237,-16.2508294563422
"7328",34.6370131263634,-12.8127500191021
"7329",16.7922769599951,-4.46871663289251
"7330",15.6057702312471,-3.11326903495246
"7331",-41.1368118996441,-35.5864292451305
"7332",-37.5085547503512,-34.6503402844688
"7333",-34.6284007332708,-22.5864430702355
"7334",-42.8501362684971,-33.4329148249009
"7335",14.1724203464209,-3.7015132099877
"7336",15.8264504819881,-6.45133991215512
"7337",-39.76822323424,-28.5826511030673
"7338",-33.561394994406,-20.2793994937771
"7339",-43.2091908491491,-20.8813847724332
"7340",-26.7559763747031,-29.6474109274767
"7341",-36.1425888159665,-29.2088289569385
"7342",-44.8901341140961,-32.5537779491936
"7343",-40.4481789987525,-37.4358841872264
"7344",-34.8299417481653,-31.6280034668586
"7345",17.0129572107362,-7.80678751009517
"7346",-40.9194261517629,-32.0845617418455
"7347",12.9859136176728,-2.34606561204765
"7348",-37.0892823251752,-19.0349308493057
"7349",-42.2118141646109,-36.9016683077675
"7350",7.84433642039332,-7.85827834688393
"7351",13.812355579098,-3.41361810136288
"7352",-34.1098612003354,-37.0320319013168
"7353",38.005450170595,-14.5111782638232
"7354",4.26755169180247,20.1371848146303
"7355",10.9990095096438,-4.85517410217758
"7356",-34.7137621902239,-31.3743150688814
"7357",-47.1494746911059,-19.9607053316407
"7358",-34.7376034493127,-24.8428176617219
"7359",14.9677261649411,-4.95065368382595
"7360",2.65599210075022,-4.29070903594502
"7361",3.3520080227394,17.0242820422525
"7362",14.3087616377221,-6.17174287408595
"7363",-27.9041972387964,-36.3217852283528
"7364",-31.3067276785788,-31.7901115358798
"7365",-29.3335161357954,-33.8427460389099
"7366",-41.8929962354138,-17.4064268414922
"7367",49.0262286013992,-20.7269275518093
"7368",-21.0765986772828,-27.4226503954803
"7369",-38.3530783819678,-31.4664708799099
"7370",-25.7472681412953,-29.8192225696627
"7371",5.01653548156679,11.3164160597849
"7372",-38.6691523490284,-31.8803223198892
"7373",9.50307970626665,-6.87538091505843
"7374",8.05137048436864,-4.23320930966189
"7375",-40.8493824983385,-23.2598986995399
"7376",33.8071648171565,-8.88283709590174
"7377",33.8394471727784,-9.31597083491569
"7378",5.94379397260208,17.228862082915
"7379",13.5352148600908,-7.22240625119773
"7380",-36.8394830702646,-29.5445898523308
"7381",-32.3277117454486,-22.1114596192485
"7382",-37.4348442153359,-31.181283209726
"7383",-35.981866553179,-31.7312182929789
"7384",-40.2190569205544,-25.7368476685851
"7385",-34.0006584842935,-34.7756573098304
"7386",12.2035662896058,-5.59219511341435
"7387",-37.587213109308,-37.1825414111911
"7388",-29.7608847881113,-31.0577626636745
"7389",45.7304204112871,-17.9448414249526
"7390",-40.4216681836221,-22.9729005395205
"7391",4.64916654272735,-6.71213538812378
"7392",1.79810636367905,-4.47353119995239
"7393",-30.6492508813974,-37.4456381380309
"7394",-32.875884898677,-31.4938648506042
"7395",-35.8276114854043,-22.9779471077083
"7396",-38.1554516926238,-20.2743529255894
"7397",-39.9031286506867,-37.4184893706018
"7398",-34.0670991247085,-32.8771734018985
"7399",1.83038871930095,-4.90666493896633
"7400",-39.4086806428543,-31.6597479423305
"7401",8.3791528960696,-4.08797067927277
"7402",-20.1555518767564,-32.7455500495517
"7403",-35.3797461925097,-30.4579988919783
"7404",-43.4454974135683,-35.0696081822962
"7405",13.2822522537278,-3.45120163498112
"7406",34.4889617297418,-8.39102125976397
"7407",-37.2245156485006,-34.3961525529918
"7408",44.7112705658077,-13.2710983997388
"7409",-29.1378804877538,-34.4897251028815
"7410",-47.9855359136891,-24.0706706348401
"7411",-27.7796767192258,-34.1022016805259
"7412",13.8446379347199,-3.84675184037682
"7413",40.140742586863,-12.660834149556
"7414",30.8441976367168,-9.07936274787551
"7415",-38.3739418021629,-18.7267124723169
"7416",5.63452843537378,10.6033724771778
"7417",7.8348172662914,-3.07399388717378
"7418",-35.6790184204337,-36.7357852160411
"7419",8.74674439987338,-5.62410931313039
"7420",-40.0945364009838,-23.5172641207583
"7421",-32.0695703020355,-30.5409416008401
"7422",-29.036674297814,-31.2415459975735
"7423",5.50123494075988,18.305124689159
"7424",-39.7823767594737,-20.9528551230816
"7425",-35.8620839822282,-20.7543829447641
"7426",32.4920985298262,-12.571450593725
"7427",-45.6921682032935,-24.5507006540149
"7428",-38.7422379993086,-32.8182801589975
"7429",-43.3442912236285,-31.8214290769883
"7430",-34.5892416706533,-29.1547315210545
"7431",-48.9360176590854,-23.1663261496502
"7432",-43.4454974135684,-35.0696081822961
"7433",43.9820577653503,-13.0073878082072
"7434",-36.8161687406339,-30.5731854098117
"7435",14.065318185461,-7.18482271757949
"7436",-30.197564949192,-35.8417552091779
"7437",-33.6974646891476,-36.7082426976379
"7438",40.4170696356564,-10.2740644167234
"7439",-35.2513041057173,-36.4487870560217
"7440",7.16036381169966,-2.29938934231878
"7441",40.9392121816013,-13.9965062975672
"7442",-32.9038724894905,-29.3829087176728
"7443",-25.4943055349323,-33.5904271858792
"7444",4.71011072364468,19.0609222083863
"7445",8.39139278285658,-1.60349007051265
"7446",12.4242465403469,-8.93026599061701
"7447",32.3440471332046,-8.14972183438685
"7448",-41.0276091836022,-33.330054653644
"7449",-26.8291949738295,-35.0065461657159
"7450",-11.8941134895929,17.0673737838876
"7451",0.939382046631968,-2.97284497162322
"7452",-43.5944361409395,-24.3837516092181
"7453",-41.7645541486214,-23.3972150055357
"7454",-37.0612947343617,-21.145886982237
"7455",-39.238482886816,-20.412168565085
"7456",29.1962903397142,-9.78936446686842
"7457",-34.8230658341769,-16.3363832353745
"7458",-37.435469100071,-33.7123824453605
"7459",-37.4826570919137,-25.9666705714001
"7460",44.0143401209722,-13.4405215472211
"7461",7.96367846814018,-1.89048823053202
"7462",-32.8334158757511,-34.7092335273696
"7463",-32.8138701744779,-21.4917783851573
"7464",14.9145233484062,-3.90122448619852
"7465",-38.7422379993087,-32.8182801589974
"7466",-34.7481833042216,-33.5632784184501
"7467",-34.9158301345764,-34.9129736158262
"7468",42.5759781495397,-15.121442514006
"7469",7.52126715899843,-4.27079284328013
"7470",-36.2316407863493,-30.9925537263158
"7471",-42.4032219149081,-23.0004430579239
"7472",-42.830590567224,-20.2154596826884
"7473",-35.5541522384626,-31.4442201329595
"7474",-44.3419609608676,-23.171372717838
"7475",-37.6522299632171,-34.683150713011
"7476",-28.5425193426826,-32.853031745486
"7477",-36.5623066045807,-30.4876316307794
"7478",-28.5272015391539,-32.8898227891457
"7479",-27.8029910488565,-33.0736061230449
"7480",2.07383217156201,-3.8935850954728
"7481",-34.3198106009991,-39.6412067698124
"7482",6.42359782278457,8.35933059269687
"7483",-43.6564508651386,-34.385838074665
"7484",-20.1572593921216,-32.0795244452016
"7485",-31.0769651961138,-37.7326362980503
"7486",-35.58148144077,-35.6981905114098
"7487",14.7147635585781,-1.17944906760934
"7488",-34.8299417481652,-31.6280034668587
"7489",-33.3703329065094,-37.2526062788755
"7490",-31.8521845541544,-27.039074097555
"7491",43.7128778257685,-13.05615054358
"7492",-31.3300420082096,-30.7615159783987
"7493",-46.1131045592985,-17.5800796678632
"7494",-39.0543976408188,-35.3826891566741
"7495",-35.4532904840499,-31.1537406913226
"7496",-41.3477653512144,-34.9026591374993
"7497",-32.3225329083986,-26.7697369846234
"7498",-38.6691523490283,-31.8803223198893
"7499",9.30798386814859,-5.40493779498913
"7500",7.48898480337653,-3.83765910426619
"7501",3.75815987005837,-4.77831542078066
"7502",-34.0239728139243,-33.7470617523493
"7503",-45.0814892546936,-22.9507983402792
"7504",-37.1153129324587,-32.1397779615053
"7505",-35.3759255531989,-21.3740641788553
"7506",-37.8631834147873,-33.99938060538
"7507",-44.9373221059388,-24.8080660752333
"7508",-29.0133599681832,-32.2701415550546
"7509",-31.2875729852836,-33.9768846551644
"7510",-32.0271012791096,-33.7563102776055
"7511",42.274515854336,-14.7370715103649
"7512",-26.0164480808772,-29.8679853050354
"7513",-39.1789181603894,-37.602272704501
"7514",8.82240278518726,-3.3911744588612
"7515",16.4313736126963,-2.49731313193115
"7516",-29.0213564942853,-31.2783370412331
"7517",37.752487564232,-10.7399736476067
"7518",-40.3972836058181,-35.8070036226892
"7519",-28.3983521939278,-34.7102994804401
"7520",-30.5671993847528,-32.0106859134385
"7521",-35.3588622528215,-35.1631807321858
"7522",-46.0123243709057,-26.1233051378702
"7523",32.79356082503,-12.9558215973662
"7524",44.409808270604,-12.8867273960976
"7525",3.01689544804899,-6.26211253690638
"7526",-39.1789181603893,-37.6022727045011
"7527",33.6582097793816,-6.62221537273884
"7528",-35.2576560628817,-31.9150016268779
"7529",0.441561076883652,-3.4435622442554
"7530",9.38478846617936,-3.7867246642569
"7531",-40.0548850671099,-30.3991056490773
"7532",38.5413349787011,-9.98400225597347
"7533",11.4968304793921,-4.3844568295454
"7534",-10.9133928469985,19.0065182746329
"7535",7.74194740973952,-7.6088637204828
"7536",4.74574538895423,-5.09549599246808
"7537",-40.9703215446973,-33.7134423063826
"7538",44.4315714571757,-17.8134875711865
"7539",-35.9908323995432,-36.2282126784631
"7540",-34.9311479381051,-34.8761825721664
"7541",11.0691161646757,-4.67145498956477
"7542",2.378851381743,-8.09949718577987
"7543",6.76493185260515,-3.01952124135209
"7544",35.498489394952,-10.9731207453335
"7545",-37.4159233987978,-20.4949273031481
"7546",-46.1518049538669,-28.610761690791
"7547",-35.9908323995433,-36.228212678463
"7548",31.0648778874579,-12.4174336250782
"7549",5.98103879094236,9.43559319894082
"7550",-44.8281193898969,-22.5516914837468
"7551",8.81016289840027,-5.87565506762131
"7552",-30.0730444296214,-33.6221716613511
"7553",3.76767902416029,-9.56259988049081
"7554",-36.4849873546747,-34.6167269305504
"7555",-27.1646689449704,-36.5423596059114
"7556",38.7216687309446,-14.8388647543256
"7557",-39.1636003568606,-37.6390637481607
"7558",-48.6238580175753,-20.6019171519735
"7559",34.4566793741199,-7.95788752075003
"7560",3.88702107190714,-3.5948097641389
"7561",9.59594956281853,-2.34051108174942
"7562",29.0159565874706,-4.93450196851631
"7563",-31.6422016497196,-33.3259249760755
"7564",-41.0276091836021,-33.3300546536441
"7565",14.9988623078461,-4.76906569930293
"7566",-38.2905520671032,-31.2143972301445
"7567",14.0557990313591,-2.40053825786934
"7568",-41.472285870785,-37.1222426853262
"7569",-37.5834372803066,-17.4234451013932
"7570",-32.454815593826,-34.0433084376249
"7571",-10.6604302406355,15.2353136584163
"7572",-31.8164934899398,-37.5120619204916
"7573",-33.2611301904674,-34.9962316873891
"7574",13.3145346093497,-3.88433537399506
"7575",-40.4126014093468,-35.7702125790296
"7576",-37.8011686905882,-23.9972941399331
"7577",9.84891216918153,-6.11171569796603
"7578",-41.0250258547954,-23.6177893830944
"7579",-33.682146885619,-36.7450337412975
"7580",-39.0968666637448,-32.1673204799085
"7581",-30.8358870530781,-32.3730017263114
"7582",10.3609654433378,-6.69255875105107
"7583",-35.9971843567076,-31.6944272493193
"7584",-41.790451807059,-32.0808847186042
"7585",7.95143858135319,-4.37496883929214
"7586",15.0433845502549,-2.71771882955676
"7587",8.72582393896038,-5.0078138545169
"7588",-39.4086806428544,-31.6597479423304
"7589",-32.833415875751,-34.7092335273698
"7590",-39.4817662931347,-32.5977057814388
"7591",10.870148307795,-6.03867975881934
"7592",-33.6047003887481,-18.1316523171863
"7593",-39.8019224607469,-34.1703102652939
"7594",9.98866078922798,-8.88914425118636
"7595",-37.8628377523868,-30.9273990701251
"7596",-36.3565319900606,-26.5131243730355
"7597",-35.8896262096035,-32.9800335731551
"7598",6.6927777623664,8.40809332806965
"7599",-45.8878038513351,-23.9037215900433
"7600",-50.1697009080428,-21.3342660241789
"7601",-20.775136382079,-27.8070213991215
"7602",-45.6768503997648,-24.5874916976745
"7603",6.21297391218391,17.2776248182878
"7604",-36.9217684436664,-22.1064130510607
"7605",1.19234465299496,-6.74404958783982
"7606",-30.8358870530782,-32.3730017263113
"7607",-45.0968070582223,-22.9140072966196
"7608",-27.1493511414417,-36.5791506495712
"7609",-28.3830343903991,-34.7470905240999
"7610",8.49378179351038,-1.85290469691378
"7611",10.5712951949274,-5.14217226219695
"7612",-35.981866553179,-31.7312182929788
"7613",40.3695760279473,-14.1288630353327
"7614",-45.629662407922,-32.333203571635
"7615",-38.1749973938969,-33.4918080678018
"7616",7.09355284428202,-4.5577910032995
"7617",-30.08836223315,-33.5853806176915
"7618",34.4889617297418,-8.39102125976399
"7619",-32.1643441956644,-29.6034830952317
"7620",-32.454815593826,-34.043308437625
"7621",-31.0769651961138,-37.7326362980504
"7622",-30.6917199043233,-34.2302694612655
"7623",14.2169425888298,-1.65016634024152
"7624",15.2518249142091,-8.54027031551954
"7625",-32.9579363953216,-36.9288170751966
"7626",-48.4064722696941,-17.1000496486884
"7627",3.5147164177973,-5.7913952642742
"7628",43.3325432083869,-13.9323373833589
"7629",-33.2611301904675,-34.996231687389
"7630",-26.0896666800036,-35.2271205432745
"7631",40.2896976246378,-14.9214558727189
"7632",3.79044222568026,-5.21144915979461
"7633",6.37801648363259,-5.54551884368548
"7634",-31.8441880280523,-28.0308786113764
"7635",-33.6626011843459,-23.527578599085
"7636",-38.579704009497,-33.1907624174157
"7637",37.9328213164755,-15.5948361459587
"7638",-40.4296647097242,-21.9810960256991
"7639",-40.0702028706386,-30.3623146054177
"7640",-35.5694700419913,-31.4074290892998
"7641",15.5612479888382,-5.16461590469863
"7642",7.62365616965223,-4.52020746968126
"7643",8.21664107450317,-5.66169284674863
"7644",2.95347694952209,-6.01056678241546
"7645",11.3125596169368,-3.65837514607123
"7646",-39.8363949575708,-31.9467461023498
"7647",-38.1743725091619,-30.9607088321672
"7648",-29.1378804877538,-34.4897251028814
"7649",-44.2410992064549,-22.8808932762012
"7650",9.34026622377048,-5.83807153400307
"7651",4.86984679346844,-10.0502062653264
"7652",16.4636559683182,-2.93044687094509
"7653",32.0425848380009,-7.76535083074569
"7654",-29.77620259164,-31.0209716200147
"7655",-31.5801869255205,-23.3238385106286
"7656",-35.1267835861466,-34.229203508195
"7657",-35.3367664905814,-27.9423526296745
"7658",-44.7114475606991,-22.6115561632696
"7659",40.8665833274818,-15.0801641797027
"7660",10.2321042414891,-7.87606440769283
"7661",-34.0086550103955,-33.783852796009
"7662",-31.9682499063629,-30.4926781989672
"7663",8.2948139366297,-3.22012946616836
"7664",-43.3442912236286,-31.8214290769882
"7665",48.8055483506581,-17.3888566746066
"7666",36.7723055426315,-10.9624059048349
"7667",-43.3362946975265,-32.8132335908096
"7668",-42.8501362684972,-33.4329148249008
"7669",-36.8034989533492,-32.6473504990833
"7670",-34.8066274185345,-32.6565990243396
"7671",-47.8843297237493,-20.8224915295323
"7672",2.9002741329872,-4.96113758478803
"7673",-31.2680272840104,-20.7594295129519
"7674",2.32894868438265,9.93804794213287
"7675",30.3946839448915,-4.27326298489618
"7676",-31.3887791752234,-37.2250637604723
"7677",-32.3430295489773,-22.0746685755888
"7678",-35.1072378848735,-21.0117483659825
"7679",6.66254284195134,-2.77010661495096
"7680",-40.2880808897762,-33.5506290312028
"7681",2.68827445637212,-4.72384277495897
"7682",-40.530870899664,-25.229275131007
"7683",9.73569818286499,-5.11793963496976
"7684",-37.1625009243016,-24.3940660875449
"7685",-37.8628377523869,-30.927399070125
"7686",12.1712839339839,-5.15906137440041
"7687",-32.0075555778365,-20.5388551353932
"7688",-36.3604668351041,-32.3971433827235
"7689",39.5008502101687,-15.6774272643521
"7690",35.4065724253184,-11.5596689894843
"7691",-36.4185467142596,-36.5152108384825
"7692",-36.2940261946891,-34.2956272906555
"7693",34.36068607757,-15.1995197519348
"7694",-33.5962584992078,-33.46006359233
"7695",-33.0672400392746,-21.8908852416897
"7696",-44.0838195174546,-31.6008546994295
"7697",-36.6096088021563,-19.542004053384
"7698",-39.4558686346971,-23.9140360683701
"7699",11.9932365380162,-7.14258160226847
"7700",41.4154623756957,-10.4890122728822
"7701",-40.5567685581016,-33.9129448440756
"7702",35.4258605408325,-12.056778627469
"7703",-12.4162560355377,20.7898156647314
"7704",-33.0501767388972,-35.6800017950203
"7705",4.88554464560947,19.4241412320232
"7706",6.25021873052419,9.48435593431361
"7707",-21.0748911619176,-28.0886759998305
"7708",-43.1427502087341,-22.7798686803651
"7709",-40.0941907385833,-20.4452825855034
"7710",-35.0593388948251,-39.4206323922536
"7711",34.9384754215671,-13.1971210227433
"7712",-32.9579363953217,-36.9288170751965
"7713",9.20559485749478,-5.155523168588
"7714",-30.3885128313559,-22.0684641275145
"7715",-41.6204808902766,-29.0078055212886
"7716",-29.9801792013108,-32.3398877058928
"7717",43.5855058147499,-17.7035419995755
"7718",-10.5689508498665,21.1377935332956
"7719",-36.8394830702647,-29.5445898523306
"7720",-29.348833939324,-33.8059549952503
"7721",2.9325564886091,-5.39427132380197
"7722",5.45909451340899,10.240153453541
"7723",-36.0919582503366,-30.7569687437108
"7724",42.7966584002808,-18.4595133912087
"7725",11.3448419725587,-4.09150888508517
"7726",15.9012702873261,-2.53489666554939
"7727",-36.3173405243198,-33.2670317331746
"7728",-34.5727732073621,-35.8700021535958
"7729",-31.3067276785788,-31.7901115358797
"7730",37.1029730072685,-11.6649232227583
"7731",-34.6130829297421,-22.6232341138951
"7732",-36.6715093206227,-32.7440062222657
"7733",-33.385650710038,-37.215815235216
"7734",-39.4817662931347,-32.5977057814386
"7735",-44.9526399094675,-24.7712750315737
"7736",-41.1691930035502,-21.7605216481404
"7737",14.7470459142,-1.61258280662328
"7738",39.5008502101687,-15.6774272643521
"7739",-42.5814486001718,-33.070599012028
"7740",-20.5544561313379,-31.1450922763242
"7741",11.3220787710387,-8.44265960578137
"7742",43.9820577653504,-13.0073878082072
"7743",-35.5698157043918,-34.4794106245546
"7744",7.41332641806265,-6.07059395853538
"7745",17.7865039883675,-6.7561241329834
"7746",36.8337930676867,-11.7136859581311
"7747",5.27584871432444,-5.05791245884984
"7748",4.69368878513623,-4.66078851837761
"7749",11.7402739316532,-3.37137698605186
"7750",10.4633544539916,-6.9419733774522
"7751",-34.6363972593729,-21.5946385564141
"7752",-29.7608847881113,-31.0577626636743
"7753",13.2065938684139,-5.68413648925031
"7754",15.5289656332163,-4.73148216568469
"7755",-33.8888724394448,-22.8070174477942
"7756",-35.242338259353,-31.9517926705375
"7757",-47.1368049038212,-22.0348704209124
"7758",-46.6273321451611,-23.6831472124846
"7759",-31.8164934899398,-37.5120619204915
"7760",37.0737678378352,-11.3467769084761
"7761",-33.5729441695771,-34.4886591498109
"7762",15.5734878756252,-2.68013529593852
"7763",45.4774578049241,-14.173636808736
"7764",6.41029883925448,-5.97865258269942
"7765",-36.3093439982178,-34.2588362469959
"7766",37.0414854822133,-10.9136431694621
"7767",-42.048593250472,-23.6514027370127
"7768",-41.5969073182666,-22.0475198081597
"7769",-37.0999951289301,-32.1765690051648
"7770",14.7025236717911,-3.66392967636946
"7771",-37.4890090490781,-21.4328851422564
"7772",-40.5414507545729,-33.9497358877352
"7773",9.15353825367678,-4.72081569449753
"7774",-42.1106079746711,-33.6534892024597
"7775",-33.086378482114,-30.9380289111532
"7776",-39.8989007529422,-24.1642431847298
"7777",17.2900979297434,-3.99799936026033
"7778",2.98461309242709,-5.82897879789244
"7779",-36.7881811498205,-32.6841415427429
"7780",-9.11458735016802,15.9676625306217
"7781",-34.3204689895052,-33.2762802584309
"7782",-29.1225626842252,-34.526516146541
"7783",41.1680456226855,-15.4645351833439
"7784",10.0559462331568,-2.48664666074399
"7785",-32.4442357389171,-25.3228476808967
"7786",-27.1493511414417,-36.579150649571
"7787",-47.658947449766,-18.3124285400686
"7788",-39.8921227942308,-16.9066240385588
"7789",48.5040860554543,-17.0044856709654
"7790",-26.7279887838897,-31.758367060408
"7791",16.8840960088874,-8.99029316673693
"7792",39.0231310261483,-15.2232357579667
"7793",-42.5967664037005,-33.0338079683684
"7794",-35.554497900863,-34.5162016682144
"7795",-36.6291545034295,-32.7594591955963
"7796",11.7497930857551,-8.155661445762
"7797",-37.652229963217,-34.6831507130111
"7798",16.6311334025244,-5.21908855052033
"7799",-35.9971843567077,-31.6944272493192
"7800",-41.7751340035303,-32.1176757622639
"7801",-32.9489705489574,-32.4318226897123
"7802",-38.6222583215496,-31.5152336152827
"7803",-33.8492211055709,-29.6888589761133
"7804",8.08777987265439,-6.84519850339039
"7805",-25.5955117248721,-36.8386062911872
"7806",-38.7595150008321,-28.7544627452533
"7807",-27.3513375197743,-31.2841042848721
"7808",32.5647273839457,-11.4877927115895
"7809",-31.6422016497197,-33.3259249760754
"7810",8.42367513847848,-2.03662380952659
"7811",10.6703885179669,-3.31690434023016
"7812",41.1357632670636,-15.0314014443299
"7813",-34.1763018407504,-35.1335479933848
"7814",37.9328213164755,-15.5948361459588
"7815",16.7599946043732,-4.03558289387857
"7816",-25.5955117248722,-36.8386062911871
"7817",-42.0872936450403,-34.6820847599407
"7818",4.66140642951433,-4.22765477936367
"7819",15.0756669058768,-3.1508525685707
"7820",-41.6633479586816,-20.1490359002278
"7821",-39.2460806882951,-32.3050929839111
"7822",-35.8467661786995,-20.7911739884237
"7823",-40.9005053352248,-21.3982058352676
"7824",8.4492595511015,-3.90425156665995
"7825",-37.590215239018,-24.6810642475642
"7826",29.4977526349179,-10.1737354705096
"7827",-41.0356057097043,-32.3382501398226
"7828",-29.3335161357954,-33.8427460389098
"7829",34.9384754215672,-13.1971210227433
"7830",34.8844298793736,-7.83722710864046
"7831",4.91436903587732,-7.99885939558027
"7832",44.1623915175939,-17.8622503065593
"7833",-34.9311479381051,-34.8761825721666
"7834",29.0482389430925,-5.36763570753025
"7835",40.5902562786884,-17.4669339125353
"7836",-33.260784528067,-31.9242501521343
"7837",40.0681137327435,-13.7444920316915
"7838",-39.2882218043423,-22.5643408709941
"7839",2.20269337341079,-2.71007943883103
"7840",-29.0213564942853,-31.2783370412332
"7841",34.9763468490072,-7.25067886448965
"7842",-39.1636003568607,-37.6390637481606
"7843",8.69354158333848,-4.57468011550296
"7844",1.26800303830884,-4.51111473357063
"7845",29.718432885659,-13.5118063477122
"7846",32.7612784694081,-12.5226878583522
"7847",-27.4675170777157,-31.5377926828492
"7848",3.80268211246725,-2.72696855103449
"7849",-38.5486935105163,-22.7849152485529
"7850",-38.2905520671033,-31.2143972301444
"7851",-35.1225556884022,-20.9749573223229
"7852",-39.303539607871,-22.5275498273345
"7853",-31.8829341303548,-35.6135780125596
"7854",-31.4312481981494,-34.0096950837066
"7855",10.5390128393055,-4.70903852318301
"7856",-29.458036655366,-36.0623295867367
"7857",-36.294026194689,-34.2956272906556
"7858",-27.7796767192258,-34.1022016805258
"7859",15.8169313278862,-1.66705545244498
"7860",48.7732659950362,-16.9557229355926
"7861",5.30813106994634,-5.49104619786378
"7862",-35.1892893815181,-26.4467005905749
"7863",-30.6297051801243,-24.2281829958185
"7864",-27.7876732453279,-33.1103971667044
"7865",-40.0273428397346,-18.1734550206864
"7866",-40.5372228568284,-20.6954897018632
"7867",40.0367350182748,-11.1502512565023
"7868",7.06127048866012,-4.12465726428556
"7869",-38.6498997004561,-26.0330943538608
"7870",-42.1922684633378,-23.6842131655551
"7871",10.7919754456685,-8.48024313939961
"7872",35.7273228360363,-12.4411496311101
"7873",5.52881132068743,-8.82911707506644
"7874",-34.3357867930339,-33.2394892147711
"7875",-38.6071376248292,-21.8782358544424
"7876",-30.1975649491919,-35.841755209178
"7877",-34.0239728139242,-33.7470617523494
"7878",-39.4318807667524,-33.8310680882843
"7879",44.9319508165488,-16.6091692769414
"7880",-36.2553258001207,-23.2649452677277
"7881",-37.5085547503513,-34.6503402844687
"7882",-39.4711864382258,-23.8772450247105
"7883",8.87697386581791,-3.61725340664058
"7884",-35.2703258501664,-29.8408365376064
"7885",-35.6790184204336,-36.7357852160412
"7886",-30.7738723288791,-22.3709152608645
"7887",39.767555078693,-11.1990139918751
"7888",-10.6012332054884,21.5709272723096
"7889",-37.5510237732773,-31.4349716077032
"7890",-39.9184464542154,-37.3816983269422
"7891",9.23787721311668,-5.58865690760194
"7892",-28.2738316743572,-32.4907159326133
"7893",-27.0401484253998,-34.3227760580847
"7894",44.6789882101858,-12.8379646607248
"7895",8.01908812874674,-3.80007557064795
"7896",3.02913533483597,-3.77763192814627
"7897",-45.4122766600408,-28.8313360683499
"7898",-29.5434990402302,-27.5558951603893
"7899",4.13166524683455,12.3866698672764
"7900",-28.5425193426825,-32.8530317454862
"7901",9.55142732040965,-4.39185795149559
"7902",-36.3757846386328,-32.3603523390639
"7903",-35.1421013896753,-34.1924124645354
"7904",-40.6746307899851,-19.2016959233039
"7905",6.73264949698325,-2.58638750233815
"7906",36.3227918508061,-6.15630614185558
"7907",-42.3360283536589,-17.656633957852
"7908",15.8046914410992,-4.1515360612051
"7909",-30.1355502249929,-25.8396687437311
"7910",12.9536312620509,-1.91293187303371
"7911",-34.841953146944,-35.9187648889686
"7912",34.9061930659452,-12.7639872837294
"7913",9.81250278089577,-3.49972650423753
"7914",40.7185319308602,-10.6584354203646
"7915",-47.3901747686179,-22.4339772774448
"7916",45.2082778653423,-14.2223995441088
"7917",10.0236638775349,-2.05351292173005
"7918",-37.3734543758718,-23.7102959799137
"7919",10.638106162345,-2.88377060121622
"7920",4.74735554198496,11.2676533244121
"7921",-33.6779189878745,-23.4907875554254
"7922",10.2766264838979,-5.82471753794666
"7923",49.0262286013992,-20.7269275518092
"7924",-44.3572787643963,-23.1345816741784
"7925",-30.6492508813974,-37.445638138031
"7926",-35.8663118799727,-34.0086291306361
"7927",-37.1233094585609,-31.1479734476838
"7928",42.7966584002808,-18.4595133912087
"7929",-34.4948134394249,-33.1641715619177
"7930",9.1299364721809,-7.38845802285719
"7931",-47.8763331976472,-21.8142960433536
"7932",-11.1825727865803,18.9577555392601
"7933",-35.8816296835014,-33.9718380869765
"7934",2.04154981594011,-3.46045135645886
"7935",-34.3162410917607,-20.0220340725588
"7936",-33.6884988427834,-32.2112483121537
"7937",-31.6893896415624,-25.5802131021151
"7938",37.7847699198539,-11.1731073866206
"7939",18.6452283054145,-8.25681036131257
"7940",44.4638538127976,-18.2466213102005
"7941",3.65186139665206,21.2562013574945
"7942",-35.9786781799863,-34.7637583425324
"7943",-30.0138473944743,-27.2865580474579
"7944",-41.3435374534699,-21.6484129516273
"7945",41.3887258734266,-18.8026060605465
"7946",44.2350203717133,-16.7785924244238
"7947",2.59812862396448,9.98681067750566
"7948",-34.1098612003354,-37.0320319013167
"7949",-36.4849873546746,-34.6167269305505
"7950",-27.9041972387964,-36.3217852283527
"7951",-34.8146239446366,-31.6647945105183
"7952",-42.0677479437672,-21.4646296177282
"7953",3.56263193334006,8.10598781666156
"7954",38.4494180090675,-10.5705505001243
"7955",11.7725562872751,-3.8045107250658
"7956",6.88322309269244,-6.10817749215362
"7957",44.1623915175939,-17.8622503065593
"7958",38.005450170595,-14.5111782638233
"7959",16.1542328936891,-6.306101281766
"7960",-39.8835829494136,-24.2010342283894
"7961",2.1581711310019,-4.76142630857721
"7962",-30.5671993847528,-32.0106859134386
"7963",-41.7751340035302,-32.117675762264
"7964",-39.3546624447573,-20.6658569630622
"7965",39.2478876038057,-11.9062226481355
"7966",4.97929066322651,19.1096849437591
"7967",11.529112835014,-4.81759056855934
"7968",-40.3045193054186,-17.2304132422377
"7969",-37.4979748954424,-25.9298795277405
"7970",-35.8816296835013,-33.9718380869766
"7971",42.5436957939178,-14.6883087749921
"7972",30.8119152810949,-8.64622900886157
"7973",16.6634157581463,-5.65222228953427
"7974",-38.4084142989868,-16.5031483093727
"7975",9.58370967603155,-4.82499169050954
"7976",10.1402851925967,-3.3544878738484
"7977",9.71257087788032,-3.64148603386777
"7978",45.7304204112871,-17.9448414249527
"7979",-37.1153129324588,-32.1397779615052
"7980",35.1591556723082,-16.535191899946
"7981",-36.9948540939467,-23.0443708901689
"7982",-37.1807764904436,-39.8945495458477
"7983",-30.0963587592521,-32.5935761038702
"7984",9.25011709990366,-3.10417629884183
"7985",-9.63672989611284,19.6901044114655
"7986",38.4549638624203,-19.3172780268026
"7987",-12.114793740334,20.4054446610903
"7988",-46.2652869772687,-22.3521005216536
"7989",43.3648255640088,-14.3654711223728
"7990",-39.5765401867636,-31.6602472758304
"7991",-43.6369051638655,-21.1683829324526
"7992",10.7076364862286,-7.6124019262952
"7993",-36.4229726304755,-24.6146404651036
"7994",6.45550877797603,-6.39517565217299
"7995",38.2020012560573,-15.546073410586
"7996",-33.5729441695771,-34.488659149811
"7997",38.9787076642239,-11.9549853835082
"7998",-41.4722858707849,-37.1222426853263
"7999",-32.8758848986771,-31.4938648506041
"8000",30.6153641956326,-7.61133386209884
"8001",39.9200623361219,-9.32276327235334
"8002",-12.1470760959559,20.8385784001042
"8003",10.4101516374567,-5.89254417982477
"8004",34.1874994345381,-8.00665025612283
"8005",-40.1889646322122,-19.5078240798951
"8006",-30.0138473944743,-27.2865580474577
"8007",-37.0999951289301,-32.1765690051649
"8008",-38.8758252931546,-22.2405516673151
"8009",-46.6426499486898,-23.646356168825
"8010",35.1858921745773,-8.22159811228161
"8011",34.9061930659453,-12.7639872837294
"8012",45.2082778653423,-14.2223995441088
"8013",-24.8559834310462,-37.0591806687458
"8014",35.2778091442109,-7.63504986813081
"8015",15.1674859547692,-7.67242910241513
"8016",2.90895470711321,-8.06191365216163
"8017",-38.6027117086134,-33.7788062278211
"8018",3.91930342752904,-4.02794350315284
"8019",10.8378659521731,-5.6055460198054
"8020",8.90925622143981,-4.05038714565453
"8021",-31.3300420082095,-30.7615159783988
"8022",-33.9077932559829,-33.4933733543722
"8023",-46.1518049538668,-28.6107616907911
"8024",-35.8663118799726,-34.0086291306362
"8025",-42.091062273398,-20.4360340602472
"8026",38.2020012560573,-15.546073410586
"8027",30.5427353415131,-8.69499174423435
"8028",-41.4527401695118,-23.9047875431138
"8029",-31.7047074450911,-25.5434220584555
"8030",14.1846602332079,-1.21703260122758
"8031",11.0908285585361,-9.37675063602201
"8032",-43.9487191429751,-20.6608103948744
"8033",-30.287306641416,-18.8202850222066
"8034",-32.9383906940485,-23.7113619329842
"8035",38.7942975850641,-13.7552068721901
"8036",10.2426742032505,-3.60390250024953
"8037",29.2689191938336,-8.70570658473291
"8038",-41.7904518070589,-32.0808847186044
"8039",3.92104133623389,21.3049640928673
"8040",-35.9288176753441,-26.2261262130162
"8041",40.7185319308602,-10.6584354203645
"8042",-37.5430272471751,-32.4267761215247
"8043",38.9908486705264,-14.7901020189528
"8044",28.7467766478888,-4.98326470388909
"8045",37.4833076246501,-10.7887363829794
"8046",-37.5277094436465,-32.4635671651843
"8047",7.99596082376207,-2.32362196954596
"8048",-34.3357867930338,-33.2394892147712
"8049",-33.5809406956791,-33.4968546359896
"8050",-36.8506869451919,-24.901638625123
"8051",-33.5809406956792,-33.4968546359895
"8052",9.97914163512606,-4.10485979147622
"8053",34.6370131263634,-12.8127500191022
"8054",-45.575644209825,-21.3393125923666
"8055",30.3624015892696,-3.84012924588224
"8056",9.62823191844043,-2.77364482076336
"8057",45.509740160546,-14.60677054775
"8058",39.2478876038057,-11.9062226481355
"8059",-33.682146885619,-36.7450337412973
"8060",-33.8735546359161,-22.8438084914538
"8061",-36.3173405243199,-33.2670317331745
"8062",-43.6564508651387,-34.3858380746649
"8063",-34.191619644279,-35.0967569497253
"8064",9.80438992677264,-8.1630625677122
"8065",-35.9712866982701,-23.0107575362506
"8066",35.9480030867774,-15.7792205083128
"8067",-44.3339644347655,-24.1631772316594
"8068",38.573617334323,-10.4171359949874
"8069",43.0633632688051,-13.9811001187317
"8070",33.9111723857446,-10.3934199889554
"8071",-38.8434441892485,-36.0664592643053
"8072",40.9392121816013,-13.9965062975672
"8073",-45.5676476837229,-22.331117106188
"8074",34.7096419804829,-11.7290921369666
"8075",3.83496446808915,-3.16010229004843
"8076",48.5040860554543,-17.0044856709654
"8077",42.5759781495397,-15.121442514006
"8078",38.9787076642239,-11.9549853835083
"8079",12.4558102923026,-2.38364914566588
"8080",-31.3692334739503,-24.0076086182598
"8081",-33.5962584992079,-33.4600635923299
"8082",-39.0348519395456,-22.1652340144617
"8083",-44.3959791589647,-34.1652636971061
"8084",-26.0896666800035,-35.2271205432746
"8085",0.971664402253864,-3.40597871063716
"8086",8.59983314681069,-7.42604155647543
"8087",34.7096419804829,-11.7290921369667
"8088",-41.0870273011728,-19.5254851269829
"8089",36.8449343967509,-9.8787480226994
"8090",-46.315172503651,-21.1187382148079
"8091",-40.8573790244406,-22.2680941857185
"8092",-39.3466659186552,-21.6576614768836
"8093",-33.615413192503,-31.2732904730454
"8094",-37.7615173567142,-30.8791356682522
"8095",8.85468514080916,-3.82430819787514
"8096",-40.7011416051155,-33.6646795710098
"8097",11.5655222232998,-7.42957976228784
"8098",-42.7059691197424,-35.2901825598548
"8099",-40.5414507545728,-33.9497358877353
"8100",4.01112247642136,-8.54952003699727
"8101",33.5379848775746,-8.93159983127453
"8102",-30.0883622331501,-33.5853806176914
"8103",34.107723471207,-11.4283151357182
"8104",38.4549638624203,-19.3172780268026
"8105",37.2944480885763,-14.6848477856787
"8106",35.1591556723082,-16.535191899946
"8107",41.6361426264368,-13.8270831500848
"8108",40.3372936723254,-13.6957292963187
"8109",-35.3588622528215,-35.1631807321859
"8110",18.4245480546735,-4.91873948410991
"8111",41.3831800200738,-10.0558785338682
"8112",17.5430605361064,-7.76920397647693
"8113",34.0601274235195,-12.6540417121183
"8114",-44.0838195174545,-31.6008546994296
"8115",-37.7029190363885,-36.1721076650039
"8116",41.1357632670636,-15.0314014443299
"8117",-34.1916196442791,-35.0967569497252
"8118",-34.7635011077502,-33.5264873747906
"8119",-39.7976945630024,-20.916064079422
"8120",39.2438112768894,-18.5613066351694
"8121",29.465470279296,-9.74060173149564
"8122",38.2721550391193,-10.0327649913462
"8123",-31.8829341303548,-35.6135780125597
"8124",44.4315714571757,-17.8134875711865
