"","V1","V2","V3","V4","V5","V6","V7","V8","V9","V10"
"1433E_HUMAN---HDAC4_HUMAN",-45.8946399949118,38.6277422622627,5.84212081168682,-13.5548623397778,-8.09117622874177,6.64343395107537,3.64224209204246,9.96965365082916,-0.171468703053023,6.83186929567662
"1433E_HUMAN---KPRB_HUMAN",-45.8946399949118,38.6277422622627,5.84212081168682,-13.5548623397778,-8.09117622874177,6.64343395107537,3.64224209204246,9.96965365082916,-0.171468703053023,6.83186929567662
"1433T_HUMAN---CBL_HUMAN",-61.2814391852644,-13.9698053353305,-6.74885269347883,9.10210716357418,-8.4448062512393,4.3519377045214,5.489293902188,-3.43060943273724,2.76103382149807,0.618026505131509
"1433T_HUMAN---CRTC2_HUMAN",-29.7435427614512,50.495889367779,-15.7719188026669,-5.7373550163212,-9.18079998042594,-11.0369058003772,-4.78117831882998,-3.48258254389187,3.78585258732461,-9.12459407887145
"41_HUMAN---CDK1_HUMAN",-58.362086070219,-21.1266066563434,-13.7540727749678,-4.64150798811611,1.42312150657234,7.01604264913675,-9.60553049363315,1.86990710077616,-0.935056965384246,-0.100695559707325
"41_HUMAN---MYH10_HUMAN",-19.5384412812731,-35.2839422044992,24.8668029605386,2.21685994709246,-37.930232824594,-4.53706840560027,-5.98375377899259,-9.24682516817543,-0.125581264822391,1.32554594246642
"A4D1G0_HUMAN---CLASR_HUMAN",-35.4324478052464,47.8101790388058,-9.51906414180939,-10.5015752656489,-11.6996128555521,-7.15625575113627,-2.03784416252618,4.80282160793743,6.78801715871227,-4.80522835978165
"A4D1G0_HUMAN---RB_HUMAN",-35.4324478052464,47.8101790388058,-9.51906414180939,-10.5015752656489,-11.6996128555521,-7.15625575113627,-2.03784416252618,4.80282160793743,6.78801715871227,-4.80522835978165
"A4_HUMAN---AR6P6_HUMAN",-61.9579800536959,-4.44964724723935,5.16341107429619,13.5788605514532,-1.12490470315422,-6.74052772042454,-0.354114975737039,6.14255323413486,-6.35311572156205,-2.54629527404865
"AAGAB_HUMAN---EIF3C_HUMAN",-45.8946399949118,38.6277422622627,5.84212081168682,-13.5548623397778,-8.09117622874177,6.64343395107537,3.64224209204246,9.96965365082916,-0.171468703053023,6.83186929567662
"AAPK1_HUMAN---ACACA_HUMAN",-58.1246872298532,15.8884178750955,16.6047227872292,2.25522194433077,8.03750035768164,1.41870633062349,-3.7899027912078,-7.13425703277327,4.72110006770253,-1.02526526103847
"ABI1_HUMAN---MK01_HUMAN",-53.9520645546212,-25.9567839901067,-13.1829136712939,-15.6676457355086,10.8896968975015,-4.39926106066006,7.03717015438387,1.02223294865976,0.231175436621904,-2.21259043027763
"ABI1_HUMAN---MK03_HUMAN",-53.9520645546212,-25.9567839901067,-13.1829136712939,-15.6676457355086,10.8896968975015,-4.39926106066006,7.03717015438387,1.02223294865976,0.231175436621904,-2.21259043027763
"ABI2_HUMAN---MIPT3_HUMAN",-58.362086070219,-21.1266066563434,-13.7540727749678,-4.64150798811611,1.42312150657234,7.01604264913675,-9.60553049363315,1.86990710077616,-0.935056965384246,-0.100695559707325
"ABI2_HUMAN---PCM1_HUMAN",-60.5529438257201,5.89775548365228,12.4109088401518,9.55591868538608,6.25927406894279,-7.00761946141163,-4.29110363716145,2.1229334856458,6.80302797329309,5.29955194613092
"ABLM1_HUMAN---T22D4_HUMAN",-61.9579800536959,-4.44964724723935,5.16341107429619,13.5788605514532,-1.12490470315422,-6.74052772042454,-0.354114975737039,6.14255323413486,-6.35311572156205,-2.54629527404865
"ACAP2_HUMAN---CBX1_HUMAN",-61.9579800536959,-4.44964724723935,5.16341107429619,13.5788605514532,-1.12490470315422,-6.74052772042454,-0.354114975737039,6.14255323413486,-6.35311572156205,-2.54629527404865
"ACINU_HUMAN---SRPK2_HUMAN",-58.362086070219,-21.1266066563434,-13.7540727749678,-4.64150798811611,1.42312150657234,7.01604264913675,-9.60553049363315,1.86990710077616,-0.935056965384246,-0.100695559707325
"ACK1_HUMAN---BCAR1_HUMAN",-58.362086070219,-21.1266066563434,-13.7540727749678,-4.64150798811611,1.42312150657234,7.01604264913675,-9.60553049363315,1.86990710077616,-0.935056965384246,-0.100695559707325
"ACTB_HUMAN---E41L2_HUMAN",-61.9579800536959,-4.44964724723935,5.16341107429619,13.5788605514532,-1.12490470315422,-6.74052772042454,-0.354114975737039,6.14255323413486,-6.35311572156205,-2.54629527404865
"ACTB_HUMAN---MIPT3_HUMAN",-58.362086070219,-21.1266066563434,-13.7540727749678,-4.64150798811611,1.42312150657234,7.01604264913675,-9.60553049363315,1.86990710077616,-0.935056965384246,-0.100695559707325
"ACTB_HUMAN---PRSR2_HUMAN",-40.8061293925175,43.8718330000029,-2.03304132219972,-13.241159726119,-11.6223619243828,-0.717928604715793,1.1153994709287,10.445954298274,5.60904786552495,2.29680381752232
"AFAD_HUMAN---EPHA7_HUMAN",-53.9520645546212,-25.9567839901067,-13.1829136712939,-15.6676457355086,10.8896968975015,-4.39926106066006,7.03717015438387,1.02223294865976,0.231175436621904,-2.21259043027763
"AFTIN_HUMAN---GGA3_HUMAN",-60.5529438257201,5.89775548365228,12.4109088401518,9.55591868538608,6.25927406894279,-7.00761946141163,-4.29110363716145,2.1229334856458,6.80302797329309,5.29955194613092
"AHNK_HUMAN---CDK1_HUMAN",-60.5529438257201,5.89775548365228,12.4109088401518,9.55591868538608,6.25927406894279,-7.00761946141163,-4.29110363716145,2.1229334856458,6.80302797329309,5.29955194613092
"AKA10_HUMAN---MYH9_HUMAN",-54.8190103216398,24.8182646555727,16.3404554384038,-5.48674521677981,4.04235362875702,9.19755391060193,1.01417067652103,-7.38625589192247,-5.64943157502897,-5.32620411394367
"AKA11_HUMAN---KAP2_HUMAN",-60.5529438257201,5.89775548365228,12.4109088401518,9.55591868538608,6.25927406894279,-7.00761946141163,-4.29110363716145,2.1229334856458,6.80302797329309,5.29955194613092
"AKAP1_HUMAN---KAP2_HUMAN",-61.2814391852644,-13.9698053353305,-6.74885269347883,9.10210716357418,-8.4448062512393,4.3519377045214,5.489293902188,-3.43060943273724,2.76103382149807,0.618026505131509
"AMOT_HUMAN---MPP5_HUMAN",-29.7435427614512,50.495889367779,-15.7719188026669,-5.7373550163212,-9.18079998042594,-11.0369058003772,-4.78117831882998,-3.48258254389187,3.78585258732461,-9.12459407887145
"ANXA2_HUMAN---TNIK_HUMAN",-61.9579800536959,-4.44964724723935,5.16341107429619,13.5788605514532,-1.12490470315422,-6.74052772042454,-0.354114975737039,6.14255323413486,-6.35311572156205,-2.54629527404865
"APC1_HUMAN---CDK1_HUMAN",-60.5529438257201,5.89775548365228,12.4109088401518,9.55591868538608,6.25927406894279,-7.00761946141163,-4.29110363716145,2.1229334856458,6.80302797329309,5.29955194613092
"AR6P4_HUMAN---SRPK2_HUMAN",-50.4356615827681,32.3497768170642,12.8444267255481,-11.0595930266573,-2.78861779873255,10.5708372869112,4.10569171760535,1.8633323143335,-5.93785616884876,2.34257184876636
"ARHGB_HUMAN---GSK3A_HUMAN",-61.2814391852644,-13.9698053353305,-6.74885269347883,9.10210716357418,-8.4448062512393,4.3519377045214,5.489293902188,-3.43060943273724,2.76103382149807,0.618026505131509
"ARI2_HUMAN---EMAL4_HUMAN",-61.2814391852644,-13.9698053353305,-6.74885269347883,9.10210716357418,-8.4448062512393,4.3519377045214,5.489293902188,-3.43060943273724,2.76103382149807,0.618026505131509
"ARI2_HUMAN---P53_HUMAN",-61.2814391852644,-13.9698053353305,-6.74885269347883,9.10210716357418,-8.4448062512393,4.3519377045214,5.489293902188,-3.43060943273724,2.76103382149807,0.618026505131509
"ARPC3_HUMAN---BAG6_HUMAN",-23.4286522417656,52.3026328621009,-19.8301032516111,-0.195543191646286,-5.54195824062233,-11.8620188813935,-5.74056942943618,-9.56512595758417,-1.12773641429548,-4.57558989262531
"ARPC3_HUMAN---OTUD5_HUMAN",-23.4286522417656,52.3026328621009,-19.8301032516111,-0.195543191646286,-5.54195824062233,-11.8620188813935,-5.74056942943618,-9.56512595758417,-1.12773641429548,-4.57558989262531
"AT133_HUMAN---MD2L1_HUMAN",-54.8190103216398,24.8182646555727,16.3404554384038,-5.48674521677981,4.04235362875702,9.19755391060193,1.01417067652103,-7.38625589192247,-5.64943157502897,-5.32620411394367
"ATRX_HUMAN---EZH2_HUMAN",-10.1620959280721,19.7974652367577,34.424755015645,-21.7914382489127,-35.8417597301223,-4.01855020153066,-8.25914375124733,0.587723000589784,-5.58734668887483,15.5615653695627
"ATX2L_HUMAN---OXSR1_HUMAN",-45.8946399949118,38.6277422622627,5.84212081168682,-13.5548623397778,-8.09117622874177,6.64343395107537,3.64224209204246,9.96965365082916,-0.171468703053023,6.83186929567662
"AURKB_HUMAN---LMO7_HUMAN",-58.1246872298532,15.8884178750955,16.6047227872292,2.25522194433077,8.03750035768164,1.41870633062349,-3.7899027912078,-7.13425703277327,4.72110006770253,-1.02526526103847
"AZI1_HUMAN---PCM1_HUMAN",-60.5529438257201,5.89775548365228,12.4109088401518,9.55591868538608,6.25927406894279,-7.00761946141163,-4.29110363716145,2.1229334856458,6.80302797329309,5.29955194613092
"B2L13_HUMAN---CH60_HUMAN",-58.1246872298532,15.8884178750955,16.6047227872292,2.25522194433077,8.03750035768164,1.41870633062349,-3.7899027912078,-7.13425703277327,4.72110006770253,-1.02526526103847
"B2R4R0_HUMAN---TP53B_HUMAN",-61.9579800536959,-4.44964724723935,5.16341107429619,13.5788605514532,-1.12490470315422,-6.74052772042454,-0.354114975737039,6.14255323413486,-6.35311572156205,-2.54629527404865
"B2RBV7_HUMAN---OTUL_HUMAN",-60.5529438257201,5.89775548365228,12.4109088401518,9.55591868538608,6.25927406894279,-7.00761946141163,-4.29110363716145,2.1229334856458,6.80302797329309,5.29955194613092
"B2RBV7_HUMAN---VPRBP_HUMAN",-60.5529438257201,5.89775548365228,12.4109088401518,9.55591868538608,6.25927406894279,-7.00761946141163,-4.29110363716145,2.1229334856458,6.80302797329309,5.29955194613092
"B4E1U9_HUMAN---BORG1_HUMAN",-45.8946399949118,38.6277422622627,5.84212081168682,-13.5548623397778,-8.09117622874177,6.64343395107537,3.64224209204246,9.96965365082916,-0.171468703053023,6.83186929567662
"B4E1U9_HUMAN---WASL_HUMAN",-45.8946399949118,38.6277422622627,5.84212081168682,-13.5548623397778,-8.09117622874177,6.64343395107537,3.64224209204246,9.96965365082916,-0.171468703053023,6.83186929567662
"BACH_HUMAN---NHLC2_HUMAN",-61.9579800536959,-4.44964724723935,5.16341107429619,13.5788605514532,-1.12490470315422,-6.74052772042454,-0.354114975737039,6.14255323413486,-6.35311572156205,-2.54629527404865
"BAD_HUMAN---KS6A1_HUMAN",-60.5529438257201,5.89775548365228,12.4109088401518,9.55591868538608,6.25927406894279,-7.00761946141163,-4.29110363716145,2.1229334856458,6.80302797329309,5.29955194613092
"BAG6_HUMAN---CDK16_HUMAN",-58.1246872298532,15.8884178750955,16.6047227872292,2.25522194433077,8.03750035768164,1.41870633062349,-3.7899027912078,-7.13425703277327,4.72110006770253,-1.02526526103847
"BARD1_HUMAN---DHX57_HUMAN",-29.7435427614512,50.495889367779,-15.7719188026669,-5.7373550163212,-9.18079998042594,-11.0369058003772,-4.78117831882998,-3.48258254389187,3.78585258732461,-9.12459407887145
"BARD1_HUMAN---LARP1_HUMAN",6.21402189272338,49.1662070003366,-20.5283989345007,20.326980273291,18.4473634777951,10.3228817206621,3.27066350475845,0.0807101822917917,0.776485685641136,8.48688244876118
"BARD1_HUMAN---P53_HUMAN",-29.7435427614512,50.495889367779,-15.7719188026669,-5.7373550163212,-9.18079998042594,-11.0369058003772,-4.78117831882998,-3.48258254389187,3.78585258732461,-9.12459407887145
"BARD1_HUMAN---SCAFB_HUMAN",0.504606521456187,50.8698089694719,-24.3620729862302,18.0860936860104,13.4097660427113,4.38512610131961,4.31712092294687,0.493759473254053,-7.85248170294633,9.53484003148486
"BARD1_HUMAN---TBCD1_HUMAN",-29.7435427614512,50.495889367779,-15.7719188026669,-5.7373550163212,-9.18079998042594,-11.0369058003772,-4.78117831882998,-3.48258254389187,3.78585258732461,-9.12459407887145
"BARD1_HUMAN---TPC11_HUMAN",6.21402189272338,49.1662070003366,-20.5283989345007,20.326980273291,18.4473634777951,10.3228817206621,3.27066350475845,0.0807101822917917,0.776485685641136,8.48688244876118
"BBX_HUMAN---HS90B_HUMAN",-60.5529438257201,5.89775548365228,12.4109088401518,9.55591868538608,6.25927406894279,-7.00761946141163,-4.29110363716145,2.1229334856458,6.80302797329309,5.29955194613092
"BCAR1_HUMAN---ZYX_HUMAN",-58.362086070219,-21.1266066563434,-13.7540727749678,-4.64150798811611,1.42312150657234,7.01604264913675,-9.60553049363315,1.86990710077616,-0.935056965384246,-0.100695559707325
"BCLF1_HUMAN---SRRM1_HUMAN",-58.362086070219,-21.1266066563434,-13.7540727749678,-4.64150798811611,1.42312150657234,7.01604264913675,-9.60553049363315,1.86990710077616,-0.935056965384246,-0.100695559707325
"BCOR_HUMAN---ZBT7A_HUMAN",-54.8190103216398,24.8182646555727,16.3404554384038,-5.48674521677981,4.04235362875702,9.19755391060193,1.01417067652103,-7.38625589192247,-5.64943157502897,-5.32620411394367
"BCS1_HUMAN---DDX24_HUMAN",-60.5529438257201,5.89775548365228,12.4109088401518,9.55591868538608,6.25927406894279,-7.00761946141163,-4.29110363716145,2.1229334856458,6.80302797329309,5.29955194613092
"BRAP_HUMAN---KSR1_HUMAN",-40.8061293925175,43.8718330000029,-2.03304132219972,-13.241159726119,-11.6223619243828,-0.717928604715793,1.1153994709287,10.445954298274,5.60904786552495,2.29680381752232
"B2R4R0_HUMAN---BRD2_HUMAN",-61.9579800536959,-4.44964724723935,5.16341107429619,13.5788605514532,-1.12490470315422,-6.74052772042454,-0.354114975737039,6.14255323413486,-6.35311572156205,-2.54629527404865
"BRD3_HUMAN---SRPK2_HUMAN",-5.37087962910992,51.9949401915273,-24.5557435772508,14.259716228486,9.70209088266433,-0.188403169847555,1.89805597645603,-4.63822463418926,-8.72541957740513,11.9269019214938
"BUD13_HUMAN---CDK1_HUMAN",-60.5529438257201,5.89775548365228,12.4109088401518,9.55591868538608,6.25927406894279,-7.00761946141163,-4.29110363716145,2.1229334856458,6.80302797329309,5.29955194613092
"BZW2_HUMAN---SMAP_HUMAN",-40.8061293925175,43.8718330000029,-2.03304132219972,-13.241159726119,-11.6223619243828,-0.717928604715793,1.1153994709287,10.445954298274,5.60904786552495,2.29680381752232
"CA052_HUMAN---NFKB1_HUMAN",-60.5529438257201,5.89775548365228,12.4109088401518,9.55591868538608,6.25927406894279,-7.00761946141163,-4.29110363716145,2.1229334856458,6.80302797329309,5.29955194613092
"CAAP1_HUMAN---KAT7_HUMAN",-35.4324478052464,47.8101790388058,-9.51906414180939,-10.5015752656489,-11.6996128555521,-7.15625575113627,-2.03784416252618,4.80282160793743,6.78801715871227,-4.80522835978165
"CADH1_HUMAN---CTNB1_HUMAN",-35.4324478052464,47.8101790388058,-9.51906414180939,-10.5015752656489,-11.6996128555521,-7.15625575113627,-2.03784416252618,4.80282160793743,6.78801715871227,-4.80522835978165
"BAZ1B_HUMAN---CAF1B_HUMAN",-5.37087962910992,51.9949401915273,-24.5557435772508,14.259716228486,9.70209088266433,-0.188403169847555,1.89805597645603,-4.63822463418926,-8.72541957740513,11.9269019214938
"CALX_HUMAN---MK03_HUMAN",-61.2814391852644,-13.9698053353305,-6.74885269347883,9.10210716357418,-8.4448062512393,4.3519377045214,5.489293902188,-3.43060943273724,2.76103382149807,0.618026505131509
"CALX_HUMAN---PGRC1_HUMAN",-61.2814391852644,-13.9698053353305,-6.74885269347883,9.10210716357418,-8.4448062512393,4.3519377045214,5.489293902188,-3.43060943273724,2.76103382149807,0.618026505131509
"CBL_HUMAN---CD2AP_HUMAN",-58.362086070219,-21.1266066563434,-13.7540727749678,-4.64150798811611,1.42312150657234,7.01604264913675,-9.60553049363315,1.86990710077616,-0.935056965384246,-0.100695559707325
"CBL_HUMAN---GRB2_HUMAN",-53.9520645546212,-25.9567839901067,-13.1829136712939,-15.6676457355086,10.8896968975015,-4.39926106066006,7.03717015438387,1.02223294865976,0.231175436621904,-2.21259043027763
"AURKB_HUMAN---CCD86_HUMAN",-58.1246872298532,15.8884178750955,16.6047227872292,2.25522194433077,8.03750035768164,1.41870633062349,-3.7899027912078,-7.13425703277327,4.72110006770253,-1.02526526103847
"CCDC6_HUMAN---HDAC1_HUMAN",-11.4098321272134,52.6800349790317,-24.3489234437977,9.69307972852699,5.42711267392537,-5.28482863848678,-0.683346390432991,-9.07114992466435,-8.3428992236731,9.95931192877251
"CD2B2_HUMAN---U520_HUMAN",-61.2814391852644,-13.9698053353305,-6.74885269347883,9.10210716357418,-8.4448062512393,4.3519377045214,5.489293902188,-3.43060943273724,2.76103382149807,0.618026505131509
"CDC20_HUMAN---MD2L1_HUMAN",-54.8190103216398,24.8182646555727,16.3404554384038,-5.48674521677981,4.04235362875702,9.19755391060193,1.01417067652103,-7.38625589192247,-5.64943157502897,-5.32620411394367
"CDC20_HUMAN---MDC1_HUMAN",-54.8190103216398,24.8182646555727,16.3404554384038,-5.48674521677981,4.04235362875702,9.19755391060193,1.01417067652103,-7.38625589192247,-5.64943157502897,-5.32620411394367
"CDC7_HUMAN---MCM2_HUMAN",-54.8190103216398,24.8182646555727,16.3404554384038,-5.48674521677981,4.04235362875702,9.19755391060193,1.01417067652103,-7.38625589192247,-5.64943157502897,-5.32620411394367
"CDC7_HUMAN---PSIP1_HUMAN",-54.8190103216398,24.8182646555727,16.3404554384038,-5.48674521677981,4.04235362875702,9.19755391060193,1.01417067652103,-7.38625589192247,-5.64943157502897,-5.32620411394367
"C1QBP_HUMAN---CDK13_HUMAN",-50.4356615827681,32.3497768170642,12.8444267255481,-11.0595930266573,-2.78861779873255,10.5708372869112,4.10569171760535,1.8633323143335,-5.93785616884876,2.34257184876636
"CDK16_HUMAN---KAPCA_HUMAN",-61.9579800536959,-4.44964724723935,5.16341107429619,13.5788605514532,-1.12490470315422,-6.74052772042454,-0.354114975737039,6.14255323413486,-6.35311572156205,-2.54629527404865
"CDK1_HUMAN---DNLI3_HUMAN",-61.9579800536959,-4.44964724723935,5.16341107429619,13.5788605514532,-1.12490470315422,-6.74052772042454,-0.354114975737039,6.14255323413486,-6.35311572156205,-2.54629527404865
"BACH_HUMAN---CDK2_HUMAN",-61.9579800536959,-4.44964724723935,5.16341107429619,13.5788605514532,-1.12490470315422,-6.74052772042454,-0.354114975737039,6.14255323413486,-6.35311572156205,-2.54629527404865
"BAP18_HUMAN---CDK2_HUMAN",-61.2814391852644,-13.9698053353305,-6.74885269347883,9.10210716357418,-8.4448062512393,4.3519377045214,5.489293902188,-3.43060943273724,2.76103382149807,0.618026505131509
"CDK2_HUMAN---NUFP2_HUMAN",-40.8061293925175,43.8718330000029,-2.03304132219972,-13.241159726119,-11.6223619243828,-0.717928604715793,1.1153994709287,10.445954298274,5.60904786552495,2.29680381752232
"CDK2_HUMAN---RB_HUMAN",-61.2814391852644,-13.9698053353305,-6.74885269347883,9.10210716357418,-8.4448062512393,4.3519377045214,5.489293902188,-3.43060943273724,2.76103382149807,0.618026505131509
"CDK2_HUMAN---TB182_HUMAN",-58.1246872298532,15.8884178750955,16.6047227872292,2.25522194433077,8.03750035768164,1.41870633062349,-3.7899027912078,-7.13425703277327,4.72110006770253,-1.02526526103847
"C2CD5_HUMAN---CDK5_HUMAN",6.21402189272338,49.1662070003366,-20.5283989345007,20.326980273291,18.4473634777951,10.3228817206621,3.27066350475845,0.0807101822917917,0.776485685641136,8.48688244876118
"CDK5_HUMAN---P53_HUMAN",-61.2814391852644,-13.9698053353305,-6.74885269347883,9.10210716357418,-8.4448062512393,4.3519377045214,5.489293902188,-3.43060943273724,2.76103382149807,0.618026505131509
"CFTR_HUMAN---HACD3_HUMAN",-61.9579800536959,-4.44964724723935,5.16341107429619,13.5788605514532,-1.12490470315422,-6.74052772042454,-0.354114975737039,6.14255323413486,-6.35311572156205,-2.54629527404865
"CFTR_HUMAN---NHRF1_HUMAN",-61.9579800536959,-4.44964724723935,5.16341107429619,13.5788605514532,-1.12490470315422,-6.74052772042454,-0.354114975737039,6.14255323413486,-6.35311572156205,-2.54629527404865
"CH10_HUMAN---CH60_HUMAN",-58.1246872298532,15.8884178750955,16.6047227872292,2.25522194433077,8.03750035768164,1.41870633062349,-3.7899027912078,-7.13425703277327,4.72110006770253,-1.02526526103847
"CHAP1_HUMAN---MDC1_HUMAN",-54.8190103216398,24.8182646555727,16.3404554384038,-5.48674521677981,4.04235362875702,9.19755391060193,1.01417067652103,-7.38625589192247,-5.64943157502897,-5.32620411394367
"CHD4_HUMAN---HDAC1_HUMAN",-58.362086070219,-21.1266066563434,-13.7540727749678,-4.64150798811611,1.42312150657234,7.01604264913675,-9.60553049363315,1.86990710077616,-0.935056965384246,-0.100695559707325
"CK052_HUMAN---SRPK1_HUMAN",-29.7435427614512,50.495889367779,-15.7719188026669,-5.7373550163212,-9.18079998042594,-11.0369058003772,-4.78117831882998,-3.48258254389187,3.78585258732461,-9.12459407887145
"1433G_HUMAN---CLAP1_HUMAN",-61.2814391852644,-13.9698053353305,-6.74885269347883,9.10210716357418,-8.4448062512393,4.3519377045214,5.489293902188,-3.43060943273724,2.76103382149807,0.618026505131509
"ACTB_HUMAN---COF1_HUMAN",-23.4286522417656,52.3026328621009,-19.8301032516111,-0.195543191646286,-5.54195824062233,-11.8620188813935,-5.74056942943618,-9.56512595758417,-1.12773641429548,-4.57558989262531
"CPSF7_HUMAN---CSK21_HUMAN",-60.5529438257201,5.89775548365228,12.4109088401518,9.55591868538608,6.25927406894279,-7.00761946141163,-4.29110363716145,2.1229334856458,6.80302797329309,5.29955194613092
"ARHG5_HUMAN---CRKL_HUMAN",-53.9520645546212,-25.9567839901067,-13.1829136712939,-15.6676457355086,10.8896968975015,-4.39926106066006,7.03717015438387,1.02223294865976,0.231175436621904,-2.21259043027763
"BCAR1_HUMAN---CRKL_HUMAN",-53.9520645546212,-25.9567839901067,-13.1829136712939,-15.6676457355086,10.8896968975015,-4.39926106066006,7.03717015438387,1.02223294865976,0.231175436621904,-2.21259043027763
"CBL_HUMAN---CRKL_HUMAN",-53.9520645546212,-25.9567839901067,-13.1829136712939,-15.6676457355086,10.8896968975015,-4.39926106066006,7.03717015438387,1.02223294865976,0.231175436621904,-2.21259043027763
"CRKL_HUMAN---M4K5_HUMAN",-53.9520645546212,-25.9567839901067,-13.1829136712939,-15.6676457355086,10.8896968975015,-4.39926106066006,7.03717015438387,1.02223294865976,0.231175436621904,-2.21259043027763
"CRKL_HUMAN---STA5A_HUMAN",-53.9520645546212,-25.9567839901067,-13.1829136712939,-15.6676457355086,10.8896968975015,-4.39926106066006,7.03717015438387,1.02223294865976,0.231175436621904,-2.21259043027763
"ABL1_HUMAN---CRK_HUMAN",-58.362086070219,-21.1266066563434,-13.7540727749678,-4.64150798811611,1.42312150657234,7.01604264913675,-9.60553049363315,1.86990710077616,-0.935056965384246,-0.100695559707325
"ABCF1_HUMAN---CSK21_HUMAN",-61.2814391852644,-13.9698053353305,-6.74885269347883,9.10210716357418,-8.4448062512393,4.3519377045214,5.489293902188,-3.43060943273724,2.76103382149807,0.618026505131509
"CALM_HUMAN---CSK21_HUMAN",-60.5529438257201,5.89775548365228,12.4109088401518,9.55591868538608,6.25927406894279,-7.00761946141163,-4.29110363716145,2.1229334856458,6.80302797329309,5.29955194613092
"CSK21_HUMAN---HAP28_HUMAN",-54.8190103216398,24.8182646555727,16.3404554384038,-5.48674521677981,4.04235362875702,9.19755391060193,1.01417067652103,-7.38625589192247,-5.64943157502897,-5.32620411394367
"CSK21_HUMAN---MGMT_HUMAN",-50.4356615827681,32.3497768170642,12.8444267255481,-11.0595930266573,-2.78861779873255,10.5708372869112,4.10569171760535,1.8633323143335,-5.93785616884876,2.34257184876636
"CSK21_HUMAN---VAMP4_HUMAN",-61.2814391852644,-13.9698053353305,-6.74885269347883,9.10210716357418,-8.4448062512393,4.3519377045214,5.489293902188,-3.43060943273724,2.76103382149807,0.618026505131509
"CSN6_HUMAN---MA7D1_HUMAN",-54.8190103216398,24.8182646555727,16.3404554384038,-5.48674521677981,4.04235362875702,9.19755391060193,1.01417067652103,-7.38625589192247,-5.64943157502897,-5.32620411394367
"CSN6_HUMAN---VPRBP_HUMAN",-54.8190103216398,24.8182646555727,16.3404554384038,-5.48674521677981,4.04235362875702,9.19755391060193,1.01417067652103,-7.38625589192247,-5.64943157502897,-5.32620411394367
"CSTFT_HUMAN---UBQL1_HUMAN",-35.4324478052464,47.8101790388058,-9.51906414180939,-10.5015752656489,-11.6996128555521,-7.15625575113627,-2.03784416252618,4.80282160793743,6.78801715871227,-4.80522835978165
"ABL1_HUMAN---CTNB1_HUMAN",-58.362086070219,-21.1266066563434,-13.7540727749678,-4.64150798811611,1.42312150657234,7.01604264913675,-9.60553049363315,1.86990710077616,-0.935056965384246,-0.100695559707325
"AP3D1_HUMAN---CTNB1_HUMAN",-58.362086070219,-21.1266066563434,-13.7540727749678,-4.64150798811611,1.42312150657234,7.01604264913675,-9.60553049363315,1.86990710077616,-0.935056965384246,-0.100695559707325
"APC_HUMAN---CTNB1_HUMAN",-58.362086070219,-21.1266066563434,-13.7540727749678,-4.64150798811611,1.42312150657234,7.01604264913675,-9.60553049363315,1.86990710077616,-0.935056965384246,-0.100695559707325
"CTNB1_HUMAN---HDAC1_HUMAN",-58.362086070219,-21.1266066563434,-13.7540727749678,-4.64150798811611,1.42312150657234,7.01604264913675,-9.60553049363315,1.86990710077616,-0.935056965384246,-0.100695559707325
"CTNB1_HUMAN---IF2B1_HUMAN",0.504606521456187,50.8698089694719,-24.3620729862302,18.0860936860104,13.4097660427113,4.38512610131961,4.31712092294687,0.493759473254053,-7.85248170294633,9.53484003148486
"CTNB1_HUMAN---IQGA1_HUMAN",-29.7435427614512,50.495889367779,-15.7719188026669,-5.7373550163212,-9.18079998042594,-11.0369058003772,-4.78117831882998,-3.48258254389187,3.78585258732461,-9.12459407887145
"CTNB1_HUMAN---TNIK_HUMAN",-61.2814391852644,-13.9698053353305,-6.74885269347883,9.10210716357418,-8.4448062512393,4.3519377045214,5.489293902188,-3.43060943273724,2.76103382149807,0.618026505131509
"CTNB1_HUMAN---YAP1_HUMAN",-61.2814391852644,-13.9698053353305,-6.74885269347883,9.10210716357418,-8.4448062512393,4.3519377045214,5.489293902188,-3.43060943273724,2.76103382149807,0.618026505131509
"CDCA3_HUMAN---CUL1_HUMAN",-54.8190103216398,24.8182646555727,16.3404554384038,-5.48674521677981,4.04235362875702,9.19755391060193,1.01417067652103,-7.38625589192247,-5.64943157502897,-5.32620411394367
"APC_HUMAN---CYTSA_HUMAN",-58.362086070219,-21.1266066563434,-13.7540727749678,-4.64150798811611,1.42312150657234,7.01604264913675,-9.60553049363315,1.86990710077616,-0.935056965384246,-0.100695559707325
"CYTSB_HUMAN---TRAF2_HUMAN",-61.2814391852644,-13.9698053353305,-6.74885269347883,9.10210716357418,-8.4448062512393,4.3519377045214,5.489293902188,-3.43060943273724,2.76103382149807,0.618026505131509
"BAD_HUMAN---D0PNI1_HUMAN",-50.4356615827681,32.3497768170642,12.8444267255481,-11.0595930266573,-2.78861779873255,10.5708372869112,4.10569171760535,1.8633323143335,-5.93785616884876,2.34257184876636
"D0PNI1_HUMAN---SMAG2_HUMAN",-50.4356615827681,32.3497768170642,12.8444267255481,-11.0595930266573,-2.78861779873255,10.5708372869112,4.10569171760535,1.8633323143335,-5.93785616884876,2.34257184876636
"DAB2_HUMAN---GRB2_HUMAN",-61.9579800536959,-4.44964724723935,5.16341107429619,13.5788605514532,-1.12490470315422,-6.74052772042454,-0.354114975737039,6.14255323413486,-6.35311572156205,-2.54629527404865
"DBNL_HUMAN---HERC2_HUMAN",-58.1246872298532,15.8884178750955,16.6047227872292,2.25522194433077,8.03750035768164,1.41870633062349,-3.7899027912078,-7.13425703277327,4.72110006770253,-1.02526526103847
"AKA12_HUMAN---DC1L1_HUMAN",-54.8190103216398,24.8182646555727,16.3404554384038,-5.48674521677981,4.04235362875702,9.19755391060193,1.01417067652103,-7.38625589192247,-5.64943157502897,-5.32620411394367
"DC1L1_HUMAN---DC1L2_HUMAN",-40.8061293925175,43.8718330000029,-2.03304132219972,-13.241159726119,-11.6223619243828,-0.717928604715793,1.1153994709287,10.445954298274,5.60904786552495,2.29680381752232
"DDA1_HUMAN---PWP1_HUMAN",-54.8190103216398,24.8182646555727,16.3404554384038,-5.48674521677981,4.04235362875702,9.19755391060193,1.01417067652103,-7.38625589192247,-5.64943157502897,-5.32620411394367
"DDA1_HUMAN---VPRBP_HUMAN",-60.5529438257201,5.89775548365228,12.4109088401518,9.55591868538608,6.25927406894279,-7.00761946141163,-4.29110363716145,2.1229334856458,6.80302797329309,5.29955194613092
"DDX24_HUMAN---HS90B_HUMAN",-60.5529438257201,5.89775548365228,12.4109088401518,9.55591868538608,6.25927406894279,-7.00761946141163,-4.29110363716145,2.1229334856458,6.80302797329309,5.29955194613092
"CDK1_HUMAN---DDX3X_HUMAN",-53.9520645546212,-25.9567839901067,-13.1829136712939,-15.6676457355086,10.8896968975015,-4.39926106066006,7.03717015438387,1.02223294865976,0.231175436621904,-2.21259043027763
"DDX3Y_HUMAN---G4XH65_HUMAN",-61.9579800536959,-4.44964724723935,5.16341107429619,13.5788605514532,-1.12490470315422,-6.74052772042454,-0.354114975737039,6.14255323413486,-6.35311572156205,-2.54629527404865
"DDX46_HUMAN---SRPK2_HUMAN",-61.2814391852644,-13.9698053353305,-6.74885269347883,9.10210716357418,-8.4448062512393,4.3519377045214,5.489293902188,-3.43060943273724,2.76103382149807,0.618026505131509
"DDX54_HUMAN---G4XH65_HUMAN",-61.2814391852644,-13.9698053353305,-6.74885269347883,9.10210716357418,-8.4448062512393,4.3519377045214,5.489293902188,-3.43060943273724,2.76103382149807,0.618026505131509
"DDX54_HUMAN---WDHD1_HUMAN",-61.2814391852644,-13.9698053353305,-6.74885269347883,9.10210716357418,-8.4448062512393,4.3519377045214,5.489293902188,-3.43060943273724,2.76103382149807,0.618026505131509
"CEBPZ_HUMAN---DDX55_HUMAN",-61.2814391852644,-13.9698053353305,-6.74885269347883,9.10210716357418,-8.4448062512393,4.3519377045214,5.489293902188,-3.43060943273724,2.76103382149807,0.618026505131509
"DDX55_HUMAN---NOC2L_HUMAN",-61.9579800536959,-4.44964724723935,5.16341107429619,13.5788605514532,-1.12490470315422,-6.74052772042454,-0.354114975737039,6.14255323413486,-6.35311572156205,-2.54629527404865
"DENR_HUMAN---PP1B_HUMAN",-61.2814391852644,-13.9698053353305,-6.74885269347883,9.10210716357418,-8.4448062512393,4.3519377045214,5.489293902188,-3.43060943273724,2.76103382149807,0.618026505131509
"DEP1B_HUMAN---MDC1_HUMAN",-61.9579800536959,-4.44964724723935,5.16341107429619,13.5788605514532,-1.12490470315422,-6.74052772042454,-0.354114975737039,6.14255323413486,-6.35311572156205,-2.54629527404865
"DESP_HUMAN---PKP2_HUMAN",-23.4286522417656,52.3026328621009,-19.8301032516111,-0.195543191646286,-5.54195824062233,-11.8620188813935,-5.74056942943618,-9.56512595758417,-1.12773641429548,-4.57558989262531
"DESP_HUMAN---PKP4_HUMAN",-61.2814391852644,-13.9698053353305,-6.74885269347883,9.10210716357418,-8.4448062512393,4.3519377045214,5.489293902188,-3.43060943273724,2.76103382149807,0.618026505131509
"DHX29_HUMAN---G4XH65_HUMAN",-35.4324478052464,47.8101790388058,-9.51906414180939,-10.5015752656489,-11.6996128555521,-7.15625575113627,-2.03784416252618,4.80282160793743,6.78801715871227,-4.80522835978165
"DKC1_HUMAN---WDR48_HUMAN",0.504606521456187,50.8698089694719,-24.3620729862302,18.0860936860104,13.4097660427113,4.38512610131961,4.31712092294687,0.493759473254053,-7.85248170294633,9.53484003148486
"CDK1_HUMAN---DLG1_HUMAN",-50.4356615827681,32.3497768170642,12.8444267255481,-11.0595930266573,-2.78861779873255,10.5708372869112,4.10569171760535,1.8633323143335,-5.93785616884876,2.34257184876636
"DLG1_HUMAN---TJAP1_HUMAN",-50.4356615827681,32.3497768170642,12.8444267255481,-11.0595930266573,-2.78861779873255,10.5708372869112,4.10569171760535,1.8633323143335,-5.93785616884876,2.34257184876636
"CDK1_HUMAN---DNLI1_HUMAN",-60.5529438257201,5.89775548365228,12.4109088401518,9.55591868538608,6.25927406894279,-7.00761946141163,-4.29110363716145,2.1229334856458,6.80302797329309,5.29955194613092
"CDK1_HUMAN---DNM1L_HUMAN",-58.362086070219,-21.1266066563434,-13.7540727749678,-4.64150798811611,1.42312150657234,7.01604264913675,-9.60553049363315,1.86990710077616,-0.935056965384246,-0.100695559707325
"DNMT1_HUMAN---HDAC1_HUMAN",-58.362086070219,-21.1266066563434,-13.7540727749678,-4.64150798811611,1.42312150657234,7.01604264913675,-9.60553049363315,1.86990710077616,-0.935056965384246,-0.100695559707325
"DOCK4_HUMAN---GRB2_HUMAN",-58.362086070219,-21.1266066563434,-13.7540727749678,-4.64150798811611,1.42312150657234,7.01604264913675,-9.60553049363315,1.86990710077616,-0.935056965384246,-0.100695559707325
"AFAD_HUMAN---DREB_HUMAN",-53.9520645546212,-25.9567839901067,-13.1829136712939,-15.6676457355086,10.8896968975015,-4.39926106066006,7.03717015438387,1.02223294865976,0.231175436621904,-2.21259043027763
"DREB_HUMAN---NIPBL_HUMAN",-60.5529438257201,5.89775548365228,12.4109088401518,9.55591868538608,6.25927406894279,-7.00761946141163,-4.29110363716145,2.1229334856458,6.80302797329309,5.29955194613092
"CCNL2_HUMAN---DYR1A_HUMAN",-50.4356615827681,32.3497768170642,12.8444267255481,-11.0595930266573,-2.78861779873255,10.5708372869112,4.10569171760535,1.8633323143335,-5.93785616884876,2.34257184876636
"DYR1A_HUMAN---SF3B1_HUMAN",-50.4356615827681,32.3497768170642,12.8444267255481,-11.0595930266573,-2.78861779873255,10.5708372869112,4.10569171760535,1.8633323143335,-5.93785616884876,2.34257184876636
"DYR1B_HUMAN---MK01_HUMAN",-61.2814391852644,-13.9698053353305,-6.74885269347883,9.10210716357418,-8.4448062512393,4.3519377045214,5.489293902188,-3.43060943273724,2.76103382149807,0.618026505131509
"DYR1B_HUMAN---SF3B1_HUMAN",-61.2814391852644,-13.9698053353305,-6.74885269347883,9.10210716357418,-8.4448062512393,4.3519377045214,5.489293902188,-3.43060943273724,2.76103382149807,0.618026505131509
"DYRK4_HUMAN---HS90B_HUMAN",-61.2814391852644,-13.9698053353305,-6.74885269347883,9.10210716357418,-8.4448062512393,4.3519377045214,5.489293902188,-3.43060943273724,2.76103382149807,0.618026505131509
"CCDC6_HUMAN---E7ETM7_HUMAN",-11.4098321272134,52.6800349790317,-24.3489234437977,9.69307972852699,5.42711267392537,-5.28482863848678,-0.683346390432991,-9.07114992466435,-8.3428992236731,9.95931192877251
"E7ETM7_HUMAN---PTSS2_HUMAN",-17.2069461178492,52.4868760261825,-21.2984823386508,5.1775414570261,-1.18690798736015,-7.90049571460628,-4.4861564712287,-7.83861774637462,-2.60390003247495,-0.76011339846948
"EDC3_HUMAN---EDC4_HUMAN",-45.8946399949118,38.6277422622627,5.84212081168682,-13.5548623397778,-8.09117622874177,6.64343395107537,3.64224209204246,9.96965365082916,-0.171468703053023,6.83186929567662
"CH10_HUMAN---EF1A1_HUMAN",-58.362086070219,-21.1266066563434,-13.7540727749678,-4.64150798811611,1.42312150657234,7.01604264913675,-9.60553049363315,1.86990710077616,-0.935056965384246,-0.100695559707325
"EF1A1_HUMAN---EF1B_HUMAN",-54.8190103216398,24.8182646555727,16.3404554384038,-5.48674521677981,4.04235362875702,9.19755391060193,1.01417067652103,-7.38625589192247,-5.64943157502897,-5.32620411394367
"EF1A1_HUMAN---MAGD2_HUMAN",-60.5529438257201,5.89775548365228,12.4109088401518,9.55591868538608,6.25927406894279,-7.00761946141163,-4.29110363716145,2.1229334856458,6.80302797329309,5.29955194613092
"EF1A1_HUMAN---XRN2_HUMAN",-61.9579800536959,-4.44964724723935,5.16341107429619,13.5788605514532,-1.12490470315422,-6.74052772042454,-0.354114975737039,6.14255323413486,-6.35311572156205,-2.54629527404865
"CDK1_HUMAN---EF1D_HUMAN",-61.9579800536959,-4.44964724723935,5.16341107429619,13.5788605514532,-1.12490470315422,-6.74052772042454,-0.354114975737039,6.14255323413486,-6.35311572156205,-2.54629527404865
"EF1D_HUMAN---MAP1B_HUMAN",-61.9579800536959,-4.44964724723935,5.16341107429619,13.5788605514532,-1.12490470315422,-6.74052772042454,-0.354114975737039,6.14255323413486,-6.35311572156205,-2.54629527404865
"EFNB2_HUMAN---EPHA3_HUMAN",-58.362086070219,-21.1266066563434,-13.7540727749678,-4.64150798811611,1.42312150657234,7.01604264913675,-9.60553049363315,1.86990710077616,-0.935056965384246,-0.100695559707325
"AKA12_HUMAN---EGFR_HUMAN",-61.2814391852644,-13.9698053353305,-6.74885269347883,9.10210716357418,-8.4448062512393,4.3519377045214,5.489293902188,-3.43060943273724,2.76103382149807,0.618026505131509
"ANS1A_HUMAN---EGFR_HUMAN",-58.362086070219,-21.1266066563434,-13.7540727749678,-4.64150798811611,1.42312150657234,7.01604264913675,-9.60553049363315,1.86990710077616,-0.935056965384246,-0.100695559707325
"B4DJ51_HUMAN---EGFR_HUMAN",-50.4356615827681,32.3497768170642,12.8444267255481,-11.0595930266573,-2.78861779873255,10.5708372869112,4.10569171760535,1.8633323143335,-5.93785616884876,2.34257184876636
"BIG3_HUMAN---EGFR_HUMAN",-58.1246872298532,15.8884178750955,16.6047227872292,2.25522194433077,8.03750035768164,1.41870633062349,-3.7899027912078,-7.13425703277327,4.72110006770253,-1.02526526103847
"CBLB_HUMAN---EGFR_HUMAN",-53.9520645546212,-25.9567839901067,-13.1829136712939,-15.6676457355086,10.8896968975015,-4.39926106066006,7.03717015438387,1.02223294865976,0.231175436621904,-2.21259043027763
"CBL_HUMAN---EGFR_HUMAN",-53.9520645546212,-25.9567839901067,-13.1829136712939,-15.6676457355086,10.8896968975015,-4.39926106066006,7.03717015438387,1.02223294865976,0.231175436621904,-2.21259043027763
"EGFR_HUMAN---EGF_HUMAN",-53.9520645546212,-25.9567839901067,-13.1829136712939,-15.6676457355086,10.8896968975015,-4.39926106066006,7.03717015438387,1.02223294865976,0.231175436621904,-2.21259043027763
"EGFR_HUMAN---ENPL_HUMAN",-61.2814391852644,-13.9698053353305,-6.74885269347883,9.10210716357418,-8.4448062512393,4.3519377045214,5.489293902188,-3.43060943273724,2.76103382149807,0.618026505131509
"EGFR_HUMAN---EPN1_HUMAN",-58.362086070219,-21.1266066563434,-13.7540727749678,-4.64150798811611,1.42312150657234,7.01604264913675,-9.60553049363315,1.86990710077616,-0.935056965384246,-0.100695559707325
"EGFR_HUMAN---GSTP1_HUMAN",-23.4286522417656,52.3026328621009,-19.8301032516111,-0.195543191646286,-5.54195824062233,-11.8620188813935,-5.74056942943618,-9.56512595758417,-1.12773641429548,-4.57558989262531
"EGFR_HUMAN---HGS_HUMAN",-53.9520645546212,-25.9567839901067,-13.1829136712939,-15.6676457355086,10.8896968975015,-4.39926106066006,7.03717015438387,1.02223294865976,0.231175436621904,-2.21259043027763
"EGFR_HUMAN---RN213_HUMAN",-58.362086070219,-21.1266066563434,-13.7540727749678,-4.64150798811611,1.42312150657234,7.01604264913675,-9.60553049363315,1.86990710077616,-0.935056965384246,-0.100695559707325
"EGFR_HUMAN---TELO2_HUMAN",-53.9520645546212,-25.9567839901067,-13.1829136712939,-15.6676457355086,10.8896968975015,-4.39926106066006,7.03717015438387,1.02223294865976,0.231175436621904,-2.21259043027763
"EGFR_HUMAN---UBP8_HUMAN",-58.1246872298532,15.8884178750955,16.6047227872292,2.25522194433077,8.03750035768164,1.41870633062349,-3.7899027912078,-7.13425703277327,4.72110006770253,-1.02526526103847
"DDX3X_HUMAN---EIF3B_HUMAN",-61.2814391852644,-13.9698053353305,-6.74885269347883,9.10210716357418,-8.4448062512393,4.3519377045214,5.489293902188,-3.43060943273724,2.76103382149807,0.618026505131509
"EIF3B_HUMAN---EIF3C_HUMAN",-45.8946399949118,38.6277422622627,5.84212081168682,-13.5548623397778,-8.09117622874177,6.64343395107537,3.64224209204246,9.96965365082916,-0.171468703053023,6.83186929567662
"EIF3B_HUMAN---EIF3G_HUMAN",-58.1246872298532,15.8884178750955,16.6047227872292,2.25522194433077,8.03750035768164,1.41870633062349,-3.7899027912078,-7.13425703277327,4.72110006770253,-1.02526526103847
"ELF2_HUMAN---SUMO2_HUMAN",-61.2814391852644,-13.9698053353305,-6.74885269347883,9.10210716357418,-8.4448062512393,4.3519377045214,5.489293902188,-3.43060943273724,2.76103382149807,0.618026505131509
"EP15R_HUMAN---EPN1_HUMAN",-58.1246872298532,15.8884178750955,16.6047227872292,2.25522194433077,8.03750035768164,1.41870633062349,-3.7899027912078,-7.13425703277327,4.72110006770253,-1.02526526103847
"CBL_HUMAN---EPHA2_HUMAN",-58.362086070219,-21.1266066563434,-13.7540727749678,-4.64150798811611,1.42312150657234,7.01604264913675,-9.60553049363315,1.86990710077616,-0.935056965384246,-0.100695559707325
"EPHA2_HUMAN---EPHA7_HUMAN",-58.362086070219,-21.1266066563434,-13.7540727749678,-4.64150798811611,1.42312150657234,7.01604264913675,-9.60553049363315,1.86990710077616,-0.935056965384246,-0.100695559707325
"EPHA3_HUMAN---EPHA7_HUMAN",-53.9520645546212,-25.9567839901067,-13.1829136712939,-15.6676457355086,10.8896968975015,-4.39926106066006,7.03717015438387,1.02223294865976,0.231175436621904,-2.21259043027763
"EPN1_HUMAN---EPS15_HUMAN",-61.2814391852644,-13.9698053353305,-6.74885269347883,9.10210716357418,-8.4448062512393,4.3519377045214,5.489293902188,-3.43060943273724,2.76103382149807,0.618026505131509
"ETS1_HUMAN---JUN_HUMAN",-45.8946399949118,38.6277422622627,5.84212081168682,-13.5548623397778,-8.09117622874177,6.64343395107537,3.64224209204246,9.96965365082916,-0.171468703053023,6.83186929567662
"ETS1_HUMAN---TCAL3_HUMAN",-45.8946399949118,38.6277422622627,5.84212081168682,-13.5548623397778,-8.09117622874177,6.64343395107537,3.64224209204246,9.96965365082916,-0.171468703053023,6.83186929567662
"CDK1_HUMAN---EZH2_HUMAN",-58.1246872298532,15.8884178750955,16.6047227872292,2.25522194433077,8.03750035768164,1.41870633062349,-3.7899027912078,-7.13425703277327,4.72110006770253,-1.02526526103847
"F122B_HUMAN---WDR48_HUMAN",-40.8061293925175,43.8718330000029,-2.03304132219972,-13.241159726119,-11.6223619243828,-0.717928604715793,1.1153994709287,10.445954298274,5.60904786552495,2.29680381752232
"CHD3_HUMAN---F134A_HUMAN",-5.37087962910992,51.9949401915273,-24.5557435772508,14.259716228486,9.70209088266433,-0.188403169847555,1.89805597645603,-4.63822463418926,-8.72541957740513,11.9269019214938
"EGFR_HUMAN---FAK1_HUMAN",-53.9520645546212,-25.9567839901067,-13.1829136712939,-15.6676457355086,10.8896968975015,-4.39926106066006,7.03717015438387,1.02223294865976,0.231175436621904,-2.21259043027763
"FAK1_HUMAN---FGR_HUMAN",-58.362086070219,-21.1266066563434,-13.7540727749678,-4.64150798811611,1.42312150657234,7.01604264913675,-9.60553049363315,1.86990710077616,-0.935056965384246,-0.100695559707325
"FAK1_HUMAN---NASP_HUMAN",-54.8190103216398,24.8182646555727,16.3404554384038,-5.48674521677981,4.04235362875702,9.19755391060193,1.01417067652103,-7.38625589192247,-5.64943157502897,-5.32620411394367
"FAK1_HUMAN---PAXI_HUMAN",-53.9520645546212,-25.9567839901067,-13.1829136712939,-15.6676457355086,10.8896968975015,-4.39926106066006,7.03717015438387,1.02223294865976,0.231175436621904,-2.21259043027763
"CUL1_HUMAN---FBX4_HUMAN",-54.8190103216398,24.8182646555727,16.3404554384038,-5.48674521677981,4.04235362875702,9.19755391060193,1.01417067652103,-7.38625589192247,-5.64943157502897,-5.32620411394367
"FBX4_HUMAN---P53_HUMAN",-54.8190103216398,24.8182646555727,16.3404554384038,-5.48674521677981,4.04235362875702,9.19755391060193,1.01417067652103,-7.38625589192247,-5.64943157502897,-5.32620411394367
"AMOT_HUMAN---FOXK1_HUMAN",-61.9579800536959,-4.44964724723935,5.16341107429619,13.5788605514532,-1.12490470315422,-6.74052772042454,-0.354114975737039,6.14255323413486,-6.35311572156205,-2.54629527404865
"FOXK1_HUMAN---UBP24_HUMAN",-61.9579800536959,-4.44964724723935,5.16341107429619,13.5788605514532,-1.12490470315422,-6.74052772042454,-0.354114975737039,6.14255323413486,-6.35311572156205,-2.54629527404865
"FUBP1_HUMAN---MK14_HUMAN",-61.2814391852644,-13.9698053353305,-6.74885269347883,9.10210716357418,-8.4448062512393,4.3519377045214,5.489293902188,-3.43060943273724,2.76103382149807,0.618026505131509
"FUBP1_HUMAN---NSUN2_HUMAN",-58.1246872298532,15.8884178750955,16.6047227872292,2.25522194433077,8.03750035768164,1.41870633062349,-3.7899027912078,-7.13425703277327,4.72110006770253,-1.02526526103847
"FUBP2_HUMAN---HNRH1_HUMAN",-17.6315382511298,52.4957918149501,-22.880544356758,4.3199950798546,1.07206242066319,-9.24635180527395,-1.93775934864048,-10.7976581358739,-6.86673560549364,6.14383543461669
"CPSF5_HUMAN---FUND2_HUMAN",-58.362086070219,-21.1266066563434,-13.7540727749678,-4.64150798811611,1.42312150657234,7.01604264913675,-9.60553049363315,1.86990710077616,-0.935056965384246,-0.100695559707325
"A4_HUMAN---FYN_HUMAN",-61.9579800536959,-4.44964724723935,5.16341107429619,13.5788605514532,-1.12490470315422,-6.74052772042454,-0.354114975737039,6.14255323413486,-6.35311572156205,-2.54629527404865
"CAV1_HUMAN---FYN_HUMAN",-11.4098321272134,52.6800349790317,-24.3489234437977,9.69307972852699,5.42711267392537,-5.28482863848678,-0.683346390432991,-9.07114992466435,-8.3428992236731,9.95931192877251
"CBL_HUMAN---FYN_HUMAN",-53.9520645546212,-25.9567839901067,-13.1829136712939,-15.6676457355086,10.8896968975015,-4.39926106066006,7.03717015438387,1.02223294865976,0.231175436621904,-2.21259043027763
"CDKL5_HUMAN---FYN_HUMAN",-61.9579800536959,-4.44964724723935,5.16341107429619,13.5788605514532,-1.12490470315422,-6.74052772042454,-0.354114975737039,6.14255323413486,-6.35311572156205,-2.54629527404865
"CTND1_HUMAN---FYN_HUMAN",-58.362086070219,-21.1266066563434,-13.7540727749678,-4.64150798811611,1.42312150657234,7.01604264913675,-9.60553049363315,1.86990710077616,-0.935056965384246,-0.100695559707325
"DOCK1_HUMAN---FYN_HUMAN",-58.362086070219,-21.1266066563434,-13.7540727749678,-4.64150798811611,1.42312150657234,7.01604264913675,-9.60553049363315,1.86990710077616,-0.935056965384246,-0.100695559707325
"FYN_HUMAN---PPR3D_HUMAN",-61.9579800536959,-4.44964724723935,5.16341107429619,13.5788605514532,-1.12490470315422,-6.74052772042454,-0.354114975737039,6.14255323413486,-6.35311572156205,-2.54629527404865
"ATX2L_HUMAN---G3BP1_HUMAN",-58.362086070219,-21.1266066563434,-13.7540727749678,-4.64150798811611,1.42312150657234,7.01604264913675,-9.60553049363315,1.86990710077616,-0.935056965384246,-0.100695559707325
"EDC4_HUMAN---G3BP1_HUMAN",-60.5529438257201,5.89775548365228,12.4109088401518,9.55591868538608,6.25927406894279,-7.00761946141163,-4.29110363716145,2.1229334856458,6.80302797329309,5.29955194613092
"G3BP1_HUMAN---LCK_HUMAN",-58.362086070219,-21.1266066563434,-13.7540727749678,-4.64150798811611,1.42312150657234,7.01604264913675,-9.60553049363315,1.86990710077616,-0.935056965384246,-0.100695559707325
"G3BP1_HUMAN---RL14_HUMAN",-61.2814391852644,-13.9698053353305,-6.74885269347883,9.10210716357418,-8.4448062512393,4.3519377045214,5.489293902188,-3.43060943273724,2.76103382149807,0.618026505131509
"G3BP1_HUMAN---UBP10_HUMAN",-61.2814391852644,-13.9698053353305,-6.74885269347883,9.10210716357418,-8.4448062512393,4.3519377045214,5.489293902188,-3.43060943273724,2.76103382149807,0.618026505131509
"GAREM_HUMAN---GRB2_HUMAN",-53.9520645546212,-25.9567839901067,-13.1829136712939,-15.6676457355086,10.8896968975015,-4.39926106066006,7.03717015438387,1.02223294865976,0.231175436621904,-2.21259043027763
"ARHG7_HUMAN---GIT1_HUMAN",-58.362086070219,-21.1266066563434,-13.7540727749678,-4.64150798811611,1.42312150657234,7.01604264913675,-9.60553049363315,1.86990710077616,-0.935056965384246,-0.100695559707325
"GIT1_HUMAN---GRB2_HUMAN",-58.362086070219,-21.1266066563434,-13.7540727749678,-4.64150798811611,1.42312150657234,7.01604264913675,-9.60553049363315,1.86990710077616,-0.935056965384246,-0.100695559707325
"GPN1_HUMAN---TCOF_HUMAN",-51.0760545759525,-11.3961750662267,14.5909403618561,8.25235998298807,-11.9612980448179,-15.2180319239495,-6.16770844587247,-2.97324127147473,-15.9852468672171,9.78917446361076
"GRB2_HUMAN---IRS4_HUMAN",-53.9520645546212,-25.9567839901067,-13.1829136712939,-15.6676457355086,10.8896968975015,-4.39926106066006,7.03717015438387,1.02223294865976,0.231175436621904,-2.21259043027763
"GRB2_HUMAN---PTN18_HUMAN",-58.362086070219,-21.1266066563434,-13.7540727749678,-4.64150798811611,1.42312150657234,7.01604264913675,-9.60553049363315,1.86990710077616,-0.935056965384246,-0.100695559707325
"B2R9N9_HUMAN---GRM1A_HUMAN",-50.4356615827681,32.3497768170642,12.8444267255481,-11.0595930266573,-2.78861779873255,10.5708372869112,4.10569171760535,1.8633323143335,-5.93785616884876,2.34257184876636
"CTNB1_HUMAN---GSK3A_HUMAN",-58.362086070219,-21.1266066563434,-13.7540727749678,-4.64150798811611,1.42312150657234,7.01604264913675,-9.60553049363315,1.86990710077616,-0.935056965384246,-0.100695559707325
"CDK1_HUMAN---GUAA_HUMAN",-58.1246872298532,15.8884178750955,16.6047227872292,2.25522194433077,8.03750035768164,1.41870633062349,-3.7899027912078,-7.13425703277327,4.72110006770253,-1.02526526103847
"CDK1_HUMAN---H14_HUMAN",-40.8061293925175,43.8718330000029,-2.03304132219972,-13.241159726119,-11.6223619243828,-0.717928604715793,1.1153994709287,10.445954298274,5.60904786552495,2.29680381752232
"H2AY_HUMAN---HDAC1_HUMAN",-58.362086070219,-21.1266066563434,-13.7540727749678,-4.64150798811611,1.42312150657234,7.01604264913675,-9.60553049363315,1.86990710077616,-0.935056965384246,-0.100695559707325
"H31T_HUMAN---HS90A_HUMAN",-60.5529438257201,5.89775548365228,12.4109088401518,9.55591868538608,6.25927406894279,-7.00761946141163,-4.29110363716145,2.1229334856458,6.80302797329309,5.29955194613092
"BAZ2A_HUMAN---HDAC1_HUMAN",-61.9579800536959,-4.44964724723935,5.16341107429619,13.5788605514532,-1.12490470315422,-6.74052772042454,-0.354114975737039,6.14255323413486,-6.35311572156205,-2.54629527404865
"HDAC1_HUMAN---KDM1A_HUMAN",-11.4098321272134,52.6800349790317,-24.3489234437977,9.69307972852699,5.42711267392537,-5.28482863848678,-0.683346390432991,-9.07114992466435,-8.3428992236731,9.95931192877251
"HDAC1_HUMAN---TOP2A_HUMAN",-54.8190103216398,24.8182646555727,16.3404554384038,-5.48674521677981,4.04235362875702,9.19755391060193,1.01417067652103,-7.38625589192247,-5.64943157502897,-5.32620411394367
"HDAC1_HUMAN---ZN609_HUMAN",-61.2814391852644,-13.9698053353305,-6.74885269347883,9.10210716357418,-8.4448062512393,4.3519377045214,5.489293902188,-3.43060943273724,2.76103382149807,0.618026505131509
"HDAC1_HUMAN---HDAC2_HUMAN",-58.362086070219,-21.1266066563434,-13.7540727749678,-4.64150798811611,1.42312150657234,7.01604264913675,-9.60553049363315,1.86990710077616,-0.935056965384246,-0.100695559707325
"HDAC2_HUMAN---KDM5C_HUMAN",0.504606521456187,50.8698089694719,-24.3620729862302,18.0860936860104,13.4097660427113,4.38512610131961,4.31712092294687,0.493759473254053,-7.85248170294633,9.53484003148486
"1433G_HUMAN---HDAC4_HUMAN",-60.5529438257201,5.89775548365228,12.4109088401518,9.55591868538608,6.25927406894279,-7.00761946141163,-4.29110363716145,2.1229334856458,6.80302797329309,5.29955194613092
"HDAC4_HUMAN---MK01_HUMAN",-61.9579800536959,-4.44964724723935,5.16341107429619,13.5788605514532,-1.12490470315422,-6.74052772042454,-0.354114975737039,6.14255323413486,-6.35311572156205,-2.54629527404865
"HDAC1_HUMAN---HDAC9_HUMAN",-58.362086070219,-21.1266066563434,-13.7540727749678,-4.64150798811611,1.42312150657234,7.01604264913675,-9.60553049363315,1.86990710077616,-0.935056965384246,-0.100695559707325
"HDAC9_HUMAN---KCC1A_HUMAN",-58.362086070219,-21.1266066563434,-13.7540727749678,-4.64150798811611,1.42312150657234,7.01604264913675,-9.60553049363315,1.86990710077616,-0.935056965384246,-0.100695559707325
"BMS1_HUMAN---HDGF_HUMAN",-61.9579800536959,-4.44964724723935,5.16341107429619,13.5788605514532,-1.12490470315422,-6.74052772042454,-0.354114975737039,6.14255323413486,-6.35311572156205,-2.54629527404865
"CG050_HUMAN---HDGF_HUMAN",-5.37087962910992,51.9949401915273,-24.5557435772508,14.259716228486,9.70209088266433,-0.188403169847555,1.89805597645603,-4.63822463418926,-8.72541957740513,11.9269019214938
"H1X_HUMAN---HDGF_HUMAN",-54.8190103216398,24.8182646555727,16.3404554384038,-5.48674521677981,4.04235362875702,9.19755391060193,1.01417067652103,-7.38625589192247,-5.64943157502897,-5.32620411394367
"HDGF_HUMAN---IF2P_HUMAN",-60.5529438257201,5.89775548365228,12.4109088401518,9.55591868538608,6.25927406894279,-7.00761946141163,-4.29110363716145,2.1229334856458,6.80302797329309,5.29955194613092
"HDGF_HUMAN---JUN_HUMAN",-58.362086070219,-21.1266066563434,-13.7540727749678,-4.64150798811611,1.42312150657234,7.01604264913675,-9.60553049363315,1.86990710077616,-0.935056965384246,-0.100695559707325
"HDGF_HUMAN---RL1D1_HUMAN",-58.362086070219,-21.1266066563434,-13.7540727749678,-4.64150798811611,1.42312150657234,7.01604264913675,-9.60553049363315,1.86990710077616,-0.935056965384246,-0.100695559707325
"HDGF_HUMAN---RL35A_HUMAN",-58.1246872298532,15.8884178750955,16.6047227872292,2.25522194433077,8.03750035768164,1.41870633062349,-3.7899027912078,-7.13425703277327,4.72110006770253,-1.02526526103847
"HDGF_HUMAN---SRP72_HUMAN",-61.9579800536959,-4.44964724723935,5.16341107429619,13.5788605514532,-1.12490470315422,-6.74052772042454,-0.354114975737039,6.14255323413486,-6.35311572156205,-2.54629527404865
"CLSPN_HUMAN---HERC2_HUMAN",-58.1246872298532,15.8884178750955,16.6047227872292,2.25522194433077,8.03750035768164,1.41870633062349,-3.7899027912078,-7.13425703277327,4.72110006770253,-1.02526526103847
"HERC2_HUMAN---UBP16_HUMAN",-35.4324478052464,47.8101790388058,-9.51906414180939,-10.5015752656489,-11.6996128555521,-7.15625575113627,-2.03784416252618,4.80282160793743,6.78801715871227,-4.80522835978165
"ACLY_HUMAN---HGS_HUMAN",-58.1246872298532,15.8884178750955,16.6047227872292,2.25522194433077,8.03750035768164,1.41870633062349,-3.7899027912078,-7.13425703277327,4.72110006770253,-1.02526526103847
"GGA3_HUMAN---HGS_HUMAN",-61.2814391852644,-13.9698053353305,-6.74885269347883,9.10210716357418,-8.4448062512393,4.3519377045214,5.489293902188,-3.43060943273724,2.76103382149807,0.618026505131509
"HGS_HUMAN---SCAM3_HUMAN",-61.2814391852644,-13.9698053353305,-6.74885269347883,9.10210716357418,-8.4448062512393,4.3519377045214,5.489293902188,-3.43060943273724,2.76103382149807,0.618026505131509
"HGS_HUMAN---STAM2_HUMAN",-53.9520645546212,-25.9567839901067,-13.1829136712939,-15.6676457355086,10.8896968975015,-4.39926106066006,7.03717015438387,1.02223294865976,0.231175436621904,-2.21259043027763
"EGLN1_HUMAN---HIF1A_HUMAN",-61.9579800536959,-4.44964724723935,5.16341107429619,13.5788605514532,-1.12490470315422,-6.74052772042454,-0.354114975737039,6.14255323413486,-6.35311572156205,-2.54629527404865
"HIPK3_HUMAN---ZYX_HUMAN",-58.362086070219,-21.1266066563434,-13.7540727749678,-4.64150798811611,1.42312150657234,7.01604264913675,-9.60553049363315,1.86990710077616,-0.935056965384246,-0.100695559707325
"HIRP3_HUMAN---SRPK2_HUMAN",-61.2814391852644,-13.9698053353305,-6.74885269347883,9.10210716357418,-8.4448062512393,4.3519377045214,5.489293902188,-3.43060943273724,2.76103382149807,0.618026505131509
"HNRH1_HUMAN---ROA2_HUMAN",-40.8061293925175,43.8718330000029,-2.03304132219972,-13.241159726119,-11.6223619243828,-0.717928604715793,1.1153994709287,10.445954298274,5.60904786552495,2.29680381752232
"HNRPC_HUMAN---SRPK2_HUMAN",-61.9579800536959,-4.44964724723935,5.16341107429619,13.5788605514532,-1.12490470315422,-6.74052772042454,-0.354114975737039,6.14255323413486,-6.35311572156205,-2.54629527404865
"DIDO1_HUMAN---HNRPK_HUMAN",-54.8190103216398,24.8182646555727,16.3404554384038,-5.48674521677981,4.04235362875702,9.19755391060193,1.01417067652103,-7.38625589192247,-5.64943157502897,-5.32620411394367
"HNRPK_HUMAN---RBMX_HUMAN",-61.9579800536959,-4.44964724723935,5.16341107429619,13.5788605514532,-1.12490470315422,-6.74052772042454,-0.354114975737039,6.14255323413486,-6.35311572156205,-2.54629527404865
"HNRPU_HUMAN---PLCG1_HUMAN",-61.9579800536959,-4.44964724723935,5.16341107429619,13.5788605514532,-1.12490470315422,-6.74052772042454,-0.354114975737039,6.14255323413486,-6.35311572156205,-2.54629527404865
"HNRPU_HUMAN---SMN_HUMAN",-60.5529438257201,5.89775548365228,12.4109088401518,9.55591868538608,6.25927406894279,-7.00761946141163,-4.29110363716145,2.1229334856458,6.80302797329309,5.29955194613092
"CHIP_HUMAN---HS90A_HUMAN",-58.362086070219,-21.1266066563434,-13.7540727749678,-4.64150798811611,1.42312150657234,7.01604264913675,-9.60553049363315,1.86990710077616,-0.935056965384246,-0.100695559707325
"CUL4B_HUMAN---HS90A_HUMAN",-61.2814391852644,-13.9698053353305,-6.74885269347883,9.10210716357418,-8.4448062512393,4.3519377045214,5.489293902188,-3.43060943273724,2.76103382149807,0.618026505131509
"EGFR_HUMAN---HS90A_HUMAN",-58.362086070219,-21.1266066563434,-13.7540727749678,-4.64150798811611,1.42312150657234,7.01604264913675,-9.60553049363315,1.86990710077616,-0.935056965384246,-0.100695559707325
"G4XH65_HUMAN---HS90A_HUMAN",-61.2814391852644,-13.9698053353305,-6.74885269347883,9.10210716357418,-8.4448062512393,4.3519377045214,5.489293902188,-3.43060943273724,2.76103382149807,0.618026505131509
"HIF1A_HUMAN---HS90A_HUMAN",-61.9579800536959,-4.44964724723935,5.16341107429619,13.5788605514532,-1.12490470315422,-6.74052772042454,-0.354114975737039,6.14255323413486,-6.35311572156205,-2.54629527404865
"HS90A_HUMAN---HS90B_HUMAN",-61.2814391852644,-13.9698053353305,-6.74885269347883,9.10210716357418,-8.4448062512393,4.3519377045214,5.489293902188,-3.43060943273724,2.76103382149807,0.618026505131509
"HS90A_HUMAN---STIP1_HUMAN",-61.2814391852644,-13.9698053353305,-6.74885269347883,9.10210716357418,-8.4448062512393,4.3519377045214,5.489293902188,-3.43060943273724,2.76103382149807,0.618026505131509
"HS90A_HUMAN---TBA1A_HUMAN",-58.362086070219,-21.1266066563434,-13.7540727749678,-4.64150798811611,1.42312150657234,7.01604264913675,-9.60553049363315,1.86990710077616,-0.935056965384246,-0.100695559707325
"HS90A_HUMAN---TEBP_HUMAN",-61.9579800536959,-4.44964724723935,5.16341107429619,13.5788605514532,-1.12490470315422,-6.74052772042454,-0.354114975737039,6.14255323413486,-6.35311572156205,-2.54629527404865
"HTSF1_HUMAN---SRSF4_HUMAN",-38.1771084886687,-27.361357953921,13.1776947495844,1.34785064697369,-28.7163692043665,-5.87264504846479,-4.42675926957834,-16.8311314456493,-3.50678258166747,15.0953431583197
"HUWE1_HUMAN---P53_HUMAN",-61.9579800536959,-4.44964724723935,5.16341107429619,13.5788605514532,-1.12490470315422,-6.74052772042454,-0.354114975737039,6.14255323413486,-6.35311572156205,-2.54629527404865
"I2BP1_HUMAN---IRF2_HUMAN",-61.9579800536959,-4.44964724723935,5.16341107429619,13.5788605514532,-1.12490470315422,-6.74052772042454,-0.354114975737039,6.14255323413486,-6.35311572156205,-2.54629527404865
"I2BP1_HUMAN---SUMO2_HUMAN",-61.9579800536959,-4.44964724723935,5.16341107429619,13.5788605514532,-1.12490470315422,-6.74052772042454,-0.354114975737039,6.14255323413486,-6.35311572156205,-2.54629527404865
"BAG6_HUMAN---ICK_HUMAN",-58.1246872298532,15.8884178750955,16.6047227872292,2.25522194433077,8.03750035768164,1.41870633062349,-3.7899027912078,-7.13425703277327,4.72110006770253,-1.02526526103847
"ICK_HUMAN---MK01_HUMAN",-58.362086070219,-21.1266066563434,-13.7540727749678,-4.64150798811611,1.42312150657234,7.01604264913675,-9.60553049363315,1.86990710077616,-0.935056965384246,-0.100695559707325
"DDX3X_HUMAN---IF4G1_HUMAN",-58.362086070219,-21.1266066563434,-13.7540727749678,-4.64150798811611,1.42312150657234,7.01604264913675,-9.60553049363315,1.86990710077616,-0.935056965384246,-0.100695559707325
"FRIH_HUMAN---IMA1_HUMAN",-60.5529438257201,5.89775548365228,12.4109088401518,9.55591868538608,6.25927406894279,-7.00761946141163,-4.29110363716145,2.1229334856458,6.80302797329309,5.29955194613092
"HN1_HUMAN---IMA1_HUMAN",-14.7031175159284,13.5194997915592,41.4270609295062,-19.2961689357922,-30.5392013001131,-0.0911468656948733,-7.79569412568444,-7.51859833590588,-11.3537341546706,11.0722679226524
"IMA3_HUMAN---P53_HUMAN",-57.4481463614217,6.36825978700435,4.6924590194542,-2.22153144354822,0.717598809596563,12.5111717555694,2.05350608671724,-16.7074196996454,13.8352496107627,2.13905651814169
"INADL_HUMAN---MPP5_HUMAN",-29.7435427614512,50.495889367779,-15.7719188026669,-5.7373550163212,-9.18079998042594,-11.0369058003772,-4.78117831882998,-3.48258254389187,3.78585258732461,-9.12459407887145
"I2BP2_HUMAN---IRF2_HUMAN",-61.9579800536959,-4.44964724723935,5.16341107429619,13.5788605514532,-1.12490470315422,-6.74052772042454,-0.354114975737039,6.14255323413486,-6.35311572156205,-2.54629527404865
"CBL_HUMAN---ITSN1_HUMAN",-61.2814391852644,-13.9698053353305,-6.74885269347883,9.10210716357418,-8.4448062512393,4.3519377045214,5.489293902188,-3.43060943273724,2.76103382149807,0.618026505131509
"ATF2_HUMAN---JUN_HUMAN",-17.6315382511298,52.4957918149501,-22.880544356758,4.3199950798546,1.07206242066319,-9.24635180527395,-1.93775934864048,-10.7976581358739,-6.86673560549364,6.14383543461669
"BACH2_HUMAN---JUN_HUMAN",-58.1246872298532,15.8884178750955,16.6047227872292,2.25522194433077,8.03750035768164,1.41870633062349,-3.7899027912078,-7.13425703277327,4.72110006770253,-1.02526526103847
"DDX21_HUMAN---JUN_HUMAN",-58.362086070219,-21.1266066563434,-13.7540727749678,-4.64150798811611,1.42312150657234,7.01604264913675,-9.60553049363315,1.86990710077616,-0.935056965384246,-0.100695559707325
"IMA1_HUMAN---JUN_HUMAN",-60.5529438257201,5.89775548365228,12.4109088401518,9.55591868538608,6.25927406894279,-7.00761946141163,-4.29110363716145,2.1229334856458,6.80302797329309,5.29955194613092
"JUN_HUMAN---MK08_HUMAN",-61.2814391852644,-13.9698053353305,-6.74885269347883,9.10210716357418,-8.4448062512393,4.3519377045214,5.489293902188,-3.43060943273724,2.76103382149807,0.618026505131509
"JUN_HUMAN---MK09_HUMAN",-58.362086070219,-21.1266066563434,-13.7540727749678,-4.64150798811611,1.42312150657234,7.01604264913675,-9.60553049363315,1.86990710077616,-0.935056965384246,-0.100695559707325
"JUN_HUMAN---RB_HUMAN",-58.362086070219,-21.1266066563434,-13.7540727749678,-4.64150798811611,1.42312150657234,7.01604264913675,-9.60553049363315,1.86990710077616,-0.935056965384246,-0.100695559707325
"JUN_HUMAN---STRN4_HUMAN",-61.2814391852644,-13.9698053353305,-6.74885269347883,9.10210716357418,-8.4448062512393,4.3519377045214,5.489293902188,-3.43060943273724,2.76103382149807,0.618026505131509
"AKA12_HUMAN---KAP2_HUMAN",-61.2814391852644,-13.9698053353305,-6.74885269347883,9.10210716357418,-8.4448062512393,4.3519377045214,5.489293902188,-3.43060943273724,2.76103382149807,0.618026505131509
"AKAP2_HUMAN---KAP2_HUMAN",-58.362086070219,-21.1266066563434,-13.7540727749678,-4.64150798811611,1.42312150657234,7.01604264913675,-9.60553049363315,1.86990710077616,-0.935056965384246,-0.100695559707325
"CDK1_HUMAN---KAT7_HUMAN",-54.8190103216398,24.8182646555727,16.3404554384038,-5.48674521677981,4.04235362875702,9.19755391060193,1.01417067652103,-7.38625589192247,-5.64943157502897,-5.32620411394367
"KCRB_HUMAN---MIPT3_HUMAN",-45.8946399949118,38.6277422622627,5.84212081168682,-13.5548623397778,-8.09117622874177,6.64343395107537,3.64224209204246,9.96965365082916,-0.171468703053023,6.83186929567662
"KCRB_HUMAN---TBCB_HUMAN",-45.8946399949118,38.6277422622627,5.84212081168682,-13.5548623397778,-8.09117622874177,6.64343395107537,3.64224209204246,9.96965365082916,-0.171468703053023,6.83186929567662
"BCOR_HUMAN---KDM2B_HUMAN",-54.8190103216398,24.8182646555727,16.3404554384038,-5.48674521677981,4.04235362875702,9.19755391060193,1.01417067652103,-7.38625589192247,-5.64943157502897,-5.32620411394367
"ACTB_HUMAN---KHDR1_HUMAN",-61.2814391852644,-13.9698053353305,-6.74885269347883,9.10210716357418,-8.4448062512393,4.3519377045214,5.489293902188,-3.43060943273724,2.76103382149807,0.618026505131509
"FNBP4_HUMAN---KHDR1_HUMAN",-61.2814391852644,-13.9698053353305,-6.74885269347883,9.10210716357418,-8.4448062512393,4.3519377045214,5.489293902188,-3.43060943273724,2.76103382149807,0.618026505131509
"HNRPK_HUMAN---KHDR1_HUMAN",-61.2814391852644,-13.9698053353305,-6.74885269347883,9.10210716357418,-8.4448062512393,4.3519377045214,5.489293902188,-3.43060943273724,2.76103382149807,0.618026505131509
"KHDR1_HUMAN---LCK_HUMAN",-61.2814391852644,-13.9698053353305,-6.74885269347883,9.10210716357418,-8.4448062512393,4.3519377045214,5.489293902188,-3.43060943273724,2.76103382149807,0.618026505131509
"KHDR1_HUMAN---PLCG1_HUMAN",-61.2814391852644,-13.9698053353305,-6.74885269347883,9.10210716357418,-8.4448062512393,4.3519377045214,5.489293902188,-3.43060943273724,2.76103382149807,0.618026505131509
"KI21A_HUMAN---SRP72_HUMAN",-61.9579800536959,-4.44964724723935,5.16341107429619,13.5788605514532,-1.12490470315422,-6.74052772042454,-0.354114975737039,6.14255323413486,-6.35311572156205,-2.54629527404865
"CDK1_HUMAN---KI67_HUMAN",-61.2814391852644,-13.9698053353305,-6.74885269347883,9.10210716357418,-8.4448062512393,4.3519377045214,5.489293902188,-3.43060943273724,2.76103382149807,0.618026505131509
"KI67_HUMAN---KIF15_HUMAN",-60.5529438257201,5.89775548365228,12.4109088401518,9.55591868538608,6.25927406894279,-7.00761946141163,-4.29110363716145,2.1229334856458,6.80302797329309,5.29955194613092
"KIF4A_HUMAN---SUMO2_HUMAN",-58.362086070219,-21.1266066563434,-13.7540727749678,-4.64150798811611,1.42312150657234,7.01604264913675,-9.60553049363315,1.86990710077616,-0.935056965384246,-0.100695559707325
"IMA1_HUMAN---KLC4_HUMAN",-60.5529438257201,5.89775548365228,12.4109088401518,9.55591868538608,6.25927406894279,-7.00761946141163,-4.29110363716145,2.1229334856458,6.80302797329309,5.29955194613092
"KLC4_HUMAN---LR16A_HUMAN",-54.8190103216398,24.8182646555727,16.3404554384038,-5.48674521677981,4.04235362875702,9.19755391060193,1.01417067652103,-7.38625589192247,-5.64943157502897,-5.32620411394367
"CTNB1_HUMAN---KMT2D_HUMAN",-60.5529438257201,5.89775548365228,12.4109088401518,9.55591868538608,6.25927406894279,-7.00761946141163,-4.29110363716145,2.1229334856458,6.80302797329309,5.29955194613092
"KPRA_HUMAN---MK01_HUMAN",-58.362086070219,-21.1266066563434,-13.7540727749678,-4.64150798811611,1.42312150657234,7.01604264913675,-9.60553049363315,1.86990710077616,-0.935056965384246,-0.100695559707325
"ASPM_HUMAN---KS6A1_HUMAN",-11.4098321272134,52.6800349790317,-24.3489234437977,9.69307972852699,5.42711267392537,-5.28482863848678,-0.683346390432991,-9.07114992466435,-8.3428992236731,9.95931192877251
"IF4B_HUMAN---KS6A1_HUMAN",-61.2814391852644,-13.9698053353305,-6.74885269347883,9.10210716357418,-8.4448062512393,4.3519377045214,5.489293902188,-3.43060943273724,2.76103382149807,0.618026505131509
"KS6A1_HUMAN---MK01_HUMAN",-58.362086070219,-21.1266066563434,-13.7540727749678,-4.64150798811611,1.42312150657234,7.01604264913675,-9.60553049363315,1.86990710077616,-0.935056965384246,-0.100695559707325
"KS6A1_HUMAN---PDCD4_HUMAN",-60.5529438257201,5.89775548365228,12.4109088401518,9.55591868538608,6.25927406894279,-7.00761946141163,-4.29110363716145,2.1229334856458,6.80302797329309,5.29955194613092
"KS6A1_HUMAN---RANB3_HUMAN",-58.1246872298532,15.8884178750955,16.6047227872292,2.25522194433077,8.03750035768164,1.41870633062349,-3.7899027912078,-7.13425703277327,4.72110006770253,-1.02526526103847
"KS6A1_HUMAN---YBOX1_HUMAN",-61.2814391852644,-13.9698053353305,-6.74885269347883,9.10210716357418,-8.4448062512393,4.3519377045214,5.489293902188,-3.43060943273724,2.76103382149807,0.618026505131509
"KS6A1_HUMAN---ZN318_HUMAN",-61.2814391852644,-13.9698053353305,-6.74885269347883,9.10210716357418,-8.4448062512393,4.3519377045214,5.489293902188,-3.43060943273724,2.76103382149807,0.618026505131509
"HS90B_HUMAN---KSR1_HUMAN",-58.1246872298532,15.8884178750955,16.6047227872292,2.25522194433077,8.03750035768164,1.41870633062349,-3.7899027912078,-7.13425703277327,4.72110006770253,-1.02526526103847
"KSYK_HUMAN---LCK_HUMAN",-50.4356615827681,32.3497768170642,12.8444267255481,-11.0595930266573,-2.78861779873255,10.5708372869112,4.10569171760535,1.8633323143335,-5.93785616884876,2.34257184876636
"KSYK_HUMAN---TRAF6_HUMAN",-17.6315382511298,52.4957918149501,-22.880544356758,4.3199950798546,1.07206242066319,-9.24635180527395,-1.93775934864048,-10.7976581358739,-6.86673560549364,6.14383543461669
"CDK1_HUMAN---LAP2A_HUMAN",-58.1246872298532,15.8884178750955,16.6047227872292,2.25522194433077,8.03750035768164,1.41870633062349,-3.7899027912078,-7.13425703277327,4.72110006770253,-1.02526526103847
"AT2B1_HUMAN---LAP2_HUMAN",-61.2814391852644,-13.9698053353305,-6.74885269347883,9.10210716357418,-8.4448062512393,4.3519377045214,5.489293902188,-3.43060943273724,2.76103382149807,0.618026505131509
"CTNB1_HUMAN---LAP2_HUMAN",-61.2814391852644,-13.9698053353305,-6.74885269347883,9.10210716357418,-8.4448062512393,4.3519377045214,5.489293902188,-3.43060943273724,2.76103382149807,0.618026505131509
"LAP2_HUMAN---PKP4_HUMAN",-61.2814391852644,-13.9698053353305,-6.74885269347883,9.10210716357418,-8.4448062512393,4.3519377045214,5.489293902188,-3.43060943273724,2.76103382149807,0.618026505131509
"HS90B_HUMAN---LAR4B_HUMAN",-23.4286522417656,52.3026328621009,-19.8301032516111,-0.195543191646286,-5.54195824062233,-11.8620188813935,-5.74056942943618,-9.56512595758417,-1.12773641429548,-4.57558989262531
"LAS1L_HUMAN---PELP1_HUMAN",-60.5529438257201,5.89775548365228,12.4109088401518,9.55591868538608,6.25927406894279,-7.00761946141163,-4.29110363716145,2.1229334856458,6.80302797329309,5.29955194613092
"CCD50_HUMAN---LCK_HUMAN",-58.362086070219,-21.1266066563434,-13.7540727749678,-4.64150798811611,1.42312150657234,7.01604264913675,-9.60553049363315,1.86990710077616,-0.935056965384246,-0.100695559707325
"LHX4_HUMAN---RFC1_HUMAN",-58.1246872298532,15.8884178750955,16.6047227872292,2.25522194433077,8.03750035768164,1.41870633062349,-3.7899027912078,-7.13425703277327,4.72110006770253,-1.02526526103847
"LHX4_HUMAN---RRP36_HUMAN",-58.1246872298532,15.8884178750955,16.6047227872292,2.25522194433077,8.03750035768164,1.41870633062349,-3.7899027912078,-7.13425703277327,4.72110006770253,-1.02526526103847
"CADH1_HUMAN---LIMA1_HUMAN",-35.4324478052464,47.8101790388058,-9.51906414180939,-10.5015752656489,-11.6996128555521,-7.15625575113627,-2.03784416252618,4.80282160793743,6.78801715871227,-4.80522835978165
"KPRB_HUMAN---LRC47_HUMAN",-45.8946399949118,38.6277422622627,5.84212081168682,-13.5548623397778,-8.09117622874177,6.64343395107537,3.64224209204246,9.96965365082916,-0.171468703053023,6.83186929567662
"1433G_HUMAN---LSR_HUMAN",-58.1246872298532,15.8884178750955,16.6047227872292,2.25522194433077,8.03750035768164,1.41870633062349,-3.7899027912078,-7.13425703277327,4.72110006770253,-1.02526526103847
"M3K3_HUMAN---MARK2_HUMAN",-11.4098321272134,52.6800349790317,-24.3489234437977,9.69307972852699,5.42711267392537,-5.28482863848678,-0.683346390432991,-9.07114992466435,-8.3428992236731,9.95931192877251
"M3K3_HUMAN---SC16A_HUMAN",-11.4098321272134,52.6800349790317,-24.3489234437977,9.69307972852699,5.42711267392537,-5.28482863848678,-0.683346390432991,-9.07114992466435,-8.3428992236731,9.95931192877251
"HDAC4_HUMAN---MARK2_HUMAN",-61.9579800536959,-4.44964724723935,5.16341107429619,13.5788605514532,-1.12490470315422,-6.74052772042454,-0.354114975737039,6.14255323413486,-6.35311572156205,-2.54629527404865
"MARK2_HUMAN---PARD3_HUMAN",-61.2814391852644,-13.9698053353305,-6.74885269347883,9.10210716357418,-8.4448062512393,4.3519377045214,5.489293902188,-3.43060943273724,2.76103382149807,0.618026505131509
"MBB1A_HUMAN---P53_HUMAN",-61.2814391852644,-13.9698053353305,-6.74885269347883,9.10210716357418,-8.4448062512393,4.3519377045214,5.489293902188,-3.43060943273724,2.76103382149807,0.618026505131509
"MBD1_HUMAN---MCAF1_HUMAN",-29.7435427614512,50.495889367779,-15.7719188026669,-5.7373550163212,-9.18079998042594,-11.0369058003772,-4.78117831882998,-3.48258254389187,3.78585258732461,-9.12459407887145
"KAT7_HUMAN---MCM2_HUMAN",-54.8190103216398,24.8182646555727,16.3404554384038,-5.48674521677981,4.04235362875702,9.19755391060193,1.01417067652103,-7.38625589192247,-5.64943157502897,-5.32620411394367
"MCM2_HUMAN---MCM6_HUMAN",-40.8061293925175,43.8718330000029,-2.03304132219972,-13.241159726119,-11.6223619243828,-0.717928604715793,1.1153994709287,10.445954298274,5.60904786552495,2.29680381752232
"MCM6_HUMAN---SCNM1_HUMAN",-40.8061293925175,43.8718330000029,-2.03304132219972,-13.241159726119,-11.6223619243828,-0.717928604715793,1.1153994709287,10.445954298274,5.60904786552495,2.29680381752232
"MCMBP_HUMAN---SMC3_HUMAN",-61.9579800536959,-4.44964724723935,5.16341107429619,13.5788605514532,-1.12490470315422,-6.74052772042454,-0.354114975737039,6.14255323413486,-6.35311572156205,-2.54629527404865
"ITSN2_HUMAN---MCRS1_HUMAN",-58.362086070219,-21.1266066563434,-13.7540727749678,-4.64150798811611,1.42312150657234,7.01604264913675,-9.60553049363315,1.86990710077616,-0.935056965384246,-0.100695559707325
"MDM2_HUMAN---P53_HUMAN",-58.1246872298532,15.8884178750955,16.6047227872292,2.25522194433077,8.03750035768164,1.41870633062349,-3.7899027912078,-7.13425703277327,4.72110006770253,-1.02526526103847
"MDM2_HUMAN---PRC2C_HUMAN",-58.1246872298532,15.8884178750955,16.6047227872292,2.25522194433077,8.03750035768164,1.41870633062349,-3.7899027912078,-7.13425703277327,4.72110006770253,-1.02526526103847
"MDN1_HUMAN---PELP1_HUMAN",-58.1246872298532,15.8884178750955,16.6047227872292,2.25522194433077,8.03750035768164,1.41870633062349,-3.7899027912078,-7.13425703277327,4.72110006770253,-1.02526526103847
"MED12_HUMAN---MED13_HUMAN",-60.5529438257201,5.89775548365228,12.4109088401518,9.55591868538608,6.25927406894279,-7.00761946141163,-4.29110363716145,2.1229334856458,6.80302797329309,5.29955194613092
"MED13_HUMAN---MED1_HUMAN",-60.5529438257201,5.89775548365228,12.4109088401518,9.55591868538608,6.25927406894279,-7.00761946141163,-4.29110363716145,2.1229334856458,6.80302797329309,5.29955194613092
"MED12_HUMAN---MED8_HUMAN",-29.7435427614512,50.495889367779,-15.7719188026669,-5.7373550163212,-9.18079998042594,-11.0369058003772,-4.78117831882998,-3.48258254389187,3.78585258732461,-9.12459407887145
"ICLN_HUMAN---MEP50_HUMAN",-61.2814391852644,-13.9698053353305,-6.74885269347883,9.10210716357418,-8.4448062512393,4.3519377045214,5.489293902188,-3.43060943273724,2.76103382149807,0.618026505131509
"DDX42_HUMAN---MEPCE_HUMAN",-54.8190103216398,24.8182646555727,16.3404554384038,-5.48674521677981,4.04235362875702,9.19755391060193,1.01417067652103,-7.38625589192247,-5.64943157502897,-5.32620411394367
"HEXI2_HUMAN---MEPCE_HUMAN",-61.9579800536959,-4.44964724723935,5.16341107429619,13.5788605514532,-1.12490470315422,-6.74052772042454,-0.354114975737039,6.14255323413486,-6.35311572156205,-2.54629527404865
"MEPCE_HUMAN---SDE2_HUMAN",-61.9579800536959,-4.44964724723935,5.16341107429619,13.5788605514532,-1.12490470315422,-6.74052772042454,-0.354114975737039,6.14255323413486,-6.35311572156205,-2.54629527404865
"MEPCE_HUMAN---SRP72_HUMAN",-61.9579800536959,-4.44964724723935,5.16341107429619,13.5788605514532,-1.12490470315422,-6.74052772042454,-0.354114975737039,6.14255323413486,-6.35311572156205,-2.54629527404865
"MEPCE_HUMAN---YRDC_HUMAN",-50.4356615827681,32.3497768170642,12.8444267255481,-11.0595930266573,-2.78861779873255,10.5708372869112,4.10569171760535,1.8633323143335,-5.93785616884876,2.34257184876636
"AT1A1_HUMAN---MK01_HUMAN",-58.362086070219,-21.1266066563434,-13.7540727749678,-4.64150798811611,1.42312150657234,7.01604264913675,-9.60553049363315,1.86990710077616,-0.935056965384246,-0.100695559707325
"ERF_HUMAN---MK01_HUMAN",-40.8061293925175,43.8718330000029,-2.03304132219972,-13.241159726119,-11.6223619243828,-0.717928604715793,1.1153994709287,10.445954298274,5.60904786552495,2.29680381752232
"MED1_HUMAN---MK01_HUMAN",-61.9579800536959,-4.44964724723935,5.16341107429619,13.5788605514532,-1.12490470315422,-6.74052772042454,-0.354114975737039,6.14255323413486,-6.35311572156205,-2.54629527404865
"MK03_HUMAN---MKL1_HUMAN",-58.362086070219,-21.1266066563434,-13.7540727749678,-4.64150798811611,1.42312150657234,7.01604264913675,-9.60553049363315,1.86990710077616,-0.935056965384246,-0.100695559707325
"MK03_HUMAN---SMAD2_HUMAN",-60.5529438257201,5.89775548365228,12.4109088401518,9.55591868538608,6.25927406894279,-7.00761946141163,-4.29110363716145,2.1229334856458,6.80302797329309,5.29955194613092
"1433Z_HUMAN---MK08_HUMAN",-61.9579800536959,-4.44964724723935,5.16341107429619,13.5788605514532,-1.12490470315422,-6.74052772042454,-0.354114975737039,6.14255323413486,-6.35311572156205,-2.54629527404865
"4ET_HUMAN---MK08_HUMAN",-61.2814391852644,-13.9698053353305,-6.74885269347883,9.10210716357418,-8.4448062512393,4.3519377045214,5.489293902188,-3.43060943273724,2.76103382149807,0.618026505131509
"MK09_HUMAN---WDR62_HUMAN",-40.8061293925175,43.8718330000029,-2.03304132219972,-13.241159726119,-11.6223619243828,-0.717928604715793,1.1153994709287,10.445954298274,5.60904786552495,2.29680381752232
"MK13_HUMAN---STMN1_HUMAN",-11.4098321272134,52.6800349790317,-24.3489234437977,9.69307972852699,5.42711267392537,-5.28482863848678,-0.683346390432991,-9.07114992466435,-8.3428992236731,9.95931192877251
"JIP4_HUMAN---MK14_HUMAN",-54.8190103216398,24.8182646555727,16.3404554384038,-5.48674521677981,4.04235362875702,9.19755391060193,1.01417067652103,-7.38625589192247,-5.64943157502897,-5.32620411394367
"MK14_HUMAN---P53_HUMAN",-61.2814391852644,-13.9698053353305,-6.74885269347883,9.10210716357418,-8.4448062512393,4.3519377045214,5.489293902188,-3.43060943273724,2.76103382149807,0.618026505131509
"ML12A_HUMAN---TP53B_HUMAN",-11.4098321272134,52.6800349790317,-24.3489234437977,9.69307972852699,5.42711267392537,-5.28482863848678,-0.683346390432991,-9.07114992466435,-8.3428992236731,9.95931192877251
"MMTA2_HUMAN---SRPK2_HUMAN",-61.9579800536959,-4.44964724723935,5.16341107429619,13.5788605514532,-1.12490470315422,-6.74052772042454,-0.354114975737039,6.14255323413486,-6.35311572156205,-2.54629527404865
"MK09_HUMAN---MP2K7_HUMAN",-54.8190103216398,24.8182646555727,16.3404554384038,-5.48674521677981,4.04235362875702,9.19755391060193,1.01417067652103,-7.38625589192247,-5.64943157502897,-5.32620411394367
"GGA3_HUMAN---MPRI_HUMAN",-61.2814391852644,-13.9698053353305,-6.74885269347883,9.10210716357418,-8.4448062512393,4.3519377045214,5.489293902188,-3.43060943273724,2.76103382149807,0.618026505131509
"FACD2_HUMAN---MRE11_HUMAN",-58.362086070219,-21.1266066563434,-13.7540727749678,-4.64150798811611,1.42312150657234,7.01604264913675,-9.60553049363315,1.86990710077616,-0.935056965384246,-0.100695559707325
"MRE11_HUMAN---RAD50_HUMAN",-58.362086070219,-21.1266066563434,-13.7540727749678,-4.64150798811611,1.42312150657234,7.01604264913675,-9.60553049363315,1.86990710077616,-0.935056965384246,-0.100695559707325
"HDAC1_HUMAN---MTG8_HUMAN",-17.6315382511298,52.4957918149501,-22.880544356758,4.3199950798546,1.07206242066319,-9.24635180527395,-1.93775934864048,-10.7976581358739,-6.86673560549364,6.14383543461669
"MTG8_HUMAN---OTUD4_HUMAN",-17.6315382511298,52.4957918149501,-22.880544356758,4.3199950798546,1.07206242066319,-9.24635180527395,-1.93775934864048,-10.7976581358739,-6.86673560549364,6.14383543461669
"HDAC1_HUMAN---MYC_HUMAN",6.21402189272338,49.1662070003366,-20.5283989345007,20.326980273291,18.4473634777951,10.3228817206621,3.27066350475845,0.0807101822917917,0.776485685641136,8.48688244876118
"B2R9N9_HUMAN---MYD88_HUMAN",-50.4356615827681,32.3497768170642,12.8444267255481,-11.0595930266573,-2.78861779873255,10.5708372869112,4.10569171760535,1.8633323143335,-5.93785616884876,2.34257184876636
"CBLB_HUMAN---MYD88_HUMAN",-50.4356615827681,32.3497768170642,12.8444267255481,-11.0595930266573,-2.78861779873255,10.5708372869112,4.10569171760535,1.8633323143335,-5.93785616884876,2.34257184876636
"CBL_HUMAN---MYH9_HUMAN",-54.8190103216398,24.8182646555727,16.3404554384038,-5.48674521677981,4.04235362875702,9.19755391060193,1.01417067652103,-7.38625589192247,-5.64943157502897,-5.32620411394367
"DAB2_HUMAN---MYO6_HUMAN",-61.9579800536959,-4.44964724723935,5.16341107429619,13.5788605514532,-1.12490470315422,-6.74052772042454,-0.354114975737039,6.14255323413486,-6.35311572156205,-2.54629527404865
"ARHG7_HUMAN---NAA10_HUMAN",-11.4098321272134,52.6800349790317,-24.3489234437977,9.69307972852699,5.42711267392537,-5.28482863848678,-0.683346390432991,-9.07114992466435,-8.3428992236731,9.95931192877251
"HDAC1_HUMAN---NCOR2_HUMAN",-40.8061293925175,43.8718330000029,-2.03304132219972,-13.241159726119,-11.6223619243828,-0.717928604715793,1.1153994709287,10.445954298274,5.60904786552495,2.29680381752232
"NELFE_HUMAN---SRPK2_HUMAN",-61.9579800536959,-4.44964724723935,5.16341107429619,13.5788605514532,-1.12490470315422,-6.74052772042454,-0.354114975737039,6.14255323413486,-6.35311572156205,-2.54629527404865
"HDAC1_HUMAN---NFKB1_HUMAN",-60.5529438257201,5.89775548365228,12.4109088401518,9.55591868538608,6.25927406894279,-7.00761946141163,-4.29110363716145,2.1229334856458,6.80302797329309,5.29955194613092
"NHRF1_HUMAN---RHG17_HUMAN",-61.9579800536959,-4.44964724723935,5.16341107429619,13.5788605514532,-1.12490470315422,-6.74052772042454,-0.354114975737039,6.14255323413486,-6.35311572156205,-2.54629527404865
"NHRF1_HUMAN---YAP1_HUMAN",-61.9579800536959,-4.44964724723935,5.16341107429619,13.5788605514532,-1.12490470315422,-6.74052772042454,-0.354114975737039,6.14255323413486,-6.35311572156205,-2.54629527404865
"CDK1_HUMAN---NIPA_HUMAN",-50.4356615827681,32.3497768170642,12.8444267255481,-11.0595930266573,-2.78861779873255,10.5708372869112,4.10569171760535,1.8633323143335,-5.93785616884876,2.34257184876636
"DDX41_HUMAN---NKAP_HUMAN",-40.8061293925175,43.8718330000029,-2.03304132219972,-13.241159726119,-11.6223619243828,-0.717928604715793,1.1153994709287,10.445954298274,5.60904786552495,2.29680381752232
"NMD3_HUMAN---WDHD1_HUMAN",-60.5529438257201,5.89775548365228,12.4109088401518,9.55591868538608,6.25927406894279,-7.00761946141163,-4.29110363716145,2.1229334856458,6.80302797329309,5.29955194613092
"MYC_HUMAN---NOL9_HUMAN",6.21402189272338,49.1662070003366,-20.5283989345007,20.326980273291,18.4473634777951,10.3228817206621,3.27066350475845,0.0807101822917917,0.776485685641136,8.48688244876118
"MBB1A_HUMAN---NOP2_HUMAN",-61.9579800536959,-4.44964724723935,5.16341107429619,13.5788605514532,-1.12490470315422,-6.74052772042454,-0.354114975737039,6.14255323413486,-6.35311572156205,-2.54629527404865
"NOP2_HUMAN---SPB1_HUMAN",-61.9579800536959,-4.44964724723935,5.16341107429619,13.5788605514532,-1.12490470315422,-6.74052772042454,-0.354114975737039,6.14255323413486,-6.35311572156205,-2.54629527404865
"NP1L1_HUMAN---OSBP1_HUMAN",-61.2814391852644,-13.9698053353305,-6.74885269347883,9.10210716357418,-8.4448062512393,4.3519377045214,5.489293902188,-3.43060943273724,2.76103382149807,0.618026505131509
"CDK1_HUMAN---NPM_HUMAN",-53.9520645546212,-25.9567839901067,-13.1829136712939,-15.6676457355086,10.8896968975015,-4.39926106066006,7.03717015438387,1.02223294865976,0.231175436621904,-2.21259043027763
"HJURP_HUMAN---NPM_HUMAN",-61.9579800536959,-4.44964724723935,5.16341107429619,13.5788605514532,-1.12490470315422,-6.74052772042454,-0.354114975737039,6.14255323413486,-6.35311572156205,-2.54629527404865
"NPM_HUMAN---NUCL_HUMAN",-53.9520645546212,-25.9567839901067,-13.1829136712939,-15.6676457355086,10.8896968975015,-4.39926106066006,7.03717015438387,1.02223294865976,0.231175436621904,-2.21259043027763
"NPM_HUMAN---P53_HUMAN",-61.2814391852644,-13.9698053353305,-6.74885269347883,9.10210716357418,-8.4448062512393,4.3519377045214,5.489293902188,-3.43060943273724,2.76103382149807,0.618026505131509
"NPM_HUMAN---SENP3_HUMAN",-61.9579800536959,-4.44964724723935,5.16341107429619,13.5788605514532,-1.12490470315422,-6.74052772042454,-0.354114975737039,6.14255323413486,-6.35311572156205,-2.54629527404865
"NRBP_HUMAN---T22D4_HUMAN",-61.9579800536959,-4.44964724723935,5.16341107429619,13.5788605514532,-1.12490470315422,-6.74052772042454,-0.354114975737039,6.14255323413486,-6.35311572156205,-2.54629527404865
"B2R4R0_HUMAN---NSD1_HUMAN",-54.8190103216398,24.8182646555727,16.3404554384038,-5.48674521677981,4.04235362875702,9.19755391060193,1.01417067652103,-7.38625589192247,-5.64943157502897,-5.32620411394367
"CDK1_HUMAN---NSF1C_HUMAN",-58.362086070219,-21.1266066563434,-13.7540727749678,-4.64150798811611,1.42312150657234,7.01604264913675,-9.60553049363315,1.86990710077616,-0.935056965384246,-0.100695559707325
"NSF1C_HUMAN---TERA_HUMAN",-54.8190103216398,24.8182646555727,16.3404554384038,-5.48674521677981,4.04235362875702,9.19755391060193,1.01417067652103,-7.38625589192247,-5.64943157502897,-5.32620411394367
"CDK1_HUMAN---NUCKS_HUMAN",-53.9520645546212,-25.9567839901067,-13.1829136712939,-15.6676457355086,10.8896968975015,-4.39926106066006,7.03717015438387,1.02223294865976,0.231175436621904,-2.21259043027763
"LA_HUMAN---NUCL_HUMAN",-61.2814391852644,-13.9698053353305,-6.74885269347883,9.10210716357418,-8.4448062512393,4.3519377045214,5.489293902188,-3.43060943273724,2.76103382149807,0.618026505131509
"CDK1_HUMAN---NUMA1_HUMAN",-45.8946399949118,38.6277422622627,5.84212081168682,-13.5548623397778,-8.09117622874177,6.64343395107537,3.64224209204246,9.96965365082916,-0.171468703053023,6.83186929567662
"MK03_HUMAN---NUP50_HUMAN",-53.9520645546212,-25.9567839901067,-13.1829136712939,-15.6676457355086,10.8896968975015,-4.39926106066006,7.03717015438387,1.02223294865976,0.231175436621904,-2.21259043027763
"NUCL_HUMAN---NUP62_HUMAN",-58.362086070219,-21.1266066563434,-13.7540727749678,-4.64150798811611,1.42312150657234,7.01604264913675,-9.60553049363315,1.86990710077616,-0.935056965384246,-0.100695559707325
"CDK1_HUMAN---NUP98_HUMAN",-61.2814391852644,-13.9698053353305,-6.74885269347883,9.10210716357418,-8.4448062512393,4.3519377045214,5.489293902188,-3.43060943273724,2.76103382149807,0.618026505131509
"EIF3G_HUMAN---ODPA_HUMAN",-23.4286522417656,52.3026328621009,-19.8301032516111,-0.195543191646286,-5.54195824062233,-11.8620188813935,-5.74056942943618,-9.56512595758417,-1.12773641429548,-4.57558989262531
"FRIH_HUMAN---OPTN_HUMAN",-61.2814391852644,-13.9698053353305,-6.74885269347883,9.10210716357418,-8.4448062512393,4.3519377045214,5.489293902188,-3.43060943273724,2.76103382149807,0.618026505131509
"KCD12_HUMAN---OSBP1_HUMAN",-54.8190103216398,24.8182646555727,16.3404554384038,-5.48674521677981,4.04235362875702,9.19755391060193,1.01417067652103,-7.38625589192247,-5.64943157502897,-5.32620411394367
"OSBP1_HUMAN---ZRAB2_HUMAN",-45.8946399949118,38.6277422622627,5.84212081168682,-13.5548623397778,-8.09117622874177,6.64343395107537,3.64224209204246,9.96965365082916,-0.171468703053023,6.83186929567662
"OXSR1_HUMAN---SCFD1_HUMAN",-45.8946399949118,38.6277422622627,5.84212081168682,-13.5548623397778,-8.09117622874177,6.64343395107537,3.64224209204246,9.96965365082916,-0.171468703053023,6.83186929567662
"CDK1_HUMAN---P3C2A_HUMAN",-50.4356615827681,32.3497768170642,12.8444267255481,-11.0595930266573,-2.78861779873255,10.5708372869112,4.10569171760535,1.8633323143335,-5.93785616884876,2.34257184876636
"AURKB_HUMAN---P53_HUMAN",-58.1246872298532,15.8884178750955,16.6047227872292,2.25522194433077,8.03750035768164,1.41870633062349,-3.7899027912078,-7.13425703277327,4.72110006770253,-1.02526526103847
"CEBPZ_HUMAN---P53_HUMAN",-61.2814391852644,-13.9698053353305,-6.74885269347883,9.10210716357418,-8.4448062512393,4.3519377045214,5.489293902188,-3.43060943273724,2.76103382149807,0.618026505131509
"CHIP_HUMAN---P53_HUMAN",-58.362086070219,-21.1266066563434,-13.7540727749678,-4.64150798811611,1.42312150657234,7.01604264913675,-9.60553049363315,1.86990710077616,-0.935056965384246,-0.100695559707325
"HDAC1_HUMAN---P53_HUMAN",-58.362086070219,-21.1266066563434,-13.7540727749678,-4.64150798811611,1.42312150657234,7.01604264913675,-9.60553049363315,1.86990710077616,-0.935056965384246,-0.100695559707325
"HIPK2_HUMAN---P53_HUMAN",-58.362086070219,-21.1266066563434,-13.7540727749678,-4.64150798811611,1.42312150657234,7.01604264913675,-9.60553049363315,1.86990710077616,-0.935056965384246,-0.100695559707325
"MK01_HUMAN---P53_HUMAN",-61.2814391852644,-13.9698053353305,-6.74885269347883,9.10210716357418,-8.4448062512393,4.3519377045214,5.489293902188,-3.43060943273724,2.76103382149807,0.618026505131509
"P53_HUMAN---PSME3_HUMAN",-58.362086070219,-21.1266066563434,-13.7540727749678,-4.64150798811611,1.42312150657234,7.01604264913675,-9.60553049363315,1.86990710077616,-0.935056965384246,-0.100695559707325
"P53_HUMAN---TP53B_HUMAN",-58.362086070219,-21.1266066563434,-13.7540727749678,-4.64150798811611,1.42312150657234,7.01604264913675,-9.60553049363315,1.86990710077616,-0.935056965384246,-0.100695559707325
"HDAC1_HUMAN---P66B_HUMAN",-40.8061293925175,43.8718330000029,-2.03304132219972,-13.241159726119,-11.6223619243828,-0.717928604715793,1.1153994709287,10.445954298274,5.60904786552495,2.29680381752232
"CHD3_HUMAN---PAIRB_HUMAN",-61.2814391852644,-13.9698053353305,-6.74885269347883,9.10210716357418,-8.4448062512393,4.3519377045214,5.489293902188,-3.43060943273724,2.76103382149807,0.618026505131509
"PAK4_HUMAN---PAXI_HUMAN",-40.8061293925175,43.8718330000029,-2.03304132219972,-13.241159726119,-11.6223619243828,-0.717928604715793,1.1153994709287,10.445954298274,5.60904786552495,2.29680381752232
"CDK1_HUMAN---PALLD_HUMAN",-61.9579800536959,-4.44964724723935,5.16341107429619,13.5788605514532,-1.12490470315422,-6.74052772042454,-0.354114975737039,6.14255323413486,-6.35311572156205,-2.54629527404865
"1433T_HUMAN---PANK2_HUMAN",-61.2814391852644,-13.9698053353305,-6.74885269347883,9.10210716357418,-8.4448062512393,4.3519377045214,5.489293902188,-3.43060943273724,2.76103382149807,0.618026505131509
"NOVA1_HUMAN---PCBP1_HUMAN",-60.5529438257201,5.89775548365228,12.4109088401518,9.55591868538608,6.25927406894279,-7.00761946141163,-4.29110363716145,2.1229334856458,6.80302797329309,5.29955194613092
"PCBP1_HUMAN---T22D4_HUMAN",-61.9579800536959,-4.44964724723935,5.16341107429619,13.5788605514532,-1.12490470315422,-6.74052772042454,-0.354114975737039,6.14255323413486,-6.35311572156205,-2.54629527404865
"PCBP1_HUMAN---ZN830_HUMAN",-61.9579800536959,-4.44964724723935,5.16341107429619,13.5788605514532,-1.12490470315422,-6.74052772042454,-0.354114975737039,6.14255323413486,-6.35311572156205,-2.54629527404865
"PCNP_HUMAN---TE2IP_HUMAN",-50.4356615827681,32.3497768170642,12.8444267255481,-11.0595930266573,-2.78861779873255,10.5708372869112,4.10569171760535,1.8633323143335,-5.93785616884876,2.34257184876636
"ICLN_HUMAN---PDIA6_HUMAN",-61.2814391852644,-13.9698053353305,-6.74885269347883,9.10210716357418,-8.4448062512393,4.3519377045214,5.489293902188,-3.43060943273724,2.76103382149807,0.618026505131509
"ICLN_HUMAN---PDLI1_HUMAN",-58.362086070219,-21.1266066563434,-13.7540727749678,-4.64150798811611,1.42312150657234,7.01604264913675,-9.60553049363315,1.86990710077616,-0.935056965384246,-0.100695559707325
"PDS5A_HUMAN---SMC3_HUMAN",-61.2814391852644,-13.9698053353305,-6.74885269347883,9.10210716357418,-8.4448062512393,4.3519377045214,5.489293902188,-3.43060943273724,2.76103382149807,0.618026505131509
"CDK1_HUMAN---PDS5B_HUMAN",-25.5488951184247,-32.8000823608355,21.8337815104794,0.865531254439213,-36.1953897526199,-6.31004644808463,-6.41209194110179,-12.8125400829766,-2.65484416432373,9.34772257901755
"CEBPZ_HUMAN---PEBB_HUMAN",-61.2814391852644,-13.9698053353305,-6.74885269347883,9.10210716357418,-8.4448062512393,4.3519377045214,5.489293902188,-3.43060943273724,2.76103382149807,0.618026505131509
"PELP1_HUMAN---SENP3_HUMAN",-60.5529438257201,5.89775548365228,12.4109088401518,9.55591868538608,6.25927406894279,-7.00761946141163,-4.29110363716145,2.1229334856458,6.80302797329309,5.29955194613092
"PGAM1_HUMAN---XRCC6_HUMAN",-58.362086070219,-21.1266066563434,-13.7540727749678,-4.64150798811611,1.42312150657234,7.01604264913675,-9.60553049363315,1.86990710077616,-0.935056965384246,-0.100695559707325
"NHRF1_HUMAN---PHAG1_HUMAN",-61.9579800536959,-4.44964724723935,5.16341107429619,13.5788605514532,-1.12490470315422,-6.74052772042454,-0.354114975737039,6.14255323413486,-6.35311572156205,-2.54629527404865
"CUL4B_HUMAN---PHIP_HUMAN",-60.5529438257201,5.89775548365228,12.4109088401518,9.55591868538608,6.25927406894279,-7.00761946141163,-4.29110363716145,2.1229334856458,6.80302797329309,5.29955194613092
"PI4KA_HUMAN---STRN4_HUMAN",-61.2814391852644,-13.9698053353305,-6.74885269347883,9.10210716357418,-8.4448062512393,4.3519377045214,5.489293902188,-3.43060943273724,2.76103382149807,0.618026505131509
"P53_HUMAN---PIAS1_HUMAN",-58.362086070219,-21.1266066563434,-13.7540727749678,-4.64150798811611,1.42312150657234,7.01604264913675,-9.60553049363315,1.86990710077616,-0.935056965384246,-0.100695559707325
"PIAS1_HUMAN---SUMO2_HUMAN",-58.362086070219,-21.1266066563434,-13.7540727749678,-4.64150798811611,1.42312150657234,7.01604264913675,-9.60553049363315,1.86990710077616,-0.935056965384246,-0.100695559707325
"PININ_HUMAN---PRP4B_HUMAN",-61.9579800536959,-4.44964724723935,5.16341107429619,13.5788605514532,-1.12490470315422,-6.74052772042454,-0.354114975737039,6.14255323413486,-6.35311572156205,-2.54629527404865
"PININ_HUMAN---SRSF4_HUMAN",-61.2814391852644,-13.9698053353305,-6.74885269347883,9.10210716357418,-8.4448062512393,4.3519377045214,5.489293902188,-3.43060943273724,2.76103382149807,0.618026505131509
"CDK1_HUMAN---PKN2_HUMAN",-35.4324478052464,47.8101790388058,-9.51906414180939,-10.5015752656489,-11.6996128555521,-7.15625575113627,-2.03784416252618,4.80282160793743,6.78801715871227,-4.80522835978165
"ADNP_HUMAN---PLCG1_HUMAN",-61.2814391852644,-13.9698053353305,-6.74885269347883,9.10210716357418,-8.4448062512393,4.3519377045214,5.489293902188,-3.43060943273724,2.76103382149807,0.618026505131509
"CBL_HUMAN---PLCG1_HUMAN",-53.9520645546212,-25.9567839901067,-13.1829136712939,-15.6676457355086,10.8896968975015,-4.39926106066006,7.03717015438387,1.02223294865976,0.231175436621904,-2.21259043027763
"EF1A1_HUMAN---PLCG1_HUMAN",-53.9520645546212,-25.9567839901067,-13.1829136712939,-15.6676457355086,10.8896968975015,-4.39926106066006,7.03717015438387,1.02223294865976,0.231175436621904,-2.21259043027763
"LYRIC_HUMAN---PLEC_HUMAN",-54.8190103216398,24.8182646555727,16.3404554384038,-5.48674521677981,4.04235362875702,9.19755391060193,1.01417067652103,-7.38625589192247,-5.64943157502897,-5.32620411394367
"PLK1_HUMAN---TOP2A_HUMAN",-29.7435427614512,50.495889367779,-15.7719188026669,-5.7373550163212,-9.18079998042594,-11.0369058003772,-4.78117831882998,-3.48258254389187,3.78585258732461,-9.12459407887145
"PLK1_HUMAN---VRK3_HUMAN",-29.7435427614512,50.495889367779,-15.7719188026669,-5.7373550163212,-9.18079998042594,-11.0369058003772,-4.78117831882998,-3.48258254389187,3.78585258732461,-9.12459407887145
"KAPCA_HUMAN---PLSL_HUMAN",-61.2814391852644,-13.9698053353305,-6.74885269347883,9.10210716357418,-8.4448062512393,4.3519377045214,5.489293902188,-3.43060943273724,2.76103382149807,0.618026505131509
"PNKP_HUMAN---UBE2O_HUMAN",-58.362086070219,-21.1266066563434,-13.7540727749678,-4.64150798811611,1.42312150657234,7.01604264913675,-9.60553049363315,1.86990710077616,-0.935056965384246,-0.100695559707325
"PNKP_HUMAN---XRCC1_HUMAN",-58.362086070219,-21.1266066563434,-13.7540727749678,-4.64150798811611,1.42312150657234,7.01604264913675,-9.60553049363315,1.86990710077616,-0.935056965384246,-0.100695559707325
"PO2F1_HUMAN---XRCC6_HUMAN",-61.2814391852644,-13.9698053353305,-6.74885269347883,9.10210716357418,-8.4448062512393,4.3519377045214,5.489293902188,-3.43060943273724,2.76103382149807,0.618026505131509
"IQGA1_HUMAN---PODXL_HUMAN",-29.7435427614512,50.495889367779,-15.7719188026669,-5.7373550163212,-9.18079998042594,-11.0369058003772,-4.78117831882998,-3.48258254389187,3.78585258732461,-9.12459407887145
"MDC1_HUMAN---POGZ_HUMAN",-61.9579800536959,-4.44964724723935,5.16341107429619,13.5788605514532,-1.12490470315422,-6.74052772042454,-0.354114975737039,6.14255323413486,-6.35311572156205,-2.54629527404865
"DLG3_HUMAN---PP1A_HUMAN",-58.362086070219,-21.1266066563434,-13.7540727749678,-4.64150798811611,1.42312150657234,7.01604264913675,-9.60553049363315,1.86990710077616,-0.935056965384246,-0.100695559707325
"FARP1_HUMAN---PP1A_HUMAN",-54.8190103216398,24.8182646555727,16.3404554384038,-5.48674521677981,4.04235362875702,9.19755391060193,1.01417067652103,-7.38625589192247,-5.64943157502897,-5.32620411394367
"PP1A_HUMAN---RB_HUMAN",-58.362086070219,-21.1266066563434,-13.7540727749678,-4.64150798811611,1.42312150657234,7.01604264913675,-9.60553049363315,1.86990710077616,-0.935056965384246,-0.100695559707325
"PP6R3_HUMAN---TE2IP_HUMAN",-45.8946399949118,38.6277422622627,5.84212081168682,-13.5548623397778,-8.09117622874177,6.64343395107537,3.64224209204246,9.96965365082916,-0.171468703053023,6.83186929567662
"AURKB_HUMAN---PPHLN_HUMAN",-58.1246872298532,15.8884178750955,16.6047227872292,2.25522194433077,8.03750035768164,1.41870633062349,-3.7899027912078,-7.13425703277327,4.72110006770253,-1.02526526103847
"NKAP_HUMAN---PPIG_HUMAN",-61.2814391852644,-13.9698053353305,-6.74885269347883,9.10210716357418,-8.4448062512393,4.3519377045214,5.489293902188,-3.43060943273724,2.76103382149807,0.618026505131509
"PCBP1_HUMAN---PPIG_HUMAN",-61.9579800536959,-4.44964724723935,5.16341107429619,13.5788605514532,-1.12490470315422,-6.74052772042454,-0.354114975737039,6.14255323413486,-6.35311572156205,-2.54629527404865
"PININ_HUMAN---PPIG_HUMAN",-61.2814391852644,-13.9698053353305,-6.74885269347883,9.10210716357418,-8.4448062512393,4.3519377045214,5.489293902188,-3.43060943273724,2.76103382149807,0.618026505131509
"PR38A_HUMAN---SRPK2_HUMAN",-61.9579800536959,-4.44964724723935,5.16341107429619,13.5788605514532,-1.12490470315422,-6.74052772042454,-0.354114975737039,6.14255323413486,-6.35311572156205,-2.54629527404865
"PR38A_HUMAN---TF3C1_HUMAN",-61.9579800536959,-4.44964724723935,5.16341107429619,13.5788605514532,-1.12490470315422,-6.74052772042454,-0.354114975737039,6.14255323413486,-6.35311572156205,-2.54629527404865
"C1QBP_HUMAN---PRC2A_HUMAN",-50.4356615827681,32.3497768170642,12.8444267255481,-11.0595930266573,-2.78861779873255,10.5708372869112,4.10569171760535,1.8633323143335,-5.93785616884876,2.34257184876636
"JUN_HUMAN---PRC2A_HUMAN",-61.9579800536959,-4.44964724723935,5.16341107429619,13.5788605514532,-1.12490470315422,-6.74052772042454,-0.354114975737039,6.14255323413486,-6.35311572156205,-2.54629527404865
"CHIP_HUMAN---PSA3_HUMAN",-61.9579800536959,-4.44964724723935,5.16341107429619,13.5788605514532,-1.12490470315422,-6.74052772042454,-0.354114975737039,6.14255323413486,-6.35311572156205,-2.54629527404865
"PSA3_HUMAN---PSA5_HUMAN",-40.8061293925175,43.8718330000029,-2.03304132219972,-13.241159726119,-11.6223619243828,-0.717928604715793,1.1153994709287,10.445954298274,5.60904786552495,2.29680381752232
"PSA3_HUMAN---PSMD1_HUMAN",-61.9579800536959,-4.44964724723935,5.16341107429619,13.5788605514532,-1.12490470315422,-6.74052772042454,-0.354114975737039,6.14255323413486,-6.35311572156205,-2.54629527404865
"GAB1_HUMAN---PTN11_HUMAN",-53.9520645546212,-25.9567839901067,-13.1829136712939,-15.6676457355086,10.8896968975015,-4.39926106066006,7.03717015438387,1.02223294865976,0.231175436621904,-2.21259043027763
"GRB2_HUMAN---PTN11_HUMAN",-53.9520645546212,-25.9567839901067,-13.1829136712939,-15.6676457355086,10.8896968975015,-4.39926106066006,7.03717015438387,1.02223294865976,0.231175436621904,-2.21259043027763
"MPZL1_HUMAN---PTN11_HUMAN",-61.9579800536959,-4.44964724723935,5.16341107429619,13.5788605514532,-1.12490470315422,-6.74052772042454,-0.354114975737039,6.14255323413486,-6.35311572156205,-2.54629527404865
"CDK1_HUMAN---PTN2_HUMAN",-61.9579800536959,-4.44964724723935,5.16341107429619,13.5788605514532,-1.12490470315422,-6.74052772042454,-0.354114975737039,6.14255323413486,-6.35311572156205,-2.54629527404865
"GRB2_HUMAN---PTPRA_HUMAN",-61.9579800536959,-4.44964724723935,5.16341107429619,13.5788605514532,-1.12490470315422,-6.74052772042454,-0.354114975737039,6.14255323413486,-6.35311572156205,-2.54629527404865
"PRR12_HUMAN---PUM1_HUMAN",-29.7435427614512,50.495889367779,-15.7719188026669,-5.7373550163212,-9.18079998042594,-11.0369058003772,-4.78117831882998,-3.48258254389187,3.78585258732461,-9.12459407887145
"CDK1_HUMAN---PUR6_HUMAN",-61.2814391852644,-13.9698053353305,-6.74885269347883,9.10210716357418,-8.4448062512393,4.3519377045214,5.489293902188,-3.43060943273724,2.76103382149807,0.618026505131509
"CSK21_HUMAN---PURB_HUMAN",-50.4356615827681,32.3497768170642,12.8444267255481,-11.0595930266573,-2.78861779873255,10.5708372869112,4.10569171760535,1.8633323143335,-5.93785616884876,2.34257184876636
"GLCI1_HUMAN---Q548N1_HUMAN",-5.37087962910992,51.9949401915273,-24.5557435772508,14.259716228486,9.70209088266433,-0.188403169847555,1.89805597645603,-4.63822463418926,-8.72541957740513,11.9269019214938
"Q548N1_HUMAN---SMN_HUMAN",-5.37087962910992,51.9949401915273,-24.5557435772508,14.259716228486,9.70209088266433,-0.188403169847555,1.89805597645603,-4.63822463418926,-8.72541957740513,11.9269019214938
"MDC1_HUMAN---RAD50_HUMAN",-58.362086070219,-21.1266066563434,-13.7540727749678,-4.64150798811611,1.42312150657234,7.01604264913675,-9.60553049363315,1.86990710077616,-0.935056965384246,-0.100695559707325
"RAD50_HUMAN---TE2IP_HUMAN",-61.9579800536959,-4.44964724723935,5.16341107429619,13.5788605514532,-1.12490470315422,-6.74052772042454,-0.354114975737039,6.14255323413486,-6.35311572156205,-2.54629527404865
"RAM_HUMAN---RBMX_HUMAN",-23.4286522417656,52.3026328621009,-19.8301032516111,-0.195543191646286,-5.54195824062233,-11.8620188813935,-5.74056942943618,-9.56512595758417,-1.12773641429548,-4.57558989262531
"GRB2_HUMAN---RBM33_HUMAN",-58.362086070219,-21.1266066563434,-13.7540727749678,-4.64150798811611,1.42312150657234,7.01604264913675,-9.60553049363315,1.86990710077616,-0.935056965384246,-0.100695559707325
"RBM34_HUMAN---WDHD1_HUMAN",-61.2814391852644,-13.9698053353305,-6.74885269347883,9.10210716357418,-8.4448062512393,4.3519377045214,5.489293902188,-3.43060943273724,2.76103382149807,0.618026505131509
"RBM39_HUMAN---SRPK2_HUMAN",0.504606521456187,50.8698089694719,-24.3620729862302,18.0860936860104,13.4097660427113,4.38512610131961,4.31712092294687,0.493759473254053,-7.85248170294633,9.53484003148486
"MEP50_HUMAN---RBM5_HUMAN",-58.1246872298532,15.8884178750955,16.6047227872292,2.25522194433077,8.03750035768164,1.41870633062349,-3.7899027912078,-7.13425703277327,4.72110006770253,-1.02526526103847
"CDK1_HUMAN---RBP2_HUMAN",-61.2814391852644,-13.9698053353305,-6.74885269347883,9.10210716357418,-8.4448062512393,4.3519377045214,5.489293902188,-3.43060943273724,2.76103382149807,0.618026505131509
"HDAC1_HUMAN---RB_HUMAN",-58.362086070219,-21.1266066563434,-13.7540727749678,-4.64150798811611,1.42312150657234,7.01604264913675,-9.60553049363315,1.86990710077616,-0.935056965384246,-0.100695559707325
"LAP2B_HUMAN---RB_HUMAN",-61.2814391852644,-13.9698053353305,-6.74885269347883,9.10210716357418,-8.4448062512393,4.3519377045214,5.489293902188,-3.43060943273724,2.76103382149807,0.618026505131509
"RB_HUMAN---TF3C1_HUMAN",-58.362086070219,-21.1266066563434,-13.7540727749678,-4.64150798811611,1.42312150657234,7.01604264913675,-9.60553049363315,1.86990710077616,-0.935056965384246,-0.100695559707325
"HDAC2_HUMAN---RCOR1_HUMAN",-54.8190103216398,24.8182646555727,16.3404554384038,-5.48674521677981,4.04235362875702,9.19755391060193,1.01417067652103,-7.38625589192247,-5.64943157502897,-5.32620411394367
"REC8_HUMAN---SMC3_HUMAN",-60.5529438257201,5.89775548365228,12.4109088401518,9.55591868538608,6.25927406894279,-7.00761946141163,-4.29110363716145,2.1229334856458,6.80302797329309,5.29955194613092
"RECQ4_HUMAN---TE2IP_HUMAN",-61.9579800536959,-4.44964724723935,5.16341107429619,13.5788605514532,-1.12490470315422,-6.74052772042454,-0.354114975737039,6.14255323413486,-6.35311572156205,-2.54629527404865
"CDK1_HUMAN---RFC1_HUMAN",-60.5529438257201,5.89775548365228,12.4109088401518,9.55591868538608,6.25927406894279,-7.00761946141163,-4.29110363716145,2.1229334856458,6.80302797329309,5.29955194613092
"AMOT_HUMAN---RHG17_HUMAN",-61.9579800536959,-4.44964724723935,5.16341107429619,13.5788605514532,-1.12490470315422,-6.74052772042454,-0.354114975737039,6.14255323413486,-6.35311572156205,-2.54629527404865
"CUL4B_HUMAN---RL15_HUMAN",-60.5529438257201,5.89775548365228,12.4109088401518,9.55591868538608,6.25927406894279,-7.00761946141163,-4.29110363716145,2.1229334856458,6.80302797329309,5.29955194613092
"CPSF5_HUMAN---RLA1_HUMAN",-58.362086070219,-21.1266066563434,-13.7540727749678,-4.64150798811611,1.42312150657234,7.01604264913675,-9.60553049363315,1.86990710077616,-0.935056965384246,-0.100695559707325
"MCRS1_HUMAN---RN213_HUMAN",-58.362086070219,-21.1266066563434,-13.7540727749678,-4.64150798811611,1.42312150657234,7.01604264913675,-9.60553049363315,1.86990710077616,-0.935056965384246,-0.100695559707325
"HOIL1_HUMAN---RNF31_HUMAN",-61.2814391852644,-13.9698053353305,-6.74885269347883,9.10210716357418,-8.4448062512393,4.3519377045214,5.489293902188,-3.43060943273724,2.76103382149807,0.618026505131509
"RNF31_HUMAN---TRI25_HUMAN",-61.2814391852644,-13.9698053353305,-6.74885269347883,9.10210716357418,-8.4448062512393,4.3519377045214,5.489293902188,-3.43060943273724,2.76103382149807,0.618026505131509
"ADDA_HUMAN---ROCK1_HUMAN",-61.9579800536959,-4.44964724723935,5.16341107429619,13.5788605514532,-1.12490470315422,-6.74052772042454,-0.354114975737039,6.14255323413486,-6.35311572156205,-2.54629527404865
"FA21A_HUMAN---ROCK1_HUMAN",-58.1246872298532,15.8884178750955,16.6047227872292,2.25522194433077,8.03750035768164,1.41870633062349,-3.7899027912078,-7.13425703277327,4.72110006770253,-1.02526526103847
"FAK1_HUMAN---ROCK1_HUMAN",-61.9579800536959,-4.44964724723935,5.16341107429619,13.5788605514532,-1.12490470315422,-6.74052772042454,-0.354114975737039,6.14255323413486,-6.35311572156205,-2.54629527404865
"MARCS_HUMAN---ROCK1_HUMAN",-60.5529438257201,5.89775548365228,12.4109088401518,9.55591868538608,6.25927406894279,-7.00761946141163,-4.29110363716145,2.1229334856458,6.80302797329309,5.29955194613092
"CSK21_HUMAN---RPRD2_HUMAN",-61.2814391852644,-13.9698053353305,-6.74885269347883,9.10210716357418,-8.4448062512393,4.3519377045214,5.489293902188,-3.43060943273724,2.76103382149807,0.618026505131509
"RRAS2_HUMAN---XRCC6_HUMAN",-61.2814391852644,-13.9698053353305,-6.74885269347883,9.10210716357418,-8.4448062512393,4.3519377045214,5.489293902188,-3.43060943273724,2.76103382149807,0.618026505131509
"HDAC2_HUMAN---RREB1_HUMAN",-58.362086070219,-21.1266066563434,-13.7540727749678,-4.64150798811611,1.42312150657234,7.01604264913675,-9.60553049363315,1.86990710077616,-0.935056965384246,-0.100695559707325
"RU17_HUMAN---SRPK1_HUMAN",-29.7435427614512,50.495889367779,-15.7719188026669,-5.7373550163212,-9.18079998042594,-11.0369058003772,-4.78117831882998,-3.48258254389187,3.78585258732461,-9.12459407887145
"RU17_HUMAN---SRPK2_HUMAN",-58.362086070219,-21.1266066563434,-13.7540727749678,-4.64150798811611,1.42312150657234,7.01604264913675,-9.60553049363315,1.86990710077616,-0.935056965384246,-0.100695559707325
"RU17_HUMAN---ZRAB2_HUMAN",-45.8946399949118,38.6277422622627,5.84212081168682,-13.5548623397778,-8.09117622874177,6.64343395107537,3.64224209204246,9.96965365082916,-0.171468703053023,6.83186929567662
"RUSD2_HUMAN---WRIP1_HUMAN",-11.4098321272134,52.6800349790317,-24.3489234437977,9.69307972852699,5.42711267392537,-5.28482863848678,-0.683346390432991,-9.07114992466435,-8.3428992236731,9.95931192877251
"LNX1_HUMAN---S6A15_HUMAN",-17.6315382511298,52.4957918149501,-22.880544356758,4.3199950798546,1.07206242066319,-9.24635180527395,-1.93775934864048,-10.7976581358739,-6.86673560549364,6.14383543461669
"ARHG7_HUMAN---SCRIB_HUMAN",-61.2814391852644,-13.9698053353305,-6.74885269347883,9.10210716357418,-8.4448062512393,4.3519377045214,5.489293902188,-3.43060943273724,2.76103382149807,0.618026505131509
"CD2B2_HUMAN---SF01_HUMAN",-61.2814391852644,-13.9698053353305,-6.74885269347883,9.10210716357418,-8.4448062512393,4.3519377045214,5.489293902188,-3.43060943273724,2.76103382149807,0.618026505131509
"HNRL1_HUMAN---SF01_HUMAN",-61.2814391852644,-13.9698053353305,-6.74885269347883,9.10210716357418,-8.4448062512393,4.3519377045214,5.489293902188,-3.43060943273724,2.76103382149807,0.618026505131509
"MEP50_HUMAN---SF01_HUMAN",-61.2814391852644,-13.9698053353305,-6.74885269347883,9.10210716357418,-8.4448062512393,4.3519377045214,5.489293902188,-3.43060943273724,2.76103382149807,0.618026505131509
"RBM10_HUMAN---SF3A1_HUMAN",-35.4324478052464,47.8101790388058,-9.51906414180939,-10.5015752656489,-11.6996128555521,-7.15625575113627,-2.03784416252618,4.80282160793743,6.78801715871227,-4.80522835978165
"SF3A1_HUMAN---SF3A3_HUMAN",-60.5529438257201,5.89775548365228,12.4109088401518,9.55591868538608,6.25927406894279,-7.00761946141163,-4.29110363716145,2.1229334856458,6.80302797329309,5.29955194613092
"SF3A3_HUMAN---STAM2_HUMAN",-60.5529438257201,5.89775548365228,12.4109088401518,9.55591868538608,6.25927406894279,-7.00761946141163,-4.29110363716145,2.1229334856458,6.80302797329309,5.29955194613092
"GSTP1_HUMAN---SFR19_HUMAN",-23.4286522417656,52.3026328621009,-19.8301032516111,-0.195543191646286,-5.54195824062233,-11.8620188813935,-5.74056942943618,-9.56512595758417,-1.12773641429548,-4.57558989262531
"HS90B_HUMAN---SG223_HUMAN",-61.2814391852644,-13.9698053353305,-6.74885269347883,9.10210716357418,-8.4448062512393,4.3519377045214,5.489293902188,-3.43060943273724,2.76103382149807,0.618026505131509
"BAG6_HUMAN---SGTA_HUMAN",-58.1246872298532,15.8884178750955,16.6047227872292,2.25522194433077,8.03750035768164,1.41870633062349,-3.7899027912078,-7.13425703277327,4.72110006770253,-1.02526526103847
"DBNL_HUMAN---SH24A_HUMAN",-58.1246872298532,15.8884178750955,16.6047227872292,2.25522194433077,8.03750035768164,1.41870633062349,-3.7899027912078,-7.13425703277327,4.72110006770253,-1.02526526103847
"GRB2_HUMAN---SH24A_HUMAN",-58.1246872298532,15.8884178750955,16.6047227872292,2.25522194433077,8.03750035768164,1.41870633062349,-3.7899027912078,-7.13425703277327,4.72110006770253,-1.02526526103847
"GRB2_HUMAN---SHC1_HUMAN",-53.9520645546212,-25.9567839901067,-13.1829136712939,-15.6676457355086,10.8896968975015,-4.39926106066006,7.03717015438387,1.02223294865976,0.231175436621904,-2.21259043027763
"IGF1R_HUMAN---SHC1_HUMAN",-53.9520645546212,-25.9567839901067,-13.1829136712939,-15.6676457355086,10.8896968975015,-4.39926106066006,7.03717015438387,1.02223294865976,0.231175436621904,-2.21259043027763
"CBL_HUMAN---SHIP2_HUMAN",-53.9520645546212,-25.9567839901067,-13.1829136712939,-15.6676457355086,10.8896968975015,-4.39926106066006,7.03717015438387,1.02223294865976,0.231175436621904,-2.21259043027763
"HDAC1_HUMAN---SIN3A_HUMAN",-58.362086070219,-21.1266066563434,-13.7540727749678,-4.64150798811611,1.42312150657234,7.01604264913675,-9.60553049363315,1.86990710077616,-0.935056965384246,-0.100695559707325
"MKX_HUMAN---SIN3A_HUMAN",-58.362086070219,-21.1266066563434,-13.7540727749678,-4.64150798811611,1.42312150657234,7.01604264913675,-9.60553049363315,1.86990710077616,-0.935056965384246,-0.100695559707325
"SIN3A_HUMAN---SMRC1_HUMAN",-54.8190103216398,24.8182646555727,16.3404554384038,-5.48674521677981,4.04235362875702,9.19755391060193,1.01417067652103,-7.38625589192247,-5.64943157502897,-5.32620411394367
"DNMT1_HUMAN---SIR1_HUMAN",-61.9579800536959,-4.44964724723935,5.16341107429619,13.5788605514532,-1.12490470315422,-6.74052772042454,-0.354114975737039,6.14255323413486,-6.35311572156205,-2.54629527404865
"SIR1_HUMAN---XRCC6_HUMAN",-61.9579800536959,-4.44964724723935,5.16341107429619,13.5788605514532,-1.12490470315422,-6.74052772042454,-0.354114975737039,6.14255323413486,-6.35311572156205,-2.54629527404865
"AURKB_HUMAN---SKA1_HUMAN",-35.4324478052464,47.8101790388058,-9.51906414180939,-10.5015752656489,-11.6996128555521,-7.15625575113627,-2.03784416252618,4.80282160793743,6.78801715871227,-4.80522835978165
"SKA1_HUMAN---SKA3_HUMAN",-35.4324478052464,47.8101790388058,-9.51906414180939,-10.5015752656489,-11.6996128555521,-7.15625575113627,-2.03784416252618,4.80282160793743,6.78801715871227,-4.80522835978165
"CHIP_HUMAN---SMAD1_HUMAN",-54.8190103216398,24.8182646555727,16.3404554384038,-5.48674521677981,4.04235362875702,9.19755391060193,1.01417067652103,-7.38625589192247,-5.64943157502897,-5.32620411394367
"PUM1_HUMAN---SMAD1_HUMAN",-54.8190103216398,24.8182646555727,16.3404554384038,-5.48674521677981,4.04235362875702,9.19755391060193,1.01417067652103,-7.38625589192247,-5.64943157502897,-5.32620411394367
"CCD25_HUMAN---SMAD2_HUMAN",-60.5529438257201,5.89775548365228,12.4109088401518,9.55591868538608,6.25927406894279,-7.00761946141163,-4.29110363716145,2.1229334856458,6.80302797329309,5.29955194613092
"CFDP1_HUMAN---SMAD3_HUMAN",-61.9579800536959,-4.44964724723935,5.16341107429619,13.5788605514532,-1.12490470315422,-6.74052772042454,-0.354114975737039,6.14255323413486,-6.35311572156205,-2.54629527404865
"JUN_HUMAN---SMAD3_HUMAN",-61.9579800536959,-4.44964724723935,5.16341107429619,13.5788605514532,-1.12490470315422,-6.74052772042454,-0.354114975737039,6.14255323413486,-6.35311572156205,-2.54629527404865
"RLA1_HUMAN---SMAP_HUMAN",-61.9579800536959,-4.44964724723935,5.16341107429619,13.5788605514532,-1.12490470315422,-6.74052772042454,-0.354114975737039,6.14255323413486,-6.35311572156205,-2.54629527404865
"SMAP_HUMAN---TRA2A_HUMAN",-61.9579800536959,-4.44964724723935,5.16341107429619,13.5788605514532,-1.12490470315422,-6.74052772042454,-0.354114975737039,6.14255323413486,-6.35311572156205,-2.54629527404865
"PDS5B_HUMAN---SMC3_HUMAN",-61.2814391852644,-13.9698053353305,-6.74885269347883,9.10210716357418,-8.4448062512393,4.3519377045214,5.489293902188,-3.43060943273724,2.76103382149807,0.618026505131509
"SMC3_HUMAN---WAPL_HUMAN",-45.8946399949118,38.6277422622627,5.84212081168682,-13.5548623397778,-8.09117622874177,6.64343395107537,3.64224209204246,9.96965365082916,-0.171468703053023,6.83186929567662
"CHD4_HUMAN---SMCA4_HUMAN",-61.2814391852644,-13.9698053353305,-6.74885269347883,9.10210716357418,-8.4448062512393,4.3519377045214,5.489293902188,-3.43060943273724,2.76103382149807,0.618026505131509
"BAZ1B_HUMAN---SMCA5_HUMAN",-35.4324478052464,47.8101790388058,-9.51906414180939,-10.5015752656489,-11.6996128555521,-7.15625575113627,-2.03784416252618,4.80282160793743,6.78801715871227,-4.80522835978165
"RSF1_HUMAN---SMCA5_HUMAN",-35.4324478052464,47.8101790388058,-9.51906414180939,-10.5015752656489,-11.6996128555521,-7.15625575113627,-2.03784416252618,4.80282160793743,6.78801715871227,-4.80522835978165
"SMN_HUMAN---WAP53_HUMAN",-60.5529438257201,5.89775548365228,12.4109088401518,9.55591868538608,6.25927406894279,-7.00761946141163,-4.29110363716145,2.1229334856458,6.80302797329309,5.29955194613092
"SMRCD_HUMAN---TIF1B_HUMAN",-60.5529438257201,5.89775548365228,12.4109088401518,9.55591868538608,6.25927406894279,-7.00761946141163,-4.29110363716145,2.1229334856458,6.80302797329309,5.29955194613092
"SMRCD_HUMAN---WIZ_HUMAN",-61.2814391852644,-13.9698053353305,-6.74885269347883,9.10210716357418,-8.4448062512393,4.3519377045214,5.489293902188,-3.43060943273724,2.76103382149807,0.618026505131509
"SMRCD_HUMAN---ZCH18_HUMAN",-58.362086070219,-21.1266066563434,-13.7540727749678,-4.64150798811611,1.42312150657234,7.01604264913675,-9.60553049363315,1.86990710077616,-0.935056965384246,-0.100695559707325
"EYA4_HUMAN---SMRD1_HUMAN",-23.4286522417656,52.3026328621009,-19.8301032516111,-0.195543191646286,-5.54195824062233,-11.8620188813935,-5.74056942943618,-9.56512595758417,-1.12773641429548,-4.57558989262531
"SMRC1_HUMAN---SMRD1_HUMAN",-23.4286522417656,52.3026328621009,-19.8301032516111,-0.195543191646286,-5.54195824062233,-11.8620188813935,-5.74056942943618,-9.56512595758417,-1.12773641429548,-4.57558989262531
"MFAP1_HUMAN---SNUT1_HUMAN",-29.7435427614512,50.495889367779,-15.7719188026669,-5.7373550163212,-9.18079998042594,-11.0369058003772,-4.78117831882998,-3.48258254389187,3.78585258732461,-9.12459407887145
"SNUT1_HUMAN---SRSF4_HUMAN",-29.7435427614512,50.495889367779,-15.7719188026669,-5.7373550163212,-9.18079998042594,-11.0369058003772,-4.78117831882998,-3.48258254389187,3.78585258732461,-9.12459407887145
"SNUT1_HUMAN---U520_HUMAN",-29.7435427614512,50.495889367779,-15.7719188026669,-5.7373550163212,-9.18079998042594,-11.0369058003772,-4.78117831882998,-3.48258254389187,3.78585258732461,-9.12459407887145
"CD2B2_HUMAN---SNUT2_HUMAN",-61.2814391852644,-13.9698053353305,-6.74885269347883,9.10210716357418,-8.4448062512393,4.3519377045214,5.489293902188,-3.43060943273724,2.76103382149807,0.618026505131509
"SNUT2_HUMAN---TRI25_HUMAN",-61.2814391852644,-13.9698053353305,-6.74885269347883,9.10210716357418,-8.4448062512393,4.3519377045214,5.489293902188,-3.43060943273724,2.76103382149807,0.618026505131509
"DIDO1_HUMAN---SON_HUMAN",-54.8190103216398,24.8182646555727,16.3404554384038,-5.48674521677981,4.04235362875702,9.19755391060193,1.01417067652103,-7.38625589192247,-5.64943157502897,-5.32620411394367
"FKB15_HUMAN---SP1_HUMAN",-58.1246872298532,15.8884178750955,16.6047227872292,2.25522194433077,8.03750035768164,1.41870633062349,-3.7899027912078,-7.13425703277327,4.72110006770253,-1.02526526103847
"HDAC1_HUMAN---SP1_HUMAN",-58.1246872298532,15.8884178750955,16.6047227872292,2.25522194433077,8.03750035768164,1.41870633062349,-3.7899027912078,-7.13425703277327,4.72110006770253,-1.02526526103847
"PALLD_HUMAN---SPN90_HUMAN",-61.9579800536959,-4.44964724723935,5.16341107429619,13.5788605514532,-1.12490470315422,-6.74052772042454,-0.354114975737039,6.14255323413486,-6.35311572156205,-2.54629527404865
"SPTB2_HUMAN---SPTN1_HUMAN",-29.7435427614512,50.495889367779,-15.7719188026669,-5.7373550163212,-9.18079998042594,-11.0369058003772,-4.78117831882998,-3.48258254389187,3.78585258732461,-9.12459407887145
"DDX24_HUMAN---SPTN1_HUMAN",-60.5529438257201,5.89775548365228,12.4109088401518,9.55591868538608,6.25927406894279,-7.00761946141163,-4.29110363716145,2.1229334856458,6.80302797329309,5.29955194613092
"CBL_HUMAN---SPY1_HUMAN",-58.362086070219,-21.1266066563434,-13.7540727749678,-4.64150798811611,1.42312150657234,7.01604264913675,-9.60553049363315,1.86990710077616,-0.935056965384246,-0.100695559707325
"FIP1_HUMAN---SRC_HUMAN",-17.6315382511298,52.4957918149501,-22.880544356758,4.3199950798546,1.07206242066319,-9.24635180527395,-1.93775934864048,-10.7976581358739,-6.86673560549364,6.14383543461669
"HNRPK_HUMAN---SRC_HUMAN",-17.6315382511298,52.4957918149501,-22.880544356758,4.3199950798546,1.07206242066319,-9.24635180527395,-1.93775934864048,-10.7976581358739,-6.86673560549364,6.14383543461669
"NSF1C_HUMAN---SRP14_HUMAN",-61.9579800536959,-4.44964724723935,5.16341107429619,13.5788605514532,-1.12490470315422,-6.74052772042454,-0.354114975737039,6.14255323413486,-6.35311572156205,-2.54629527404865
"RBM15_HUMAN---SRPK2_HUMAN",-58.1246872298532,15.8884178750955,16.6047227872292,2.25522194433077,8.03750035768164,1.41870633062349,-3.7899027912078,-7.13425703277327,4.72110006770253,-1.02526526103847
"CDK12_HUMAN---SRRM2_HUMAN",-60.5529438257201,5.89775548365228,12.4109088401518,9.55591868538608,6.25927406894279,-7.00761946141163,-4.29110363716145,2.1229334856458,6.80302797329309,5.29955194613092
"CDK1_HUMAN---SRRM2_HUMAN",-53.9520645546212,-25.9567839901067,-13.1829136712939,-15.6676457355086,10.8896968975015,-4.39926106066006,7.03717015438387,1.02223294865976,0.231175436621904,-2.21259043027763
"PININ_HUMAN---SRRM2_HUMAN",-58.362086070219,-21.1266066563434,-13.7540727749678,-4.64150798811611,1.42312150657234,7.01604264913675,-9.60553049363315,1.86990710077616,-0.935056965384246,-0.100695559707325
"PLEC_HUMAN---SRRM2_HUMAN",-54.8190103216398,24.8182646555727,16.3404554384038,-5.48674521677981,4.04235362875702,9.19755391060193,1.01417067652103,-7.38625589192247,-5.64943157502897,-5.32620411394367
"RBM8A_HUMAN---SRRM2_HUMAN",-61.2814391852644,-13.9698053353305,-6.74885269347883,9.10210716357418,-8.4448062512393,4.3519377045214,5.489293902188,-3.43060943273724,2.76103382149807,0.618026505131509
"SEPT2_HUMAN---SRRM2_HUMAN",-29.7435427614512,50.495889367779,-15.7719188026669,-5.7373550163212,-9.18079998042594,-11.0369058003772,-4.78117831882998,-3.48258254389187,3.78585258732461,-9.12459407887145
"SRRM1_HUMAN---SRRM2_HUMAN",-58.362086070219,-21.1266066563434,-13.7540727749678,-4.64150798811611,1.42312150657234,7.01604264913675,-9.60553049363315,1.86990710077616,-0.935056965384246,-0.100695559707325
"DDX46_HUMAN---SRS11_HUMAN",-60.5529438257201,5.89775548365228,12.4109088401518,9.55591868538608,6.25927406894279,-7.00761946141163,-4.29110363716145,2.1229334856458,6.80302797329309,5.29955194613092
"SRSF4_HUMAN---SRSF6_HUMAN",-61.2814391852644,-13.9698053353305,-6.74885269347883,9.10210716357418,-8.4448062512393,4.3519377045214,5.489293902188,-3.43060943273724,2.76103382149807,0.618026505131509
"CTR9_HUMAN---SSRP1_HUMAN",-23.4286522417656,52.3026328621009,-19.8301032516111,-0.195543191646286,-5.54195824062233,-11.8620188813935,-5.74056942943618,-9.56512595758417,-1.12773641429548,-4.57558989262531
"MCM2_HUMAN---SSRP1_HUMAN",-54.8190103216398,24.8182646555727,16.3404554384038,-5.48674521677981,4.04235362875702,9.19755391060193,1.01417067652103,-7.38625589192247,-5.64943157502897,-5.32620411394367
"GRB2_HUMAN---ST32C_HUMAN",-50.4356615827681,32.3497768170642,12.8444267255481,-11.0595930266573,-2.78861779873255,10.5708372869112,4.10569171760535,1.8633323143335,-5.93785616884876,2.34257184876636
"MK09_HUMAN---STAT3_HUMAN",-58.362086070219,-21.1266066563434,-13.7540727749678,-4.64150798811611,1.42312150657234,7.01604264913675,-9.60553049363315,1.86990710077616,-0.935056965384246,-0.100695559707325
"HS90B_HUMAN---STML2_HUMAN",-35.4324478052464,47.8101790388058,-9.51906414180939,-10.5015752656489,-11.6996128555521,-7.15625575113627,-2.03784416252618,4.80282160793743,6.78801715871227,-4.80522835978165
"CDK1_HUMAN---STMN1_HUMAN",-58.362086070219,-21.1266066563434,-13.7540727749678,-4.64150798811611,1.42312150657234,7.01604264913675,-9.60553049363315,1.86990710077616,-0.935056965384246,-0.100695559707325
"B4DJ51_HUMAN---STRN3_HUMAN",-50.4356615827681,32.3497768170642,12.8444267255481,-11.0595930266573,-2.78861779873255,10.5708372869112,4.10569171760535,1.8633323143335,-5.93785616884876,2.34257184876636
"CCNK_HUMAN---STX11_HUMAN",-23.4286522417656,52.3026328621009,-19.8301032516111,-0.195543191646286,-5.54195824062233,-11.8620188813935,-5.74056942943618,-9.56512595758417,-1.12773641429548,-4.57558989262531
"S38A2_HUMAN---STX11_HUMAN",-23.4286522417656,52.3026328621009,-19.8301032516111,-0.195543191646286,-5.54195824062233,-11.8620188813935,-5.74056942943618,-9.56512595758417,-1.12773641429548,-4.57558989262531
"RBM10_HUMAN---SUGP1_HUMAN",-35.4324478052464,47.8101790388058,-9.51906414180939,-10.5015752656489,-11.6996128555521,-7.15625575113627,-2.03784416252618,4.80282160793743,6.78801715871227,-4.80522835978165
"C170B_HUMAN---SUMO1_HUMAN",-40.8061293925175,43.8718330000029,-2.03304132219972,-13.241159726119,-11.6223619243828,-0.717928604715793,1.1153994709287,10.445954298274,5.60904786552495,2.29680381752232
"P53_HUMAN---SUMO1_HUMAN",-40.8061293925175,43.8718330000029,-2.03304132219972,-13.241159726119,-11.6223619243828,-0.717928604715793,1.1153994709287,10.445954298274,5.60904786552495,2.29680381752232
"DCAF8_HUMAN---SUV91_HUMAN",-17.6315382511298,52.4957918149501,-22.880544356758,4.3199950798546,1.07206242066319,-9.24635180527395,-1.93775934864048,-10.7976581358739,-6.86673560549364,6.14383543461669
"HDAC1_HUMAN---SUV91_HUMAN",-61.2814391852644,-13.9698053353305,-6.74885269347883,9.10210716357418,-8.4448062512393,4.3519377045214,5.489293902188,-3.43060943273724,2.76103382149807,0.618026505131509
"MBD1_HUMAN---SUV91_HUMAN",-29.7435427614512,50.495889367779,-15.7719188026669,-5.7373550163212,-9.18079998042594,-11.0369058003772,-4.78117831882998,-3.48258254389187,3.78585258732461,-9.12459407887145
"PNKP_HUMAN---SUV91_HUMAN",-61.2814391852644,-13.9698053353305,-6.74885269347883,9.10210716357418,-8.4448062512393,4.3519377045214,5.489293902188,-3.43060943273724,2.76103382149807,0.618026505131509
"LMNB2_HUMAN---SVIL_HUMAN",-61.9579800536959,-4.44964724723935,5.16341107429619,13.5788605514532,-1.12490470315422,-6.74052772042454,-0.354114975737039,6.14255323413486,-6.35311572156205,-2.54629527404865
"MYH9_HUMAN---SVIL_HUMAN",-50.4356615827681,32.3497768170642,12.8444267255481,-11.0595930266573,-2.78861779873255,10.5708372869112,4.10569171760535,1.8633323143335,-5.93785616884876,2.34257184876636
"CCNK_HUMAN---T22D4_HUMAN",-61.9579800536959,-4.44964724723935,5.16341107429619,13.5788605514532,-1.12490470315422,-6.74052772042454,-0.354114975737039,6.14255323413486,-6.35311572156205,-2.54629527404865
"LNX1_HUMAN---T22D4_HUMAN",-17.6315382511298,52.4957918149501,-22.880544356758,4.3199950798546,1.07206242066319,-9.24635180527395,-1.93775934864048,-10.7976581358739,-6.86673560549364,6.14383543461669
"JUN_HUMAN---T2FA_HUMAN",-60.5529438257201,5.89775548365228,12.4109088401518,9.55591868538608,6.25927406894279,-7.00761946141163,-4.29110363716145,2.1229334856458,6.80302797329309,5.29955194613092
"MARK2_HUMAN---TAOK1_HUMAN",-61.2814391852644,-13.9698053353305,-6.74885269347883,9.10210716357418,-8.4448062512393,4.3519377045214,5.489293902188,-3.43060943273724,2.76103382149807,0.618026505131509
"TB10B_HUMAN---TERA_HUMAN",-54.8190103216398,24.8182646555727,16.3404554384038,-5.48674521677981,4.04235362875702,9.19755391060193,1.01417067652103,-7.38625589192247,-5.64943157502897,-5.32620411394367
"AAPK1_HUMAN---TBCD1_HUMAN",-50.4356615827681,32.3497768170642,12.8444267255481,-11.0595930266573,-2.78861779873255,10.5708372869112,4.10569171760535,1.8633323143335,-5.93785616884876,2.34257184876636
"MEP50_HUMAN---TBCD4_HUMAN",-40.8061293925175,43.8718330000029,-2.03304132219972,-13.241159726119,-11.6223619243828,-0.717928604715793,1.1153994709287,10.445954298274,5.60904786552495,2.29680381752232
"CDK1_HUMAN---TCOF_HUMAN",-58.362086070219,-21.1266066563434,-13.7540727749678,-4.64150798811611,1.42312150657234,7.01604264913675,-9.60553049363315,1.86990710077616,-0.935056965384246,-0.100695559707325
"TCP4_HUMAN---TF3C1_HUMAN",-61.2814391852644,-13.9698053353305,-6.74885269347883,9.10210716357418,-8.4448062512393,4.3519377045214,5.489293902188,-3.43060943273724,2.76103382149807,0.618026505131509
"CRKL_HUMAN---TENC1_HUMAN",-61.9579800536959,-4.44964724723935,5.16341107429619,13.5788605514532,-1.12490470315422,-6.74052772042454,-0.354114975737039,6.14255323413486,-6.35311572156205,-2.54629527404865
"E9PAU2_HUMAN---TERF2_HUMAN",-58.1246872298532,15.8884178750955,16.6047227872292,2.25522194433077,8.03750035768164,1.41870633062349,-3.7899027912078,-7.13425703277327,4.72110006770253,-1.02526526103847
"TE2IP_HUMAN---TERF2_HUMAN",-58.1246872298532,15.8884178750955,16.6047227872292,2.25522194433077,8.03750035768164,1.41870633062349,-3.7899027912078,-7.13425703277327,4.72110006770253,-1.02526526103847
"TF3C1_HUMAN---TF3C4_HUMAN",-60.5529438257201,5.89775548365228,12.4109088401518,9.55591868538608,6.25927406894279,-7.00761946141163,-4.29110363716145,2.1229334856458,6.80302797329309,5.29955194613092
"MK01_HUMAN---TFE2_HUMAN",-61.9579800536959,-4.44964724723935,5.16341107429619,13.5788605514532,-1.12490470315422,-6.74052772042454,-0.354114975737039,6.14255323413486,-6.35311572156205,-2.54629527404865
"RGPA1_HUMAN---TFE2_HUMAN",-61.9579800536959,-4.44964724723935,5.16341107429619,13.5788605514532,-1.12490470315422,-6.74052772042454,-0.354114975737039,6.14255323413486,-6.35311572156205,-2.54629527404865
"SUMO2_HUMAN---TFP11_HUMAN",-61.9579800536959,-4.44964724723935,5.16341107429619,13.5788605514532,-1.12490470315422,-6.74052772042454,-0.354114975737039,6.14255323413486,-6.35311572156205,-2.54629527404865
"ARP8_HUMAN---TFPT_HUMAN",-54.8190103216398,24.8182646555727,16.3404554384038,-5.48674521677981,4.04235362875702,9.19755391060193,1.01417067652103,-7.38625589192247,-5.64943157502897,-5.32620411394367
"CDK1_HUMAN---TFPT_HUMAN",-54.8190103216398,24.8182646555727,16.3404554384038,-5.48674521677981,4.04235362875702,9.19755391060193,1.01417067652103,-7.38625589192247,-5.64943157502897,-5.32620411394367
"CBX1_HUMAN---TIF1B_HUMAN",-60.5529438257201,5.89775548365228,12.4109088401518,9.55591868538608,6.25927406894279,-7.00761946141163,-4.29110363716145,2.1229334856458,6.80302797329309,5.29955194613092
"CHD3_HUMAN---TIF1B_HUMAN",-58.1246872298532,15.8884178750955,16.6047227872292,2.25522194433077,8.03750035768164,1.41870633062349,-3.7899027912078,-7.13425703277327,4.72110006770253,-1.02526526103847
"MAGG1_HUMAN---TIF1B_HUMAN",-60.5529438257201,5.89775548365228,12.4109088401518,9.55591868538608,6.25927406894279,-7.00761946141163,-4.29110363716145,2.1229334856458,6.80302797329309,5.29955194613092
"P53_HUMAN---TIF1B_HUMAN",-60.5529438257201,5.89775548365228,12.4109088401518,9.55591868538608,6.25927406894279,-7.00761946141163,-4.29110363716145,2.1229334856458,6.80302797329309,5.29955194613092
"PP1B_HUMAN---TIF1B_HUMAN",-54.8190103216398,24.8182646555727,16.3404554384038,-5.48674521677981,4.04235362875702,9.19755391060193,1.01417067652103,-7.38625589192247,-5.64943157502897,-5.32620411394367
"TIF1B_HUMAN---WRIP1_HUMAN",-11.4098321272134,52.6800349790317,-24.3489234437977,9.69307972852699,5.42711267392537,-5.28482863848678,-0.683346390432991,-9.07114992466435,-8.3428992236731,9.95931192877251
"CLSPN_HUMAN---TIM_HUMAN",-54.8190103216398,24.8182646555727,16.3404554384038,-5.48674521677981,4.04235362875702,9.19755391060193,1.01417067652103,-7.38625589192247,-5.64943157502897,-5.32620411394367
"EGFR_HUMAN---TM1L1_HUMAN",-58.362086070219,-21.1266066563434,-13.7540727749678,-4.64150798811611,1.42312150657234,7.01604264913675,-9.60553049363315,1.86990710077616,-0.935056965384246,-0.100695559707325
"F208A_HUMAN---TM1L1_HUMAN",-58.362086070219,-21.1266066563434,-13.7540727749678,-4.64150798811611,1.42312150657234,7.01604264913675,-9.60553049363315,1.86990710077616,-0.935056965384246,-0.100695559707325
"Q6FIE9_HUMAN---TM1L1_HUMAN",-58.362086070219,-21.1266066563434,-13.7540727749678,-4.64150798811611,1.42312150657234,7.01604264913675,-9.60553049363315,1.86990710077616,-0.935056965384246,-0.100695559707325
"Q6FIE9_HUMAN---TM1L2_HUMAN",-58.362086070219,-21.1266066563434,-13.7540727749678,-4.64150798811611,1.42312150657234,7.01604264913675,-9.60553049363315,1.86990710077616,-0.935056965384246,-0.100695559707325
"ATF2_HUMAN---TMX1_HUMAN",-17.6315382511298,52.4957918149501,-22.880544356758,4.3199950798546,1.07206242066319,-9.24635180527395,-1.93775934864048,-10.7976581358739,-6.86673560549364,6.14383543461669
"TNIK_HUMAN---TRAF2_HUMAN",-61.2814391852644,-13.9698053353305,-6.74885269347883,9.10210716357418,-8.4448062512393,4.3519377045214,5.489293902188,-3.43060943273724,2.76103382149807,0.618026505131509
"TE2IP_HUMAN---TOIP1_HUMAN",-60.5529438257201,5.89775548365228,12.4109088401518,9.55591868538608,6.25927406894279,-7.00761946141163,-4.29110363716145,2.1229334856458,6.80302797329309,5.29955194613092
"BAZ1B_HUMAN---TOP2B_HUMAN",-54.8190103216398,24.8182646555727,16.3404554384038,-5.48674521677981,4.04235362875702,9.19755391060193,1.01417067652103,-7.38625589192247,-5.64943157502897,-5.32620411394367
"HDAC1_HUMAN---TOP2B_HUMAN",-58.362086070219,-21.1266066563434,-13.7540727749678,-4.64150798811611,1.42312150657234,7.01604264913675,-9.60553049363315,1.86990710077616,-0.935056965384246,-0.100695559707325
"MDC1_HUMAN---TOPB1_HUMAN",-50.4356615827681,32.3497768170642,12.8444267255481,-11.0595930266573,-2.78861779873255,10.5708372869112,4.10569171760535,1.8633323143335,-5.93785616884876,2.34257184876636
"TICRR_HUMAN---TOPB1_HUMAN",-50.4356615827681,32.3497768170642,12.8444267255481,-11.0595930266573,-2.78861779873255,10.5708372869112,4.10569171760535,1.8633323143335,-5.93785616884876,2.34257184876636
"MDC1_HUMAN---TP53B_HUMAN",-58.362086070219,-21.1266066563434,-13.7540727749678,-4.64150798811611,1.42312150657234,7.01604264913675,-9.60553049363315,1.86990710077616,-0.935056965384246,-0.100695559707325
"TPC11_HUMAN---TPC12_HUMAN",-29.7435427614512,50.495889367779,-15.7719188026669,-5.7373550163212,-9.18079998042594,-11.0369058003772,-4.78117831882998,-3.48258254389187,3.78585258732461,-9.12459407887145
"NUP98_HUMAN---TPR_HUMAN",-61.2814391852644,-13.9698053353305,-6.74885269347883,9.10210716357418,-8.4448062512393,4.3519377045214,5.489293902188,-3.43060943273724,2.76103382149807,0.618026505131509
"RBM8A_HUMAN---TR150_HUMAN",-61.9579800536959,-4.44964724723935,5.16341107429619,13.5788605514532,-1.12490470315422,-6.74052772042454,-0.354114975737039,6.14255323413486,-6.35311572156205,-2.54629527404865
"TRAD1_HUMAN---TRAF6_HUMAN",-17.6315382511298,52.4957918149501,-22.880544356758,4.3199950798546,1.07206242066319,-9.24635180527395,-1.93775934864048,-10.7976581358739,-6.86673560549364,6.14383543461669
"MA7D3_HUMAN---TRM7_HUMAN",-58.1246872298532,15.8884178750955,16.6047227872292,2.25522194433077,8.03750035768164,1.41870633062349,-3.7899027912078,-7.13425703277327,4.72110006770253,-1.02526526103847
"MDN1_HUMAN---TRM7_HUMAN",-41.3778881476347,6.86911478823389,32.025318815993,-1.2442392025675,3.59405648716583,2.12315627455909,-12.0492200282381,-18.6392582759932,14.2490947219789,6.06147583223251
"KDM1A_HUMAN---TTC33_HUMAN",-11.4098321272134,52.6800349790317,-24.3489234437977,9.69307972852699,5.42711267392537,-5.28482863848678,-0.683346390432991,-9.07114992466435,-8.3428992236731,9.95931192877251
"CHIP_HUMAN---UB2D2_HUMAN",-45.8946399949118,38.6277422622627,5.84212081168682,-13.5548623397778,-8.09117622874177,6.64343395107537,3.64224209204246,9.96965365082916,-0.171468703053023,6.83186929567662
"TRI18_HUMAN---UB2D2_HUMAN",-45.8946399949118,38.6277422622627,5.84212081168682,-13.5548623397778,-8.09117622874177,6.64343395107537,3.64224209204246,9.96965365082916,-0.171468703053023,6.83186929567662
"CHIP_HUMAN---UBE2N_HUMAN",-58.1246872298532,15.8884178750955,16.6047227872292,2.25522194433077,8.03750035768164,1.41870633062349,-3.7899027912078,-7.13425703277327,4.72110006770253,-1.02526526103847
"UBE2N_HUMAN---ZNRF2_HUMAN",-58.1246872298532,15.8884178750955,16.6047227872292,2.25522194433077,8.03750035768164,1.41870633062349,-3.7899027912078,-7.13425703277327,4.72110006770253,-1.02526526103847
"BAG6_HUMAN---UBL7_HUMAN",-58.1246872298532,15.8884178750955,16.6047227872292,2.25522194433077,8.03750035768164,1.41870633062349,-3.7899027912078,-7.13425703277327,4.72110006770253,-1.02526526103847
"CDK1_HUMAN---UBP2L_HUMAN",-50.4356615827681,32.3497768170642,12.8444267255481,-11.0595930266573,-2.78861779873255,10.5708372869112,4.10569171760535,1.8633323143335,-5.93785616884876,2.34257184876636
"HGS_HUMAN---UBQL1_HUMAN",-35.4324478052464,47.8101790388058,-9.51906414180939,-10.5015752656489,-11.6996128555521,-7.15625575113627,-2.03784416252618,4.80282160793743,6.78801715871227,-4.80522835978165
"MDC1_HUMAN---UIMC1_HUMAN",-45.8946399949118,38.6277422622627,5.84212081168682,-13.5548623397778,-8.09117622874177,6.64343395107537,3.64224209204246,9.96965365082916,-0.171468703053023,6.83186929567662
"UNK_HUMAN---ZRAB2_HUMAN",-45.8946399949118,38.6277422622627,5.84212081168682,-13.5548623397778,-8.09117622874177,6.64343395107537,3.64224209204246,9.96965365082916,-0.171468703053023,6.83186929567662
"MARK2_HUMAN---UTRO_HUMAN",-40.8061293925175,43.8718330000029,-2.03304132219972,-13.241159726119,-11.6223619243828,-0.717928604715793,1.1153994709287,10.445954298274,5.60904786552495,2.29680381752232
"SNTB1_HUMAN---UTRO_HUMAN",-40.8061293925175,43.8718330000029,-2.03304132219972,-13.241159726119,-11.6223619243828,-0.717928604715793,1.1153994709287,10.445954298274,5.60904786552495,2.29680381752232
"ABI2_HUMAN---VINC_HUMAN",-61.2814391852644,-13.9698053353305,-6.74885269347883,9.10210716357418,-8.4448062512393,4.3519377045214,5.489293902188,-3.43060943273724,2.76103382149807,0.618026505131509
"CUL4B_HUMAN---VPRBP_HUMAN",-60.5529438257201,5.89775548365228,12.4109088401518,9.55591868538608,6.25927406894279,-7.00761946141163,-4.29110363716145,2.1229334856458,6.80302797329309,5.29955194613092
"MIPT3_HUMAN---WAC_HUMAN",-50.4356615827681,32.3497768170642,12.8444267255481,-11.0595930266573,-2.78861779873255,10.5708372869112,4.10569171760535,1.8633323143335,-5.93785616884876,2.34257184876636
"ITSN1_HUMAN---WASL_HUMAN",-61.2814391852644,-13.9698053353305,-6.74885269347883,9.10210716357418,-8.4448062512393,4.3519377045214,5.489293902188,-3.43060943273724,2.76103382149807,0.618026505131509
"FACD2_HUMAN---WDR48_HUMAN",-58.362086070219,-21.1266066563434,-13.7540727749678,-4.64150798811611,1.42312150657234,7.01604264913675,-9.60553049363315,1.86990710077616,-0.935056965384246,-0.100695559707325
"IWS1_HUMAN---WDR48_HUMAN",-58.362086070219,-21.1266066563434,-13.7540727749678,-4.64150798811611,1.42312150657234,7.01604264913675,-9.60553049363315,1.86990710077616,-0.935056965384246,-0.100695559707325
"WDR48_HUMAN---WDR70_HUMAN",-61.2814391852644,-13.9698053353305,-6.74885269347883,9.10210716357418,-8.4448062512393,4.3519377045214,5.489293902188,-3.43060943273724,2.76103382149807,0.618026505131509
"GRB2_HUMAN---WIPF2_HUMAN",-58.362086070219,-21.1266066563434,-13.7540727749678,-4.64150798811611,1.42312150657234,7.01604264913675,-9.60553049363315,1.86990710077616,-0.935056965384246,-0.100695559707325
"NADAP_HUMAN---WIPF2_HUMAN",-29.7435427614512,50.495889367779,-15.7719188026669,-5.7373550163212,-9.18079998042594,-11.0369058003772,-4.78117831882998,-3.48258254389187,3.78585258732461,-9.12459407887145
"STRN4_HUMAN---WIPI2_HUMAN",-45.8946399949118,38.6277422622627,5.84212081168682,-13.5548623397778,-8.09117622874177,6.64343395107537,3.64224209204246,9.96965365082916,-0.171468703053023,6.83186929567662
"WIZ_HUMAN---ZC3H4_HUMAN",-60.5529438257201,5.89775548365228,12.4109088401518,9.55591868538608,6.25927406894279,-7.00761946141163,-4.29110363716145,2.1229334856458,6.80302797329309,5.29955194613092
"FA53C_HUMAN---WNK1_HUMAN",-61.2814391852644,-13.9698053353305,-6.74885269347883,9.10210716357418,-8.4448062512393,4.3519377045214,5.489293902188,-3.43060943273724,2.76103382149807,0.618026505131509
"OXSR1_HUMAN---WNK1_HUMAN",-45.8946399949118,38.6277422622627,5.84212081168682,-13.5548623397778,-8.09117622874177,6.64343395107537,3.64224209204246,9.96965365082916,-0.171468703053023,6.83186929567662
"STK39_HUMAN---WNK1_HUMAN",-61.2814391852644,-13.9698053353305,-6.74885269347883,9.10210716357418,-8.4448062512393,4.3519377045214,5.489293902188,-3.43060943273724,2.76103382149807,0.618026505131509
"CSK21_HUMAN---XRCC1_HUMAN",-61.2814391852644,-13.9698053353305,-6.74885269347883,9.10210716357418,-8.4448062512393,4.3519377045214,5.489293902188,-3.43060943273724,2.76103382149807,0.618026505131509
"RLA1_HUMAN---XRCC6_HUMAN",-58.362086070219,-21.1266066563434,-13.7540727749678,-4.64150798811611,1.42312150657234,7.01604264913675,-9.60553049363315,1.86990710077616,-0.935056965384246,-0.100695559707325
"TXLNA_HUMAN---XRN2_HUMAN",-50.4356615827681,32.3497768170642,12.8444267255481,-11.0595930266573,-2.78861779873255,10.5708372869112,4.10569171760535,1.8633323143335,-5.93785616884876,2.34257184876636
"ROA2_HUMAN---YBOX1_HUMAN",-40.8061293925175,43.8718330000029,-2.03304132219972,-13.241159726119,-11.6223619243828,-0.717928604715793,1.1153994709287,10.445954298274,5.60904786552495,2.29680381752232
"SUMO2_HUMAN---Z280C_HUMAN",-58.362086070219,-21.1266066563434,-13.7540727749678,-4.64150798811611,1.42312150657234,7.01604264913675,-9.60553049363315,1.86990710077616,-0.935056965384246,-0.100695559707325
"P53_HUMAN---ZBT7A_HUMAN",-54.8190103216398,24.8182646555727,16.3404554384038,-5.48674521677981,4.04235362875702,9.19755391060193,1.01417067652103,-7.38625589192247,-5.64943157502897,-5.32620411394367
"PP1A_HUMAN---ZFY16_HUMAN",-61.2814391852644,-13.9698053353305,-6.74885269347883,9.10210716357418,-8.4448062512393,4.3519377045214,5.489293902188,-3.43060943273724,2.76103382149807,0.618026505131509
"UNK_HUMAN---ZFY19_HUMAN",-40.8061293925175,43.8718330000029,-2.03304132219972,-13.241159726119,-11.6223619243828,-0.717928604715793,1.1153994709287,10.445954298274,5.60904786552495,2.29680381752232
"SUMO2_HUMAN---ZKSC1_HUMAN",-61.2814391852644,-13.9698053353305,-6.74885269347883,9.10210716357418,-8.4448062512393,4.3519377045214,5.489293902188,-3.43060943273724,2.76103382149807,0.618026505131509
"SUMO2_HUMAN---ZMYM4_HUMAN",-61.9579800536959,-4.44964724723935,5.16341107429619,13.5788605514532,-1.12490470315422,-6.74052772042454,-0.354114975737039,6.14255323413486,-6.35311572156205,-2.54629527404865
"P53_HUMAN---ZN148_HUMAN",-50.4356615827681,32.3497768170642,12.8444267255481,-11.0595930266573,-2.78861779873255,10.5708372869112,4.10569171760535,1.8633323143335,-5.93785616884876,2.34257184876636
"1433G_HUMAN---ZN638_HUMAN",-58.1246872298532,15.8884178750955,16.6047227872292,2.25522194433077,8.03750035768164,1.41870633062349,-3.7899027912078,-7.13425703277327,4.72110006770253,-1.02526526103847
"TERF2_HUMAN---ZN703_HUMAN",-58.1246872298532,15.8884178750955,16.6047227872292,2.25522194433077,8.03750035768164,1.41870633062349,-3.7899027912078,-7.13425703277327,4.72110006770253,-1.02526526103847
"AFAD_HUMAN---ZO1_HUMAN",-61.2814391852644,-13.9698053353305,-6.74885269347883,9.10210716357418,-8.4448062512393,4.3519377045214,5.489293902188,-3.43060943273724,2.76103382149807,0.618026505131509
"SCRIB_HUMAN---ZO2_HUMAN",-61.2814391852644,-13.9698053353305,-6.74885269347883,9.10210716357418,-8.4448062512393,4.3519377045214,5.489293902188,-3.43060943273724,2.76103382149807,0.618026505131509
"AAPK1_HUMAN---IMA1_HUMAN",25.573909317624,-8.65642967462803,45.566292269881,23.6544718265742,6.32425214166185,16.8503038723336,-6.04918859054031,-4.68338633433644,0.702498144519326,10.3205640107676
"BAD_HUMAN---PAK1_HUMAN",39.2967499552177,-6.77894496055496,19.7584387084499,38.7726758910861,3.45640210123883,-9.25636167115415,-14.9738098473664,-8.87843201063841,6.74174734048753,0.688917843388917
"CD2B2_HUMAN---KHDR1_HUMAN",21.7406164937813,-28.9944947969629,34.124980556948,34.9781104336966,-2.83815291917401,8.69106982128551,-2.61340077506955,8.59342393257169,-10.3717176447453,8.79953399775741
"CUL4B_HUMAN---LARP1_HUMAN",-13.5404072919617,-37.1849705176116,26.9691969210068,4.43702175620548,-37.7862179254802,-1.57625227480783,-4.82183372073294,-4.54303146048408,1.75179879999835,-5.64762075069506
"IF4B_HUMAN---OSBP1_HUMAN",38.5682545956734,-26.6465057795377,0.598677174819259,38.3188643692742,-11.2476782189433,2.10319549477888,-5.19341230801695,-14.4319749290214,2.69975318869251,-3.9926075976105
"LRC47_HUMAN---PSA1_HUMAN",37.8917137272419,-17.1263476914466,12.5109409425943,42.7956177571532,-3.92777667085818,-8.98926993016707,-11.036821185942,-4.85881226214934,-6.41439635436761,-7.15692937679066
"MK14_HUMAN---STK39_HUMAN",38.5682545956734,-26.6465057795377,0.598677174819259,38.3188643692742,-11.2476782189433,2.10319549477888,-5.19341230801695,-14.4319749290214,2.69975318869251,-3.9926075976105
"PSA1_HUMAN---PSA3_HUMAN",37.8917137272419,-17.1263476914466,12.5109409425943,42.7956177571532,-3.92777667085818,-8.98926993016707,-11.036821185942,-4.85881226214934,-6.41439635436761,-7.15692937679066
"HNRH1_HUMAN---SRRM2_HUMAN",45.0306834592979,12.1415642113655,23.6879853067019,23.7300119889202,1.23948166105306,6.94881170085941,-9.66853553368392,-18.3876213882067,-5.71071220783453,-9.93683821668567
"KIF4A_HUMAN---SVIL_HUMAN",46.0286292985751,-27.5253416553522,-13.408848820531,22.0799799044635,-6.68230889114084,0.839897103558438,-20.751686329401,-1.02513705901239,4.77004986760593,-0.222032215539072
"PAK1_HUMAN---TBCB_HUMAN",38.5682545956734,-26.6465057795377,0.598677174819259,38.3188643692742,-11.2476782189433,2.10319549477888,-5.19341230801695,-14.4319749290214,2.69975318869251,-3.9926075976105
"SCFD1_HUMAN---VINC_HUMAN",38.5682545956734,-26.6465057795377,0.598677174819259,38.3188643692742,-11.2476782189433,2.10319549477888,-5.19341230801695,-14.4319749290214,2.69975318869251,-3.9926075976105
"1433B_HUMAN---IGF1R_HUMAN",50.7983018306149,-3.90718139237053,-10.1639248007231,22.5087800851657,-27.3763548053667,7.32792311523076,2.23873257523331,2.67193575458099,-2.19281558206304,3.86452695910459
"CDK16_HUMAN---CDK5_HUMAN",50.1217609621834,5.61297669572062,1.74833896705188,26.9855334730447,-20.0564532572816,-3.76454230971519,-3.60467630269173,12.2450984214531,-11.3069651251232,0.700205179924432
"CHD3_HUMAN---GIT1_HUMAN",50.7983018306149,-3.90718139237053,-10.1639248007231,22.5087800851657,-27.3763548053667,7.32792311523076,2.23873257523331,2.67193575458099,-2.19281558206304,3.86452695910459
"1433B_HUMAN---LSR_HUMAN",50.7983018306149,-3.90718139237053,-10.1639248007231,22.5087800851657,-27.3763548053667,7.32792311523076,2.23873257523331,2.67193575458099,-2.19281558206304,3.86452695910459
"NUCL_HUMAN---PP1B_HUMAN",50.4119780374469,-19.9938294938606,-16.9048775333868,16.507132094586,-13.5132803186304,2.21318047986767,-17.6601652883167,8.22445114724358,4.48162527378614,7.44674374717095
"PIAS1_HUMAN---SGTA_HUMAN",50.7983018306149,-3.90718139237053,-10.1639248007231,22.5087800851657,-27.3763548053667,7.32792311523076,2.23873257523331,2.67193575458099,-2.19281558206304,3.86452695910459
"SON_HUMAN---SRS11_HUMAN",48.2211202819458,7.03053264613506,9.26010408173291,30.7045587680882,-8.67712775625995,-11.8104816306807,-12.345738431845,8.47747753211323,12.2197102124635,12.8469912530092
"E9PAU2_HUMAN---SUMO2_HUMAN",50.1217609621834,5.61297669572062,1.74833896705188,26.9855334730447,-20.0564532572816,-3.76454230971519,-3.60467630269173,12.2450984214531,-11.3069651251232,0.700205179924432
"CDCA3_HUMAN---TRAF2_HUMAN",47.4926249224015,-12.8370281728477,-9.89965745189776,30.2507472462763,-23.381208076442,-0.450924464747685,-2.56534089249552,2.92393461373019,8.17771606066846,8.16546581200978
"SGTA_HUMAN---UBL7_HUMAN",50.7983018306149,-3.90718139237053,-10.1639248007231,22.5087800851657,-27.3763548053667,7.32792311523076,2.23873257523331,2.67193575458099,-2.19281558206304,3.86452695910459
"1433G_HUMAN---ANS1A_HUMAN",53.2265584264818,6.0834809990727,-5.97011085364576,15.2080833441104,-25.5981285166278,15.7542489072659,2.73993342118696,-6.58525476383808,-4.2747434876536,-2.4602902480648
"ARHG7_HUMAN---PAK1_HUMAN",53.2265584264818,6.0834809990727,-5.97011085364576,15.2080833441104,-25.5981285166278,15.7542489072659,2.73993342118696,-6.58525476383808,-4.2747434876536,-2.4602902480648
"G4XH65_HUMAN---LYRIC_HUMAN",52.5500175580503,15.6036390871639,5.94215291412926,19.6848367319894,-18.2782269685427,4.66178348231993,-3.10347545673808,2.98790790303402,-13.3888930307137,-5.62461202724496
"FRIH_HUMAN---GRB2_HUMAN",53.2265584264818,6.0834809990727,-5.97011085364576,15.2080833441104,-25.5981285166278,15.7542489072659,2.73993342118696,-6.58525476383808,-4.2747434876536,-2.4602902480648
"LAS1L_HUMAN---PNKP_HUMAN",56.1459115415271,-1.07332032194023,-12.9753309351348,1.4644681924201,-15.7302007588162,18.4183538518812,-12.3548909746342,-1.28473823032469,-7.97083427453592,-3.17901231290363
"DREB_HUMAN---MARCS_HUMAN",56.1459115415271,-1.07332032194023,-12.9753309351348,1.4644681924201,-15.7302007588162,18.4183538518812,-12.3548909746342,-1.28473823032469,-7.97083427453592,-3.17901231290363
"MED12_HUMAN---MED1_HUMAN",52.5500175580503,15.6036390871639,5.94215291412926,19.6848367319894,-18.2782269685427,4.66178348231993,-3.10347545673808,2.98790790303402,-13.3888930307137,-5.62461202724496
"CBX1_HUMAN---SUV91_HUMAN",52.5500175580503,15.6036390871639,5.94215291412926,19.6848367319894,-18.2782269685427,4.66178348231993,-3.10347545673808,2.98790790303402,-13.3888930307137,-5.62461202724496
"SUV91_HUMAN---WIZ_HUMAN",53.2265584264818,6.0834809990727,-5.97011085364576,15.2080833441104,-25.5981285166278,15.7542489072659,2.73993342118696,-6.58525476383808,-4.2747434876536,-2.4602902480648
"NUP50_HUMAN---TOIP1_HUMAN",52.5500175580503,15.6036390871639,5.94215291412926,19.6848367319894,-18.2782269685427,4.66178348231993,-3.10347545673808,2.98790790303402,-13.3888930307137,-5.62461202724496
"AKAP2_HUMAN---PLCG1_HUMAN",56.8744069010714,18.7942404970426,6.1844305984959,1.91827971423201,-1.02612043863409,7.0587966859482,-22.1352885139836,4.26880468805836,-3.92884012274091,1.50251312809578
"ACTB_HUMAN---CBL_HUMAN",61.2844284166692,13.9640631632793,6.75558970216982,-9.1078580331605,8.44045495229504,-4.35650702384861,-5.49258786596662,3.42113053594195,-2.76260772073476,-0.609381742474519
"CCD50_HUMAN---EGFR_HUMAN",56.8744069010714,18.7942404970426,6.1844305984959,1.91827971423201,-1.02612043863409,7.0587966859482,-22.1352885139836,4.26880468805836,-3.92884012274091,1.50251312809578
"CDK5_HUMAN---DNMT1_HUMAN",56.8744069010714,18.7942404970426,6.1844305984959,1.91827971423201,-1.02612043863409,7.0587966859482,-22.1352885139836,4.26880468805836,-3.92884012274091,1.50251312809578
"CSN5_HUMAN---LRC47_HUMAN",57.5509477695029,9.27408240895139,-5.72783316927911,-2.55847367364698,-8.34602198671917,18.1512621108941,-16.2918796360586,-5.30435797881375,5.18530942031922,4.66683490727595
"DDX21_HUMAN---SRPK2_HUMAN",57.5509477695029,9.27408240895139,-5.72783316927911,-2.55847367364698,-8.34602198671917,18.1512621108941,-16.2918796360586,-5.30435797881375,5.18530942031922,4.66683490727595
"EF1A1_HUMAN---RLA1_HUMAN",57.5509477695029,9.27408240895139,-5.72783316927911,-2.55847367364698,-8.34602198671917,18.1512621108941,-16.2918796360586,-5.30435797881375,5.18530942031922,4.66683490727595
"HS90A_HUMAN---SG223_HUMAN",56.8744069010714,18.7942404970426,6.1844305984959,1.91827971423201,-1.02612043863409,7.0587966859482,-22.1352885139836,4.26880468805836,-3.92884012274091,1.50251312809578
"G3BP1_HUMAN---ICLN_HUMAN",56.8744069010714,18.7942404970426,6.1844305984959,1.91827971423201,-1.02612043863409,7.0587966859482,-22.1352885139836,4.26880468805836,-3.92884012274091,1.50251312809578
"CSN5_HUMAN---JUN_HUMAN",57.5509477695029,9.27408240895139,-5.72783316927911,-2.55847367364698,-8.34602198671917,18.1512621108941,-16.2918796360586,-5.30435797881375,5.18530942031922,4.66683490727595
"JUN_HUMAN---MK01_HUMAN",56.8744069010714,18.7942404970426,6.1844305984959,1.91827971423201,-1.02612043863409,7.0587966859482,-22.1352885139836,4.26880468805836,-3.92884012274091,1.50251312809578
"LAP2B_HUMAN---SMRCD_HUMAN",56.8744069010714,18.7942404970426,6.1844305984959,1.91827971423201,-1.02612043863409,7.0587966859482,-22.1352885139836,4.26880468805836,-3.92884012274091,1.50251312809578
"HDGF_HUMAN---MBB1A_HUMAN",56.8744069010714,18.7942404970426,6.1844305984959,1.91827971423201,-1.02612043863409,7.0587966859482,-22.1352885139836,4.26880468805836,-3.92884012274091,1.50251312809578
"MBB1A_HUMAN---SPB1_HUMAN",57.5509477695029,9.27408240895139,-5.72783316927911,-2.55847367364698,-8.34602198671917,18.1512621108941,-16.2918796360586,-5.30435797881375,5.18530942031922,4.66683490727595
"EGFR_HUMAN---MK14_HUMAN",56.8744069010714,18.7942404970426,6.1844305984959,1.91827971423201,-1.02612043863409,7.0587966859482,-22.1352885139836,4.26880468805836,-3.92884012274091,1.50251312809578
"CDK1_HUMAN---NUP50_HUMAN",61.2844284166692,13.9640631632793,6.75558970216982,-9.1078580331605,8.44045495229504,-4.35650702384861,-5.49258786596662,3.42113053594195,-2.76260772073476,-0.609381742474519
"PARD3_HUMAN---PSME3_HUMAN",56.8744069010714,18.7942404970426,6.1844305984959,1.91827971423201,-1.02612043863409,7.0587966859482,-22.1352885139836,4.26880468805836,-3.92884012274091,1.50251312809578
"PNKP_HUMAN---TCOF_HUMAN",56.8744069010714,18.7942404970426,6.1844305984959,1.91827971423201,-1.02612043863409,7.0587966859482,-22.1352885139836,4.26880468805836,-3.92884012274091,1.50251312809578
"LAP2B_HUMAN---TP53B_HUMAN",56.8744069010714,18.7942404970426,6.1844305984959,1.91827971423201,-1.02612043863409,7.0587966859482,-22.1352885139836,4.26880468805836,-3.92884012274091,1.50251312809578
"UBL7_HUMAN---ZYX_HUMAN",56.8744069010714,18.7942404970426,6.1844305984959,1.91827971423201,-1.02612043863409,7.0587966859482,-22.1352885139836,4.26880468805836,-3.92884012274091,1.50251312809578
"IF2B1_HUMAN---TRM7_HUMAN",37.2082547038075,34.9703449049171,-2.23094534877888,19.1613560128206,-6.45060432592991,3.69024179739725,1.21885311886779,10.4732893977649,-9.76074399013491,-4.86550590033637
"P53_HUMAN---TPC11_HUMAN",17.9974891318514,27.2807241854979,17.9461308118188,-10.4024404236899,-38.5222116546668,-16.9650957797064,-15.0923059417509,-4.59500457163871,2.77661756582489,-15.390241334698
"ARIP4_HUMAN---PIAS1_HUMAN",18.2225097191863,44.7813188435605,-15.3929835239733,23.8984707750573,16.8565353049349,15.0566758939389,4.8609217251273,8.35021880478434,5.18312864996322,-6.50846088095143
"CDCA5_HUMAN---MK03_HUMAN",18.2225097191863,44.7813188435605,-15.3929835239733,23.8984707750573,16.8565353049349,15.0566758939389,4.8609217251273,8.35021880478434,5.18312864996322,-6.50846088095143
"CDCA5_HUMAN---SMC3_HUMAN",18.2225097191863,44.7813188435605,-15.3929835239733,23.8984707750573,16.8565353049349,15.0566758939389,4.8609217251273,8.35021880478434,5.18312864996322,-6.50846088095143
"CSK21_HUMAN---WDR55_HUMAN",37.1756720266866,36.4436074072433,-2.44965628326132,23.0027147132712,4.35660830251319,13.5710537727868,1.97150864847412,11.9820441344567,5.12417692825895,-10.9829031933256
"CAND1_HUMAN---CUL4B_HUMAN",18.2225097191863,44.7813188435605,-15.3929835239733,23.8984707750573,16.8565353049349,15.0566758939389,4.8609217251273,8.35021880478434,5.18312864996322,-6.50846088095143
"DDA1_HUMAN---SEPT9_HUMAN",18.2225097191863,44.7813188435605,-15.3929835239733,23.8984707750573,16.8565353049349,15.0566758939389,4.8609217251273,8.35021880478434,5.18312864996322,-6.50846088095143
"HAUS6_HUMAN---YBOX3_HUMAN",18.2225097191863,44.7813188435605,-15.3929835239733,23.8984707750573,16.8565353049349,15.0566758939389,4.8609217251273,8.35021880478434,5.18312864996322,-6.50846088095143
"HN1_HUMAN---SEPT9_HUMAN",18.2225097191863,44.7813188435605,-15.3929835239733,23.8984707750573,16.8565353049349,15.0566758939389,4.8609217251273,8.35021880478434,5.18312864996322,-6.50846088095143
"HS90A_HUMAN---HSF1_HUMAN",12.2120558820348,47.2651786872242,-18.4260049740325,22.547142082404,18.591378376909,13.2836978514545,4.43258356301809,4.78450388998315,2.65386575046188,1.5137157555997
"LCK_HUMAN---PSRC1_HUMAN",24.6132263981378,42.1039398487917,-10.9389413890915,24.1346715893328,12.8238892002134,15.5046009386619,4.0862226685651,10.7309932969376,6.3963964489587,-10.1266824516424
"CAND1_HUMAN---MCM9_HUMAN",18.2225097191863,44.7813188435605,-15.3929835239733,23.8984707750573,16.8565353049349,15.0566758939389,4.8609217251273,8.35021880478434,5.18312864996322,-6.50846088095143
"MK01_HUMAN---YBOX3_HUMAN",18.2225097191863,44.7813188435605,-15.3929835239733,23.8984707750573,16.8565353049349,15.0566758939389,4.8609217251273,8.35021880478434,5.18312864996322,-6.50846088095143
"MMS19_HUMAN---NUP53_HUMAN",37.1756720266866,36.4436074072433,-2.44965628326132,23.0027147132712,4.35660830251319,13.5710537727868,1.97150864847412,11.9820441344567,5.12417692825895,-10.9829031933256
"MMS19_HUMAN---ZN318_HUMAN",37.1756720266866,36.4436074072433,-2.44965628326132,23.0027147132712,4.35660830251319,13.5710537727868,1.97150864847412,11.9820441344567,5.12417692825895,-10.9829031933256
"PSA3_HUMAN---PSA7_HUMAN",24.6132263981378,42.1039398487917,-10.9389413890915,24.1346715893328,12.8238892002134,15.5046009386619,4.0862226685651,10.7309932969376,6.3963964489587,-10.1266824516424
"PSA7_HUMAN---SAMD1_HUMAN",24.6132263981378,42.1039398487917,-10.9389413890915,24.1346715893328,12.8238892002134,15.5046009386619,4.0862226685651,10.7309932969376,6.3963964489587,-10.1266824516424
"NUP98_HUMAN---RAE1L_HUMAN",12.2120558820348,47.2651786872242,-18.4260049740325,22.547142082404,18.591378376909,13.2836978514545,4.43258356301809,4.78450388998315,2.65386575046188,1.5137157555997
"CCD97_HUMAN---SRPK2_HUMAN",12.2120558820348,47.2651786872242,-18.4260049740325,22.547142082404,18.591378376909,13.2836978514545,4.43258356301809,4.78450388998315,2.65386575046188,1.5137157555997
"LARP4_HUMAN---SUMO2_HUMAN",24.6132263981378,42.1039398487917,-10.9389413890915,24.1346715893328,12.8238892002134,15.5046009386619,4.0862226685651,10.7309932969376,6.3963964489587,-10.1266824516424
"CDK1_HUMAN---UNG_HUMAN",18.2225097191863,44.7813188435605,-15.3929835239733,23.8984707750573,16.8565353049349,15.0566758939389,4.8609217251273,8.35021880478434,5.18312864996322,-6.50846088095143
"RIF1_HUMAN---WDR62_HUMAN",30.8507230894303,39.3425944366459,-6.73689676307831,23.4161513825228,9.37751475668147,14.619274494319,2.87558905360385,12.3688101674571,6.03506706730696,-12.2560814602536
"RAE1L_HUMAN---WDR75_HUMAN",12.2120558820348,47.2651786872242,-18.4260049740325,22.547142082404,18.591378376909,13.2836978514545,4.43258356301809,4.78450388998315,2.65386575046188,1.5137157555997
"ATRX_HUMAN---Z512B_HUMAN",18.2225097191863,44.7813188435605,-15.3929835239733,23.8984707750573,16.8565353049349,15.0566758939389,4.8609217251273,8.35021880478434,5.18312864996322,-6.50846088095143
"HTSF1_HUMAN---Z512B_HUMAN",12.2120558820348,47.2651786872242,-18.4260049740325,22.547142082404,18.591378376909,13.2836978514545,4.43258356301809,4.78450388998315,2.65386575046188,1.5137157555997
"MYH10_HUMAN---Z512B_HUMAN",12.2120558820348,47.2651786872242,-18.4260049740325,22.547142082404,18.591378376909,13.2836978514545,4.43258356301809,4.78450388998315,2.65386575046188,1.5137157555997
"XRCC6_HUMAN---Z512B_HUMAN",30.8507230894303,39.3425944366459,-6.73689676307831,23.4161513825228,9.37751475668147,14.619274494319,2.87558905360385,12.3688101674571,6.03506706730696,-12.2560814602536
"ARMX3_HUMAN---BCAR1_HUMAN",43.0731283082826,32.8975696370429,3.76212139242504,20.9883954343874,-0.0576548547820925,12.8721959448578,-1.22687064802706,8.08408266015455,9.39938180979651,-10.1142345447248
"ESF1_HUMAN---SUMO2_HUMAN",43.0731283082826,32.8975696370429,3.76212139242504,20.9883954343874,-0.0576548547820925,12.8721959448578,-1.22687064802706,8.08408266015455,9.39938180979651,-10.1142345447248
"ARMX3_HUMAN---GPN1_HUMAN",43.0731283082826,32.8975696370429,3.76212139242504,20.9883954343874,-0.0576548547820925,12.8721959448578,-1.22687064802706,8.08408266015455,9.39938180979651,-10.1142345447248
"GNL1_HUMAN---RAD21_HUMAN",43.0731283082826,32.8975696370429,3.76212139242504,20.9883954343874,-0.0576548547820925,12.8721959448578,-1.22687064802706,8.08408266015455,9.39938180979651,-10.1142345447248
"RAD21_HUMAN---SMC3_HUMAN",43.0731283082826,32.8975696370429,3.76212139242504,20.9883954343874,-0.0576548547820925,12.8721959448578,-1.22687064802706,8.08408266015455,9.39938180979651,-10.1142345447248
"MDM2_HUMAN---TM87A_HUMAN",43.0731283082826,32.8975696370429,3.76212139242504,20.9883954343874,-0.0576548547820925,12.8721959448578,-1.22687064802706,8.08408266015455,9.39938180979651,-10.1142345447248
"SCAFB_HUMAN---STAT3_HUMAN",3.01478568180171,7.43100966564783,50.3961503917631,-13.4837918467454,-27.0924320378895,10.5804029269244,-7.25189332350402,0.337860995624406,1.68187619823898,-4.97103298978389
"MCAF1_HUMAN---SENP3_HUMAN",37.8039565525655,14.0828947125392,34.8036902943386,7.84438754246572,-9.80442444476155,22.0750314927854,1.38295629270995,12.420524349266,-4.19007062623622,18.1776985674827
"ADCY6_HUMAN---ATX1_HUMAN",48.8151263566707,29.7207051655814,7.81450637863694,19.3879233212174,-5.82727004814133,8.92913958881064,-3.02598359582181,6.16227863250046,3.14342827999012,-5.0447948344592
"ATX1_HUMAN---CHIP_HUMAN",48.8151263566707,29.7207051655814,7.81450637863694,19.3879233212174,-5.82727004814133,8.92913958881064,-3.02598359582181,6.16227863250046,3.14342827999012,-5.0447948344592
"ATX1_HUMAN---FA21C_HUMAN",48.8151263566707,29.7207051655814,7.81450637863694,19.3879233212174,-5.82727004814133,8.92913958881064,-3.02598359582181,6.16227863250046,3.14342827999012,-5.0447948344592
"AKA10_HUMAN---NHRF1_HUMAN",50.6493768778126,17.0211950375783,13.4539180288103,23.4038620270329,-6.89890146752109,-3.38415583864559,-11.8445375858913,-0.779712986305846,10.1377823068729,6.52217404583981
"EPHA3_HUMAN---FYN_HUMAN",58.3650753016238,21.1208644842922,13.7608097836588,4.63575711852978,-1.4274728055166,-7.02061196846396,9.60223652985453,-1.87938599757144,0.933483066147561,0.109340322364314
"MK03_HUMAN---PAXI_HUMAN",58.3650753016238,21.1208644842922,13.7608097836588,4.63575711852978,-1.4274728055166,-7.02061196846396,9.60223652985453,-1.87938599757144,0.933483066147561,0.109340322364314
"CDK1_HUMAN---TOP2B_HUMAN",58.3650753016238,21.1208644842922,13.7608097836588,4.63575711852978,-1.4274728055166,-7.02061196846396,9.60223652985453,-1.87938599757144,0.933483066147561,0.109340322364314
"CD2AP_HUMAN---E7ETM7_HUMAN",48.1579397953902,25.7578828652062,16.2400917851318,11.1463565944214,-17.5080688577312,1.77902466521334,-10.8432741989582,0.200820332834685,5.50624985533956,-8.49819013430738
"CTNB1_HUMAN---KAPCA_HUMAN",54.6315946544576,16.4308837299643,1.27738691220989,11.1851414780433,-18.2139497445308,15.4871571662788,-1.19705524023745,-10.6048745123271,8.88140020720154,5.38555697211478
"IMA3_HUMAN---PARD3_HUMAN",54.6315946544576,16.4308837299643,1.27738691220989,11.1851414780433,-18.2139497445308,15.4871571662788,-1.19705524023745,-10.6048745123271,8.88140020720154,5.38555697211478
"SRPK2_HUMAN---TRA2A_HUMAN",54.6315946544576,16.4308837299643,1.27738691220989,11.1851414780433,-18.2139497445308,15.4871571662788,-1.19705524023745,-10.6048745123271,8.88140020720154,5.38555697211478
"GRB2_HUMAN---U520_HUMAN",54.6315946544576,16.4308837299643,1.27738691220989,11.1851414780433,-18.2139497445308,15.4871571662788,-1.19705524023745,-10.6048745123271,8.88140020720154,5.38555697211478
